ISO-10303-21;
HEADER;
/* Generated by software containing ST-Developer
 * from STEP Tools, Inc. (www.steptools.com) 
 */

FILE_DESCRIPTION(
/* description */ ('',
'CAx-IF Rec.Pracs.---Representation and Presentation of Product Manufa
cturing Information (PMI)---4.0---2014-10-13'),
/* implementation_level */ '2;1');

FILE_NAME(
/* name */ 'bottom_right.step',
/* time_stamp */ '2025-03-18T11:00:18+09:00',
/* author */ (''),
/* organization */ (''),
/* preprocessor_version */ 'ST-DEVELOPER v20',
/* originating_system */ 'Autodesk Translation Framework v13.20.0.188',

/* authorisation */ '');

FILE_SCHEMA (('AP242_MANAGED_MODEL_BASED_3D_ENGINEERING_MIM_LF { 1 0 10303 442 1 1 4 }'));
ENDSEC;

DATA;
#10=MECHANICAL_DESIGN_GEOMETRIC_PRESENTATION_REPRESENTATION('',(#13),#6577);
#11=SHAPE_REPRESENTATION_RELATIONSHIP('SRR','None',#6584,#12);
#12=ADVANCED_BREP_SHAPE_REPRESENTATION('',(#14),#6576);
#13=STYLED_ITEM('',(#6593),#14);
#14=MANIFOLD_SOLID_BREP('\X2\BCF8CCB4\X0\6',#3901);
#15=B_SPLINE_CURVE_WITH_KNOTS('',3,(#6331,#6332,#6333,#6334,#6335,#6336,
#6337,#6338,#6339,#6340),.UNSPECIFIED.,.F.,.F.,(4,2,2,2,4),(0.61834014046047,
0.695943802344578,0.773547464228686,0.853032254650669,0.932517045072653),
 .UNSPECIFIED.);
#16=B_SPLINE_CURVE_WITH_KNOTS('',3,(#6344,#6345,#6346,#6347,#6348,#6349,
#6350,#6351,#6352,#6353),.UNSPECIFIED.,.F.,.F.,(4,2,2,2,4),(0.304163235848288,
0.38364802627027,0.463132816692253,0.540736478576361,0.61834014046047),
 .UNSPECIFIED.);
#17=ELLIPSE('',#3961,4.00007449009934,4.);
#18=ELLIPSE('',#3962,5.65685424949239,4.);
#19=ELLIPSE('',#3963,5.65685424949237,4.);
#20=ELLIPSE('',#3964,4.00007449009934,4.);
#21=ELLIPSE('',#3971,5.65685424949238,4.);
#22=ELLIPSE('',#3974,4.00007449009934,4.);
#23=ELLIPSE('',#3975,5.65685424949238,4.);
#24=ELLIPSE('',#3976,4.00007449009934,4.);
#25=ELLIPSE('',#3987,2.01254212655697,2.);
#26=ELLIPSE('',#3988,2.01254212655697,2.);
#27=ELLIPSE('',#4033,2.01254212655697,2.);
#28=ELLIPSE('',#4035,2.01254212655697,2.);
#29=ELLIPSE('',#4036,2.01254212655697,2.);
#30=ELLIPSE('',#4039,2.01254212655697,2.);
#31=ELLIPSE('',#4040,2.01254212655697,2.);
#32=ELLIPSE('',#4042,2.01254212655697,2.);
#33=ELLIPSE('',#4043,2.01254212655697,2.);
#34=ELLIPSE('',#4045,2.01254212655697,2.);
#35=ELLIPSE('',#4046,2.01254212655697,2.);
#36=ELLIPSE('',#4048,2.01254212655697,2.);
#37=ELLIPSE('',#4049,2.01254212655697,2.);
#38=ELLIPSE('',#4090,4.02508425311395,4.);
#39=ELLIPSE('',#4091,4.02508425311395,4.);
#40=ELLIPSE('',#4092,4.02508425311395,4.);
#41=ELLIPSE('',#4093,4.02508425311395,4.);
#42=ELLIPSE('',#4094,4.02508425311395,4.);
#43=ELLIPSE('',#4095,4.02508425311395,4.);
#44=ELLIPSE('',#4096,4.02508425311395,4.);
#45=ELLIPSE('',#4097,4.02508425311395,4.);
#46=ELLIPSE('',#4098,4.02508425311395,4.);
#47=ELLIPSE('',#4099,4.02508425311395,4.);
#48=ELLIPSE('',#4100,2.01254212655698,2.);
#49=ELLIPSE('',#4101,2.01254212655697,2.);
#50=ELLIPSE('',#4102,2.01254212655698,2.00000000000001);
#51=ELLIPSE('',#4103,2.01254212655698,2.00000000000001);
#52=FACE_BOUND('',#1299,.T.);
#53=FACE_BOUND('',#1300,.T.);
#54=FACE_BOUND('',#1301,.T.);
#55=FACE_BOUND('',#1302,.T.);
#56=FACE_BOUND('',#1314,.T.);
#57=FACE_BOUND('',#1315,.T.);
#58=FACE_BOUND('',#1316,.T.);
#59=FACE_BOUND('',#1317,.T.);
#60=FACE_BOUND('',#1396,.T.);
#61=FACE_BOUND('',#1397,.T.);
#62=FACE_BOUND('',#1398,.T.);
#63=FACE_BOUND('',#1399,.T.);
#64=FACE_BOUND('',#1400,.T.);
#65=FACE_BOUND('',#1401,.T.);
#66=FACE_BOUND('',#1402,.T.);
#67=FACE_BOUND('',#1403,.T.);
#68=FACE_BOUND('',#1404,.T.);
#69=FACE_BOUND('',#1419,.T.);
#70=FACE_BOUND('',#1422,.T.);
#71=FACE_BOUND('',#1425,.T.);
#72=FACE_BOUND('',#1428,.T.);
#73=FACE_BOUND('',#1436,.T.);
#74=FACE_BOUND('',#1437,.T.);
#75=FACE_BOUND('',#1438,.T.);
#76=FACE_BOUND('',#1439,.T.);
#77=FACE_BOUND('',#1440,.T.);
#78=FACE_BOUND('',#1483,.T.);
#79=FACE_BOUND('',#1503,.T.);
#80=PLANE('',#3943);
#81=PLANE('',#3944);
#82=PLANE('',#3945);
#83=PLANE('',#3958);
#84=PLANE('',#3959);
#85=PLANE('',#3984);
#86=PLANE('',#3985);
#87=PLANE('',#3986);
#88=PLANE('',#3989);
#89=PLANE('',#3990);
#90=PLANE('',#3991);
#91=PLANE('',#3992);
#92=PLANE('',#3993);
#93=PLANE('',#3994);
#94=PLANE('',#3995);
#95=PLANE('',#3996);
#96=PLANE('',#3997);
#97=PLANE('',#3998);
#98=PLANE('',#3999);
#99=PLANE('',#4000);
#100=PLANE('',#4001);
#101=PLANE('',#4002);
#102=PLANE('',#4003);
#103=PLANE('',#4004);
#104=PLANE('',#4005);
#105=PLANE('',#4006);
#106=PLANE('',#4007);
#107=PLANE('',#4008);
#108=PLANE('',#4009);
#109=PLANE('',#4010);
#110=PLANE('',#4011);
#111=PLANE('',#4012);
#112=PLANE('',#4013);
#113=PLANE('',#4014);
#114=PLANE('',#4015);
#115=PLANE('',#4016);
#116=PLANE('',#4017);
#117=PLANE('',#4018);
#118=PLANE('',#4019);
#119=PLANE('',#4020);
#120=PLANE('',#4021);
#121=PLANE('',#4022);
#122=PLANE('',#4023);
#123=PLANE('',#4024);
#124=PLANE('',#4025);
#125=PLANE('',#4026);
#126=PLANE('',#4027);
#127=PLANE('',#4028);
#128=PLANE('',#4029);
#129=PLANE('',#4030);
#130=PLANE('',#4031);
#131=PLANE('',#4032);
#132=PLANE('',#4034);
#133=PLANE('',#4037);
#134=PLANE('',#4038);
#135=PLANE('',#4041);
#136=PLANE('',#4044);
#137=PLANE('',#4047);
#138=PLANE('',#4053);
#139=PLANE('',#4057);
#140=PLANE('',#4061);
#141=PLANE('',#4065);
#142=PLANE('',#4068);
#143=PLANE('',#4069);
#144=PLANE('',#4072);
#145=PLANE('',#4073);
#146=PLANE('',#4076);
#147=PLANE('',#4077);
#148=PLANE('',#4080);
#149=PLANE('',#4083);
#150=PLANE('',#4084);
#151=PLANE('',#4087);
#152=PLANE('',#4088);
#153=PLANE('',#4089);
#154=PLANE('',#4106);
#155=PLANE('',#4109);
#156=PLANE('',#4112);
#157=PLANE('',#4115);
#158=PLANE('',#4118);
#159=PLANE('',#4121);
#160=PLANE('',#4126);
#161=PLANE('',#4130);
#162=PLANE('',#4134);
#163=PLANE('',#4138);
#164=PLANE('',#4150);
#165=PLANE('',#4151);
#166=PLANE('',#4175);
#167=PLANE('',#4181);
#168=PLANE('',#4184);
#169=PLANE('',#4186);
#170=PLANE('',#4188);
#171=PLANE('',#4191);
#172=PLANE('',#4192);
#173=PLANE('',#4195);
#174=PLANE('',#4198);
#175=PLANE('',#4199);
#176=PLANE('',#4202);
#177=PLANE('',#4205);
#178=PLANE('',#4206);
#179=PLANE('',#4209);
#180=PLANE('',#4212);
#181=PLANE('',#4214);
#182=PLANE('',#4218);
#183=PLANE('',#4221);
#184=PLANE('',#4223);
#185=PLANE('',#4225);
#186=PLANE('',#4229);
#187=PLANE('',#4235);
#188=PLANE('',#4236);
#189=PLANE('',#4237);
#190=PLANE('',#4238);
#191=PLANE('',#4239);
#192=PLANE('',#4240);
#193=PLANE('',#4243);
#194=PLANE('',#4246);
#195=PLANE('',#4249);
#196=PLANE('',#4252);
#197=PLANE('',#4255);
#198=PLANE('',#4258);
#199=PLANE('',#4261);
#200=PLANE('',#4264);
#201=PLANE('',#4265);
#202=PLANE('',#4266);
#203=PLANE('',#4267);
#204=PLANE('',#4268);
#205=PLANE('',#4269);
#206=PLANE('',#4270);
#207=LINE('',#5409,#609);
#208=LINE('',#5410,#610);
#209=LINE('',#5432,#611);
#210=LINE('',#5433,#612);
#211=LINE('',#5455,#613);
#212=LINE('',#5456,#614);
#213=LINE('',#5458,#615);
#214=LINE('',#5459,#616);
#215=LINE('',#5481,#617);
#216=LINE('',#5482,#618);
#217=LINE('',#5484,#619);
#218=LINE('',#5485,#620);
#219=LINE('',#5487,#621);
#220=LINE('',#5488,#622);
#221=LINE('',#5490,#623);
#222=LINE('',#5491,#624);
#223=LINE('',#5493,#625);
#224=LINE('',#5495,#626);
#225=LINE('',#5508,#627);
#226=LINE('',#5512,#628);
#227=LINE('',#5516,#629);
#228=LINE('',#5520,#630);
#229=LINE('',#5522,#631);
#230=LINE('',#5524,#632);
#231=LINE('',#5530,#633);
#232=LINE('',#5534,#634);
#233=LINE('',#5538,#635);
#234=LINE('',#5541,#636);
#235=LINE('',#5547,#637);
#236=LINE('',#5551,#638);
#237=LINE('',#5555,#639);
#238=LINE('',#5559,#640);
#239=LINE('',#5563,#641);
#240=LINE('',#5566,#642);
#241=LINE('',#5568,#643);
#242=LINE('',#5571,#644);
#243=LINE('',#5577,#645);
#244=LINE('',#5580,#646);
#245=LINE('',#5582,#647);
#246=LINE('',#5585,#648);
#247=LINE('',#5591,#649);
#248=LINE('',#5595,#650);
#249=LINE('',#5599,#651);
#250=LINE('',#5603,#652);
#251=LINE('',#5606,#653);
#252=LINE('',#5607,#654);
#253=LINE('',#5609,#655);
#254=LINE('',#5612,#656);
#255=LINE('',#5616,#657);
#256=LINE('',#5618,#658);
#257=LINE('',#5619,#659);
#258=LINE('',#5622,#660);
#259=LINE('',#5626,#661);
#260=LINE('',#5628,#662);
#261=LINE('',#5632,#663);
#262=LINE('',#5633,#664);
#263=LINE('',#5636,#665);
#264=LINE('',#5637,#666);
#265=LINE('',#5640,#667);
#266=LINE('',#5642,#668);
#267=LINE('',#5643,#669);
#268=LINE('',#5646,#670);
#269=LINE('',#5648,#671);
#270=LINE('',#5649,#672);
#271=LINE('',#5652,#673);
#272=LINE('',#5653,#674);
#273=LINE('',#5656,#675);
#274=LINE('',#5658,#676);
#275=LINE('',#5659,#677);
#276=LINE('',#5662,#678);
#277=LINE('',#5663,#679);
#278=LINE('',#5666,#680);
#279=LINE('',#5667,#681);
#280=LINE('',#5670,#682);
#281=LINE('',#5672,#683);
#282=LINE('',#5673,#684);
#283=LINE('',#5676,#685);
#284=LINE('',#5677,#686);
#285=LINE('',#5680,#687);
#286=LINE('',#5681,#688);
#287=LINE('',#5683,#689);
#288=LINE('',#5686,#690);
#289=LINE('',#5688,#691);
#290=LINE('',#5690,#692);
#291=LINE('',#5692,#693);
#292=LINE('',#5694,#694);
#293=LINE('',#5696,#695);
#294=LINE('',#5698,#696);
#295=LINE('',#5700,#697);
#296=LINE('',#5702,#698);
#297=LINE('',#5704,#699);
#298=LINE('',#5706,#700);
#299=LINE('',#5708,#701);
#300=LINE('',#5710,#702);
#301=LINE('',#5712,#703);
#302=LINE('',#5714,#704);
#303=LINE('',#5716,#705);
#304=LINE('',#5718,#706);
#305=LINE('',#5719,#707);
#306=LINE('',#5720,#708);
#307=LINE('',#5721,#709);
#308=LINE('',#5724,#710);
#309=LINE('',#5726,#711);
#310=LINE('',#5727,#712);
#311=LINE('',#5730,#713);
#312=LINE('',#5732,#714);
#313=LINE('',#5733,#715);
#314=LINE('',#5736,#716);
#315=LINE('',#5738,#717);
#316=LINE('',#5739,#718);
#317=LINE('',#5742,#719);
#318=LINE('',#5743,#720);
#319=LINE('',#5746,#721);
#320=LINE('',#5748,#722);
#321=LINE('',#5749,#723);
#322=LINE('',#5751,#724);
#323=LINE('',#5754,#725);
#324=LINE('',#5756,#726);
#325=LINE('',#5757,#727);
#326=LINE('',#5760,#728);
#327=LINE('',#5761,#729);
#328=LINE('',#5764,#730);
#329=LINE('',#5766,#731);
#330=LINE('',#5767,#732);
#331=LINE('',#5770,#733);
#332=LINE('',#5772,#734);
#333=LINE('',#5773,#735);
#334=LINE('',#5776,#736);
#335=LINE('',#5777,#737);
#336=LINE('',#5780,#738);
#337=LINE('',#5781,#739);
#338=LINE('',#5784,#740);
#339=LINE('',#5785,#741);
#340=LINE('',#5790,#742);
#341=LINE('',#5791,#743);
#342=LINE('',#5794,#744);
#343=LINE('',#5795,#745);
#344=LINE('',#5798,#746);
#345=LINE('',#5799,#747);
#346=LINE('',#5802,#748);
#347=LINE('',#5804,#749);
#348=LINE('',#5805,#750);
#349=LINE('',#5807,#751);
#350=LINE('',#5810,#752);
#351=LINE('',#5812,#753);
#352=LINE('',#5813,#754);
#353=LINE('',#5815,#755);
#354=LINE('',#5818,#756);
#355=LINE('',#5819,#757);
#356=LINE('',#5822,#758);
#357=LINE('',#5824,#759);
#358=LINE('',#5825,#760);
#359=LINE('',#5827,#761);
#360=LINE('',#5830,#762);
#361=LINE('',#5831,#763);
#362=LINE('',#5834,#764);
#363=LINE('',#5836,#765);
#364=LINE('',#5838,#766);
#365=LINE('',#5840,#767);
#366=LINE('',#5842,#768);
#367=LINE('',#5844,#769);
#368=LINE('',#5846,#770);
#369=LINE('',#5848,#771);
#370=LINE('',#5849,#772);
#371=LINE('',#5851,#773);
#372=LINE('',#5853,#774);
#373=LINE('',#5855,#775);
#374=LINE('',#5857,#776);
#375=LINE('',#5859,#777);
#376=LINE('',#5861,#778);
#377=LINE('',#5863,#779);
#378=LINE('',#5864,#780);
#379=LINE('',#5867,#781);
#380=LINE('',#5869,#782);
#381=LINE('',#5871,#783);
#382=LINE('',#5873,#784);
#383=LINE('',#5874,#785);
#384=LINE('',#5877,#786);
#385=LINE('',#5879,#787);
#386=LINE('',#5881,#788);
#387=LINE('',#5883,#789);
#388=LINE('',#5885,#790);
#389=LINE('',#5887,#791);
#390=LINE('',#5889,#792);
#391=LINE('',#5891,#793);
#392=LINE('',#5892,#794);
#393=LINE('',#5893,#795);
#394=LINE('',#5898,#796);
#395=LINE('',#5903,#797);
#396=LINE('',#5905,#798);
#397=LINE('',#5912,#799);
#398=LINE('',#5914,#800);
#399=LINE('',#5917,#801);
#400=LINE('',#5920,#802);
#401=LINE('',#5922,#803);
#402=LINE('',#5926,#804);
#403=LINE('',#5928,#805);
#404=LINE('',#5931,#806);
#405=LINE('',#5934,#807);
#406=LINE('',#5938,#808);
#407=LINE('',#5940,#809);
#408=LINE('',#5944,#810);
#409=LINE('',#5945,#811);
#410=LINE('',#5948,#812);
#411=LINE('',#5952,#813);
#412=LINE('',#5958,#814);
#413=LINE('',#5965,#815);
#414=LINE('',#5972,#816);
#415=LINE('',#5979,#817);
#416=LINE('',#5985,#818);
#417=LINE('',#5988,#819);
#418=LINE('',#5989,#820);
#419=LINE('',#5992,#821);
#420=LINE('',#5993,#822);
#421=LINE('',#5997,#823);
#422=LINE('',#6000,#824);
#423=LINE('',#6001,#825);
#424=LINE('',#6004,#826);
#425=LINE('',#6005,#827);
#426=LINE('',#6009,#828);
#427=LINE('',#6012,#829);
#428=LINE('',#6014,#830);
#429=LINE('',#6016,#831);
#430=LINE('',#6017,#832);
#431=LINE('',#6020,#833);
#432=LINE('',#6022,#834);
#433=LINE('',#6024,#835);
#434=LINE('',#6025,#836);
#435=LINE('',#6029,#837);
#436=LINE('',#6032,#838);
#437=LINE('',#6033,#839);
#438=LINE('',#6037,#840);
#439=LINE('',#6040,#841);
#440=LINE('',#6042,#842);
#441=LINE('',#6044,#843);
#442=LINE('',#6045,#844);
#443=LINE('',#6048,#845);
#444=LINE('',#6050,#846);
#445=LINE('',#6052,#847);
#446=LINE('',#6053,#848);
#447=LINE('',#6057,#849);
#448=LINE('',#6060,#850);
#449=LINE('',#6061,#851);
#450=LINE('',#6064,#852);
#451=LINE('',#6065,#853);
#452=LINE('',#6071,#854);
#453=LINE('',#6075,#855);
#454=LINE('',#6079,#856);
#455=LINE('',#6083,#857);
#456=LINE('',#6087,#858);
#457=LINE('',#6091,#859);
#458=LINE('',#6095,#860);
#459=LINE('',#6099,#861);
#460=LINE('',#6103,#862);
#461=LINE('',#6106,#863);
#462=LINE('',#6117,#864);
#463=LINE('',#6120,#865);
#464=LINE('',#6123,#866);
#465=LINE('',#6124,#867);
#466=LINE('',#6128,#868);
#467=LINE('',#6131,#869);
#468=LINE('',#6132,#870);
#469=LINE('',#6136,#871);
#470=LINE('',#6139,#872);
#471=LINE('',#6140,#873);
#472=LINE('',#6144,#874);
#473=LINE('',#6147,#875);
#474=LINE('',#6148,#876);
#475=LINE('',#6152,#877);
#476=LINE('',#6155,#878);
#477=LINE('',#6157,#879);
#478=LINE('',#6159,#880);
#479=LINE('',#6163,#881);
#480=LINE('',#6167,#882);
#481=LINE('',#6168,#883);
#482=LINE('',#6171,#884);
#483=LINE('',#6173,#885);
#484=LINE('',#6174,#886);
#485=LINE('',#6180,#887);
#486=LINE('',#6187,#888);
#487=LINE('',#6194,#889);
#488=LINE('',#6201,#890);
#489=LINE('',#6208,#891);
#490=LINE('',#6212,#892);
#491=LINE('',#6216,#893);
#492=LINE('',#6220,#894);
#493=LINE('',#6223,#895);
#494=LINE('',#6226,#896);
#495=LINE('',#6229,#897);
#496=LINE('',#6230,#898);
#497=LINE('',#6235,#899);
#498=LINE('',#6238,#900);
#499=LINE('',#6242,#901);
#500=LINE('',#6245,#902);
#501=LINE('',#6248,#903);
#502=LINE('',#6250,#904);
#503=LINE('',#6254,#905);
#504=LINE('',#6258,#906);
#505=LINE('',#6260,#907);
#506=LINE('',#6263,#908);
#507=LINE('',#6267,#909);
#508=LINE('',#6272,#910);
#509=LINE('',#6275,#911);
#510=LINE('',#6277,#912);
#511=LINE('',#6281,#913);
#512=LINE('',#6284,#914);
#513=LINE('',#6286,#915);
#514=LINE('',#6289,#916);
#515=LINE('',#6292,#917);
#516=LINE('',#6296,#918);
#517=LINE('',#6299,#919);
#518=LINE('',#6301,#920);
#519=LINE('',#6305,#921);
#520=LINE('',#6308,#922);
#521=LINE('',#6312,#923);
#522=LINE('',#6314,#924);
#523=LINE('',#6318,#925);
#524=LINE('',#6321,#926);
#525=LINE('',#6322,#927);
#526=LINE('',#6324,#928);
#527=LINE('',#6326,#929);
#528=LINE('',#6342,#930);
#529=LINE('',#6355,#931);
#530=LINE('',#6357,#932);
#531=LINE('',#6363,#933);
#532=LINE('',#6364,#934);
#533=LINE('',#6366,#935);
#534=LINE('',#6368,#936);
#535=LINE('',#6371,#937);
#536=LINE('',#6373,#938);
#537=LINE('',#6375,#939);
#538=LINE('',#6381,#940);
#539=LINE('',#6382,#941);
#540=LINE('',#6384,#942);
#541=LINE('',#6387,#943);
#542=LINE('',#6390,#944);
#543=LINE('',#6392,#945);
#544=LINE('',#6393,#946);
#545=LINE('',#6399,#947);
#546=LINE('',#6400,#948);
#547=LINE('',#6402,#949);
#548=LINE('',#6405,#950);
#549=LINE('',#6408,#951);
#550=LINE('',#6410,#952);
#551=LINE('',#6411,#953);
#552=LINE('',#6417,#954);
#553=LINE('',#6418,#955);
#554=LINE('',#6421,#956);
#555=LINE('',#6422,#957);
#556=LINE('',#6425,#958);
#557=LINE('',#6427,#959);
#558=LINE('',#6430,#960);
#559=LINE('',#6432,#961);
#560=LINE('',#6433,#962);
#561=LINE('',#6435,#963);
#562=LINE('',#6440,#964);
#563=LINE('',#6441,#965);
#564=LINE('',#6443,#966);
#565=LINE('',#6446,#967);
#566=LINE('',#6448,#968);
#567=LINE('',#6453,#969);
#568=LINE('',#6456,#970);
#569=LINE('',#6459,#971);
#570=LINE('',#6461,#972);
#571=LINE('',#6462,#973);
#572=LINE('',#6465,#974);
#573=LINE('',#6466,#975);
#574=LINE('',#6468,#976);
#575=LINE('',#6470,#977);
#576=LINE('',#6473,#978);
#577=LINE('',#6475,#979);
#578=LINE('',#6477,#980);
#579=LINE('',#6479,#981);
#580=LINE('',#6482,#982);
#581=LINE('',#6486,#983);
#582=LINE('',#6490,#984);
#583=LINE('',#6494,#985);
#584=LINE('',#6497,#986);
#585=LINE('',#6506,#987);
#586=LINE('',#6509,#988);
#587=LINE('',#6512,#989);
#588=LINE('',#6513,#990);
#589=LINE('',#6516,#991);
#590=LINE('',#6519,#992);
#591=LINE('',#6521,#993);
#592=LINE('',#6525,#994);
#593=LINE('',#6528,#995);
#594=LINE('',#6529,#996);
#595=LINE('',#6533,#997);
#596=LINE('',#6535,#998);
#597=LINE('',#6540,#999);
#598=LINE('',#6541,#1000);
#599=LINE('',#6544,#1001);
#600=LINE('',#6545,#1002);
#601=LINE('',#6550,#1003);
#602=LINE('',#6551,#1004);
#603=LINE('',#6556,#1005);
#604=LINE('',#6559,#1006);
#605=LINE('',#6560,#1007);
#606=LINE('',#6562,#1008);
#607=LINE('',#6564,#1009);
#608=LINE('',#6566,#1010);
#609=VECTOR('',#4285,10.);
#610=VECTOR('',#4286,10.);
#611=VECTOR('',#4299,10.);
#612=VECTOR('',#4300,10.);
#613=VECTOR('',#4313,10.);
#614=VECTOR('',#4314,10.);
#615=VECTOR('',#4317,10.);
#616=VECTOR('',#4318,10.);
#617=VECTOR('',#4331,10.);
#618=VECTOR('',#4332,10.);
#619=VECTOR('',#4335,10.);
#620=VECTOR('',#4336,10.);
#621=VECTOR('',#4339,10.);
#622=VECTOR('',#4340,10.);
#623=VECTOR('',#4343,10.);
#624=VECTOR('',#4344,10.);
#625=VECTOR('',#4347,10.);
#626=VECTOR('',#4350,10.);
#627=VECTOR('',#4365,1.2);
#628=VECTOR('',#4370,1.2);
#629=VECTOR('',#4375,1.2);
#630=VECTOR('',#4380,1.2);
#631=VECTOR('',#4383,10.);
#632=VECTOR('',#4386,10.);
#633=VECTOR('',#4391,10.);
#634=VECTOR('',#4394,10.);
#635=VECTOR('',#4397,10.);
#636=VECTOR('',#4400,10.);
#637=VECTOR('',#4405,10.);
#638=VECTOR('',#4408,10.);
#639=VECTOR('',#4411,10.);
#640=VECTOR('',#4414,10.);
#641=VECTOR('',#4417,10.);
#642=VECTOR('',#4420,10.);
#643=VECTOR('',#4421,10.);
#644=VECTOR('',#4424,10.);
#645=VECTOR('',#4429,10.);
#646=VECTOR('',#4432,10.);
#647=VECTOR('',#4433,10.);
#648=VECTOR('',#4436,10.);
#649=VECTOR('',#4441,10.);
#650=VECTOR('',#4444,10.);
#651=VECTOR('',#4447,10.);
#652=VECTOR('',#4450,10.);
#653=VECTOR('',#4453,10.);
#654=VECTOR('',#4454,10.);
#655=VECTOR('',#4455,10.);
#656=VECTOR('',#4458,10.);
#657=VECTOR('',#4463,10.);
#658=VECTOR('',#4464,10.);
#659=VECTOR('',#4465,10.);
#660=VECTOR('',#4468,10.);
#661=VECTOR('',#4471,10.);
#662=VECTOR('',#4472,10.);
#663=VECTOR('',#4475,10.);
#664=VECTOR('',#4476,10.);
#665=VECTOR('',#4479,10.);
#666=VECTOR('',#4480,10.);
#667=VECTOR('',#4483,10.);
#668=VECTOR('',#4484,10.);
#669=VECTOR('',#4485,10.);
#670=VECTOR('',#4488,10.);
#671=VECTOR('',#4489,10.);
#672=VECTOR('',#4490,10.);
#673=VECTOR('',#4493,10.);
#674=VECTOR('',#4494,10.);
#675=VECTOR('',#4497,10.);
#676=VECTOR('',#4498,10.);
#677=VECTOR('',#4499,10.);
#678=VECTOR('',#4502,10.);
#679=VECTOR('',#4503,10.);
#680=VECTOR('',#4506,10.);
#681=VECTOR('',#4507,10.);
#682=VECTOR('',#4510,10.);
#683=VECTOR('',#4511,10.);
#684=VECTOR('',#4512,10.);
#685=VECTOR('',#4515,10.);
#686=VECTOR('',#4516,10.);
#687=VECTOR('',#4519,10.);
#688=VECTOR('',#4520,10.);
#689=VECTOR('',#4523,10.);
#690=VECTOR('',#4526,10.);
#691=VECTOR('',#4527,10.);
#692=VECTOR('',#4528,10.);
#693=VECTOR('',#4529,10.);
#694=VECTOR('',#4530,10.);
#695=VECTOR('',#4531,10.);
#696=VECTOR('',#4532,10.);
#697=VECTOR('',#4533,10.);
#698=VECTOR('',#4534,10.);
#699=VECTOR('',#4535,10.);
#700=VECTOR('',#4536,10.);
#701=VECTOR('',#4537,10.);
#702=VECTOR('',#4538,10.);
#703=VECTOR('',#4539,10.);
#704=VECTOR('',#4540,10.);
#705=VECTOR('',#4541,10.);
#706=VECTOR('',#4542,10.);
#707=VECTOR('',#4543,10.);
#708=VECTOR('',#4544,10.);
#709=VECTOR('',#4545,10.);
#710=VECTOR('',#4548,10.);
#711=VECTOR('',#4549,10.);
#712=VECTOR('',#4550,10.);
#713=VECTOR('',#4553,10.);
#714=VECTOR('',#4554,10.);
#715=VECTOR('',#4555,10.);
#716=VECTOR('',#4558,10.);
#717=VECTOR('',#4559,10.);
#718=VECTOR('',#4560,10.);
#719=VECTOR('',#4563,10.);
#720=VECTOR('',#4564,10.);
#721=VECTOR('',#4567,10.);
#722=VECTOR('',#4568,10.);
#723=VECTOR('',#4569,10.);
#724=VECTOR('',#4572,10.);
#725=VECTOR('',#4575,10.);
#726=VECTOR('',#4576,10.);
#727=VECTOR('',#4577,10.);
#728=VECTOR('',#4580,10.);
#729=VECTOR('',#4581,10.);
#730=VECTOR('',#4584,10.);
#731=VECTOR('',#4585,10.);
#732=VECTOR('',#4586,10.);
#733=VECTOR('',#4589,10.);
#734=VECTOR('',#4590,10.);
#735=VECTOR('',#4591,10.);
#736=VECTOR('',#4594,10.);
#737=VECTOR('',#4595,10.);
#738=VECTOR('',#4598,10.);
#739=VECTOR('',#4599,10.);
#740=VECTOR('',#4602,10.);
#741=VECTOR('',#4603,10.);
#742=VECTOR('',#4610,10.);
#743=VECTOR('',#4611,10.);
#744=VECTOR('',#4614,10.);
#745=VECTOR('',#4615,10.);
#746=VECTOR('',#4618,10.);
#747=VECTOR('',#4619,10.);
#748=VECTOR('',#4622,10.);
#749=VECTOR('',#4623,10.);
#750=VECTOR('',#4624,10.);
#751=VECTOR('',#4627,10.);
#752=VECTOR('',#4630,10.);
#753=VECTOR('',#4631,10.);
#754=VECTOR('',#4632,10.);
#755=VECTOR('',#4635,10.);
#756=VECTOR('',#4638,10.);
#757=VECTOR('',#4639,10.);
#758=VECTOR('',#4642,10.);
#759=VECTOR('',#4643,10.);
#760=VECTOR('',#4644,10.);
#761=VECTOR('',#4647,10.);
#762=VECTOR('',#4650,10.);
#763=VECTOR('',#4651,10.);
#764=VECTOR('',#4654,10.);
#765=VECTOR('',#4655,10.);
#766=VECTOR('',#4656,10.);
#767=VECTOR('',#4657,10.);
#768=VECTOR('',#4658,10.);
#769=VECTOR('',#4659,10.);
#770=VECTOR('',#4660,10.);
#771=VECTOR('',#4661,10.);
#772=VECTOR('',#4662,10.);
#773=VECTOR('',#4665,10.);
#774=VECTOR('',#4666,10.);
#775=VECTOR('',#4667,10.);
#776=VECTOR('',#4668,10.);
#777=VECTOR('',#4669,10.);
#778=VECTOR('',#4670,10.);
#779=VECTOR('',#4671,10.);
#780=VECTOR('',#4672,10.);
#781=VECTOR('',#4675,10.);
#782=VECTOR('',#4676,10.);
#783=VECTOR('',#4677,10.);
#784=VECTOR('',#4678,10.);
#785=VECTOR('',#4679,10.);
#786=VECTOR('',#4682,10.);
#787=VECTOR('',#4683,10.);
#788=VECTOR('',#4684,10.);
#789=VECTOR('',#4685,10.);
#790=VECTOR('',#4686,10.);
#791=VECTOR('',#4687,10.);
#792=VECTOR('',#4688,10.);
#793=VECTOR('',#4689,10.);
#794=VECTOR('',#4690,10.);
#795=VECTOR('',#4691,10.);
#796=VECTOR('',#4698,10.);
#797=VECTOR('',#4703,10.);
#798=VECTOR('',#4704,10.);
#799=VECTOR('',#4713,10.);
#800=VECTOR('',#4714,10.);
#801=VECTOR('',#4717,10.);
#802=VECTOR('',#4720,10.);
#803=VECTOR('',#4721,10.);
#804=VECTOR('',#4724,10.);
#805=VECTOR('',#4725,10.);
#806=VECTOR('',#4728,10.);
#807=VECTOR('',#4731,10.);
#808=VECTOR('',#4734,10.);
#809=VECTOR('',#4735,10.);
#810=VECTOR('',#4738,10.);
#811=VECTOR('',#4739,10.);
#812=VECTOR('',#4742,10.);
#813=VECTOR('',#4745,10.);
#814=VECTOR('',#4752,4.2);
#815=VECTOR('',#4761,4.2);
#816=VECTOR('',#4770,4.2);
#817=VECTOR('',#4779,4.2);
#818=VECTOR('',#4788,10.);
#819=VECTOR('',#4791,10.);
#820=VECTOR('',#4792,10.);
#821=VECTOR('',#4795,10.);
#822=VECTOR('',#4796,10.);
#823=VECTOR('',#4801,10.);
#824=VECTOR('',#4804,10.);
#825=VECTOR('',#4805,10.);
#826=VECTOR('',#4808,10.);
#827=VECTOR('',#4809,10.);
#828=VECTOR('',#4814,10.);
#829=VECTOR('',#4817,10.);
#830=VECTOR('',#4818,10.);
#831=VECTOR('',#4819,10.);
#832=VECTOR('',#4820,10.);
#833=VECTOR('',#4823,10.);
#834=VECTOR('',#4824,10.);
#835=VECTOR('',#4825,10.);
#836=VECTOR('',#4826,10.);
#837=VECTOR('',#4831,10.);
#838=VECTOR('',#4834,10.);
#839=VECTOR('',#4835,10.);
#840=VECTOR('',#4840,10.);
#841=VECTOR('',#4843,10.);
#842=VECTOR('',#4844,10.);
#843=VECTOR('',#4845,10.);
#844=VECTOR('',#4846,10.);
#845=VECTOR('',#4849,10.);
#846=VECTOR('',#4850,10.);
#847=VECTOR('',#4851,10.);
#848=VECTOR('',#4852,10.);
#849=VECTOR('',#4857,10.);
#850=VECTOR('',#4860,10.);
#851=VECTOR('',#4861,10.);
#852=VECTOR('',#4864,10.);
#853=VECTOR('',#4865,10.);
#854=VECTOR('',#4870,10.);
#855=VECTOR('',#4873,10.);
#856=VECTOR('',#4876,10.);
#857=VECTOR('',#4879,10.);
#858=VECTOR('',#4882,10.);
#859=VECTOR('',#4885,10.);
#860=VECTOR('',#4888,10.);
#861=VECTOR('',#4891,10.);
#862=VECTOR('',#4894,10.);
#863=VECTOR('',#4897,10.);
#864=VECTOR('',#4908,10.);
#865=VECTOR('',#4911,10.);
#866=VECTOR('',#4914,10.);
#867=VECTOR('',#4915,10.);
#868=VECTOR('',#4920,10.);
#869=VECTOR('',#4923,10.);
#870=VECTOR('',#4924,10.);
#871=VECTOR('',#4929,10.);
#872=VECTOR('',#4932,10.);
#873=VECTOR('',#4933,10.);
#874=VECTOR('',#4938,10.);
#875=VECTOR('',#4941,10.);
#876=VECTOR('',#4942,10.);
#877=VECTOR('',#4947,10.);
#878=VECTOR('',#4950,10.);
#879=VECTOR('',#4951,10.);
#880=VECTOR('',#4952,10.);
#881=VECTOR('',#4955,10.);
#882=VECTOR('',#4958,10.);
#883=VECTOR('',#4959,10.);
#884=VECTOR('',#4962,10.);
#885=VECTOR('',#4963,10.);
#886=VECTOR('',#4964,10.);
#887=VECTOR('',#4973,2.00000000000001);
#888=VECTOR('',#4982,2.00000000000001);
#889=VECTOR('',#4991,2.);
#890=VECTOR('',#5000,2.);
#891=VECTOR('',#5009,1.2);
#892=VECTOR('',#5014,1.2);
#893=VECTOR('',#5019,1.2);
#894=VECTOR('',#5024,1.2);
#895=VECTOR('',#5027,10.);
#896=VECTOR('',#5030,10.);
#897=VECTOR('',#5033,10.);
#898=VECTOR('',#5034,10.);
#899=VECTOR('',#5039,10.);
#900=VECTOR('',#5042,10.);
#901=VECTOR('',#5045,10.);
#902=VECTOR('',#5048,10.);
#903=VECTOR('',#5049,10.);
#904=VECTOR('',#5050,10.);
#905=VECTOR('',#5053,10.);
#906=VECTOR('',#5056,10.);
#907=VECTOR('',#5057,10.);
#908=VECTOR('',#5060,10.);
#909=VECTOR('',#5063,10.);
#910=VECTOR('',#5068,10.);
#911=VECTOR('',#5071,10.);
#912=VECTOR('',#5072,10.);
#913=VECTOR('',#5075,10.);
#914=VECTOR('',#5078,10.);
#915=VECTOR('',#5079,10.);
#916=VECTOR('',#5082,10.);
#917=VECTOR('',#5085,10.);
#918=VECTOR('',#5088,10.);
#919=VECTOR('',#5091,10.);
#920=VECTOR('',#5092,10.);
#921=VECTOR('',#5095,10.);
#922=VECTOR('',#5098,10.);
#923=VECTOR('',#5101,10.);
#924=VECTOR('',#5102,10.);
#925=VECTOR('',#5105,10.);
#926=VECTOR('',#5110,10.);
#927=VECTOR('',#5111,10.);
#928=VECTOR('',#5114,10.);
#929=VECTOR('',#5117,10.);
#930=VECTOR('',#5122,10.);
#931=VECTOR('',#5125,10.);
#932=VECTOR('',#5128,10.);
#933=VECTOR('',#5135,10.);
#934=VECTOR('',#5136,10.);
#935=VECTOR('',#5139,10.);
#936=VECTOR('',#5140,10.);
#937=VECTOR('',#5143,10.);
#938=VECTOR('',#5146,10.);
#939=VECTOR('',#5149,10.);
#940=VECTOR('',#5156,10.);
#941=VECTOR('',#5157,10.);
#942=VECTOR('',#5160,10.);
#943=VECTOR('',#5163,10.);
#944=VECTOR('',#5166,10.);
#945=VECTOR('',#5169,10.);
#946=VECTOR('',#5170,10.);
#947=VECTOR('',#5177,10.);
#948=VECTOR('',#5178,10.);
#949=VECTOR('',#5181,10.);
#950=VECTOR('',#5184,10.);
#951=VECTOR('',#5187,10.);
#952=VECTOR('',#5190,10.);
#953=VECTOR('',#5191,10.);
#954=VECTOR('',#5198,10.);
#955=VECTOR('',#5199,10.);
#956=VECTOR('',#5202,10.);
#957=VECTOR('',#5203,10.);
#958=VECTOR('',#5206,10.);
#959=VECTOR('',#5207,10.);
#960=VECTOR('',#5210,10.);
#961=VECTOR('',#5213,10.);
#962=VECTOR('',#5214,10.);
#963=VECTOR('',#5217,10.);
#964=VECTOR('',#5222,10.);
#965=VECTOR('',#5223,10.);
#966=VECTOR('',#5226,10.);
#967=VECTOR('',#5229,10.);
#968=VECTOR('',#5232,10.);
#969=VECTOR('',#5239,10.);
#970=VECTOR('',#5242,10.);
#971=VECTOR('',#5245,10.);
#972=VECTOR('',#5248,10.);
#973=VECTOR('',#5249,10.);
#974=VECTOR('',#5254,10.);
#975=VECTOR('',#5255,10.);
#976=VECTOR('',#5258,10.);
#977=VECTOR('',#5261,10.);
#978=VECTOR('',#5266,10.);
#979=VECTOR('',#5269,10.);
#980=VECTOR('',#5272,10.);
#981=VECTOR('',#5275,10.);
#982=VECTOR('',#5276,10.);
#983=VECTOR('',#5279,10.);
#984=VECTOR('',#5282,10.);
#985=VECTOR('',#5285,10.);
#986=VECTOR('',#5290,10.);
#987=VECTOR('',#5305,10.);
#988=VECTOR('',#5308,10.);
#989=VECTOR('',#5311,10.);
#990=VECTOR('',#5312,10.);
#991=VECTOR('',#5315,10.);
#992=VECTOR('',#5318,10.);
#993=VECTOR('',#5321,10.);
#994=VECTOR('',#5326,10.);
#995=VECTOR('',#5329,10.);
#996=VECTOR('',#5330,10.);
#997=VECTOR('',#5335,10.);
#998=VECTOR('',#5338,10.);
#999=VECTOR('',#5343,10.);
#1000=VECTOR('',#5344,10.);
#1001=VECTOR('',#5347,10.);
#1002=VECTOR('',#5348,10.);
#1003=VECTOR('',#5353,10.);
#1004=VECTOR('',#5354,10.);
#1005=VECTOR('',#5359,10.);
#1006=VECTOR('',#5362,10.);
#1007=VECTOR('',#5363,10.);
#1008=VECTOR('',#5366,10.);
#1009=VECTOR('',#5369,10.);
#1010=VECTOR('',#5372,10.);
#1011=CYLINDRICAL_SURFACE('',#3919,2.);
#1012=CYLINDRICAL_SURFACE('',#3925,2.);
#1013=CYLINDRICAL_SURFACE('',#3931,2.);
#1014=CYLINDRICAL_SURFACE('',#3933,1.);
#1015=CYLINDRICAL_SURFACE('',#3938,2.);
#1016=CYLINDRICAL_SURFACE('',#3940,1.);
#1017=CYLINDRICAL_SURFACE('',#3941,1.);
#1018=CYLINDRICAL_SURFACE('',#3942,1.);
#1019=CYLINDRICAL_SURFACE('',#3950,1.2);
#1020=CYLINDRICAL_SURFACE('',#3952,1.2);
#1021=CYLINDRICAL_SURFACE('',#3954,1.2);
#1022=CYLINDRICAL_SURFACE('',#3956,1.2);
#1023=CYLINDRICAL_SURFACE('',#3960,4.);
#1024=CYLINDRICAL_SURFACE('',#3965,4.);
#1025=CYLINDRICAL_SURFACE('',#3973,4.);
#1026=CYLINDRICAL_SURFACE('',#3977,4.);
#1027=CYLINDRICAL_SURFACE('',#4050,4.2);
#1028=CYLINDRICAL_SURFACE('',#4054,4.2);
#1029=CYLINDRICAL_SURFACE('',#4058,4.2);
#1030=CYLINDRICAL_SURFACE('',#4062,4.2);
#1031=CYLINDRICAL_SURFACE('',#4066,2.);
#1032=CYLINDRICAL_SURFACE('',#4070,2.);
#1033=CYLINDRICAL_SURFACE('',#4074,2.);
#1034=CYLINDRICAL_SURFACE('',#4078,2.);
#1035=CYLINDRICAL_SURFACE('',#4081,2.);
#1036=CYLINDRICAL_SURFACE('',#4085,2.);
#1037=CYLINDRICAL_SURFACE('',#4104,4.);
#1038=CYLINDRICAL_SURFACE('',#4107,4.);
#1039=CYLINDRICAL_SURFACE('',#4110,4.);
#1040=CYLINDRICAL_SURFACE('',#4113,4.);
#1041=CYLINDRICAL_SURFACE('',#4116,4.);
#1042=CYLINDRICAL_SURFACE('',#4122,2.);
#1043=CYLINDRICAL_SURFACE('',#4124,2.00000000000001);
#1044=CYLINDRICAL_SURFACE('',#4128,2.00000000000001);
#1045=CYLINDRICAL_SURFACE('',#4132,2.);
#1046=CYLINDRICAL_SURFACE('',#4136,2.);
#1047=CYLINDRICAL_SURFACE('',#4140,1.2);
#1048=CYLINDRICAL_SURFACE('',#4142,1.2);
#1049=CYLINDRICAL_SURFACE('',#4144,1.2);
#1050=CYLINDRICAL_SURFACE('',#4146,1.2);
#1051=CYLINDRICAL_SURFACE('',#4148,4.);
#1052=CYLINDRICAL_SURFACE('',#4174,4.);
#1053=CYLINDRICAL_SURFACE('',#4176,4.);
#1054=CYLINDRICAL_SURFACE('',#4177,4.);
#1055=CYLINDRICAL_SURFACE('',#4180,4.);
#1056=CYLINDRICAL_SURFACE('',#4182,1.);
#1057=CYLINDRICAL_SURFACE('',#4187,1.);
#1058=CYLINDRICAL_SURFACE('',#4189,1.);
#1059=CYLINDRICAL_SURFACE('',#4194,1.);
#1060=CYLINDRICAL_SURFACE('',#4196,1.);
#1061=CYLINDRICAL_SURFACE('',#4201,1.);
#1062=CYLINDRICAL_SURFACE('',#4203,1.);
#1063=CYLINDRICAL_SURFACE('',#4208,1.);
#1064=CYLINDRICAL_SURFACE('',#4210,1.);
#1065=CYLINDRICAL_SURFACE('',#4215,1.);
#1066=CYLINDRICAL_SURFACE('',#4216,1.);
#1067=CYLINDRICAL_SURFACE('',#4220,1.);
#1068=CYLINDRICAL_SURFACE('',#4222,2.);
#1069=CYLINDRICAL_SURFACE('',#4224,2.);
#1070=CYLINDRICAL_SURFACE('',#4226,2.);
#1071=CYLINDRICAL_SURFACE('',#4227,2.);
#1072=CYLINDRICAL_SURFACE('',#4228,2.);
#1073=CYLINDRICAL_SURFACE('',#4234,2.);
#1074=CYLINDRICAL_SURFACE('',#4241,1.5);
#1075=CYLINDRICAL_SURFACE('',#4244,1.5);
#1076=CYLINDRICAL_SURFACE('',#4247,1.5);
#1077=CYLINDRICAL_SURFACE('',#4250,1.5);
#1078=CYLINDRICAL_SURFACE('',#4253,2.);
#1079=CYLINDRICAL_SURFACE('',#4256,2.);
#1080=CYLINDRICAL_SURFACE('',#4262,2.);
#1081=CYLINDRICAL_SURFACE('',#4263,2.);
#1082=FACE_OUTER_BOUND('',#1284,.T.);
#1083=FACE_OUTER_BOUND('',#1285,.T.);
#1084=FACE_OUTER_BOUND('',#1286,.T.);
#1085=FACE_OUTER_BOUND('',#1287,.T.);
#1086=FACE_OUTER_BOUND('',#1288,.T.);
#1087=FACE_OUTER_BOUND('',#1289,.T.);
#1088=FACE_OUTER_BOUND('',#1290,.T.);
#1089=FACE_OUTER_BOUND('',#1291,.T.);
#1090=FACE_OUTER_BOUND('',#1292,.T.);
#1091=FACE_OUTER_BOUND('',#1293,.T.);
#1092=FACE_OUTER_BOUND('',#1294,.T.);
#1093=FACE_OUTER_BOUND('',#1295,.T.);
#1094=FACE_OUTER_BOUND('',#1296,.T.);
#1095=FACE_OUTER_BOUND('',#1297,.T.);
#1096=FACE_OUTER_BOUND('',#1298,.T.);
#1097=FACE_OUTER_BOUND('',#1303,.T.);
#1098=FACE_OUTER_BOUND('',#1304,.T.);
#1099=FACE_OUTER_BOUND('',#1305,.T.);
#1100=FACE_OUTER_BOUND('',#1306,.T.);
#1101=FACE_OUTER_BOUND('',#1307,.T.);
#1102=FACE_OUTER_BOUND('',#1308,.T.);
#1103=FACE_OUTER_BOUND('',#1309,.T.);
#1104=FACE_OUTER_BOUND('',#1310,.T.);
#1105=FACE_OUTER_BOUND('',#1311,.T.);
#1106=FACE_OUTER_BOUND('',#1312,.T.);
#1107=FACE_OUTER_BOUND('',#1313,.T.);
#1108=FACE_OUTER_BOUND('',#1318,.T.);
#1109=FACE_OUTER_BOUND('',#1319,.T.);
#1110=FACE_OUTER_BOUND('',#1320,.T.);
#1111=FACE_OUTER_BOUND('',#1321,.T.);
#1112=FACE_OUTER_BOUND('',#1322,.T.);
#1113=FACE_OUTER_BOUND('',#1323,.T.);
#1114=FACE_OUTER_BOUND('',#1324,.T.);
#1115=FACE_OUTER_BOUND('',#1325,.T.);
#1116=FACE_OUTER_BOUND('',#1326,.T.);
#1117=FACE_OUTER_BOUND('',#1327,.T.);
#1118=FACE_OUTER_BOUND('',#1328,.T.);
#1119=FACE_OUTER_BOUND('',#1329,.T.);
#1120=FACE_OUTER_BOUND('',#1330,.T.);
#1121=FACE_OUTER_BOUND('',#1331,.T.);
#1122=FACE_OUTER_BOUND('',#1332,.T.);
#1123=FACE_OUTER_BOUND('',#1333,.T.);
#1124=FACE_OUTER_BOUND('',#1334,.T.);
#1125=FACE_OUTER_BOUND('',#1335,.T.);
#1126=FACE_OUTER_BOUND('',#1336,.T.);
#1127=FACE_OUTER_BOUND('',#1337,.T.);
#1128=FACE_OUTER_BOUND('',#1338,.T.);
#1129=FACE_OUTER_BOUND('',#1339,.T.);
#1130=FACE_OUTER_BOUND('',#1340,.T.);
#1131=FACE_OUTER_BOUND('',#1341,.T.);
#1132=FACE_OUTER_BOUND('',#1342,.T.);
#1133=FACE_OUTER_BOUND('',#1343,.T.);
#1134=FACE_OUTER_BOUND('',#1344,.T.);
#1135=FACE_OUTER_BOUND('',#1345,.T.);
#1136=FACE_OUTER_BOUND('',#1346,.T.);
#1137=FACE_OUTER_BOUND('',#1347,.T.);
#1138=FACE_OUTER_BOUND('',#1348,.T.);
#1139=FACE_OUTER_BOUND('',#1349,.T.);
#1140=FACE_OUTER_BOUND('',#1350,.T.);
#1141=FACE_OUTER_BOUND('',#1351,.T.);
#1142=FACE_OUTER_BOUND('',#1352,.T.);
#1143=FACE_OUTER_BOUND('',#1353,.T.);
#1144=FACE_OUTER_BOUND('',#1354,.T.);
#1145=FACE_OUTER_BOUND('',#1355,.T.);
#1146=FACE_OUTER_BOUND('',#1356,.T.);
#1147=FACE_OUTER_BOUND('',#1357,.T.);
#1148=FACE_OUTER_BOUND('',#1358,.T.);
#1149=FACE_OUTER_BOUND('',#1359,.T.);
#1150=FACE_OUTER_BOUND('',#1360,.T.);
#1151=FACE_OUTER_BOUND('',#1361,.T.);
#1152=FACE_OUTER_BOUND('',#1362,.T.);
#1153=FACE_OUTER_BOUND('',#1363,.T.);
#1154=FACE_OUTER_BOUND('',#1364,.T.);
#1155=FACE_OUTER_BOUND('',#1365,.T.);
#1156=FACE_OUTER_BOUND('',#1366,.T.);
#1157=FACE_OUTER_BOUND('',#1367,.T.);
#1158=FACE_OUTER_BOUND('',#1368,.T.);
#1159=FACE_OUTER_BOUND('',#1369,.T.);
#1160=FACE_OUTER_BOUND('',#1370,.T.);
#1161=FACE_OUTER_BOUND('',#1371,.T.);
#1162=FACE_OUTER_BOUND('',#1372,.T.);
#1163=FACE_OUTER_BOUND('',#1373,.T.);
#1164=FACE_OUTER_BOUND('',#1374,.T.);
#1165=FACE_OUTER_BOUND('',#1375,.T.);
#1166=FACE_OUTER_BOUND('',#1376,.T.);
#1167=FACE_OUTER_BOUND('',#1377,.T.);
#1168=FACE_OUTER_BOUND('',#1378,.T.);
#1169=FACE_OUTER_BOUND('',#1379,.T.);
#1170=FACE_OUTER_BOUND('',#1380,.T.);
#1171=FACE_OUTER_BOUND('',#1381,.T.);
#1172=FACE_OUTER_BOUND('',#1382,.T.);
#1173=FACE_OUTER_BOUND('',#1383,.T.);
#1174=FACE_OUTER_BOUND('',#1384,.T.);
#1175=FACE_OUTER_BOUND('',#1385,.T.);
#1176=FACE_OUTER_BOUND('',#1386,.T.);
#1177=FACE_OUTER_BOUND('',#1387,.T.);
#1178=FACE_OUTER_BOUND('',#1388,.T.);
#1179=FACE_OUTER_BOUND('',#1389,.T.);
#1180=FACE_OUTER_BOUND('',#1390,.T.);
#1181=FACE_OUTER_BOUND('',#1391,.T.);
#1182=FACE_OUTER_BOUND('',#1392,.T.);
#1183=FACE_OUTER_BOUND('',#1393,.T.);
#1184=FACE_OUTER_BOUND('',#1394,.T.);
#1185=FACE_OUTER_BOUND('',#1395,.T.);
#1186=FACE_OUTER_BOUND('',#1405,.T.);
#1187=FACE_OUTER_BOUND('',#1406,.T.);
#1188=FACE_OUTER_BOUND('',#1407,.T.);
#1189=FACE_OUTER_BOUND('',#1408,.T.);
#1190=FACE_OUTER_BOUND('',#1409,.T.);
#1191=FACE_OUTER_BOUND('',#1410,.T.);
#1192=FACE_OUTER_BOUND('',#1411,.T.);
#1193=FACE_OUTER_BOUND('',#1412,.T.);
#1194=FACE_OUTER_BOUND('',#1413,.T.);
#1195=FACE_OUTER_BOUND('',#1414,.T.);
#1196=FACE_OUTER_BOUND('',#1415,.T.);
#1197=FACE_OUTER_BOUND('',#1416,.T.);
#1198=FACE_OUTER_BOUND('',#1417,.T.);
#1199=FACE_OUTER_BOUND('',#1418,.T.);
#1200=FACE_OUTER_BOUND('',#1420,.T.);
#1201=FACE_OUTER_BOUND('',#1421,.T.);
#1202=FACE_OUTER_BOUND('',#1423,.T.);
#1203=FACE_OUTER_BOUND('',#1424,.T.);
#1204=FACE_OUTER_BOUND('',#1426,.T.);
#1205=FACE_OUTER_BOUND('',#1427,.T.);
#1206=FACE_OUTER_BOUND('',#1429,.T.);
#1207=FACE_OUTER_BOUND('',#1430,.T.);
#1208=FACE_OUTER_BOUND('',#1431,.T.);
#1209=FACE_OUTER_BOUND('',#1432,.T.);
#1210=FACE_OUTER_BOUND('',#1433,.T.);
#1211=FACE_OUTER_BOUND('',#1434,.T.);
#1212=FACE_OUTER_BOUND('',#1435,.T.);
#1213=FACE_OUTER_BOUND('',#1441,.T.);
#1214=FACE_OUTER_BOUND('',#1442,.T.);
#1215=FACE_OUTER_BOUND('',#1443,.T.);
#1216=FACE_OUTER_BOUND('',#1444,.T.);
#1217=FACE_OUTER_BOUND('',#1445,.T.);
#1218=FACE_OUTER_BOUND('',#1446,.T.);
#1219=FACE_OUTER_BOUND('',#1447,.T.);
#1220=FACE_OUTER_BOUND('',#1448,.T.);
#1221=FACE_OUTER_BOUND('',#1449,.T.);
#1222=FACE_OUTER_BOUND('',#1450,.T.);
#1223=FACE_OUTER_BOUND('',#1451,.T.);
#1224=FACE_OUTER_BOUND('',#1452,.T.);
#1225=FACE_OUTER_BOUND('',#1453,.T.);
#1226=FACE_OUTER_BOUND('',#1454,.T.);
#1227=FACE_OUTER_BOUND('',#1455,.T.);
#1228=FACE_OUTER_BOUND('',#1456,.T.);
#1229=FACE_OUTER_BOUND('',#1457,.T.);
#1230=FACE_OUTER_BOUND('',#1458,.T.);
#1231=FACE_OUTER_BOUND('',#1459,.T.);
#1232=FACE_OUTER_BOUND('',#1460,.T.);
#1233=FACE_OUTER_BOUND('',#1461,.T.);
#1234=FACE_OUTER_BOUND('',#1462,.T.);
#1235=FACE_OUTER_BOUND('',#1463,.T.);
#1236=FACE_OUTER_BOUND('',#1464,.T.);
#1237=FACE_OUTER_BOUND('',#1465,.T.);
#1238=FACE_OUTER_BOUND('',#1466,.T.);
#1239=FACE_OUTER_BOUND('',#1467,.T.);
#1240=FACE_OUTER_BOUND('',#1468,.T.);
#1241=FACE_OUTER_BOUND('',#1469,.T.);
#1242=FACE_OUTER_BOUND('',#1470,.T.);
#1243=FACE_OUTER_BOUND('',#1471,.T.);
#1244=FACE_OUTER_BOUND('',#1472,.T.);
#1245=FACE_OUTER_BOUND('',#1473,.T.);
#1246=FACE_OUTER_BOUND('',#1474,.T.);
#1247=FACE_OUTER_BOUND('',#1475,.T.);
#1248=FACE_OUTER_BOUND('',#1476,.T.);
#1249=FACE_OUTER_BOUND('',#1477,.T.);
#1250=FACE_OUTER_BOUND('',#1478,.T.);
#1251=FACE_OUTER_BOUND('',#1479,.T.);
#1252=FACE_OUTER_BOUND('',#1480,.T.);
#1253=FACE_OUTER_BOUND('',#1481,.T.);
#1254=FACE_OUTER_BOUND('',#1482,.T.);
#1255=FACE_OUTER_BOUND('',#1484,.T.);
#1256=FACE_OUTER_BOUND('',#1485,.T.);
#1257=FACE_OUTER_BOUND('',#1486,.T.);
#1258=FACE_OUTER_BOUND('',#1487,.T.);
#1259=FACE_OUTER_BOUND('',#1488,.T.);
#1260=FACE_OUTER_BOUND('',#1489,.T.);
#1261=FACE_OUTER_BOUND('',#1490,.T.);
#1262=FACE_OUTER_BOUND('',#1491,.T.);
#1263=FACE_OUTER_BOUND('',#1492,.T.);
#1264=FACE_OUTER_BOUND('',#1493,.T.);
#1265=FACE_OUTER_BOUND('',#1494,.T.);
#1266=FACE_OUTER_BOUND('',#1495,.T.);
#1267=FACE_OUTER_BOUND('',#1496,.T.);
#1268=FACE_OUTER_BOUND('',#1497,.T.);
#1269=FACE_OUTER_BOUND('',#1498,.T.);
#1270=FACE_OUTER_BOUND('',#1499,.T.);
#1271=FACE_OUTER_BOUND('',#1500,.T.);
#1272=FACE_OUTER_BOUND('',#1501,.T.);
#1273=FACE_OUTER_BOUND('',#1502,.T.);
#1274=FACE_OUTER_BOUND('',#1504,.T.);
#1275=FACE_OUTER_BOUND('',#1505,.T.);
#1276=FACE_OUTER_BOUND('',#1506,.T.);
#1277=FACE_OUTER_BOUND('',#1507,.T.);
#1278=FACE_OUTER_BOUND('',#1508,.T.);
#1279=FACE_OUTER_BOUND('',#1509,.T.);
#1280=FACE_OUTER_BOUND('',#1510,.T.);
#1281=FACE_OUTER_BOUND('',#1511,.T.);
#1282=FACE_OUTER_BOUND('',#1512,.T.);
#1283=FACE_OUTER_BOUND('',#1513,.T.);
#1284=EDGE_LOOP('',(#2571,#2572,#2573,#2574));
#1285=EDGE_LOOP('',(#2575,#2576,#2577,#2578));
#1286=EDGE_LOOP('',(#2579,#2580,#2581,#2582));
#1287=EDGE_LOOP('',(#2583,#2584,#2585,#2586));
#1288=EDGE_LOOP('',(#2587,#2588,#2589,#2590));
#1289=EDGE_LOOP('',(#2591,#2592,#2593,#2594));
#1290=EDGE_LOOP('',(#2595,#2596,#2597,#2598));
#1291=EDGE_LOOP('',(#2599,#2600,#2601,#2602));
#1292=EDGE_LOOP('',(#2603,#2604,#2605,#2606));
#1293=EDGE_LOOP('',(#2607,#2608,#2609,#2610));
#1294=EDGE_LOOP('',(#2611,#2612,#2613,#2614));
#1295=EDGE_LOOP('',(#2615,#2616,#2617,#2618));
#1296=EDGE_LOOP('',(#2619,#2620,#2621,#2622));
#1297=EDGE_LOOP('',(#2623,#2624,#2625,#2626));
#1298=EDGE_LOOP('',(#2627,#2628,#2629,#2630,#2631,#2632,#2633,#2634));
#1299=EDGE_LOOP('',(#2635));
#1300=EDGE_LOOP('',(#2636));
#1301=EDGE_LOOP('',(#2637));
#1302=EDGE_LOOP('',(#2638));
#1303=EDGE_LOOP('',(#2639,#2640,#2641,#2642));
#1304=EDGE_LOOP('',(#2643,#2644,#2645,#2646));
#1305=EDGE_LOOP('',(#2647,#2648,#2649,#2650));
#1306=EDGE_LOOP('',(#2651,#2652,#2653,#2654));
#1307=EDGE_LOOP('',(#2655,#2656,#2657,#2658));
#1308=EDGE_LOOP('',(#2659,#2660,#2661,#2662));
#1309=EDGE_LOOP('',(#2663,#2664,#2665,#2666,#2667,#2668,#2669,#2670));
#1310=EDGE_LOOP('',(#2671,#2672,#2673,#2674,#2675,#2676,#2677,#2678,#2679,
#2680,#2681,#2682,#2683,#2684,#2685,#2686));
#1311=EDGE_LOOP('',(#2687,#2688,#2689,#2690,#2691,#2692,#2693,#2694));
#1312=EDGE_LOOP('',(#2695,#2696,#2697,#2698,#2699,#2700,#2701,#2702,#2703,
#2704,#2705,#2706,#2707,#2708,#2709,#2710));
#1313=EDGE_LOOP('',(#2711,#2712,#2713,#2714));
#1314=EDGE_LOOP('',(#2715));
#1315=EDGE_LOOP('',(#2716));
#1316=EDGE_LOOP('',(#2717));
#1317=EDGE_LOOP('',(#2718));
#1318=EDGE_LOOP('',(#2719,#2720,#2721,#2722));
#1319=EDGE_LOOP('',(#2723,#2724,#2725,#2726,#2727,#2728,#2729,#2730,#2731,
#2732));
#1320=EDGE_LOOP('',(#2733,#2734,#2735,#2736));
#1321=EDGE_LOOP('',(#2737,#2738,#2739,#2740));
#1322=EDGE_LOOP('',(#2741,#2742,#2743,#2744,#2745,#2746));
#1323=EDGE_LOOP('',(#2747,#2748,#2749,#2750));
#1324=EDGE_LOOP('',(#2751,#2752,#2753,#2754));
#1325=EDGE_LOOP('',(#2755,#2756,#2757,#2758));
#1326=EDGE_LOOP('',(#2759,#2760,#2761,#2762));
#1327=EDGE_LOOP('',(#2763,#2764,#2765,#2766));
#1328=EDGE_LOOP('',(#2767,#2768,#2769,#2770));
#1329=EDGE_LOOP('',(#2771,#2772,#2773,#2774));
#1330=EDGE_LOOP('',(#2775,#2776,#2777,#2778));
#1331=EDGE_LOOP('',(#2779,#2780,#2781,#2782,#2783,#2784,#2785,#2786,#2787,
#2788,#2789,#2790,#2791,#2792,#2793,#2794,#2795,#2796,#2797,#2798,#2799,
#2800,#2801,#2802,#2803,#2804,#2805,#2806));
#1332=EDGE_LOOP('',(#2807,#2808,#2809,#2810));
#1333=EDGE_LOOP('',(#2811,#2812,#2813,#2814));
#1334=EDGE_LOOP('',(#2815,#2816,#2817,#2818));
#1335=EDGE_LOOP('',(#2819,#2820,#2821,#2822));
#1336=EDGE_LOOP('',(#2823,#2824,#2825,#2826));
#1337=EDGE_LOOP('',(#2827,#2828,#2829,#2830));
#1338=EDGE_LOOP('',(#2831,#2832,#2833,#2834));
#1339=EDGE_LOOP('',(#2835,#2836,#2837,#2838));
#1340=EDGE_LOOP('',(#2839,#2840,#2841,#2842));
#1341=EDGE_LOOP('',(#2843,#2844,#2845,#2846));
#1342=EDGE_LOOP('',(#2847,#2848,#2849,#2850));
#1343=EDGE_LOOP('',(#2851,#2852,#2853,#2854));
#1344=EDGE_LOOP('',(#2855,#2856,#2857,#2858));
#1345=EDGE_LOOP('',(#2859,#2860,#2861,#2862));
#1346=EDGE_LOOP('',(#2863,#2864,#2865,#2866));
#1347=EDGE_LOOP('',(#2867,#2868,#2869,#2870));
#1348=EDGE_LOOP('',(#2871,#2872,#2873,#2874));
#1349=EDGE_LOOP('',(#2875,#2876,#2877,#2878));
#1350=EDGE_LOOP('',(#2879,#2880,#2881,#2882));
#1351=EDGE_LOOP('',(#2883,#2884,#2885,#2886));
#1352=EDGE_LOOP('',(#2887,#2888,#2889,#2890));
#1353=EDGE_LOOP('',(#2891,#2892,#2893,#2894));
#1354=EDGE_LOOP('',(#2895,#2896,#2897,#2898));
#1355=EDGE_LOOP('',(#2899,#2900,#2901,#2902));
#1356=EDGE_LOOP('',(#2903,#2904,#2905,#2906));
#1357=EDGE_LOOP('',(#2907,#2908,#2909,#2910));
#1358=EDGE_LOOP('',(#2911,#2912,#2913,#2914,#2915,#2916,#2917,#2918,#2919,
#2920,#2921,#2922));
#1359=EDGE_LOOP('',(#2923,#2924,#2925,#2926,#2927,#2928,#2929,#2930,#2931,
#2932,#2933,#2934));
#1360=EDGE_LOOP('',(#2935,#2936,#2937,#2938,#2939,#2940,#2941,#2942));
#1361=EDGE_LOOP('',(#2943,#2944,#2945,#2946,#2947,#2948,#2949,#2950,#2951,
#2952,#2953,#2954,#2955,#2956,#2957,#2958));
#1362=EDGE_LOOP('',(#2959,#2960,#2961,#2962,#2963));
#1363=EDGE_LOOP('',(#2964,#2965,#2966,#2967,#2968,#2969,#2970));
#1364=EDGE_LOOP('',(#2971,#2972,#2973,#2974,#2975,#2976,#2977,#2978));
#1365=EDGE_LOOP('',(#2979,#2980,#2981,#2982,#2983,#2984));
#1366=EDGE_LOOP('',(#2985,#2986,#2987,#2988,#2989,#2990,#2991,#2992,#2993,
#2994));
#1367=EDGE_LOOP('',(#2995,#2996,#2997,#2998,#2999,#3000,#3001,#3002,#3003,
#3004));
#1368=EDGE_LOOP('',(#3005,#3006,#3007,#3008,#3009,#3010,#3011,#3012,#3013,
#3014));
#1369=EDGE_LOOP('',(#3015,#3016,#3017,#3018,#3019,#3020,#3021));
#1370=EDGE_LOOP('',(#3022,#3023,#3024,#3025));
#1371=EDGE_LOOP('',(#3026));
#1372=EDGE_LOOP('',(#3027,#3028,#3029,#3030));
#1373=EDGE_LOOP('',(#3031));
#1374=EDGE_LOOP('',(#3032,#3033,#3034,#3035));
#1375=EDGE_LOOP('',(#3036));
#1376=EDGE_LOOP('',(#3037,#3038,#3039,#3040));
#1377=EDGE_LOOP('',(#3041));
#1378=EDGE_LOOP('',(#3042,#3043,#3044,#3045));
#1379=EDGE_LOOP('',(#3046,#3047,#3048,#3049));
#1380=EDGE_LOOP('',(#3050,#3051,#3052,#3053));
#1381=EDGE_LOOP('',(#3054,#3055,#3056,#3057));
#1382=EDGE_LOOP('',(#3058,#3059,#3060,#3061,#3062,#3063,#3064,#3065));
#1383=EDGE_LOOP('',(#3066,#3067,#3068,#3069));
#1384=EDGE_LOOP('',(#3070,#3071,#3072,#3073));
#1385=EDGE_LOOP('',(#3074,#3075,#3076,#3077,#3078,#3079));
#1386=EDGE_LOOP('',(#3080,#3081,#3082,#3083,#3084,#3085));
#1387=EDGE_LOOP('',(#3086,#3087,#3088,#3089));
#1388=EDGE_LOOP('',(#3090,#3091,#3092,#3093,#3094,#3095,#3096,#3097));
#1389=EDGE_LOOP('',(#3098,#3099,#3100,#3101));
#1390=EDGE_LOOP('',(#3102,#3103,#3104,#3105,#3106,#3107));
#1391=EDGE_LOOP('',(#3108,#3109,#3110,#3111,#3112,#3113));
#1392=EDGE_LOOP('',(#3114,#3115,#3116,#3117));
#1393=EDGE_LOOP('',(#3118,#3119,#3120,#3121));
#1394=EDGE_LOOP('',(#3122,#3123,#3124,#3125,#3126,#3127,#3128,#3129));
#1395=EDGE_LOOP('',(#3130,#3131,#3132,#3133,#3134,#3135,#3136,#3137,#3138,
#3139,#3140,#3141,#3142,#3143,#3144,#3145,#3146,#3147,#3148,#3149));
#1396=EDGE_LOOP('',(#3150,#3151,#3152,#3153,#3154,#3155,#3156,#3157));
#1397=EDGE_LOOP('',(#3158));
#1398=EDGE_LOOP('',(#3159));
#1399=EDGE_LOOP('',(#3160));
#1400=EDGE_LOOP('',(#3161));
#1401=EDGE_LOOP('',(#3162));
#1402=EDGE_LOOP('',(#3163));
#1403=EDGE_LOOP('',(#3164));
#1404=EDGE_LOOP('',(#3165));
#1405=EDGE_LOOP('',(#3166,#3167,#3168,#3169));
#1406=EDGE_LOOP('',(#3170,#3171,#3172,#3173));
#1407=EDGE_LOOP('',(#3174,#3175,#3176,#3177));
#1408=EDGE_LOOP('',(#3178,#3179,#3180,#3181));
#1409=EDGE_LOOP('',(#3182,#3183,#3184,#3185));
#1410=EDGE_LOOP('',(#3186,#3187,#3188,#3189));
#1411=EDGE_LOOP('',(#3190,#3191,#3192,#3193));
#1412=EDGE_LOOP('',(#3194,#3195,#3196,#3197));
#1413=EDGE_LOOP('',(#3198,#3199,#3200,#3201));
#1414=EDGE_LOOP('',(#3202,#3203,#3204,#3205,#3206,#3207,#3208,#3209,#3210,
#3211));
#1415=EDGE_LOOP('',(#3212,#3213,#3214,#3215));
#1416=EDGE_LOOP('',(#3216,#3217,#3218,#3219));
#1417=EDGE_LOOP('',(#3220,#3221,#3222,#3223));
#1418=EDGE_LOOP('',(#3224));
#1419=EDGE_LOOP('',(#3225));
#1420=EDGE_LOOP('',(#3226,#3227,#3228,#3229));
#1421=EDGE_LOOP('',(#3230));
#1422=EDGE_LOOP('',(#3231));
#1423=EDGE_LOOP('',(#3232,#3233,#3234,#3235));
#1424=EDGE_LOOP('',(#3236));
#1425=EDGE_LOOP('',(#3237));
#1426=EDGE_LOOP('',(#3238,#3239,#3240,#3241));
#1427=EDGE_LOOP('',(#3242));
#1428=EDGE_LOOP('',(#3243));
#1429=EDGE_LOOP('',(#3244,#3245,#3246,#3247));
#1430=EDGE_LOOP('',(#3248,#3249,#3250,#3251));
#1431=EDGE_LOOP('',(#3252,#3253,#3254,#3255));
#1432=EDGE_LOOP('',(#3256,#3257,#3258,#3259));
#1433=EDGE_LOOP('',(#3260,#3261,#3262,#3263));
#1434=EDGE_LOOP('',(#3264,#3265,#3266,#3267));
#1435=EDGE_LOOP('',(#3268,#3269,#3270,#3271,#3272,#3273,#3274,#3275,#3276,
#3277,#3278,#3279,#3280,#3281,#3282,#3283,#3284,#3285,#3286,#3287));
#1436=EDGE_LOOP('',(#3288));
#1437=EDGE_LOOP('',(#3289));
#1438=EDGE_LOOP('',(#3290));
#1439=EDGE_LOOP('',(#3291));
#1440=EDGE_LOOP('',(#3292,#3293,#3294,#3295,#3296,#3297,#3298,#3299,#3300,
#3301,#3302,#3303,#3304,#3305,#3306,#3307,#3308,#3309,#3310,#3311,#3312,
#3313,#3314,#3315,#3316,#3317,#3318,#3319,#3320,#3321,#3322,#3323,#3324,
#3325,#3326,#3327,#3328,#3329,#3330,#3331,#3332,#3333,#3334,#3335,#3336,
#3337,#3338,#3339,#3340,#3341,#3342,#3343,#3344,#3345,#3346,#3347,#3348,
#3349,#3350,#3351,#3352,#3353,#3354,#3355,#3356,#3357,#3358));
#1441=EDGE_LOOP('',(#3359,#3360,#3361,#3362));
#1442=EDGE_LOOP('',(#3363,#3364,#3365,#3366));
#1443=EDGE_LOOP('',(#3367,#3368,#3369,#3370));
#1444=EDGE_LOOP('',(#3371,#3372,#3373,#3374,#3375,#3376,#3377,#3378,#3379,
#3380));
#1445=EDGE_LOOP('',(#3381,#3382,#3383,#3384));
#1446=EDGE_LOOP('',(#3385,#3386,#3387,#3388));
#1447=EDGE_LOOP('',(#3389,#3390,#3391,#3392));
#1448=EDGE_LOOP('',(#3393,#3394,#3395,#3396,#3397,#3398));
#1449=EDGE_LOOP('',(#3399,#3400,#3401,#3402));
#1450=EDGE_LOOP('',(#3403,#3404,#3405,#3406));
#1451=EDGE_LOOP('',(#3407,#3408,#3409,#3410));
#1452=EDGE_LOOP('',(#3411,#3412,#3413,#3414));
#1453=EDGE_LOOP('',(#3415,#3416,#3417,#3418));
#1454=EDGE_LOOP('',(#3419,#3420,#3421,#3422,#3423,#3424));
#1455=EDGE_LOOP('',(#3425,#3426,#3427,#3428));
#1456=EDGE_LOOP('',(#3429,#3430,#3431,#3432));
#1457=EDGE_LOOP('',(#3433,#3434,#3435,#3436));
#1458=EDGE_LOOP('',(#3437,#3438,#3439,#3440));
#1459=EDGE_LOOP('',(#3441,#3442,#3443,#3444,#3445,#3446));
#1460=EDGE_LOOP('',(#3447,#3448,#3449,#3450));
#1461=EDGE_LOOP('',(#3451,#3452,#3453,#3454));
#1462=EDGE_LOOP('',(#3455,#3456,#3457,#3458));
#1463=EDGE_LOOP('',(#3459,#3460,#3461,#3462));
#1464=EDGE_LOOP('',(#3463,#3464,#3465,#3466,#3467,#3468));
#1465=EDGE_LOOP('',(#3469,#3470,#3471,#3472));
#1466=EDGE_LOOP('',(#3473,#3474,#3475,#3476));
#1467=EDGE_LOOP('',(#3477,#3478,#3479,#3480));
#1468=EDGE_LOOP('',(#3481,#3482,#3483,#3484,#3485,#3486));
#1469=EDGE_LOOP('',(#3487,#3488,#3489,#3490));
#1470=EDGE_LOOP('',(#3491,#3492,#3493,#3494));
#1471=EDGE_LOOP('',(#3495,#3496,#3497,#3498));
#1472=EDGE_LOOP('',(#3499,#3500,#3501,#3502,#3503,#3504));
#1473=EDGE_LOOP('',(#3505,#3506,#3507,#3508));
#1474=EDGE_LOOP('',(#3509,#3510,#3511,#3512));
#1475=EDGE_LOOP('',(#3513,#3514,#3515,#3516));
#1476=EDGE_LOOP('',(#3517,#3518,#3519,#3520,#3521,#3522,#3523,#3524,#3525,
#3526,#3527,#3528));
#1477=EDGE_LOOP('',(#3529,#3530,#3531,#3532));
#1478=EDGE_LOOP('',(#3533,#3534,#3535,#3536,#3537,#3538,#3539,#3540));
#1479=EDGE_LOOP('',(#3541,#3542,#3543,#3544));
#1480=EDGE_LOOP('',(#3545,#3546,#3547,#3548));
#1481=EDGE_LOOP('',(#3549,#3550,#3551,#3552));
#1482=EDGE_LOOP('',(#3553,#3554,#3555,#3556));
#1483=EDGE_LOOP('',(#3557,#3558,#3559,#3560,#3561,#3562,#3563,#3564));
#1484=EDGE_LOOP('',(#3565,#3566,#3567,#3568));
#1485=EDGE_LOOP('',(#3569,#3570,#3571,#3572));
#1486=EDGE_LOOP('',(#3573,#3574,#3575,#3576));
#1487=EDGE_LOOP('',(#3577,#3578,#3579,#3580));
#1488=EDGE_LOOP('',(#3581,#3582,#3583,#3584));
#1489=EDGE_LOOP('',(#3585,#3586,#3587,#3588));
#1490=EDGE_LOOP('',(#3589,#3590,#3591,#3592));
#1491=EDGE_LOOP('',(#3593,#3594,#3595,#3596));
#1492=EDGE_LOOP('',(#3597,#3598,#3599,#3600));
#1493=EDGE_LOOP('',(#3601,#3602,#3603,#3604));
#1494=EDGE_LOOP('',(#3605,#3606,#3607,#3608));
#1495=EDGE_LOOP('',(#3609,#3610,#3611,#3612));
#1496=EDGE_LOOP('',(#3613,#3614,#3615,#3616));
#1497=EDGE_LOOP('',(#3617,#3618,#3619,#3620));
#1498=EDGE_LOOP('',(#3621,#3622,#3623,#3624));
#1499=EDGE_LOOP('',(#3625,#3626,#3627,#3628));
#1500=EDGE_LOOP('',(#3629,#3630,#3631,#3632));
#1501=EDGE_LOOP('',(#3633,#3634,#3635,#3636));
#1502=EDGE_LOOP('',(#3637,#3638,#3639,#3640,#3641,#3642,#3643,#3644));
#1503=EDGE_LOOP('',(#3645,#3646,#3647,#3648,#3649,#3650,#3651,#3652));
#1504=EDGE_LOOP('',(#3653,#3654,#3655,#3656));
#1505=EDGE_LOOP('',(#3657,#3658,#3659,#3660));
#1506=EDGE_LOOP('',(#3661,#3662,#3663,#3664));
#1507=EDGE_LOOP('',(#3665,#3666,#3667,#3668,#3669));
#1508=EDGE_LOOP('',(#3670,#3671,#3672,#3673,#3674));
#1509=EDGE_LOOP('',(#3675,#3676,#3677,#3678));
#1510=EDGE_LOOP('',(#3679,#3680,#3681,#3682));
#1511=EDGE_LOOP('',(#3683,#3684,#3685,#3686));
#1512=EDGE_LOOP('',(#3687,#3688,#3689,#3690));
#1513=EDGE_LOOP('',(#3691,#3692,#3693,#3694));
#1514=CIRCLE('',#3915,0.99999999999999);
#1515=CIRCLE('',#3916,0.999999999999989);
#1516=CIRCLE('',#3917,1.);
#1517=CIRCLE('',#3918,2.);
#1518=CIRCLE('',#3920,2.);
#1519=CIRCLE('',#3921,0.999999999999994);
#1520=CIRCLE('',#3922,0.999999999999996);
#1521=CIRCLE('',#3923,1.);
#1522=CIRCLE('',#3924,2.);
#1523=CIRCLE('',#3926,2.);
#1524=CIRCLE('',#3927,0.999999999999998);
#1525=CIRCLE('',#3928,1.00000000000001);
#1526=CIRCLE('',#3929,1.);
#1527=CIRCLE('',#3930,2.);
#1528=CIRCLE('',#3932,2.);
#1529=CIRCLE('',#3934,1.);
#1530=CIRCLE('',#3935,1.);
#1531=CIRCLE('',#3936,1.);
#1532=CIRCLE('',#3937,2.);
#1533=CIRCLE('',#3939,2.);
#1534=CIRCLE('',#3946,1.2);
#1535=CIRCLE('',#3947,1.2);
#1536=CIRCLE('',#3948,1.2);
#1537=CIRCLE('',#3949,1.2);
#1538=CIRCLE('',#3951,1.2);
#1539=CIRCLE('',#3953,1.2);
#1540=CIRCLE('',#3955,1.2);
#1541=CIRCLE('',#3957,1.2);
#1542=CIRCLE('',#3966,4.);
#1543=CIRCLE('',#3967,4.);
#1544=CIRCLE('',#3968,4.);
#1545=CIRCLE('',#3969,4.);
#1546=CIRCLE('',#3970,4.);
#1547=CIRCLE('',#3972,4.);
#1548=CIRCLE('',#3978,4.);
#1549=CIRCLE('',#3979,4.);
#1550=CIRCLE('',#3980,4.);
#1551=CIRCLE('',#3981,4.);
#1552=CIRCLE('',#3982,4.);
#1553=CIRCLE('',#3983,4.);
#1554=CIRCLE('',#4051,4.2);
#1555=CIRCLE('',#4052,4.2);
#1556=CIRCLE('',#4055,4.2);
#1557=CIRCLE('',#4056,4.2);
#1558=CIRCLE('',#4059,4.2);
#1559=CIRCLE('',#4060,4.2);
#1560=CIRCLE('',#4063,4.2);
#1561=CIRCLE('',#4064,4.2);
#1562=CIRCLE('',#4067,2.);
#1563=CIRCLE('',#4071,2.);
#1564=CIRCLE('',#4075,2.);
#1565=CIRCLE('',#4079,2.);
#1566=CIRCLE('',#4082,2.);
#1567=CIRCLE('',#4086,2.);
#1568=CIRCLE('',#4105,4.);
#1569=CIRCLE('',#4108,4.);
#1570=CIRCLE('',#4111,4.);
#1571=CIRCLE('',#4114,4.);
#1572=CIRCLE('',#4117,4.);
#1573=CIRCLE('',#4119,2.);
#1574=CIRCLE('',#4120,2.);
#1575=CIRCLE('',#4123,2.);
#1576=CIRCLE('',#4125,2.00000000000001);
#1577=CIRCLE('',#4127,1.2);
#1578=CIRCLE('',#4129,2.00000000000001);
#1579=CIRCLE('',#4131,1.2);
#1580=CIRCLE('',#4133,2.);
#1581=CIRCLE('',#4135,1.2);
#1582=CIRCLE('',#4137,2.);
#1583=CIRCLE('',#4139,1.2);
#1584=CIRCLE('',#4141,1.2);
#1585=CIRCLE('',#4143,1.2);
#1586=CIRCLE('',#4145,1.2);
#1587=CIRCLE('',#4147,1.2);
#1588=CIRCLE('',#4149,4.);
#1589=CIRCLE('',#4152,4.);
#1590=CIRCLE('',#4153,4.);
#1591=CIRCLE('',#4154,4.);
#1592=CIRCLE('',#4155,4.);
#1593=CIRCLE('',#4156,2.);
#1594=CIRCLE('',#4157,2.);
#1595=CIRCLE('',#4158,2.);
#1596=CIRCLE('',#4159,1.);
#1597=CIRCLE('',#4160,1.);
#1598=CIRCLE('',#4161,1.);
#1599=CIRCLE('',#4162,1.);
#1600=CIRCLE('',#4163,1.);
#1601=CIRCLE('',#4164,1.);
#1602=CIRCLE('',#4165,2.);
#1603=CIRCLE('',#4166,2.);
#1604=CIRCLE('',#4167,1.);
#1605=CIRCLE('',#4168,1.);
#1606=CIRCLE('',#4169,1.);
#1607=CIRCLE('',#4170,1.);
#1608=CIRCLE('',#4171,2.);
#1609=CIRCLE('',#4172,1.);
#1610=CIRCLE('',#4173,1.);
#1611=CIRCLE('',#4178,4.);
#1612=CIRCLE('',#4179,4.);
#1613=CIRCLE('',#4183,1.);
#1614=CIRCLE('',#4185,1.);
#1615=CIRCLE('',#4190,1.);
#1616=CIRCLE('',#4193,1.);
#1617=CIRCLE('',#4197,1.);
#1618=CIRCLE('',#4200,1.);
#1619=CIRCLE('',#4204,1.);
#1620=CIRCLE('',#4207,1.);
#1621=CIRCLE('',#4211,1.);
#1622=CIRCLE('',#4213,1.);
#1623=CIRCLE('',#4217,1.);
#1624=CIRCLE('',#4219,1.);
#1625=CIRCLE('',#4230,1.5);
#1626=CIRCLE('',#4231,1.5);
#1627=CIRCLE('',#4232,1.5);
#1628=CIRCLE('',#4233,1.5);
#1629=CIRCLE('',#4242,1.5);
#1630=CIRCLE('',#4245,1.5);
#1631=CIRCLE('',#4248,1.5);
#1632=CIRCLE('',#4251,1.5);
#1633=CIRCLE('',#4254,2.);
#1634=CIRCLE('',#4257,2.);
#1635=CIRCLE('',#4259,2.);
#1636=CIRCLE('',#4260,2.);
#1637=VERTEX_POINT('',#5397);
#1638=VERTEX_POINT('',#5398);
#1639=VERTEX_POINT('',#5400);
#1640=VERTEX_POINT('',#5402);
#1641=VERTEX_POINT('',#5406);
#1642=VERTEX_POINT('',#5407);
#1643=VERTEX_POINT('',#5420);
#1644=VERTEX_POINT('',#5421);
#1645=VERTEX_POINT('',#5423);
#1646=VERTEX_POINT('',#5425);
#1647=VERTEX_POINT('',#5429);
#1648=VERTEX_POINT('',#5430);
#1649=VERTEX_POINT('',#5443);
#1650=VERTEX_POINT('',#5444);
#1651=VERTEX_POINT('',#5446);
#1652=VERTEX_POINT('',#5448);
#1653=VERTEX_POINT('',#5452);
#1654=VERTEX_POINT('',#5453);
#1655=VERTEX_POINT('',#5469);
#1656=VERTEX_POINT('',#5470);
#1657=VERTEX_POINT('',#5472);
#1658=VERTEX_POINT('',#5474);
#1659=VERTEX_POINT('',#5478);
#1660=VERTEX_POINT('',#5479);
#1661=VERTEX_POINT('',#5497);
#1662=VERTEX_POINT('',#5499);
#1663=VERTEX_POINT('',#5501);
#1664=VERTEX_POINT('',#5503);
#1665=VERTEX_POINT('',#5506);
#1666=VERTEX_POINT('',#5510);
#1667=VERTEX_POINT('',#5514);
#1668=VERTEX_POINT('',#5518);
#1669=VERTEX_POINT('',#5526);
#1670=VERTEX_POINT('',#5527);
#1671=VERTEX_POINT('',#5529);
#1672=VERTEX_POINT('',#5531);
#1673=VERTEX_POINT('',#5533);
#1674=VERTEX_POINT('',#5535);
#1675=VERTEX_POINT('',#5537);
#1676=VERTEX_POINT('',#5539);
#1677=VERTEX_POINT('',#5543);
#1678=VERTEX_POINT('',#5544);
#1679=VERTEX_POINT('',#5546);
#1680=VERTEX_POINT('',#5548);
#1681=VERTEX_POINT('',#5550);
#1682=VERTEX_POINT('',#5552);
#1683=VERTEX_POINT('',#5554);
#1684=VERTEX_POINT('',#5556);
#1685=VERTEX_POINT('',#5558);
#1686=VERTEX_POINT('',#5560);
#1687=VERTEX_POINT('',#5562);
#1688=VERTEX_POINT('',#5564);
#1689=VERTEX_POINT('',#5567);
#1690=VERTEX_POINT('',#5569);
#1691=VERTEX_POINT('',#5573);
#1692=VERTEX_POINT('',#5574);
#1693=VERTEX_POINT('',#5576);
#1694=VERTEX_POINT('',#5578);
#1695=VERTEX_POINT('',#5581);
#1696=VERTEX_POINT('',#5583);
#1697=VERTEX_POINT('',#5587);
#1698=VERTEX_POINT('',#5588);
#1699=VERTEX_POINT('',#5590);
#1700=VERTEX_POINT('',#5592);
#1701=VERTEX_POINT('',#5594);
#1702=VERTEX_POINT('',#5596);
#1703=VERTEX_POINT('',#5598);
#1704=VERTEX_POINT('',#5600);
#1705=VERTEX_POINT('',#5602);
#1706=VERTEX_POINT('',#5604);
#1707=VERTEX_POINT('',#5608);
#1708=VERTEX_POINT('',#5610);
#1709=VERTEX_POINT('',#5615);
#1710=VERTEX_POINT('',#5617);
#1711=VERTEX_POINT('',#5621);
#1712=VERTEX_POINT('',#5623);
#1713=VERTEX_POINT('',#5625);
#1714=VERTEX_POINT('',#5627);
#1715=VERTEX_POINT('',#5629);
#1716=VERTEX_POINT('',#5631);
#1717=VERTEX_POINT('',#5635);
#1718=VERTEX_POINT('',#5639);
#1719=VERTEX_POINT('',#5641);
#1720=VERTEX_POINT('',#5645);
#1721=VERTEX_POINT('',#5647);
#1722=VERTEX_POINT('',#5651);
#1723=VERTEX_POINT('',#5655);
#1724=VERTEX_POINT('',#5657);
#1725=VERTEX_POINT('',#5661);
#1726=VERTEX_POINT('',#5665);
#1727=VERTEX_POINT('',#5669);
#1728=VERTEX_POINT('',#5671);
#1729=VERTEX_POINT('',#5675);
#1730=VERTEX_POINT('',#5679);
#1731=VERTEX_POINT('',#5685);
#1732=VERTEX_POINT('',#5687);
#1733=VERTEX_POINT('',#5689);
#1734=VERTEX_POINT('',#5691);
#1735=VERTEX_POINT('',#5693);
#1736=VERTEX_POINT('',#5695);
#1737=VERTEX_POINT('',#5697);
#1738=VERTEX_POINT('',#5699);
#1739=VERTEX_POINT('',#5701);
#1740=VERTEX_POINT('',#5703);
#1741=VERTEX_POINT('',#5705);
#1742=VERTEX_POINT('',#5707);
#1743=VERTEX_POINT('',#5709);
#1744=VERTEX_POINT('',#5711);
#1745=VERTEX_POINT('',#5713);
#1746=VERTEX_POINT('',#5715);
#1747=VERTEX_POINT('',#5717);
#1748=VERTEX_POINT('',#5723);
#1749=VERTEX_POINT('',#5725);
#1750=VERTEX_POINT('',#5729);
#1751=VERTEX_POINT('',#5731);
#1752=VERTEX_POINT('',#5735);
#1753=VERTEX_POINT('',#5737);
#1754=VERTEX_POINT('',#5741);
#1755=VERTEX_POINT('',#5745);
#1756=VERTEX_POINT('',#5747);
#1757=VERTEX_POINT('',#5753);
#1758=VERTEX_POINT('',#5755);
#1759=VERTEX_POINT('',#5759);
#1760=VERTEX_POINT('',#5763);
#1761=VERTEX_POINT('',#5765);
#1762=VERTEX_POINT('',#5769);
#1763=VERTEX_POINT('',#5771);
#1764=VERTEX_POINT('',#5775);
#1765=VERTEX_POINT('',#5779);
#1766=VERTEX_POINT('',#5783);
#1767=VERTEX_POINT('',#5789);
#1768=VERTEX_POINT('',#5793);
#1769=VERTEX_POINT('',#5797);
#1770=VERTEX_POINT('',#5801);
#1771=VERTEX_POINT('',#5803);
#1772=VERTEX_POINT('',#5809);
#1773=VERTEX_POINT('',#5811);
#1774=VERTEX_POINT('',#5817);
#1775=VERTEX_POINT('',#5821);
#1776=VERTEX_POINT('',#5823);
#1777=VERTEX_POINT('',#5829);
#1778=VERTEX_POINT('',#5833);
#1779=VERTEX_POINT('',#5835);
#1780=VERTEX_POINT('',#5837);
#1781=VERTEX_POINT('',#5839);
#1782=VERTEX_POINT('',#5841);
#1783=VERTEX_POINT('',#5843);
#1784=VERTEX_POINT('',#5845);
#1785=VERTEX_POINT('',#5847);
#1786=VERTEX_POINT('',#5852);
#1787=VERTEX_POINT('',#5854);
#1788=VERTEX_POINT('',#5856);
#1789=VERTEX_POINT('',#5858);
#1790=VERTEX_POINT('',#5860);
#1791=VERTEX_POINT('',#5862);
#1792=VERTEX_POINT('',#5866);
#1793=VERTEX_POINT('',#5868);
#1794=VERTEX_POINT('',#5870);
#1795=VERTEX_POINT('',#5872);
#1796=VERTEX_POINT('',#5876);
#1797=VERTEX_POINT('',#5878);
#1798=VERTEX_POINT('',#5880);
#1799=VERTEX_POINT('',#5882);
#1800=VERTEX_POINT('',#5884);
#1801=VERTEX_POINT('',#5886);
#1802=VERTEX_POINT('',#5888);
#1803=VERTEX_POINT('',#5890);
#1804=VERTEX_POINT('',#5896);
#1805=VERTEX_POINT('',#5900);
#1806=VERTEX_POINT('',#5902);
#1807=VERTEX_POINT('',#5904);
#1808=VERTEX_POINT('',#5909);
#1809=VERTEX_POINT('',#5911);
#1810=VERTEX_POINT('',#5913);
#1811=VERTEX_POINT('',#5915);
#1812=VERTEX_POINT('',#5919);
#1813=VERTEX_POINT('',#5921);
#1814=VERTEX_POINT('',#5923);
#1815=VERTEX_POINT('',#5925);
#1816=VERTEX_POINT('',#5927);
#1817=VERTEX_POINT('',#5929);
#1818=VERTEX_POINT('',#5933);
#1819=VERTEX_POINT('',#5935);
#1820=VERTEX_POINT('',#5937);
#1821=VERTEX_POINT('',#5939);
#1822=VERTEX_POINT('',#5941);
#1823=VERTEX_POINT('',#5943);
#1824=VERTEX_POINT('',#5947);
#1825=VERTEX_POINT('',#5949);
#1826=VERTEX_POINT('',#5951);
#1827=VERTEX_POINT('',#5955);
#1828=VERTEX_POINT('',#5957);
#1829=VERTEX_POINT('',#5962);
#1830=VERTEX_POINT('',#5964);
#1831=VERTEX_POINT('',#5969);
#1832=VERTEX_POINT('',#5971);
#1833=VERTEX_POINT('',#5976);
#1834=VERTEX_POINT('',#5978);
#1835=VERTEX_POINT('',#5983);
#1836=VERTEX_POINT('',#5987);
#1837=VERTEX_POINT('',#5991);
#1838=VERTEX_POINT('',#5995);
#1839=VERTEX_POINT('',#5999);
#1840=VERTEX_POINT('',#6003);
#1841=VERTEX_POINT('',#6007);
#1842=VERTEX_POINT('',#6011);
#1843=VERTEX_POINT('',#6013);
#1844=VERTEX_POINT('',#6015);
#1845=VERTEX_POINT('',#6019);
#1846=VERTEX_POINT('',#6021);
#1847=VERTEX_POINT('',#6023);
#1848=VERTEX_POINT('',#6027);
#1849=VERTEX_POINT('',#6031);
#1850=VERTEX_POINT('',#6035);
#1851=VERTEX_POINT('',#6039);
#1852=VERTEX_POINT('',#6041);
#1853=VERTEX_POINT('',#6043);
#1854=VERTEX_POINT('',#6047);
#1855=VERTEX_POINT('',#6049);
#1856=VERTEX_POINT('',#6051);
#1857=VERTEX_POINT('',#6055);
#1858=VERTEX_POINT('',#6059);
#1859=VERTEX_POINT('',#6063);
#1860=VERTEX_POINT('',#6067);
#1861=VERTEX_POINT('',#6068);
#1862=VERTEX_POINT('',#6070);
#1863=VERTEX_POINT('',#6072);
#1864=VERTEX_POINT('',#6074);
#1865=VERTEX_POINT('',#6076);
#1866=VERTEX_POINT('',#6078);
#1867=VERTEX_POINT('',#6080);
#1868=VERTEX_POINT('',#6082);
#1869=VERTEX_POINT('',#6084);
#1870=VERTEX_POINT('',#6086);
#1871=VERTEX_POINT('',#6088);
#1872=VERTEX_POINT('',#6090);
#1873=VERTEX_POINT('',#6092);
#1874=VERTEX_POINT('',#6094);
#1875=VERTEX_POINT('',#6096);
#1876=VERTEX_POINT('',#6098);
#1877=VERTEX_POINT('',#6100);
#1878=VERTEX_POINT('',#6102);
#1879=VERTEX_POINT('',#6104);
#1880=VERTEX_POINT('',#6107);
#1881=VERTEX_POINT('',#6109);
#1882=VERTEX_POINT('',#6111);
#1883=VERTEX_POINT('',#6113);
#1884=VERTEX_POINT('',#6116);
#1885=VERTEX_POINT('',#6118);
#1886=VERTEX_POINT('',#6122);
#1887=VERTEX_POINT('',#6126);
#1888=VERTEX_POINT('',#6130);
#1889=VERTEX_POINT('',#6134);
#1890=VERTEX_POINT('',#6138);
#1891=VERTEX_POINT('',#6142);
#1892=VERTEX_POINT('',#6146);
#1893=VERTEX_POINT('',#6150);
#1894=VERTEX_POINT('',#6154);
#1895=VERTEX_POINT('',#6156);
#1896=VERTEX_POINT('',#6158);
#1897=VERTEX_POINT('',#6160);
#1898=VERTEX_POINT('',#6162);
#1899=VERTEX_POINT('',#6164);
#1900=VERTEX_POINT('',#6166);
#1901=VERTEX_POINT('',#6170);
#1902=VERTEX_POINT('',#6172);
#1903=VERTEX_POINT('',#6178);
#1904=VERTEX_POINT('',#6182);
#1905=VERTEX_POINT('',#6185);
#1906=VERTEX_POINT('',#6189);
#1907=VERTEX_POINT('',#6192);
#1908=VERTEX_POINT('',#6196);
#1909=VERTEX_POINT('',#6199);
#1910=VERTEX_POINT('',#6203);
#1911=VERTEX_POINT('',#6206);
#1912=VERTEX_POINT('',#6210);
#1913=VERTEX_POINT('',#6214);
#1914=VERTEX_POINT('',#6218);
#1915=VERTEX_POINT('',#6222);
#1916=VERTEX_POINT('',#6224);
#1917=VERTEX_POINT('',#6228);
#1918=VERTEX_POINT('',#6232);
#1919=VERTEX_POINT('',#6234);
#1920=VERTEX_POINT('',#6237);
#1921=VERTEX_POINT('',#6239);
#1922=VERTEX_POINT('',#6241);
#1923=VERTEX_POINT('',#6243);
#1924=VERTEX_POINT('',#6246);
#1925=VERTEX_POINT('',#6247);
#1926=VERTEX_POINT('',#6249);
#1927=VERTEX_POINT('',#6251);
#1928=VERTEX_POINT('',#6253);
#1929=VERTEX_POINT('',#6255);
#1930=VERTEX_POINT('',#6257);
#1931=VERTEX_POINT('',#6259);
#1932=VERTEX_POINT('',#6262);
#1933=VERTEX_POINT('',#6264);
#1934=VERTEX_POINT('',#6266);
#1935=VERTEX_POINT('',#6269);
#1936=VERTEX_POINT('',#6271);
#1937=VERTEX_POINT('',#6273);
#1938=VERTEX_POINT('',#6276);
#1939=VERTEX_POINT('',#6278);
#1940=VERTEX_POINT('',#6280);
#1941=VERTEX_POINT('',#6282);
#1942=VERTEX_POINT('',#6285);
#1943=VERTEX_POINT('',#6288);
#1944=VERTEX_POINT('',#6291);
#1945=VERTEX_POINT('',#6293);
#1946=VERTEX_POINT('',#6295);
#1947=VERTEX_POINT('',#6297);
#1948=VERTEX_POINT('',#6300);
#1949=VERTEX_POINT('',#6302);
#1950=VERTEX_POINT('',#6304);
#1951=VERTEX_POINT('',#6306);
#1952=VERTEX_POINT('',#6309);
#1953=VERTEX_POINT('',#6311);
#1954=VERTEX_POINT('',#6313);
#1955=VERTEX_POINT('',#6315);
#1956=VERTEX_POINT('',#6317);
#1957=VERTEX_POINT('',#6328);
#1958=VERTEX_POINT('',#6330);
#1959=VERTEX_POINT('',#6341);
#1960=VERTEX_POINT('',#6343);
#1961=VERTEX_POINT('',#6360);
#1962=VERTEX_POINT('',#6361);
#1963=VERTEX_POINT('',#6367);
#1964=VERTEX_POINT('',#6369);
#1965=VERTEX_POINT('',#6378);
#1966=VERTEX_POINT('',#6379);
#1967=VERTEX_POINT('',#6386);
#1968=VERTEX_POINT('',#6388);
#1969=VERTEX_POINT('',#6396);
#1970=VERTEX_POINT('',#6397);
#1971=VERTEX_POINT('',#6404);
#1972=VERTEX_POINT('',#6406);
#1973=VERTEX_POINT('',#6414);
#1974=VERTEX_POINT('',#6415);
#1975=VERTEX_POINT('',#6420);
#1976=VERTEX_POINT('',#6424);
#1977=VERTEX_POINT('',#6426);
#1978=VERTEX_POINT('',#6428);
#1979=VERTEX_POINT('',#6437);
#1980=VERTEX_POINT('',#6438);
#1981=VERTEX_POINT('',#6444);
#1982=VERTEX_POINT('',#6451);
#1983=VERTEX_POINT('',#6455);
#1984=VERTEX_POINT('',#6457);
#1985=VERTEX_POINT('',#6480);
#1986=VERTEX_POINT('',#6481);
#1987=VERTEX_POINT('',#6483);
#1988=VERTEX_POINT('',#6485);
#1989=VERTEX_POINT('',#6487);
#1990=VERTEX_POINT('',#6489);
#1991=VERTEX_POINT('',#6491);
#1992=VERTEX_POINT('',#6493);
#1993=VERTEX_POINT('',#6505);
#1994=VERTEX_POINT('',#6507);
#1995=VERTEX_POINT('',#6511);
#1996=VERTEX_POINT('',#6515);
#1997=VERTEX_POINT('',#6517);
#1998=VERTEX_POINT('',#6523);
#1999=VERTEX_POINT('',#6527);
#2000=VERTEX_POINT('',#6531);
#2001=VERTEX_POINT('',#6537);
#2002=VERTEX_POINT('',#6538);
#2003=VERTEX_POINT('',#6543);
#2004=VERTEX_POINT('',#6547);
#2005=VERTEX_POINT('',#6548);
#2006=VERTEX_POINT('',#6553);
#2007=VERTEX_POINT('',#6555);
#2008=VERTEX_POINT('',#6557);
#2009=EDGE_CURVE('',#1637,#1638,#1514,.T.);
#2010=EDGE_CURVE('',#1639,#1638,#1515,.T.);
#2011=EDGE_CURVE('',#1639,#1640,#1516,.T.);
#2012=EDGE_CURVE('',#1640,#1637,#1517,.F.);
#2013=EDGE_CURVE('',#1641,#1642,#1518,.T.);
#2014=EDGE_CURVE('',#1637,#1641,#207,.T.);
#2015=EDGE_CURVE('',#1642,#1640,#208,.T.);
#2016=EDGE_CURVE('',#1643,#1644,#1519,.T.);
#2017=EDGE_CURVE('',#1645,#1644,#1520,.T.);
#2018=EDGE_CURVE('',#1645,#1646,#1521,.T.);
#2019=EDGE_CURVE('',#1646,#1643,#1522,.F.);
#2020=EDGE_CURVE('',#1647,#1648,#1523,.T.);
#2021=EDGE_CURVE('',#1643,#1647,#209,.T.);
#2022=EDGE_CURVE('',#1648,#1646,#210,.T.);
#2023=EDGE_CURVE('',#1649,#1650,#1524,.T.);
#2024=EDGE_CURVE('',#1651,#1650,#1525,.T.);
#2025=EDGE_CURVE('',#1651,#1652,#1526,.T.);
#2026=EDGE_CURVE('',#1652,#1649,#1527,.F.);
#2027=EDGE_CURVE('',#1653,#1654,#1528,.T.);
#2028=EDGE_CURVE('',#1649,#1653,#211,.T.);
#2029=EDGE_CURVE('',#1654,#1652,#212,.T.);
#2030=EDGE_CURVE('',#1638,#1651,#213,.T.);
#2031=EDGE_CURVE('',#1652,#1637,#214,.T.);
#2032=EDGE_CURVE('',#1655,#1656,#1529,.T.);
#2033=EDGE_CURVE('',#1657,#1656,#1530,.T.);
#2034=EDGE_CURVE('',#1657,#1658,#1531,.T.);
#2035=EDGE_CURVE('',#1658,#1655,#1532,.F.);
#2036=EDGE_CURVE('',#1659,#1660,#1533,.T.);
#2037=EDGE_CURVE('',#1655,#1659,#215,.T.);
#2038=EDGE_CURVE('',#1660,#1658,#216,.T.);
#2039=EDGE_CURVE('',#1650,#1657,#217,.T.);
#2040=EDGE_CURVE('',#1658,#1649,#218,.T.);
#2041=EDGE_CURVE('',#1656,#1645,#219,.T.);
#2042=EDGE_CURVE('',#1646,#1655,#220,.T.);
#2043=EDGE_CURVE('',#1644,#1639,#221,.T.);
#2044=EDGE_CURVE('',#1640,#1643,#222,.T.);
#2045=EDGE_CURVE('',#1641,#1654,#223,.F.);
#2046=EDGE_CURVE('',#1653,#1660,#224,.F.);
#2047=EDGE_CURVE('',#1661,#1661,#1534,.T.);
#2048=EDGE_CURVE('',#1662,#1662,#1535,.T.);
#2049=EDGE_CURVE('',#1663,#1663,#1536,.T.);
#2050=EDGE_CURVE('',#1664,#1664,#1537,.T.);
#2051=EDGE_CURVE('',#1665,#1665,#1538,.T.);
#2052=EDGE_CURVE('',#1665,#1664,#225,.T.);
#2053=EDGE_CURVE('',#1666,#1666,#1539,.T.);
#2054=EDGE_CURVE('',#1666,#1663,#226,.T.);
#2055=EDGE_CURVE('',#1667,#1667,#1540,.T.);
#2056=EDGE_CURVE('',#1667,#1662,#227,.T.);
#2057=EDGE_CURVE('',#1668,#1668,#1541,.T.);
#2058=EDGE_CURVE('',#1668,#1661,#228,.T.);
#2059=EDGE_CURVE('',#1647,#1642,#229,.F.);
#2060=EDGE_CURVE('',#1659,#1648,#230,.F.);
#2061=EDGE_CURVE('',#1669,#1670,#17,.T.);
#2062=EDGE_CURVE('',#1670,#1671,#231,.T.);
#2063=EDGE_CURVE('',#1672,#1671,#18,.T.);
#2064=EDGE_CURVE('',#1673,#1672,#232,.T.);
#2065=EDGE_CURVE('',#1673,#1674,#19,.T.);
#2066=EDGE_CURVE('',#1674,#1675,#233,.T.);
#2067=EDGE_CURVE('',#1675,#1676,#20,.T.);
#2068=EDGE_CURVE('',#1669,#1676,#234,.F.);
#2069=EDGE_CURVE('',#1677,#1678,#1542,.T.);
#2070=EDGE_CURVE('',#1678,#1679,#235,.T.);
#2071=EDGE_CURVE('',#1679,#1680,#1543,.T.);
#2072=EDGE_CURVE('',#1681,#1680,#236,.F.);
#2073=EDGE_CURVE('',#1681,#1682,#1544,.T.);
#2074=EDGE_CURVE('',#1682,#1683,#237,.T.);
#2075=EDGE_CURVE('',#1683,#1684,#1545,.T.);
#2076=EDGE_CURVE('',#1685,#1684,#238,.F.);
#2077=EDGE_CURVE('',#1685,#1686,#1546,.T.);
#2078=EDGE_CURVE('',#1686,#1687,#239,.T.);
#2079=EDGE_CURVE('',#1688,#1687,#21,.T.);
#2080=EDGE_CURVE('',#1672,#1688,#240,.T.);
#2081=EDGE_CURVE('',#1671,#1689,#241,.T.);
#2082=EDGE_CURVE('',#1689,#1690,#1547,.T.);
#2083=EDGE_CURVE('',#1677,#1690,#242,.F.);
#2084=EDGE_CURVE('',#1691,#1692,#22,.T.);
#2085=EDGE_CURVE('',#1692,#1693,#243,.T.);
#2086=EDGE_CURVE('',#1694,#1693,#23,.T.);
#2087=EDGE_CURVE('',#1688,#1694,#244,.T.);
#2088=EDGE_CURVE('',#1687,#1695,#245,.T.);
#2089=EDGE_CURVE('',#1695,#1696,#24,.T.);
#2090=EDGE_CURVE('',#1691,#1696,#246,.F.);
#2091=EDGE_CURVE('',#1697,#1698,#1548,.T.);
#2092=EDGE_CURVE('',#1698,#1699,#247,.T.);
#2093=EDGE_CURVE('',#1699,#1700,#1549,.T.);
#2094=EDGE_CURVE('',#1701,#1700,#248,.F.);
#2095=EDGE_CURVE('',#1701,#1702,#1550,.T.);
#2096=EDGE_CURVE('',#1702,#1703,#249,.T.);
#2097=EDGE_CURVE('',#1703,#1704,#1551,.T.);
#2098=EDGE_CURVE('',#1705,#1704,#250,.F.);
#2099=EDGE_CURVE('',#1705,#1706,#1552,.T.);
#2100=EDGE_CURVE('',#1706,#1674,#251,.T.);
#2101=EDGE_CURVE('',#1694,#1673,#252,.T.);
#2102=EDGE_CURVE('',#1693,#1707,#253,.T.);
#2103=EDGE_CURVE('',#1707,#1708,#1553,.T.);
#2104=EDGE_CURVE('',#1697,#1708,#254,.F.);
#2105=EDGE_CURVE('',#1709,#1706,#255,.T.);
#2106=EDGE_CURVE('',#1705,#1710,#256,.T.);
#2107=EDGE_CURVE('',#1710,#1709,#257,.T.);
#2108=EDGE_CURVE('',#1709,#1711,#258,.T.);
#2109=EDGE_CURVE('',#1711,#1712,#25,.T.);
#2110=EDGE_CURVE('',#1712,#1713,#259,.T.);
#2111=EDGE_CURVE('',#1713,#1714,#260,.T.);
#2112=EDGE_CURVE('',#1714,#1715,#26,.T.);
#2113=EDGE_CURVE('',#1715,#1716,#261,.T.);
#2114=EDGE_CURVE('',#1675,#1716,#262,.T.);
#2115=EDGE_CURVE('',#1676,#1717,#263,.F.);
#2116=EDGE_CURVE('',#1716,#1717,#264,.T.);
#2117=EDGE_CURVE('',#1718,#1670,#265,.T.);
#2118=EDGE_CURVE('',#1669,#1719,#266,.T.);
#2119=EDGE_CURVE('',#1719,#1718,#267,.T.);
#2120=EDGE_CURVE('',#1718,#1720,#268,.T.);
#2121=EDGE_CURVE('',#1721,#1720,#269,.T.);
#2122=EDGE_CURVE('',#1689,#1721,#270,.T.);
#2123=EDGE_CURVE('',#1690,#1722,#271,.F.);
#2124=EDGE_CURVE('',#1721,#1722,#272,.T.);
#2125=EDGE_CURVE('',#1723,#1678,#273,.T.);
#2126=EDGE_CURVE('',#1677,#1724,#274,.T.);
#2127=EDGE_CURVE('',#1723,#1724,#275,.T.);
#2128=EDGE_CURVE('',#1725,#1723,#276,.T.);
#2129=EDGE_CURVE('',#1679,#1725,#277,.T.);
#2130=EDGE_CURVE('',#1680,#1726,#278,.F.);
#2131=EDGE_CURVE('',#1725,#1726,#279,.T.);
#2132=EDGE_CURVE('',#1727,#1682,#280,.T.);
#2133=EDGE_CURVE('',#1681,#1728,#281,.T.);
#2134=EDGE_CURVE('',#1727,#1728,#282,.T.);
#2135=EDGE_CURVE('',#1729,#1727,#283,.T.);
#2136=EDGE_CURVE('',#1683,#1729,#284,.T.);
#2137=EDGE_CURVE('',#1684,#1730,#285,.F.);
#2138=EDGE_CURVE('',#1729,#1730,#286,.T.);
#2139=EDGE_CURVE('',#1717,#1719,#287,.T.);
#2140=EDGE_CURVE('',#1731,#1722,#288,.T.);
#2141=EDGE_CURVE('',#1731,#1732,#289,.T.);
#2142=EDGE_CURVE('',#1733,#1732,#290,.T.);
#2143=EDGE_CURVE('',#1734,#1733,#291,.T.);
#2144=EDGE_CURVE('',#1734,#1735,#292,.T.);
#2145=EDGE_CURVE('',#1736,#1735,#293,.T.);
#2146=EDGE_CURVE('',#1737,#1736,#294,.T.);
#2147=EDGE_CURVE('',#1738,#1737,#295,.T.);
#2148=EDGE_CURVE('',#1738,#1739,#296,.T.);
#2149=EDGE_CURVE('',#1740,#1739,#297,.T.);
#2150=EDGE_CURVE('',#1741,#1740,#298,.T.);
#2151=EDGE_CURVE('',#1742,#1741,#299,.T.);
#2152=EDGE_CURVE('',#1742,#1743,#300,.T.);
#2153=EDGE_CURVE('',#1744,#1743,#301,.T.);
#2154=EDGE_CURVE('',#1745,#1744,#302,.T.);
#2155=EDGE_CURVE('',#1745,#1746,#303,.T.);
#2156=EDGE_CURVE('',#1747,#1746,#304,.T.);
#2157=EDGE_CURVE('',#1685,#1747,#305,.T.);
#2158=EDGE_CURVE('',#1728,#1730,#306,.T.);
#2159=EDGE_CURVE('',#1724,#1726,#307,.T.);
#2160=EDGE_CURVE('',#1691,#1748,#308,.T.);
#2161=EDGE_CURVE('',#1749,#1696,#309,.T.);
#2162=EDGE_CURVE('',#1749,#1748,#310,.T.);
#2163=EDGE_CURVE('',#1697,#1750,#311,.T.);
#2164=EDGE_CURVE('',#1751,#1708,#312,.T.);
#2165=EDGE_CURVE('',#1751,#1750,#313,.T.);
#2166=EDGE_CURVE('',#1701,#1752,#314,.T.);
#2167=EDGE_CURVE('',#1753,#1700,#315,.T.);
#2168=EDGE_CURVE('',#1753,#1752,#316,.T.);
#2169=EDGE_CURVE('',#1754,#1704,#317,.T.);
#2170=EDGE_CURVE('',#1754,#1710,#318,.T.);
#2171=EDGE_CURVE('',#1755,#1734,#319,.T.);
#2172=EDGE_CURVE('',#1756,#1733,#320,.T.);
#2173=EDGE_CURVE('',#1756,#1755,#321,.T.);
#2174=EDGE_CURVE('',#1720,#1731,#322,.T.);
#2175=EDGE_CURVE('',#1757,#1738,#323,.T.);
#2176=EDGE_CURVE('',#1758,#1737,#324,.T.);
#2177=EDGE_CURVE('',#1758,#1757,#325,.T.);
#2178=EDGE_CURVE('',#1703,#1759,#326,.T.);
#2179=EDGE_CURVE('',#1759,#1754,#327,.T.);
#2180=EDGE_CURVE('',#1760,#1742,#328,.T.);
#2181=EDGE_CURVE('',#1761,#1741,#329,.T.);
#2182=EDGE_CURVE('',#1761,#1760,#330,.T.);
#2183=EDGE_CURVE('',#1762,#1745,#331,.T.);
#2184=EDGE_CURVE('',#1763,#1744,#332,.T.);
#2185=EDGE_CURVE('',#1763,#1762,#333,.T.);
#2186=EDGE_CURVE('',#1699,#1764,#334,.T.);
#2187=EDGE_CURVE('',#1764,#1753,#335,.T.);
#2188=EDGE_CURVE('',#1707,#1765,#336,.T.);
#2189=EDGE_CURVE('',#1765,#1751,#337,.T.);
#2190=EDGE_CURVE('',#1695,#1766,#338,.T.);
#2191=EDGE_CURVE('',#1766,#1749,#339,.T.);
#2192=EDGE_CURVE('',#1767,#1698,#340,.T.);
#2193=EDGE_CURVE('',#1750,#1767,#341,.T.);
#2194=EDGE_CURVE('',#1768,#1702,#342,.T.);
#2195=EDGE_CURVE('',#1752,#1768,#343,.T.);
#2196=EDGE_CURVE('',#1732,#1769,#344,.T.);
#2197=EDGE_CURVE('',#1769,#1756,#345,.T.);
#2198=EDGE_CURVE('',#1735,#1770,#346,.T.);
#2199=EDGE_CURVE('',#1770,#1771,#347,.T.);
#2200=EDGE_CURVE('',#1771,#1736,#348,.T.);
#2201=EDGE_CURVE('',#1771,#1758,#349,.T.);
#2202=EDGE_CURVE('',#1739,#1772,#350,.T.);
#2203=EDGE_CURVE('',#1772,#1773,#351,.T.);
#2204=EDGE_CURVE('',#1773,#1740,#352,.T.);
#2205=EDGE_CURVE('',#1773,#1761,#353,.T.);
#2206=EDGE_CURVE('',#1743,#1774,#354,.T.);
#2207=EDGE_CURVE('',#1774,#1763,#355,.T.);
#2208=EDGE_CURVE('',#1746,#1775,#356,.T.);
#2209=EDGE_CURVE('',#1775,#1776,#357,.T.);
#2210=EDGE_CURVE('',#1776,#1747,#358,.T.);
#2211=EDGE_CURVE('',#1776,#1686,#359,.T.);
#2212=EDGE_CURVE('',#1777,#1692,#360,.T.);
#2213=EDGE_CURVE('',#1748,#1777,#361,.T.);
#2214=EDGE_CURVE('',#1778,#1755,#362,.T.);
#2215=EDGE_CURVE('',#1778,#1779,#363,.T.);
#2216=EDGE_CURVE('',#1779,#1780,#364,.T.);
#2217=EDGE_CURVE('',#1780,#1781,#365,.T.);
#2218=EDGE_CURVE('',#1781,#1782,#366,.T.);
#2219=EDGE_CURVE('',#1783,#1782,#367,.F.);
#2220=EDGE_CURVE('',#1783,#1784,#368,.T.);
#2221=EDGE_CURVE('',#1784,#1785,#369,.F.);
#2222=EDGE_CURVE('',#1770,#1785,#370,.T.);
#2223=EDGE_CURVE('',#1785,#1757,#371,.T.);
#2224=EDGE_CURVE('',#1784,#1786,#372,.T.);
#2225=EDGE_CURVE('',#1786,#1787,#373,.T.);
#2226=EDGE_CURVE('',#1787,#1788,#374,.T.);
#2227=EDGE_CURVE('',#1789,#1788,#375,.F.);
#2228=EDGE_CURVE('',#1789,#1790,#376,.T.);
#2229=EDGE_CURVE('',#1790,#1791,#377,.T.);
#2230=EDGE_CURVE('',#1772,#1791,#378,.T.);
#2231=EDGE_CURVE('',#1792,#1760,#379,.T.);
#2232=EDGE_CURVE('',#1793,#1792,#380,.T.);
#2233=EDGE_CURVE('',#1793,#1794,#381,.T.);
#2234=EDGE_CURVE('',#1794,#1795,#382,.T.);
#2235=EDGE_CURVE('',#1774,#1795,#383,.T.);
#2236=EDGE_CURVE('',#1796,#1762,#384,.T.);
#2237=EDGE_CURVE('',#1796,#1797,#385,.T.);
#2238=EDGE_CURVE('',#1797,#1798,#386,.T.);
#2239=EDGE_CURVE('',#1798,#1799,#387,.T.);
#2240=EDGE_CURVE('',#1799,#1800,#388,.T.);
#2241=EDGE_CURVE('',#1801,#1800,#389,.F.);
#2242=EDGE_CURVE('',#1801,#1802,#390,.T.);
#2243=EDGE_CURVE('',#1802,#1803,#391,.T.);
#2244=EDGE_CURVE('',#1777,#1803,#392,.T.);
#2245=EDGE_CURVE('',#1775,#1766,#393,.T.);
#2246=EDGE_CURVE('',#1791,#1804,#27,.T.);
#2247=EDGE_CURVE('',#1804,#1792,#394,.T.);
#2248=EDGE_CURVE('',#1795,#1805,#28,.T.);
#2249=EDGE_CURVE('',#1805,#1806,#395,.T.);
#2250=EDGE_CURVE('',#1806,#1807,#396,.T.);
#2251=EDGE_CURVE('',#1807,#1796,#29,.T.);
#2252=EDGE_CURVE('',#1803,#1808,#30,.T.);
#2253=EDGE_CURVE('',#1808,#1809,#397,.T.);
#2254=EDGE_CURVE('',#1809,#1810,#398,.T.);
#2255=EDGE_CURVE('',#1810,#1811,#31,.T.);
#2256=EDGE_CURVE('',#1811,#1765,#399,.T.);
#2257=EDGE_CURVE('',#1767,#1812,#400,.T.);
#2258=EDGE_CURVE('',#1812,#1813,#401,.T.);
#2259=EDGE_CURVE('',#1813,#1814,#32,.T.);
#2260=EDGE_CURVE('',#1814,#1815,#402,.T.);
#2261=EDGE_CURVE('',#1815,#1816,#403,.T.);
#2262=EDGE_CURVE('',#1816,#1817,#33,.T.);
#2263=EDGE_CURVE('',#1817,#1764,#404,.T.);
#2264=EDGE_CURVE('',#1768,#1818,#405,.T.);
#2265=EDGE_CURVE('',#1818,#1819,#34,.T.);
#2266=EDGE_CURVE('',#1819,#1820,#406,.T.);
#2267=EDGE_CURVE('',#1820,#1821,#407,.T.);
#2268=EDGE_CURVE('',#1821,#1822,#35,.T.);
#2269=EDGE_CURVE('',#1822,#1823,#408,.T.);
#2270=EDGE_CURVE('',#1823,#1759,#409,.T.);
#2271=EDGE_CURVE('',#1769,#1824,#410,.T.);
#2272=EDGE_CURVE('',#1824,#1825,#36,.T.);
#2273=EDGE_CURVE('',#1825,#1826,#411,.T.);
#2274=EDGE_CURVE('',#1826,#1778,#37,.T.);
#2275=EDGE_CURVE('',#1827,#1827,#1554,.T.);
#2276=EDGE_CURVE('',#1827,#1828,#412,.T.);
#2277=EDGE_CURVE('',#1828,#1828,#1555,.T.);
#2278=EDGE_CURVE('',#1829,#1829,#1556,.T.);
#2279=EDGE_CURVE('',#1829,#1830,#413,.T.);
#2280=EDGE_CURVE('',#1830,#1830,#1557,.T.);
#2281=EDGE_CURVE('',#1831,#1831,#1558,.T.);
#2282=EDGE_CURVE('',#1831,#1832,#414,.T.);
#2283=EDGE_CURVE('',#1832,#1832,#1559,.T.);
#2284=EDGE_CURVE('',#1833,#1833,#1560,.T.);
#2285=EDGE_CURVE('',#1833,#1834,#415,.T.);
#2286=EDGE_CURVE('',#1834,#1834,#1561,.T.);
#2287=EDGE_CURVE('',#1835,#1802,#1562,.T.);
#2288=EDGE_CURVE('',#1808,#1835,#416,.T.);
#2289=EDGE_CURVE('',#1835,#1836,#417,.T.);
#2290=EDGE_CURVE('',#1836,#1809,#418,.F.);
#2291=EDGE_CURVE('',#1836,#1837,#419,.T.);
#2292=EDGE_CURVE('',#1837,#1810,#420,.T.);
#2293=EDGE_CURVE('',#1838,#1837,#1563,.T.);
#2294=EDGE_CURVE('',#1811,#1838,#421,.T.);
#2295=EDGE_CURVE('',#1838,#1839,#422,.T.);
#2296=EDGE_CURVE('',#1839,#1812,#423,.F.);
#2297=EDGE_CURVE('',#1839,#1840,#424,.T.);
#2298=EDGE_CURVE('',#1840,#1813,#425,.T.);
#2299=EDGE_CURVE('',#1841,#1840,#1564,.T.);
#2300=EDGE_CURVE('',#1814,#1841,#426,.T.);
#2301=EDGE_CURVE('',#1841,#1842,#427,.T.);
#2302=EDGE_CURVE('',#1842,#1843,#428,.T.);
#2303=EDGE_CURVE('',#1843,#1844,#429,.T.);
#2304=EDGE_CURVE('',#1844,#1815,#430,.F.);
#2305=EDGE_CURVE('',#1844,#1845,#431,.T.);
#2306=EDGE_CURVE('',#1845,#1846,#432,.T.);
#2307=EDGE_CURVE('',#1846,#1847,#433,.T.);
#2308=EDGE_CURVE('',#1847,#1816,#434,.T.);
#2309=EDGE_CURVE('',#1848,#1847,#1565,.T.);
#2310=EDGE_CURVE('',#1817,#1848,#435,.T.);
#2311=EDGE_CURVE('',#1848,#1849,#436,.T.);
#2312=EDGE_CURVE('',#1849,#1818,#437,.T.);
#2313=EDGE_CURVE('',#1850,#1849,#1566,.T.);
#2314=EDGE_CURVE('',#1819,#1850,#438,.T.);
#2315=EDGE_CURVE('',#1850,#1851,#439,.T.);
#2316=EDGE_CURVE('',#1851,#1852,#440,.T.);
#2317=EDGE_CURVE('',#1852,#1853,#441,.T.);
#2318=EDGE_CURVE('',#1853,#1820,#442,.T.);
#2319=EDGE_CURVE('',#1853,#1854,#443,.T.);
#2320=EDGE_CURVE('',#1855,#1854,#444,.F.);
#2321=EDGE_CURVE('',#1855,#1856,#445,.T.);
#2322=EDGE_CURVE('',#1856,#1821,#446,.T.);
#2323=EDGE_CURVE('',#1857,#1856,#1567,.T.);
#2324=EDGE_CURVE('',#1822,#1857,#447,.T.);
#2325=EDGE_CURVE('',#1857,#1858,#448,.T.);
#2326=EDGE_CURVE('',#1858,#1823,#449,.F.);
#2327=EDGE_CURVE('',#1858,#1859,#450,.T.);
#2328=EDGE_CURVE('',#1859,#1711,#451,.T.);
#2329=EDGE_CURVE('',#1860,#1861,#38,.T.);
#2330=EDGE_CURVE('',#1861,#1862,#452,.T.);
#2331=EDGE_CURVE('',#1862,#1863,#39,.T.);
#2332=EDGE_CURVE('',#1863,#1864,#453,.T.);
#2333=EDGE_CURVE('',#1864,#1865,#40,.T.);
#2334=EDGE_CURVE('',#1865,#1866,#454,.T.);
#2335=EDGE_CURVE('',#1866,#1867,#41,.T.);
#2336=EDGE_CURVE('',#1867,#1868,#455,.T.);
#2337=EDGE_CURVE('',#1868,#1869,#42,.T.);
#2338=EDGE_CURVE('',#1869,#1870,#456,.T.);
#2339=EDGE_CURVE('',#1870,#1871,#43,.T.);
#2340=EDGE_CURVE('',#1871,#1872,#457,.T.);
#2341=EDGE_CURVE('',#1872,#1873,#44,.T.);
#2342=EDGE_CURVE('',#1873,#1874,#458,.T.);
#2343=EDGE_CURVE('',#1874,#1875,#45,.T.);
#2344=EDGE_CURVE('',#1875,#1876,#459,.T.);
#2345=EDGE_CURVE('',#1876,#1877,#46,.T.);
#2346=EDGE_CURVE('',#1877,#1878,#460,.T.);
#2347=EDGE_CURVE('',#1878,#1879,#47,.T.);
#2348=EDGE_CURVE('',#1879,#1860,#461,.T.);
#2349=EDGE_CURVE('',#1880,#1880,#48,.T.);
#2350=EDGE_CURVE('',#1881,#1881,#49,.T.);
#2351=EDGE_CURVE('',#1882,#1882,#50,.T.);
#2352=EDGE_CURVE('',#1883,#1883,#51,.T.);
#2353=EDGE_CURVE('',#1884,#1862,#462,.T.);
#2354=EDGE_CURVE('',#1885,#1884,#1568,.T.);
#2355=EDGE_CURVE('',#1863,#1885,#463,.T.);
#2356=EDGE_CURVE('',#1885,#1886,#464,.T.);
#2357=EDGE_CURVE('',#1886,#1864,#465,.T.);
#2358=EDGE_CURVE('',#1887,#1886,#1569,.T.);
#2359=EDGE_CURVE('',#1865,#1887,#466,.T.);
#2360=EDGE_CURVE('',#1887,#1888,#467,.T.);
#2361=EDGE_CURVE('',#1888,#1866,#468,.T.);
#2362=EDGE_CURVE('',#1889,#1888,#1570,.T.);
#2363=EDGE_CURVE('',#1867,#1889,#469,.T.);
#2364=EDGE_CURVE('',#1889,#1890,#470,.T.);
#2365=EDGE_CURVE('',#1890,#1868,#471,.T.);
#2366=EDGE_CURVE('',#1891,#1890,#1571,.T.);
#2367=EDGE_CURVE('',#1869,#1891,#472,.T.);
#2368=EDGE_CURVE('',#1891,#1892,#473,.T.);
#2369=EDGE_CURVE('',#1892,#1870,#474,.T.);
#2370=EDGE_CURVE('',#1893,#1892,#1572,.T.);
#2371=EDGE_CURVE('',#1871,#1893,#475,.T.);
#2372=EDGE_CURVE('',#1893,#1894,#476,.T.);
#2373=EDGE_CURVE('',#1894,#1895,#477,.T.);
#2374=EDGE_CURVE('',#1896,#1895,#478,.T.);
#2375=EDGE_CURVE('',#1896,#1897,#1573,.T.);
#2376=EDGE_CURVE('',#1898,#1897,#479,.T.);
#2377=EDGE_CURVE('',#1898,#1899,#1574,.T.);
#2378=EDGE_CURVE('',#1900,#1899,#480,.T.);
#2379=EDGE_CURVE('',#1900,#1872,#481,.T.);
#2380=EDGE_CURVE('',#1901,#1806,#482,.F.);
#2381=EDGE_CURVE('',#1901,#1902,#483,.T.);
#2382=EDGE_CURVE('',#1902,#1807,#484,.T.);
#2383=EDGE_CURVE('',#1797,#1902,#1575,.T.);
#2384=EDGE_CURVE('',#1903,#1903,#1576,.T.);
#2385=EDGE_CURVE('',#1903,#1883,#485,.T.);
#2386=EDGE_CURVE('',#1904,#1904,#1577,.T.);
#2387=EDGE_CURVE('',#1905,#1905,#1578,.T.);
#2388=EDGE_CURVE('',#1905,#1882,#486,.T.);
#2389=EDGE_CURVE('',#1906,#1906,#1579,.T.);
#2390=EDGE_CURVE('',#1907,#1907,#1580,.T.);
#2391=EDGE_CURVE('',#1907,#1881,#487,.T.);
#2392=EDGE_CURVE('',#1908,#1908,#1581,.T.);
#2393=EDGE_CURVE('',#1909,#1909,#1582,.T.);
#2394=EDGE_CURVE('',#1909,#1880,#488,.T.);
#2395=EDGE_CURVE('',#1910,#1910,#1583,.T.);
#2396=EDGE_CURVE('',#1911,#1911,#1584,.T.);
#2397=EDGE_CURVE('',#1911,#1906,#489,.T.);
#2398=EDGE_CURVE('',#1912,#1912,#1585,.T.);
#2399=EDGE_CURVE('',#1912,#1908,#490,.T.);
#2400=EDGE_CURVE('',#1913,#1913,#1586,.T.);
#2401=EDGE_CURVE('',#1913,#1904,#491,.T.);
#2402=EDGE_CURVE('',#1914,#1914,#1587,.T.);
#2403=EDGE_CURVE('',#1914,#1910,#492,.T.);
#2404=EDGE_CURVE('',#1915,#1876,#493,.T.);
#2405=EDGE_CURVE('',#1916,#1915,#1588,.T.);
#2406=EDGE_CURVE('',#1877,#1916,#494,.T.);
#2407=EDGE_CURVE('',#1875,#1917,#495,.T.);
#2408=EDGE_CURVE('',#1917,#1915,#496,.T.);
#2409=EDGE_CURVE('',#1917,#1918,#1589,.T.);
#2410=EDGE_CURVE('',#1919,#1918,#497,.T.);
#2411=EDGE_CURVE('',#1919,#1894,#1590,.T.);
#2412=EDGE_CURVE('',#1920,#1884,#498,.T.);
#2413=EDGE_CURVE('',#1920,#1921,#1591,.T.);
#2414=EDGE_CURVE('',#1922,#1921,#499,.T.);
#2415=EDGE_CURVE('',#1922,#1923,#1592,.T.);
#2416=EDGE_CURVE('',#1916,#1923,#500,.T.);
#2417=EDGE_CURVE('',#1924,#1925,#501,.T.);
#2418=EDGE_CURVE('',#1926,#1924,#502,.T.);
#2419=EDGE_CURVE('',#1926,#1927,#1593,.T.);
#2420=EDGE_CURVE('',#1928,#1927,#503,.T.);
#2421=EDGE_CURVE('',#1928,#1929,#1594,.T.);
#2422=EDGE_CURVE('',#1930,#1929,#504,.T.);
#2423=EDGE_CURVE('',#1931,#1930,#505,.T.);
#2424=EDGE_CURVE('',#1931,#1859,#1595,.T.);
#2425=EDGE_CURVE('',#1932,#1855,#506,.T.);
#2426=EDGE_CURVE('',#1932,#1933,#1596,.F.);
#2427=EDGE_CURVE('',#1934,#1933,#507,.T.);
#2428=EDGE_CURVE('',#1934,#1851,#1597,.F.);
#2429=EDGE_CURVE('',#1846,#1935,#1598,.F.);
#2430=EDGE_CURVE('',#1936,#1935,#508,.T.);
#2431=EDGE_CURVE('',#1936,#1937,#1599,.F.);
#2432=EDGE_CURVE('',#1842,#1937,#509,.T.);
#2433=EDGE_CURVE('',#1938,#1801,#510,.T.);
#2434=EDGE_CURVE('',#1938,#1939,#1600,.F.);
#2435=EDGE_CURVE('',#1940,#1939,#511,.T.);
#2436=EDGE_CURVE('',#1940,#1941,#1601,.F.);
#2437=EDGE_CURVE('',#1798,#1941,#512,.T.);
#2438=EDGE_CURVE('',#1942,#1901,#513,.T.);
#2439=EDGE_CURVE('',#1942,#1794,#1602,.T.);
#2440=EDGE_CURVE('',#1943,#1793,#514,.T.);
#2441=EDGE_CURVE('',#1943,#1790,#1603,.T.);
#2442=EDGE_CURVE('',#1944,#1789,#515,.T.);
#2443=EDGE_CURVE('',#1944,#1945,#1604,.F.);
#2444=EDGE_CURVE('',#1946,#1945,#516,.T.);
#2445=EDGE_CURVE('',#1946,#1947,#1605,.F.);
#2446=EDGE_CURVE('',#1786,#1947,#517,.T.);
#2447=EDGE_CURVE('',#1948,#1783,#518,.T.);
#2448=EDGE_CURVE('',#1948,#1949,#1606,.F.);
#2449=EDGE_CURVE('',#1950,#1949,#519,.T.);
#2450=EDGE_CURVE('',#1950,#1951,#1607,.F.);
#2451=EDGE_CURVE('',#1780,#1951,#520,.T.);
#2452=EDGE_CURVE('',#1779,#1952,#1608,.T.);
#2453=EDGE_CURVE('',#1953,#1952,#521,.T.);
#2454=EDGE_CURVE('',#1954,#1953,#522,.T.);
#2455=EDGE_CURVE('',#1954,#1955,#1609,.F.);
#2456=EDGE_CURVE('',#1956,#1955,#523,.T.);
#2457=EDGE_CURVE('',#1956,#1925,#1610,.F.);
#2458=EDGE_CURVE('',#1923,#1878,#524,.T.);
#2459=EDGE_CURVE('',#1879,#1922,#525,.T.);
#2460=EDGE_CURVE('',#1921,#1860,#526,.T.);
#2461=EDGE_CURVE('',#1861,#1920,#527,.T.);
#2462=EDGE_CURVE('',#1900,#1957,#1611,.F.);
#2463=EDGE_CURVE('',#1958,#1957,#15,.T.);
#2464=EDGE_CURVE('',#1959,#1958,#528,.T.);
#2465=EDGE_CURVE('',#1960,#1959,#16,.T.);
#2466=EDGE_CURVE('',#1960,#1895,#1612,.F.);
#2467=EDGE_CURVE('',#1873,#1919,#529,.T.);
#2468=EDGE_CURVE('',#1918,#1874,#530,.T.);
#2469=EDGE_CURVE('',#1961,#1962,#1613,.T.);
#2470=EDGE_CURVE('',#1939,#1961,#531,.T.);
#2471=EDGE_CURVE('',#1962,#1938,#532,.T.);
#2472=EDGE_CURVE('',#1800,#1962,#533,.T.);
#2473=EDGE_CURVE('',#1963,#1799,#534,.T.);
#2474=EDGE_CURVE('',#1963,#1964,#1614,.T.);
#2475=EDGE_CURVE('',#1961,#1964,#535,.T.);
#2476=EDGE_CURVE('',#1964,#1940,#536,.T.);
#2477=EDGE_CURVE('',#1941,#1963,#537,.T.);
#2478=EDGE_CURVE('',#1965,#1966,#1615,.T.);
#2479=EDGE_CURVE('',#1945,#1965,#538,.T.);
#2480=EDGE_CURVE('',#1966,#1944,#539,.T.);
#2481=EDGE_CURVE('',#1788,#1966,#540,.T.);
#2482=EDGE_CURVE('',#1967,#1787,#541,.T.);
#2483=EDGE_CURVE('',#1967,#1968,#1616,.T.);
#2484=EDGE_CURVE('',#1965,#1968,#542,.T.);
#2485=EDGE_CURVE('',#1947,#1967,#543,.T.);
#2486=EDGE_CURVE('',#1968,#1946,#544,.T.);
#2487=EDGE_CURVE('',#1969,#1970,#1617,.T.);
#2488=EDGE_CURVE('',#1949,#1969,#545,.T.);
#2489=EDGE_CURVE('',#1970,#1948,#546,.T.);
#2490=EDGE_CURVE('',#1782,#1970,#547,.T.);
#2491=EDGE_CURVE('',#1971,#1781,#548,.T.);
#2492=EDGE_CURVE('',#1971,#1972,#1618,.T.);
#2493=EDGE_CURVE('',#1969,#1972,#549,.T.);
#2494=EDGE_CURVE('',#1951,#1971,#550,.T.);
#2495=EDGE_CURVE('',#1972,#1950,#551,.T.);
#2496=EDGE_CURVE('',#1973,#1974,#1619,.T.);
#2497=EDGE_CURVE('',#1955,#1973,#552,.T.);
#2498=EDGE_CURVE('',#1974,#1954,#553,.T.);
#2499=EDGE_CURVE('',#1953,#1975,#554,.F.);
#2500=EDGE_CURVE('',#1975,#1974,#555,.T.);
#2501=EDGE_CURVE('',#1976,#1975,#556,.T.);
#2502=EDGE_CURVE('',#1977,#1976,#557,.T.);
#2503=EDGE_CURVE('',#1977,#1978,#1620,.T.);
#2504=EDGE_CURVE('',#1973,#1978,#558,.T.);
#2505=EDGE_CURVE('',#1925,#1977,#559,.T.);
#2506=EDGE_CURVE('',#1978,#1956,#560,.T.);
#2507=EDGE_CURVE('',#1924,#1976,#561,.T.);
#2508=EDGE_CURVE('',#1979,#1980,#1621,.T.);
#2509=EDGE_CURVE('',#1933,#1979,#562,.T.);
#2510=EDGE_CURVE('',#1980,#1932,#563,.T.);
#2511=EDGE_CURVE('',#1854,#1980,#564,.T.);
#2512=EDGE_CURVE('',#1852,#1981,#1622,.T.);
#2513=EDGE_CURVE('',#1979,#1981,#565,.T.);
#2514=EDGE_CURVE('',#1981,#1934,#566,.T.);
#2515=EDGE_CURVE('',#1982,#1845,#1623,.T.);
#2516=EDGE_CURVE('',#1935,#1982,#567,.T.);
#2517=EDGE_CURVE('',#1983,#1843,#568,.T.);
#2518=EDGE_CURVE('',#1983,#1984,#1624,.T.);
#2519=EDGE_CURVE('',#1982,#1984,#569,.T.);
#2520=EDGE_CURVE('',#1937,#1983,#570,.T.);
#2521=EDGE_CURVE('',#1984,#1936,#571,.T.);
#2522=EDGE_CURVE('',#1927,#1824,#572,.T.);
#2523=EDGE_CURVE('',#1825,#1926,#573,.T.);
#2524=EDGE_CURVE('',#1715,#1928,#574,.T.);
#2525=EDGE_CURVE('',#1952,#1826,#575,.T.);
#2526=EDGE_CURVE('',#1804,#1943,#576,.T.);
#2527=EDGE_CURVE('',#1805,#1942,#577,.T.);
#2528=EDGE_CURVE('',#1929,#1714,#578,.T.);
#2529=EDGE_CURVE('',#1930,#1713,#579,.F.);
#2530=EDGE_CURVE('',#1985,#1986,#580,.T.);
#2531=EDGE_CURVE('',#1985,#1987,#1625,.T.);
#2532=EDGE_CURVE('',#1988,#1987,#581,.T.);
#2533=EDGE_CURVE('',#1988,#1989,#1626,.T.);
#2534=EDGE_CURVE('',#1990,#1989,#582,.T.);
#2535=EDGE_CURVE('',#1990,#1991,#1627,.T.);
#2536=EDGE_CURVE('',#1992,#1991,#583,.T.);
#2537=EDGE_CURVE('',#1992,#1986,#1628,.T.);
#2538=EDGE_CURVE('',#1712,#1931,#584,.T.);
#2539=EDGE_CURVE('',#1993,#1990,#585,.T.);
#2540=EDGE_CURVE('',#1994,#1993,#1629,.T.);
#2541=EDGE_CURVE('',#1991,#1994,#586,.T.);
#2542=EDGE_CURVE('',#1995,#1994,#587,.T.);
#2543=EDGE_CURVE('',#1995,#1992,#588,.T.);
#2544=EDGE_CURVE('',#1996,#1988,#589,.T.);
#2545=EDGE_CURVE('',#1997,#1996,#1630,.T.);
#2546=EDGE_CURVE('',#1989,#1997,#590,.T.);
#2547=EDGE_CURVE('',#1993,#1997,#591,.T.);
#2548=EDGE_CURVE('',#1998,#1995,#1631,.T.);
#2549=EDGE_CURVE('',#1986,#1998,#592,.T.);
#2550=EDGE_CURVE('',#1999,#1998,#593,.T.);
#2551=EDGE_CURVE('',#1999,#1985,#594,.T.);
#2552=EDGE_CURVE('',#2000,#1999,#1632,.T.);
#2553=EDGE_CURVE('',#1987,#2000,#595,.T.);
#2554=EDGE_CURVE('',#1996,#2000,#596,.T.);
#2555=EDGE_CURVE('',#2001,#2002,#1633,.T.);
#2556=EDGE_CURVE('',#1899,#2002,#597,.T.);
#2557=EDGE_CURVE('',#2001,#1898,#598,.T.);
#2558=EDGE_CURVE('',#1897,#2003,#599,.T.);
#2559=EDGE_CURVE('',#2003,#2001,#600,.T.);
#2560=EDGE_CURVE('',#2004,#2005,#1634,.T.);
#2561=EDGE_CURVE('',#1958,#2005,#601,.T.);
#2562=EDGE_CURVE('',#2004,#1957,#602,.T.);
#2563=EDGE_CURVE('',#2006,#2003,#1635,.T.);
#2564=EDGE_CURVE('',#2007,#2006,#603,.T.);
#2565=EDGE_CURVE('',#2008,#2007,#1636,.T.);
#2566=EDGE_CURVE('',#2005,#2008,#604,.T.);
#2567=EDGE_CURVE('',#2002,#2004,#605,.T.);
#2568=EDGE_CURVE('',#2008,#1959,#606,.T.);
#2569=EDGE_CURVE('',#1960,#2007,#607,.T.);
#2570=EDGE_CURVE('',#2006,#1896,#608,.T.);
#2571=ORIENTED_EDGE('',*,*,#2009,.T.);
#2572=ORIENTED_EDGE('',*,*,#2010,.F.);
#2573=ORIENTED_EDGE('',*,*,#2011,.T.);
#2574=ORIENTED_EDGE('',*,*,#2012,.T.);
#2575=ORIENTED_EDGE('',*,*,#2013,.F.);
#2576=ORIENTED_EDGE('',*,*,#2014,.F.);
#2577=ORIENTED_EDGE('',*,*,#2012,.F.);
#2578=ORIENTED_EDGE('',*,*,#2015,.F.);
#2579=ORIENTED_EDGE('',*,*,#2016,.T.);
#2580=ORIENTED_EDGE('',*,*,#2017,.F.);
#2581=ORIENTED_EDGE('',*,*,#2018,.T.);
#2582=ORIENTED_EDGE('',*,*,#2019,.T.);
#2583=ORIENTED_EDGE('',*,*,#2020,.F.);
#2584=ORIENTED_EDGE('',*,*,#2021,.F.);
#2585=ORIENTED_EDGE('',*,*,#2019,.F.);
#2586=ORIENTED_EDGE('',*,*,#2022,.F.);
#2587=ORIENTED_EDGE('',*,*,#2023,.T.);
#2588=ORIENTED_EDGE('',*,*,#2024,.F.);
#2589=ORIENTED_EDGE('',*,*,#2025,.T.);
#2590=ORIENTED_EDGE('',*,*,#2026,.T.);
#2591=ORIENTED_EDGE('',*,*,#2027,.F.);
#2592=ORIENTED_EDGE('',*,*,#2028,.F.);
#2593=ORIENTED_EDGE('',*,*,#2026,.F.);
#2594=ORIENTED_EDGE('',*,*,#2029,.F.);
#2595=ORIENTED_EDGE('',*,*,#2025,.F.);
#2596=ORIENTED_EDGE('',*,*,#2030,.F.);
#2597=ORIENTED_EDGE('',*,*,#2009,.F.);
#2598=ORIENTED_EDGE('',*,*,#2031,.F.);
#2599=ORIENTED_EDGE('',*,*,#2032,.T.);
#2600=ORIENTED_EDGE('',*,*,#2033,.F.);
#2601=ORIENTED_EDGE('',*,*,#2034,.T.);
#2602=ORIENTED_EDGE('',*,*,#2035,.T.);
#2603=ORIENTED_EDGE('',*,*,#2036,.F.);
#2604=ORIENTED_EDGE('',*,*,#2037,.F.);
#2605=ORIENTED_EDGE('',*,*,#2035,.F.);
#2606=ORIENTED_EDGE('',*,*,#2038,.F.);
#2607=ORIENTED_EDGE('',*,*,#2034,.F.);
#2608=ORIENTED_EDGE('',*,*,#2039,.F.);
#2609=ORIENTED_EDGE('',*,*,#2023,.F.);
#2610=ORIENTED_EDGE('',*,*,#2040,.F.);
#2611=ORIENTED_EDGE('',*,*,#2018,.F.);
#2612=ORIENTED_EDGE('',*,*,#2041,.F.);
#2613=ORIENTED_EDGE('',*,*,#2032,.F.);
#2614=ORIENTED_EDGE('',*,*,#2042,.F.);
#2615=ORIENTED_EDGE('',*,*,#2011,.F.);
#2616=ORIENTED_EDGE('',*,*,#2043,.F.);
#2617=ORIENTED_EDGE('',*,*,#2016,.F.);
#2618=ORIENTED_EDGE('',*,*,#2044,.F.);
#2619=ORIENTED_EDGE('',*,*,#2014,.T.);
#2620=ORIENTED_EDGE('',*,*,#2045,.T.);
#2621=ORIENTED_EDGE('',*,*,#2029,.T.);
#2622=ORIENTED_EDGE('',*,*,#2031,.T.);
#2623=ORIENTED_EDGE('',*,*,#2028,.T.);
#2624=ORIENTED_EDGE('',*,*,#2046,.T.);
#2625=ORIENTED_EDGE('',*,*,#2038,.T.);
#2626=ORIENTED_EDGE('',*,*,#2040,.T.);
#2627=ORIENTED_EDGE('',*,*,#2033,.T.);
#2628=ORIENTED_EDGE('',*,*,#2041,.T.);
#2629=ORIENTED_EDGE('',*,*,#2017,.T.);
#2630=ORIENTED_EDGE('',*,*,#2043,.T.);
#2631=ORIENTED_EDGE('',*,*,#2010,.T.);
#2632=ORIENTED_EDGE('',*,*,#2030,.T.);
#2633=ORIENTED_EDGE('',*,*,#2024,.T.);
#2634=ORIENTED_EDGE('',*,*,#2039,.T.);
#2635=ORIENTED_EDGE('',*,*,#2047,.F.);
#2636=ORIENTED_EDGE('',*,*,#2048,.F.);
#2637=ORIENTED_EDGE('',*,*,#2049,.F.);
#2638=ORIENTED_EDGE('',*,*,#2050,.F.);
#2639=ORIENTED_EDGE('',*,*,#2051,.T.);
#2640=ORIENTED_EDGE('',*,*,#2052,.T.);
#2641=ORIENTED_EDGE('',*,*,#2050,.T.);
#2642=ORIENTED_EDGE('',*,*,#2052,.F.);
#2643=ORIENTED_EDGE('',*,*,#2053,.T.);
#2644=ORIENTED_EDGE('',*,*,#2054,.T.);
#2645=ORIENTED_EDGE('',*,*,#2049,.T.);
#2646=ORIENTED_EDGE('',*,*,#2054,.F.);
#2647=ORIENTED_EDGE('',*,*,#2055,.T.);
#2648=ORIENTED_EDGE('',*,*,#2056,.T.);
#2649=ORIENTED_EDGE('',*,*,#2048,.T.);
#2650=ORIENTED_EDGE('',*,*,#2056,.F.);
#2651=ORIENTED_EDGE('',*,*,#2057,.T.);
#2652=ORIENTED_EDGE('',*,*,#2058,.T.);
#2653=ORIENTED_EDGE('',*,*,#2047,.T.);
#2654=ORIENTED_EDGE('',*,*,#2058,.F.);
#2655=ORIENTED_EDGE('',*,*,#2015,.T.);
#2656=ORIENTED_EDGE('',*,*,#2044,.T.);
#2657=ORIENTED_EDGE('',*,*,#2021,.T.);
#2658=ORIENTED_EDGE('',*,*,#2059,.T.);
#2659=ORIENTED_EDGE('',*,*,#2022,.T.);
#2660=ORIENTED_EDGE('',*,*,#2042,.T.);
#2661=ORIENTED_EDGE('',*,*,#2037,.T.);
#2662=ORIENTED_EDGE('',*,*,#2060,.T.);
#2663=ORIENTED_EDGE('',*,*,#2061,.T.);
#2664=ORIENTED_EDGE('',*,*,#2062,.T.);
#2665=ORIENTED_EDGE('',*,*,#2063,.F.);
#2666=ORIENTED_EDGE('',*,*,#2064,.F.);
#2667=ORIENTED_EDGE('',*,*,#2065,.T.);
#2668=ORIENTED_EDGE('',*,*,#2066,.T.);
#2669=ORIENTED_EDGE('',*,*,#2067,.T.);
#2670=ORIENTED_EDGE('',*,*,#2068,.F.);
#2671=ORIENTED_EDGE('',*,*,#2069,.T.);
#2672=ORIENTED_EDGE('',*,*,#2070,.T.);
#2673=ORIENTED_EDGE('',*,*,#2071,.T.);
#2674=ORIENTED_EDGE('',*,*,#2072,.F.);
#2675=ORIENTED_EDGE('',*,*,#2073,.T.);
#2676=ORIENTED_EDGE('',*,*,#2074,.T.);
#2677=ORIENTED_EDGE('',*,*,#2075,.T.);
#2678=ORIENTED_EDGE('',*,*,#2076,.F.);
#2679=ORIENTED_EDGE('',*,*,#2077,.T.);
#2680=ORIENTED_EDGE('',*,*,#2078,.T.);
#2681=ORIENTED_EDGE('',*,*,#2079,.F.);
#2682=ORIENTED_EDGE('',*,*,#2080,.F.);
#2683=ORIENTED_EDGE('',*,*,#2063,.T.);
#2684=ORIENTED_EDGE('',*,*,#2081,.T.);
#2685=ORIENTED_EDGE('',*,*,#2082,.T.);
#2686=ORIENTED_EDGE('',*,*,#2083,.F.);
#2687=ORIENTED_EDGE('',*,*,#2084,.T.);
#2688=ORIENTED_EDGE('',*,*,#2085,.T.);
#2689=ORIENTED_EDGE('',*,*,#2086,.F.);
#2690=ORIENTED_EDGE('',*,*,#2087,.F.);
#2691=ORIENTED_EDGE('',*,*,#2079,.T.);
#2692=ORIENTED_EDGE('',*,*,#2088,.T.);
#2693=ORIENTED_EDGE('',*,*,#2089,.T.);
#2694=ORIENTED_EDGE('',*,*,#2090,.F.);
#2695=ORIENTED_EDGE('',*,*,#2091,.T.);
#2696=ORIENTED_EDGE('',*,*,#2092,.T.);
#2697=ORIENTED_EDGE('',*,*,#2093,.T.);
#2698=ORIENTED_EDGE('',*,*,#2094,.F.);
#2699=ORIENTED_EDGE('',*,*,#2095,.T.);
#2700=ORIENTED_EDGE('',*,*,#2096,.T.);
#2701=ORIENTED_EDGE('',*,*,#2097,.T.);
#2702=ORIENTED_EDGE('',*,*,#2098,.F.);
#2703=ORIENTED_EDGE('',*,*,#2099,.T.);
#2704=ORIENTED_EDGE('',*,*,#2100,.T.);
#2705=ORIENTED_EDGE('',*,*,#2065,.F.);
#2706=ORIENTED_EDGE('',*,*,#2101,.F.);
#2707=ORIENTED_EDGE('',*,*,#2086,.T.);
#2708=ORIENTED_EDGE('',*,*,#2102,.T.);
#2709=ORIENTED_EDGE('',*,*,#2103,.T.);
#2710=ORIENTED_EDGE('',*,*,#2104,.F.);
#2711=ORIENTED_EDGE('',*,*,#2064,.T.);
#2712=ORIENTED_EDGE('',*,*,#2080,.T.);
#2713=ORIENTED_EDGE('',*,*,#2087,.T.);
#2714=ORIENTED_EDGE('',*,*,#2101,.T.);
#2715=ORIENTED_EDGE('',*,*,#2051,.F.);
#2716=ORIENTED_EDGE('',*,*,#2053,.F.);
#2717=ORIENTED_EDGE('',*,*,#2055,.F.);
#2718=ORIENTED_EDGE('',*,*,#2057,.F.);
#2719=ORIENTED_EDGE('',*,*,#2105,.T.);
#2720=ORIENTED_EDGE('',*,*,#2099,.F.);
#2721=ORIENTED_EDGE('',*,*,#2106,.T.);
#2722=ORIENTED_EDGE('',*,*,#2107,.T.);
#2723=ORIENTED_EDGE('',*,*,#2100,.F.);
#2724=ORIENTED_EDGE('',*,*,#2105,.F.);
#2725=ORIENTED_EDGE('',*,*,#2108,.T.);
#2726=ORIENTED_EDGE('',*,*,#2109,.T.);
#2727=ORIENTED_EDGE('',*,*,#2110,.T.);
#2728=ORIENTED_EDGE('',*,*,#2111,.T.);
#2729=ORIENTED_EDGE('',*,*,#2112,.T.);
#2730=ORIENTED_EDGE('',*,*,#2113,.T.);
#2731=ORIENTED_EDGE('',*,*,#2114,.F.);
#2732=ORIENTED_EDGE('',*,*,#2066,.F.);
#2733=ORIENTED_EDGE('',*,*,#2115,.F.);
#2734=ORIENTED_EDGE('',*,*,#2067,.F.);
#2735=ORIENTED_EDGE('',*,*,#2114,.T.);
#2736=ORIENTED_EDGE('',*,*,#2116,.T.);
#2737=ORIENTED_EDGE('',*,*,#2117,.T.);
#2738=ORIENTED_EDGE('',*,*,#2061,.F.);
#2739=ORIENTED_EDGE('',*,*,#2118,.T.);
#2740=ORIENTED_EDGE('',*,*,#2119,.T.);
#2741=ORIENTED_EDGE('',*,*,#2062,.F.);
#2742=ORIENTED_EDGE('',*,*,#2117,.F.);
#2743=ORIENTED_EDGE('',*,*,#2120,.T.);
#2744=ORIENTED_EDGE('',*,*,#2121,.F.);
#2745=ORIENTED_EDGE('',*,*,#2122,.F.);
#2746=ORIENTED_EDGE('',*,*,#2081,.F.);
#2747=ORIENTED_EDGE('',*,*,#2123,.F.);
#2748=ORIENTED_EDGE('',*,*,#2082,.F.);
#2749=ORIENTED_EDGE('',*,*,#2122,.T.);
#2750=ORIENTED_EDGE('',*,*,#2124,.T.);
#2751=ORIENTED_EDGE('',*,*,#2125,.T.);
#2752=ORIENTED_EDGE('',*,*,#2069,.F.);
#2753=ORIENTED_EDGE('',*,*,#2126,.T.);
#2754=ORIENTED_EDGE('',*,*,#2127,.F.);
#2755=ORIENTED_EDGE('',*,*,#2070,.F.);
#2756=ORIENTED_EDGE('',*,*,#2125,.F.);
#2757=ORIENTED_EDGE('',*,*,#2128,.F.);
#2758=ORIENTED_EDGE('',*,*,#2129,.F.);
#2759=ORIENTED_EDGE('',*,*,#2130,.F.);
#2760=ORIENTED_EDGE('',*,*,#2071,.F.);
#2761=ORIENTED_EDGE('',*,*,#2129,.T.);
#2762=ORIENTED_EDGE('',*,*,#2131,.T.);
#2763=ORIENTED_EDGE('',*,*,#2132,.T.);
#2764=ORIENTED_EDGE('',*,*,#2073,.F.);
#2765=ORIENTED_EDGE('',*,*,#2133,.T.);
#2766=ORIENTED_EDGE('',*,*,#2134,.F.);
#2767=ORIENTED_EDGE('',*,*,#2074,.F.);
#2768=ORIENTED_EDGE('',*,*,#2132,.F.);
#2769=ORIENTED_EDGE('',*,*,#2135,.F.);
#2770=ORIENTED_EDGE('',*,*,#2136,.F.);
#2771=ORIENTED_EDGE('',*,*,#2137,.F.);
#2772=ORIENTED_EDGE('',*,*,#2075,.F.);
#2773=ORIENTED_EDGE('',*,*,#2136,.T.);
#2774=ORIENTED_EDGE('',*,*,#2138,.T.);
#2775=ORIENTED_EDGE('',*,*,#2118,.F.);
#2776=ORIENTED_EDGE('',*,*,#2068,.T.);
#2777=ORIENTED_EDGE('',*,*,#2115,.T.);
#2778=ORIENTED_EDGE('',*,*,#2139,.T.);
#2779=ORIENTED_EDGE('',*,*,#2126,.F.);
#2780=ORIENTED_EDGE('',*,*,#2083,.T.);
#2781=ORIENTED_EDGE('',*,*,#2123,.T.);
#2782=ORIENTED_EDGE('',*,*,#2140,.F.);
#2783=ORIENTED_EDGE('',*,*,#2141,.T.);
#2784=ORIENTED_EDGE('',*,*,#2142,.F.);
#2785=ORIENTED_EDGE('',*,*,#2143,.F.);
#2786=ORIENTED_EDGE('',*,*,#2144,.T.);
#2787=ORIENTED_EDGE('',*,*,#2145,.F.);
#2788=ORIENTED_EDGE('',*,*,#2146,.F.);
#2789=ORIENTED_EDGE('',*,*,#2147,.F.);
#2790=ORIENTED_EDGE('',*,*,#2148,.T.);
#2791=ORIENTED_EDGE('',*,*,#2149,.F.);
#2792=ORIENTED_EDGE('',*,*,#2150,.F.);
#2793=ORIENTED_EDGE('',*,*,#2151,.F.);
#2794=ORIENTED_EDGE('',*,*,#2152,.T.);
#2795=ORIENTED_EDGE('',*,*,#2153,.F.);
#2796=ORIENTED_EDGE('',*,*,#2154,.F.);
#2797=ORIENTED_EDGE('',*,*,#2155,.T.);
#2798=ORIENTED_EDGE('',*,*,#2156,.F.);
#2799=ORIENTED_EDGE('',*,*,#2157,.F.);
#2800=ORIENTED_EDGE('',*,*,#2076,.T.);
#2801=ORIENTED_EDGE('',*,*,#2137,.T.);
#2802=ORIENTED_EDGE('',*,*,#2158,.F.);
#2803=ORIENTED_EDGE('',*,*,#2133,.F.);
#2804=ORIENTED_EDGE('',*,*,#2072,.T.);
#2805=ORIENTED_EDGE('',*,*,#2130,.T.);
#2806=ORIENTED_EDGE('',*,*,#2159,.F.);
#2807=ORIENTED_EDGE('',*,*,#2160,.F.);
#2808=ORIENTED_EDGE('',*,*,#2090,.T.);
#2809=ORIENTED_EDGE('',*,*,#2161,.F.);
#2810=ORIENTED_EDGE('',*,*,#2162,.T.);
#2811=ORIENTED_EDGE('',*,*,#2163,.F.);
#2812=ORIENTED_EDGE('',*,*,#2104,.T.);
#2813=ORIENTED_EDGE('',*,*,#2164,.F.);
#2814=ORIENTED_EDGE('',*,*,#2165,.T.);
#2815=ORIENTED_EDGE('',*,*,#2166,.F.);
#2816=ORIENTED_EDGE('',*,*,#2094,.T.);
#2817=ORIENTED_EDGE('',*,*,#2167,.F.);
#2818=ORIENTED_EDGE('',*,*,#2168,.T.);
#2819=ORIENTED_EDGE('',*,*,#2106,.F.);
#2820=ORIENTED_EDGE('',*,*,#2098,.T.);
#2821=ORIENTED_EDGE('',*,*,#2169,.F.);
#2822=ORIENTED_EDGE('',*,*,#2170,.T.);
#2823=ORIENTED_EDGE('',*,*,#2171,.T.);
#2824=ORIENTED_EDGE('',*,*,#2143,.T.);
#2825=ORIENTED_EDGE('',*,*,#2172,.F.);
#2826=ORIENTED_EDGE('',*,*,#2173,.T.);
#2827=ORIENTED_EDGE('',*,*,#2174,.T.);
#2828=ORIENTED_EDGE('',*,*,#2140,.T.);
#2829=ORIENTED_EDGE('',*,*,#2124,.F.);
#2830=ORIENTED_EDGE('',*,*,#2121,.T.);
#2831=ORIENTED_EDGE('',*,*,#2175,.T.);
#2832=ORIENTED_EDGE('',*,*,#2147,.T.);
#2833=ORIENTED_EDGE('',*,*,#2176,.F.);
#2834=ORIENTED_EDGE('',*,*,#2177,.T.);
#2835=ORIENTED_EDGE('',*,*,#2169,.T.);
#2836=ORIENTED_EDGE('',*,*,#2097,.F.);
#2837=ORIENTED_EDGE('',*,*,#2178,.T.);
#2838=ORIENTED_EDGE('',*,*,#2179,.T.);
#2839=ORIENTED_EDGE('',*,*,#2180,.T.);
#2840=ORIENTED_EDGE('',*,*,#2151,.T.);
#2841=ORIENTED_EDGE('',*,*,#2181,.F.);
#2842=ORIENTED_EDGE('',*,*,#2182,.T.);
#2843=ORIENTED_EDGE('',*,*,#2183,.T.);
#2844=ORIENTED_EDGE('',*,*,#2154,.T.);
#2845=ORIENTED_EDGE('',*,*,#2184,.F.);
#2846=ORIENTED_EDGE('',*,*,#2185,.T.);
#2847=ORIENTED_EDGE('',*,*,#2167,.T.);
#2848=ORIENTED_EDGE('',*,*,#2093,.F.);
#2849=ORIENTED_EDGE('',*,*,#2186,.T.);
#2850=ORIENTED_EDGE('',*,*,#2187,.T.);
#2851=ORIENTED_EDGE('',*,*,#2164,.T.);
#2852=ORIENTED_EDGE('',*,*,#2103,.F.);
#2853=ORIENTED_EDGE('',*,*,#2188,.T.);
#2854=ORIENTED_EDGE('',*,*,#2189,.T.);
#2855=ORIENTED_EDGE('',*,*,#2161,.T.);
#2856=ORIENTED_EDGE('',*,*,#2089,.F.);
#2857=ORIENTED_EDGE('',*,*,#2190,.T.);
#2858=ORIENTED_EDGE('',*,*,#2191,.T.);
#2859=ORIENTED_EDGE('',*,*,#2128,.T.);
#2860=ORIENTED_EDGE('',*,*,#2127,.T.);
#2861=ORIENTED_EDGE('',*,*,#2159,.T.);
#2862=ORIENTED_EDGE('',*,*,#2131,.F.);
#2863=ORIENTED_EDGE('',*,*,#2135,.T.);
#2864=ORIENTED_EDGE('',*,*,#2134,.T.);
#2865=ORIENTED_EDGE('',*,*,#2158,.T.);
#2866=ORIENTED_EDGE('',*,*,#2138,.F.);
#2867=ORIENTED_EDGE('',*,*,#2192,.T.);
#2868=ORIENTED_EDGE('',*,*,#2091,.F.);
#2869=ORIENTED_EDGE('',*,*,#2163,.T.);
#2870=ORIENTED_EDGE('',*,*,#2193,.T.);
#2871=ORIENTED_EDGE('',*,*,#2194,.T.);
#2872=ORIENTED_EDGE('',*,*,#2095,.F.);
#2873=ORIENTED_EDGE('',*,*,#2166,.T.);
#2874=ORIENTED_EDGE('',*,*,#2195,.T.);
#2875=ORIENTED_EDGE('',*,*,#2196,.T.);
#2876=ORIENTED_EDGE('',*,*,#2197,.T.);
#2877=ORIENTED_EDGE('',*,*,#2172,.T.);
#2878=ORIENTED_EDGE('',*,*,#2142,.T.);
#2879=ORIENTED_EDGE('',*,*,#2198,.T.);
#2880=ORIENTED_EDGE('',*,*,#2199,.T.);
#2881=ORIENTED_EDGE('',*,*,#2200,.T.);
#2882=ORIENTED_EDGE('',*,*,#2145,.T.);
#2883=ORIENTED_EDGE('',*,*,#2201,.T.);
#2884=ORIENTED_EDGE('',*,*,#2176,.T.);
#2885=ORIENTED_EDGE('',*,*,#2146,.T.);
#2886=ORIENTED_EDGE('',*,*,#2200,.F.);
#2887=ORIENTED_EDGE('',*,*,#2202,.T.);
#2888=ORIENTED_EDGE('',*,*,#2203,.T.);
#2889=ORIENTED_EDGE('',*,*,#2204,.T.);
#2890=ORIENTED_EDGE('',*,*,#2149,.T.);
#2891=ORIENTED_EDGE('',*,*,#2205,.T.);
#2892=ORIENTED_EDGE('',*,*,#2181,.T.);
#2893=ORIENTED_EDGE('',*,*,#2150,.T.);
#2894=ORIENTED_EDGE('',*,*,#2204,.F.);
#2895=ORIENTED_EDGE('',*,*,#2206,.T.);
#2896=ORIENTED_EDGE('',*,*,#2207,.T.);
#2897=ORIENTED_EDGE('',*,*,#2184,.T.);
#2898=ORIENTED_EDGE('',*,*,#2153,.T.);
#2899=ORIENTED_EDGE('',*,*,#2208,.T.);
#2900=ORIENTED_EDGE('',*,*,#2209,.T.);
#2901=ORIENTED_EDGE('',*,*,#2210,.T.);
#2902=ORIENTED_EDGE('',*,*,#2156,.T.);
#2903=ORIENTED_EDGE('',*,*,#2211,.T.);
#2904=ORIENTED_EDGE('',*,*,#2077,.F.);
#2905=ORIENTED_EDGE('',*,*,#2157,.T.);
#2906=ORIENTED_EDGE('',*,*,#2210,.F.);
#2907=ORIENTED_EDGE('',*,*,#2212,.T.);
#2908=ORIENTED_EDGE('',*,*,#2084,.F.);
#2909=ORIENTED_EDGE('',*,*,#2160,.T.);
#2910=ORIENTED_EDGE('',*,*,#2213,.T.);
#2911=ORIENTED_EDGE('',*,*,#2171,.F.);
#2912=ORIENTED_EDGE('',*,*,#2214,.F.);
#2913=ORIENTED_EDGE('',*,*,#2215,.T.);
#2914=ORIENTED_EDGE('',*,*,#2216,.T.);
#2915=ORIENTED_EDGE('',*,*,#2217,.T.);
#2916=ORIENTED_EDGE('',*,*,#2218,.T.);
#2917=ORIENTED_EDGE('',*,*,#2219,.F.);
#2918=ORIENTED_EDGE('',*,*,#2220,.T.);
#2919=ORIENTED_EDGE('',*,*,#2221,.T.);
#2920=ORIENTED_EDGE('',*,*,#2222,.F.);
#2921=ORIENTED_EDGE('',*,*,#2198,.F.);
#2922=ORIENTED_EDGE('',*,*,#2144,.F.);
#2923=ORIENTED_EDGE('',*,*,#2175,.F.);
#2924=ORIENTED_EDGE('',*,*,#2223,.F.);
#2925=ORIENTED_EDGE('',*,*,#2221,.F.);
#2926=ORIENTED_EDGE('',*,*,#2224,.T.);
#2927=ORIENTED_EDGE('',*,*,#2225,.T.);
#2928=ORIENTED_EDGE('',*,*,#2226,.T.);
#2929=ORIENTED_EDGE('',*,*,#2227,.F.);
#2930=ORIENTED_EDGE('',*,*,#2228,.T.);
#2931=ORIENTED_EDGE('',*,*,#2229,.T.);
#2932=ORIENTED_EDGE('',*,*,#2230,.F.);
#2933=ORIENTED_EDGE('',*,*,#2202,.F.);
#2934=ORIENTED_EDGE('',*,*,#2148,.F.);
#2935=ORIENTED_EDGE('',*,*,#2180,.F.);
#2936=ORIENTED_EDGE('',*,*,#2231,.F.);
#2937=ORIENTED_EDGE('',*,*,#2232,.F.);
#2938=ORIENTED_EDGE('',*,*,#2233,.T.);
#2939=ORIENTED_EDGE('',*,*,#2234,.T.);
#2940=ORIENTED_EDGE('',*,*,#2235,.F.);
#2941=ORIENTED_EDGE('',*,*,#2206,.F.);
#2942=ORIENTED_EDGE('',*,*,#2152,.F.);
#2943=ORIENTED_EDGE('',*,*,#2183,.F.);
#2944=ORIENTED_EDGE('',*,*,#2236,.F.);
#2945=ORIENTED_EDGE('',*,*,#2237,.T.);
#2946=ORIENTED_EDGE('',*,*,#2238,.T.);
#2947=ORIENTED_EDGE('',*,*,#2239,.T.);
#2948=ORIENTED_EDGE('',*,*,#2240,.T.);
#2949=ORIENTED_EDGE('',*,*,#2241,.F.);
#2950=ORIENTED_EDGE('',*,*,#2242,.T.);
#2951=ORIENTED_EDGE('',*,*,#2243,.T.);
#2952=ORIENTED_EDGE('',*,*,#2244,.F.);
#2953=ORIENTED_EDGE('',*,*,#2213,.F.);
#2954=ORIENTED_EDGE('',*,*,#2162,.F.);
#2955=ORIENTED_EDGE('',*,*,#2191,.F.);
#2956=ORIENTED_EDGE('',*,*,#2245,.F.);
#2957=ORIENTED_EDGE('',*,*,#2208,.F.);
#2958=ORIENTED_EDGE('',*,*,#2155,.F.);
#2959=ORIENTED_EDGE('',*,*,#2199,.F.);
#2960=ORIENTED_EDGE('',*,*,#2222,.T.);
#2961=ORIENTED_EDGE('',*,*,#2223,.T.);
#2962=ORIENTED_EDGE('',*,*,#2177,.F.);
#2963=ORIENTED_EDGE('',*,*,#2201,.F.);
#2964=ORIENTED_EDGE('',*,*,#2203,.F.);
#2965=ORIENTED_EDGE('',*,*,#2230,.T.);
#2966=ORIENTED_EDGE('',*,*,#2246,.T.);
#2967=ORIENTED_EDGE('',*,*,#2247,.T.);
#2968=ORIENTED_EDGE('',*,*,#2231,.T.);
#2969=ORIENTED_EDGE('',*,*,#2182,.F.);
#2970=ORIENTED_EDGE('',*,*,#2205,.F.);
#2971=ORIENTED_EDGE('',*,*,#2207,.F.);
#2972=ORIENTED_EDGE('',*,*,#2235,.T.);
#2973=ORIENTED_EDGE('',*,*,#2248,.T.);
#2974=ORIENTED_EDGE('',*,*,#2249,.T.);
#2975=ORIENTED_EDGE('',*,*,#2250,.T.);
#2976=ORIENTED_EDGE('',*,*,#2251,.T.);
#2977=ORIENTED_EDGE('',*,*,#2236,.T.);
#2978=ORIENTED_EDGE('',*,*,#2185,.F.);
#2979=ORIENTED_EDGE('',*,*,#2088,.F.);
#2980=ORIENTED_EDGE('',*,*,#2078,.F.);
#2981=ORIENTED_EDGE('',*,*,#2211,.F.);
#2982=ORIENTED_EDGE('',*,*,#2209,.F.);
#2983=ORIENTED_EDGE('',*,*,#2245,.T.);
#2984=ORIENTED_EDGE('',*,*,#2190,.F.);
#2985=ORIENTED_EDGE('',*,*,#2102,.F.);
#2986=ORIENTED_EDGE('',*,*,#2085,.F.);
#2987=ORIENTED_EDGE('',*,*,#2212,.F.);
#2988=ORIENTED_EDGE('',*,*,#2244,.T.);
#2989=ORIENTED_EDGE('',*,*,#2252,.T.);
#2990=ORIENTED_EDGE('',*,*,#2253,.T.);
#2991=ORIENTED_EDGE('',*,*,#2254,.T.);
#2992=ORIENTED_EDGE('',*,*,#2255,.T.);
#2993=ORIENTED_EDGE('',*,*,#2256,.T.);
#2994=ORIENTED_EDGE('',*,*,#2188,.F.);
#2995=ORIENTED_EDGE('',*,*,#2092,.F.);
#2996=ORIENTED_EDGE('',*,*,#2192,.F.);
#2997=ORIENTED_EDGE('',*,*,#2257,.T.);
#2998=ORIENTED_EDGE('',*,*,#2258,.T.);
#2999=ORIENTED_EDGE('',*,*,#2259,.T.);
#3000=ORIENTED_EDGE('',*,*,#2260,.T.);
#3001=ORIENTED_EDGE('',*,*,#2261,.T.);
#3002=ORIENTED_EDGE('',*,*,#2262,.T.);
#3003=ORIENTED_EDGE('',*,*,#2263,.T.);
#3004=ORIENTED_EDGE('',*,*,#2186,.F.);
#3005=ORIENTED_EDGE('',*,*,#2096,.F.);
#3006=ORIENTED_EDGE('',*,*,#2194,.F.);
#3007=ORIENTED_EDGE('',*,*,#2264,.T.);
#3008=ORIENTED_EDGE('',*,*,#2265,.T.);
#3009=ORIENTED_EDGE('',*,*,#2266,.T.);
#3010=ORIENTED_EDGE('',*,*,#2267,.T.);
#3011=ORIENTED_EDGE('',*,*,#2268,.T.);
#3012=ORIENTED_EDGE('',*,*,#2269,.T.);
#3013=ORIENTED_EDGE('',*,*,#2270,.T.);
#3014=ORIENTED_EDGE('',*,*,#2178,.F.);
#3015=ORIENTED_EDGE('',*,*,#2197,.F.);
#3016=ORIENTED_EDGE('',*,*,#2271,.T.);
#3017=ORIENTED_EDGE('',*,*,#2272,.T.);
#3018=ORIENTED_EDGE('',*,*,#2273,.T.);
#3019=ORIENTED_EDGE('',*,*,#2274,.T.);
#3020=ORIENTED_EDGE('',*,*,#2214,.T.);
#3021=ORIENTED_EDGE('',*,*,#2173,.F.);
#3022=ORIENTED_EDGE('',*,*,#2275,.T.);
#3023=ORIENTED_EDGE('',*,*,#2276,.T.);
#3024=ORIENTED_EDGE('',*,*,#2277,.F.);
#3025=ORIENTED_EDGE('',*,*,#2276,.F.);
#3026=ORIENTED_EDGE('',*,*,#2277,.T.);
#3027=ORIENTED_EDGE('',*,*,#2278,.T.);
#3028=ORIENTED_EDGE('',*,*,#2279,.T.);
#3029=ORIENTED_EDGE('',*,*,#2280,.F.);
#3030=ORIENTED_EDGE('',*,*,#2279,.F.);
#3031=ORIENTED_EDGE('',*,*,#2280,.T.);
#3032=ORIENTED_EDGE('',*,*,#2281,.T.);
#3033=ORIENTED_EDGE('',*,*,#2282,.T.);
#3034=ORIENTED_EDGE('',*,*,#2283,.F.);
#3035=ORIENTED_EDGE('',*,*,#2282,.F.);
#3036=ORIENTED_EDGE('',*,*,#2283,.T.);
#3037=ORIENTED_EDGE('',*,*,#2284,.T.);
#3038=ORIENTED_EDGE('',*,*,#2285,.T.);
#3039=ORIENTED_EDGE('',*,*,#2286,.F.);
#3040=ORIENTED_EDGE('',*,*,#2285,.F.);
#3041=ORIENTED_EDGE('',*,*,#2286,.T.);
#3042=ORIENTED_EDGE('',*,*,#2252,.F.);
#3043=ORIENTED_EDGE('',*,*,#2243,.F.);
#3044=ORIENTED_EDGE('',*,*,#2287,.F.);
#3045=ORIENTED_EDGE('',*,*,#2288,.F.);
#3046=ORIENTED_EDGE('',*,*,#2253,.F.);
#3047=ORIENTED_EDGE('',*,*,#2288,.T.);
#3048=ORIENTED_EDGE('',*,*,#2289,.T.);
#3049=ORIENTED_EDGE('',*,*,#2290,.T.);
#3050=ORIENTED_EDGE('',*,*,#2254,.F.);
#3051=ORIENTED_EDGE('',*,*,#2290,.F.);
#3052=ORIENTED_EDGE('',*,*,#2291,.T.);
#3053=ORIENTED_EDGE('',*,*,#2292,.T.);
#3054=ORIENTED_EDGE('',*,*,#2255,.F.);
#3055=ORIENTED_EDGE('',*,*,#2292,.F.);
#3056=ORIENTED_EDGE('',*,*,#2293,.F.);
#3057=ORIENTED_EDGE('',*,*,#2294,.F.);
#3058=ORIENTED_EDGE('',*,*,#2193,.F.);
#3059=ORIENTED_EDGE('',*,*,#2165,.F.);
#3060=ORIENTED_EDGE('',*,*,#2189,.F.);
#3061=ORIENTED_EDGE('',*,*,#2256,.F.);
#3062=ORIENTED_EDGE('',*,*,#2294,.T.);
#3063=ORIENTED_EDGE('',*,*,#2295,.T.);
#3064=ORIENTED_EDGE('',*,*,#2296,.T.);
#3065=ORIENTED_EDGE('',*,*,#2257,.F.);
#3066=ORIENTED_EDGE('',*,*,#2258,.F.);
#3067=ORIENTED_EDGE('',*,*,#2296,.F.);
#3068=ORIENTED_EDGE('',*,*,#2297,.T.);
#3069=ORIENTED_EDGE('',*,*,#2298,.T.);
#3070=ORIENTED_EDGE('',*,*,#2259,.F.);
#3071=ORIENTED_EDGE('',*,*,#2298,.F.);
#3072=ORIENTED_EDGE('',*,*,#2299,.F.);
#3073=ORIENTED_EDGE('',*,*,#2300,.F.);
#3074=ORIENTED_EDGE('',*,*,#2260,.F.);
#3075=ORIENTED_EDGE('',*,*,#2300,.T.);
#3076=ORIENTED_EDGE('',*,*,#2301,.T.);
#3077=ORIENTED_EDGE('',*,*,#2302,.T.);
#3078=ORIENTED_EDGE('',*,*,#2303,.T.);
#3079=ORIENTED_EDGE('',*,*,#2304,.T.);
#3080=ORIENTED_EDGE('',*,*,#2261,.F.);
#3081=ORIENTED_EDGE('',*,*,#2304,.F.);
#3082=ORIENTED_EDGE('',*,*,#2305,.T.);
#3083=ORIENTED_EDGE('',*,*,#2306,.T.);
#3084=ORIENTED_EDGE('',*,*,#2307,.T.);
#3085=ORIENTED_EDGE('',*,*,#2308,.T.);
#3086=ORIENTED_EDGE('',*,*,#2262,.F.);
#3087=ORIENTED_EDGE('',*,*,#2308,.F.);
#3088=ORIENTED_EDGE('',*,*,#2309,.F.);
#3089=ORIENTED_EDGE('',*,*,#2310,.F.);
#3090=ORIENTED_EDGE('',*,*,#2195,.F.);
#3091=ORIENTED_EDGE('',*,*,#2168,.F.);
#3092=ORIENTED_EDGE('',*,*,#2187,.F.);
#3093=ORIENTED_EDGE('',*,*,#2263,.F.);
#3094=ORIENTED_EDGE('',*,*,#2310,.T.);
#3095=ORIENTED_EDGE('',*,*,#2311,.T.);
#3096=ORIENTED_EDGE('',*,*,#2312,.T.);
#3097=ORIENTED_EDGE('',*,*,#2264,.F.);
#3098=ORIENTED_EDGE('',*,*,#2265,.F.);
#3099=ORIENTED_EDGE('',*,*,#2312,.F.);
#3100=ORIENTED_EDGE('',*,*,#2313,.F.);
#3101=ORIENTED_EDGE('',*,*,#2314,.F.);
#3102=ORIENTED_EDGE('',*,*,#2266,.F.);
#3103=ORIENTED_EDGE('',*,*,#2314,.T.);
#3104=ORIENTED_EDGE('',*,*,#2315,.T.);
#3105=ORIENTED_EDGE('',*,*,#2316,.T.);
#3106=ORIENTED_EDGE('',*,*,#2317,.T.);
#3107=ORIENTED_EDGE('',*,*,#2318,.T.);
#3108=ORIENTED_EDGE('',*,*,#2267,.F.);
#3109=ORIENTED_EDGE('',*,*,#2318,.F.);
#3110=ORIENTED_EDGE('',*,*,#2319,.T.);
#3111=ORIENTED_EDGE('',*,*,#2320,.F.);
#3112=ORIENTED_EDGE('',*,*,#2321,.T.);
#3113=ORIENTED_EDGE('',*,*,#2322,.T.);
#3114=ORIENTED_EDGE('',*,*,#2268,.F.);
#3115=ORIENTED_EDGE('',*,*,#2322,.F.);
#3116=ORIENTED_EDGE('',*,*,#2323,.F.);
#3117=ORIENTED_EDGE('',*,*,#2324,.F.);
#3118=ORIENTED_EDGE('',*,*,#2269,.F.);
#3119=ORIENTED_EDGE('',*,*,#2324,.T.);
#3120=ORIENTED_EDGE('',*,*,#2325,.T.);
#3121=ORIENTED_EDGE('',*,*,#2326,.T.);
#3122=ORIENTED_EDGE('',*,*,#2107,.F.);
#3123=ORIENTED_EDGE('',*,*,#2170,.F.);
#3124=ORIENTED_EDGE('',*,*,#2179,.F.);
#3125=ORIENTED_EDGE('',*,*,#2270,.F.);
#3126=ORIENTED_EDGE('',*,*,#2326,.F.);
#3127=ORIENTED_EDGE('',*,*,#2327,.T.);
#3128=ORIENTED_EDGE('',*,*,#2328,.T.);
#3129=ORIENTED_EDGE('',*,*,#2108,.F.);
#3130=ORIENTED_EDGE('',*,*,#2329,.T.);
#3131=ORIENTED_EDGE('',*,*,#2330,.T.);
#3132=ORIENTED_EDGE('',*,*,#2331,.T.);
#3133=ORIENTED_EDGE('',*,*,#2332,.T.);
#3134=ORIENTED_EDGE('',*,*,#2333,.T.);
#3135=ORIENTED_EDGE('',*,*,#2334,.T.);
#3136=ORIENTED_EDGE('',*,*,#2335,.T.);
#3137=ORIENTED_EDGE('',*,*,#2336,.T.);
#3138=ORIENTED_EDGE('',*,*,#2337,.T.);
#3139=ORIENTED_EDGE('',*,*,#2338,.T.);
#3140=ORIENTED_EDGE('',*,*,#2339,.T.);
#3141=ORIENTED_EDGE('',*,*,#2340,.T.);
#3142=ORIENTED_EDGE('',*,*,#2341,.T.);
#3143=ORIENTED_EDGE('',*,*,#2342,.T.);
#3144=ORIENTED_EDGE('',*,*,#2343,.T.);
#3145=ORIENTED_EDGE('',*,*,#2344,.T.);
#3146=ORIENTED_EDGE('',*,*,#2345,.T.);
#3147=ORIENTED_EDGE('',*,*,#2346,.T.);
#3148=ORIENTED_EDGE('',*,*,#2347,.T.);
#3149=ORIENTED_EDGE('',*,*,#2348,.T.);
#3150=ORIENTED_EDGE('',*,*,#2045,.F.);
#3151=ORIENTED_EDGE('',*,*,#2013,.T.);
#3152=ORIENTED_EDGE('',*,*,#2059,.F.);
#3153=ORIENTED_EDGE('',*,*,#2020,.T.);
#3154=ORIENTED_EDGE('',*,*,#2060,.F.);
#3155=ORIENTED_EDGE('',*,*,#2036,.T.);
#3156=ORIENTED_EDGE('',*,*,#2046,.F.);
#3157=ORIENTED_EDGE('',*,*,#2027,.T.);
#3158=ORIENTED_EDGE('',*,*,#2275,.F.);
#3159=ORIENTED_EDGE('',*,*,#2278,.F.);
#3160=ORIENTED_EDGE('',*,*,#2281,.F.);
#3161=ORIENTED_EDGE('',*,*,#2284,.F.);
#3162=ORIENTED_EDGE('',*,*,#2349,.T.);
#3163=ORIENTED_EDGE('',*,*,#2350,.T.);
#3164=ORIENTED_EDGE('',*,*,#2351,.T.);
#3165=ORIENTED_EDGE('',*,*,#2352,.T.);
#3166=ORIENTED_EDGE('',*,*,#2331,.F.);
#3167=ORIENTED_EDGE('',*,*,#2353,.F.);
#3168=ORIENTED_EDGE('',*,*,#2354,.F.);
#3169=ORIENTED_EDGE('',*,*,#2355,.F.);
#3170=ORIENTED_EDGE('',*,*,#2332,.F.);
#3171=ORIENTED_EDGE('',*,*,#2355,.T.);
#3172=ORIENTED_EDGE('',*,*,#2356,.T.);
#3173=ORIENTED_EDGE('',*,*,#2357,.T.);
#3174=ORIENTED_EDGE('',*,*,#2333,.F.);
#3175=ORIENTED_EDGE('',*,*,#2357,.F.);
#3176=ORIENTED_EDGE('',*,*,#2358,.F.);
#3177=ORIENTED_EDGE('',*,*,#2359,.F.);
#3178=ORIENTED_EDGE('',*,*,#2334,.F.);
#3179=ORIENTED_EDGE('',*,*,#2359,.T.);
#3180=ORIENTED_EDGE('',*,*,#2360,.T.);
#3181=ORIENTED_EDGE('',*,*,#2361,.T.);
#3182=ORIENTED_EDGE('',*,*,#2335,.F.);
#3183=ORIENTED_EDGE('',*,*,#2361,.F.);
#3184=ORIENTED_EDGE('',*,*,#2362,.F.);
#3185=ORIENTED_EDGE('',*,*,#2363,.F.);
#3186=ORIENTED_EDGE('',*,*,#2336,.F.);
#3187=ORIENTED_EDGE('',*,*,#2363,.T.);
#3188=ORIENTED_EDGE('',*,*,#2364,.T.);
#3189=ORIENTED_EDGE('',*,*,#2365,.T.);
#3190=ORIENTED_EDGE('',*,*,#2337,.F.);
#3191=ORIENTED_EDGE('',*,*,#2365,.F.);
#3192=ORIENTED_EDGE('',*,*,#2366,.F.);
#3193=ORIENTED_EDGE('',*,*,#2367,.F.);
#3194=ORIENTED_EDGE('',*,*,#2338,.F.);
#3195=ORIENTED_EDGE('',*,*,#2367,.T.);
#3196=ORIENTED_EDGE('',*,*,#2368,.T.);
#3197=ORIENTED_EDGE('',*,*,#2369,.T.);
#3198=ORIENTED_EDGE('',*,*,#2339,.F.);
#3199=ORIENTED_EDGE('',*,*,#2369,.F.);
#3200=ORIENTED_EDGE('',*,*,#2370,.F.);
#3201=ORIENTED_EDGE('',*,*,#2371,.F.);
#3202=ORIENTED_EDGE('',*,*,#2340,.F.);
#3203=ORIENTED_EDGE('',*,*,#2371,.T.);
#3204=ORIENTED_EDGE('',*,*,#2372,.T.);
#3205=ORIENTED_EDGE('',*,*,#2373,.T.);
#3206=ORIENTED_EDGE('',*,*,#2374,.F.);
#3207=ORIENTED_EDGE('',*,*,#2375,.T.);
#3208=ORIENTED_EDGE('',*,*,#2376,.F.);
#3209=ORIENTED_EDGE('',*,*,#2377,.T.);
#3210=ORIENTED_EDGE('',*,*,#2378,.F.);
#3211=ORIENTED_EDGE('',*,*,#2379,.T.);
#3212=ORIENTED_EDGE('',*,*,#2250,.F.);
#3213=ORIENTED_EDGE('',*,*,#2380,.F.);
#3214=ORIENTED_EDGE('',*,*,#2381,.T.);
#3215=ORIENTED_EDGE('',*,*,#2382,.T.);
#3216=ORIENTED_EDGE('',*,*,#2251,.F.);
#3217=ORIENTED_EDGE('',*,*,#2382,.F.);
#3218=ORIENTED_EDGE('',*,*,#2383,.F.);
#3219=ORIENTED_EDGE('',*,*,#2237,.F.);
#3220=ORIENTED_EDGE('',*,*,#2384,.F.);
#3221=ORIENTED_EDGE('',*,*,#2385,.T.);
#3222=ORIENTED_EDGE('',*,*,#2352,.F.);
#3223=ORIENTED_EDGE('',*,*,#2385,.F.);
#3224=ORIENTED_EDGE('',*,*,#2384,.T.);
#3225=ORIENTED_EDGE('',*,*,#2386,.T.);
#3226=ORIENTED_EDGE('',*,*,#2387,.F.);
#3227=ORIENTED_EDGE('',*,*,#2388,.T.);
#3228=ORIENTED_EDGE('',*,*,#2351,.F.);
#3229=ORIENTED_EDGE('',*,*,#2388,.F.);
#3230=ORIENTED_EDGE('',*,*,#2387,.T.);
#3231=ORIENTED_EDGE('',*,*,#2389,.T.);
#3232=ORIENTED_EDGE('',*,*,#2390,.F.);
#3233=ORIENTED_EDGE('',*,*,#2391,.T.);
#3234=ORIENTED_EDGE('',*,*,#2350,.F.);
#3235=ORIENTED_EDGE('',*,*,#2391,.F.);
#3236=ORIENTED_EDGE('',*,*,#2390,.T.);
#3237=ORIENTED_EDGE('',*,*,#2392,.T.);
#3238=ORIENTED_EDGE('',*,*,#2393,.F.);
#3239=ORIENTED_EDGE('',*,*,#2394,.T.);
#3240=ORIENTED_EDGE('',*,*,#2349,.F.);
#3241=ORIENTED_EDGE('',*,*,#2394,.F.);
#3242=ORIENTED_EDGE('',*,*,#2393,.T.);
#3243=ORIENTED_EDGE('',*,*,#2395,.T.);
#3244=ORIENTED_EDGE('',*,*,#2396,.T.);
#3245=ORIENTED_EDGE('',*,*,#2397,.T.);
#3246=ORIENTED_EDGE('',*,*,#2389,.F.);
#3247=ORIENTED_EDGE('',*,*,#2397,.F.);
#3248=ORIENTED_EDGE('',*,*,#2398,.T.);
#3249=ORIENTED_EDGE('',*,*,#2399,.T.);
#3250=ORIENTED_EDGE('',*,*,#2392,.F.);
#3251=ORIENTED_EDGE('',*,*,#2399,.F.);
#3252=ORIENTED_EDGE('',*,*,#2400,.T.);
#3253=ORIENTED_EDGE('',*,*,#2401,.T.);
#3254=ORIENTED_EDGE('',*,*,#2386,.F.);
#3255=ORIENTED_EDGE('',*,*,#2401,.F.);
#3256=ORIENTED_EDGE('',*,*,#2402,.T.);
#3257=ORIENTED_EDGE('',*,*,#2403,.T.);
#3258=ORIENTED_EDGE('',*,*,#2395,.F.);
#3259=ORIENTED_EDGE('',*,*,#2403,.F.);
#3260=ORIENTED_EDGE('',*,*,#2345,.F.);
#3261=ORIENTED_EDGE('',*,*,#2404,.F.);
#3262=ORIENTED_EDGE('',*,*,#2405,.F.);
#3263=ORIENTED_EDGE('',*,*,#2406,.F.);
#3264=ORIENTED_EDGE('',*,*,#2344,.F.);
#3265=ORIENTED_EDGE('',*,*,#2407,.T.);
#3266=ORIENTED_EDGE('',*,*,#2408,.T.);
#3267=ORIENTED_EDGE('',*,*,#2404,.T.);
#3268=ORIENTED_EDGE('',*,*,#2405,.T.);
#3269=ORIENTED_EDGE('',*,*,#2408,.F.);
#3270=ORIENTED_EDGE('',*,*,#2409,.T.);
#3271=ORIENTED_EDGE('',*,*,#2410,.F.);
#3272=ORIENTED_EDGE('',*,*,#2411,.T.);
#3273=ORIENTED_EDGE('',*,*,#2372,.F.);
#3274=ORIENTED_EDGE('',*,*,#2370,.T.);
#3275=ORIENTED_EDGE('',*,*,#2368,.F.);
#3276=ORIENTED_EDGE('',*,*,#2366,.T.);
#3277=ORIENTED_EDGE('',*,*,#2364,.F.);
#3278=ORIENTED_EDGE('',*,*,#2362,.T.);
#3279=ORIENTED_EDGE('',*,*,#2360,.F.);
#3280=ORIENTED_EDGE('',*,*,#2358,.T.);
#3281=ORIENTED_EDGE('',*,*,#2356,.F.);
#3282=ORIENTED_EDGE('',*,*,#2354,.T.);
#3283=ORIENTED_EDGE('',*,*,#2412,.F.);
#3284=ORIENTED_EDGE('',*,*,#2413,.T.);
#3285=ORIENTED_EDGE('',*,*,#2414,.F.);
#3286=ORIENTED_EDGE('',*,*,#2415,.T.);
#3287=ORIENTED_EDGE('',*,*,#2416,.F.);
#3288=ORIENTED_EDGE('',*,*,#2396,.F.);
#3289=ORIENTED_EDGE('',*,*,#2398,.F.);
#3290=ORIENTED_EDGE('',*,*,#2400,.F.);
#3291=ORIENTED_EDGE('',*,*,#2402,.F.);
#3292=ORIENTED_EDGE('',*,*,#2417,.F.);
#3293=ORIENTED_EDGE('',*,*,#2418,.F.);
#3294=ORIENTED_EDGE('',*,*,#2419,.T.);
#3295=ORIENTED_EDGE('',*,*,#2420,.F.);
#3296=ORIENTED_EDGE('',*,*,#2421,.T.);
#3297=ORIENTED_EDGE('',*,*,#2422,.F.);
#3298=ORIENTED_EDGE('',*,*,#2423,.F.);
#3299=ORIENTED_EDGE('',*,*,#2424,.T.);
#3300=ORIENTED_EDGE('',*,*,#2327,.F.);
#3301=ORIENTED_EDGE('',*,*,#2325,.F.);
#3302=ORIENTED_EDGE('',*,*,#2323,.T.);
#3303=ORIENTED_EDGE('',*,*,#2321,.F.);
#3304=ORIENTED_EDGE('',*,*,#2425,.F.);
#3305=ORIENTED_EDGE('',*,*,#2426,.T.);
#3306=ORIENTED_EDGE('',*,*,#2427,.F.);
#3307=ORIENTED_EDGE('',*,*,#2428,.T.);
#3308=ORIENTED_EDGE('',*,*,#2315,.F.);
#3309=ORIENTED_EDGE('',*,*,#2313,.T.);
#3310=ORIENTED_EDGE('',*,*,#2311,.F.);
#3311=ORIENTED_EDGE('',*,*,#2309,.T.);
#3312=ORIENTED_EDGE('',*,*,#2307,.F.);
#3313=ORIENTED_EDGE('',*,*,#2429,.T.);
#3314=ORIENTED_EDGE('',*,*,#2430,.F.);
#3315=ORIENTED_EDGE('',*,*,#2431,.T.);
#3316=ORIENTED_EDGE('',*,*,#2432,.F.);
#3317=ORIENTED_EDGE('',*,*,#2301,.F.);
#3318=ORIENTED_EDGE('',*,*,#2299,.T.);
#3319=ORIENTED_EDGE('',*,*,#2297,.F.);
#3320=ORIENTED_EDGE('',*,*,#2295,.F.);
#3321=ORIENTED_EDGE('',*,*,#2293,.T.);
#3322=ORIENTED_EDGE('',*,*,#2291,.F.);
#3323=ORIENTED_EDGE('',*,*,#2289,.F.);
#3324=ORIENTED_EDGE('',*,*,#2287,.T.);
#3325=ORIENTED_EDGE('',*,*,#2242,.F.);
#3326=ORIENTED_EDGE('',*,*,#2433,.F.);
#3327=ORIENTED_EDGE('',*,*,#2434,.T.);
#3328=ORIENTED_EDGE('',*,*,#2435,.F.);
#3329=ORIENTED_EDGE('',*,*,#2436,.T.);
#3330=ORIENTED_EDGE('',*,*,#2437,.F.);
#3331=ORIENTED_EDGE('',*,*,#2238,.F.);
#3332=ORIENTED_EDGE('',*,*,#2383,.T.);
#3333=ORIENTED_EDGE('',*,*,#2381,.F.);
#3334=ORIENTED_EDGE('',*,*,#2438,.F.);
#3335=ORIENTED_EDGE('',*,*,#2439,.T.);
#3336=ORIENTED_EDGE('',*,*,#2233,.F.);
#3337=ORIENTED_EDGE('',*,*,#2440,.F.);
#3338=ORIENTED_EDGE('',*,*,#2441,.T.);
#3339=ORIENTED_EDGE('',*,*,#2228,.F.);
#3340=ORIENTED_EDGE('',*,*,#2442,.F.);
#3341=ORIENTED_EDGE('',*,*,#2443,.T.);
#3342=ORIENTED_EDGE('',*,*,#2444,.F.);
#3343=ORIENTED_EDGE('',*,*,#2445,.T.);
#3344=ORIENTED_EDGE('',*,*,#2446,.F.);
#3345=ORIENTED_EDGE('',*,*,#2224,.F.);
#3346=ORIENTED_EDGE('',*,*,#2220,.F.);
#3347=ORIENTED_EDGE('',*,*,#2447,.F.);
#3348=ORIENTED_EDGE('',*,*,#2448,.T.);
#3349=ORIENTED_EDGE('',*,*,#2449,.F.);
#3350=ORIENTED_EDGE('',*,*,#2450,.T.);
#3351=ORIENTED_EDGE('',*,*,#2451,.F.);
#3352=ORIENTED_EDGE('',*,*,#2216,.F.);
#3353=ORIENTED_EDGE('',*,*,#2452,.T.);
#3354=ORIENTED_EDGE('',*,*,#2453,.F.);
#3355=ORIENTED_EDGE('',*,*,#2454,.F.);
#3356=ORIENTED_EDGE('',*,*,#2455,.T.);
#3357=ORIENTED_EDGE('',*,*,#2456,.F.);
#3358=ORIENTED_EDGE('',*,*,#2457,.T.);
#3359=ORIENTED_EDGE('',*,*,#2347,.F.);
#3360=ORIENTED_EDGE('',*,*,#2458,.F.);
#3361=ORIENTED_EDGE('',*,*,#2415,.F.);
#3362=ORIENTED_EDGE('',*,*,#2459,.F.);
#3363=ORIENTED_EDGE('',*,*,#2348,.F.);
#3364=ORIENTED_EDGE('',*,*,#2459,.T.);
#3365=ORIENTED_EDGE('',*,*,#2414,.T.);
#3366=ORIENTED_EDGE('',*,*,#2460,.T.);
#3367=ORIENTED_EDGE('',*,*,#2329,.F.);
#3368=ORIENTED_EDGE('',*,*,#2460,.F.);
#3369=ORIENTED_EDGE('',*,*,#2413,.F.);
#3370=ORIENTED_EDGE('',*,*,#2461,.F.);
#3371=ORIENTED_EDGE('',*,*,#2341,.F.);
#3372=ORIENTED_EDGE('',*,*,#2379,.F.);
#3373=ORIENTED_EDGE('',*,*,#2462,.T.);
#3374=ORIENTED_EDGE('',*,*,#2463,.F.);
#3375=ORIENTED_EDGE('',*,*,#2464,.F.);
#3376=ORIENTED_EDGE('',*,*,#2465,.F.);
#3377=ORIENTED_EDGE('',*,*,#2466,.T.);
#3378=ORIENTED_EDGE('',*,*,#2373,.F.);
#3379=ORIENTED_EDGE('',*,*,#2411,.F.);
#3380=ORIENTED_EDGE('',*,*,#2467,.F.);
#3381=ORIENTED_EDGE('',*,*,#2343,.F.);
#3382=ORIENTED_EDGE('',*,*,#2468,.F.);
#3383=ORIENTED_EDGE('',*,*,#2409,.F.);
#3384=ORIENTED_EDGE('',*,*,#2407,.F.);
#3385=ORIENTED_EDGE('',*,*,#2342,.F.);
#3386=ORIENTED_EDGE('',*,*,#2467,.T.);
#3387=ORIENTED_EDGE('',*,*,#2410,.T.);
#3388=ORIENTED_EDGE('',*,*,#2468,.T.);
#3389=ORIENTED_EDGE('',*,*,#2469,.F.);
#3390=ORIENTED_EDGE('',*,*,#2470,.F.);
#3391=ORIENTED_EDGE('',*,*,#2434,.F.);
#3392=ORIENTED_EDGE('',*,*,#2471,.F.);
#3393=ORIENTED_EDGE('',*,*,#2469,.T.);
#3394=ORIENTED_EDGE('',*,*,#2472,.F.);
#3395=ORIENTED_EDGE('',*,*,#2240,.F.);
#3396=ORIENTED_EDGE('',*,*,#2473,.F.);
#3397=ORIENTED_EDGE('',*,*,#2474,.T.);
#3398=ORIENTED_EDGE('',*,*,#2475,.F.);
#3399=ORIENTED_EDGE('',*,*,#2470,.T.);
#3400=ORIENTED_EDGE('',*,*,#2475,.T.);
#3401=ORIENTED_EDGE('',*,*,#2476,.T.);
#3402=ORIENTED_EDGE('',*,*,#2435,.T.);
#3403=ORIENTED_EDGE('',*,*,#2474,.F.);
#3404=ORIENTED_EDGE('',*,*,#2477,.F.);
#3405=ORIENTED_EDGE('',*,*,#2436,.F.);
#3406=ORIENTED_EDGE('',*,*,#2476,.F.);
#3407=ORIENTED_EDGE('',*,*,#2477,.T.);
#3408=ORIENTED_EDGE('',*,*,#2473,.T.);
#3409=ORIENTED_EDGE('',*,*,#2239,.F.);
#3410=ORIENTED_EDGE('',*,*,#2437,.T.);
#3411=ORIENTED_EDGE('',*,*,#2478,.F.);
#3412=ORIENTED_EDGE('',*,*,#2479,.F.);
#3413=ORIENTED_EDGE('',*,*,#2443,.F.);
#3414=ORIENTED_EDGE('',*,*,#2480,.F.);
#3415=ORIENTED_EDGE('',*,*,#2480,.T.);
#3416=ORIENTED_EDGE('',*,*,#2442,.T.);
#3417=ORIENTED_EDGE('',*,*,#2227,.T.);
#3418=ORIENTED_EDGE('',*,*,#2481,.T.);
#3419=ORIENTED_EDGE('',*,*,#2478,.T.);
#3420=ORIENTED_EDGE('',*,*,#2481,.F.);
#3421=ORIENTED_EDGE('',*,*,#2226,.F.);
#3422=ORIENTED_EDGE('',*,*,#2482,.F.);
#3423=ORIENTED_EDGE('',*,*,#2483,.T.);
#3424=ORIENTED_EDGE('',*,*,#2484,.F.);
#3425=ORIENTED_EDGE('',*,*,#2483,.F.);
#3426=ORIENTED_EDGE('',*,*,#2485,.F.);
#3427=ORIENTED_EDGE('',*,*,#2445,.F.);
#3428=ORIENTED_EDGE('',*,*,#2486,.F.);
#3429=ORIENTED_EDGE('',*,*,#2485,.T.);
#3430=ORIENTED_EDGE('',*,*,#2482,.T.);
#3431=ORIENTED_EDGE('',*,*,#2225,.F.);
#3432=ORIENTED_EDGE('',*,*,#2446,.T.);
#3433=ORIENTED_EDGE('',*,*,#2487,.F.);
#3434=ORIENTED_EDGE('',*,*,#2488,.F.);
#3435=ORIENTED_EDGE('',*,*,#2448,.F.);
#3436=ORIENTED_EDGE('',*,*,#2489,.F.);
#3437=ORIENTED_EDGE('',*,*,#2489,.T.);
#3438=ORIENTED_EDGE('',*,*,#2447,.T.);
#3439=ORIENTED_EDGE('',*,*,#2219,.T.);
#3440=ORIENTED_EDGE('',*,*,#2490,.T.);
#3441=ORIENTED_EDGE('',*,*,#2487,.T.);
#3442=ORIENTED_EDGE('',*,*,#2490,.F.);
#3443=ORIENTED_EDGE('',*,*,#2218,.F.);
#3444=ORIENTED_EDGE('',*,*,#2491,.F.);
#3445=ORIENTED_EDGE('',*,*,#2492,.T.);
#3446=ORIENTED_EDGE('',*,*,#2493,.F.);
#3447=ORIENTED_EDGE('',*,*,#2492,.F.);
#3448=ORIENTED_EDGE('',*,*,#2494,.F.);
#3449=ORIENTED_EDGE('',*,*,#2450,.F.);
#3450=ORIENTED_EDGE('',*,*,#2495,.F.);
#3451=ORIENTED_EDGE('',*,*,#2494,.T.);
#3452=ORIENTED_EDGE('',*,*,#2491,.T.);
#3453=ORIENTED_EDGE('',*,*,#2217,.F.);
#3454=ORIENTED_EDGE('',*,*,#2451,.T.);
#3455=ORIENTED_EDGE('',*,*,#2496,.F.);
#3456=ORIENTED_EDGE('',*,*,#2497,.F.);
#3457=ORIENTED_EDGE('',*,*,#2455,.F.);
#3458=ORIENTED_EDGE('',*,*,#2498,.F.);
#3459=ORIENTED_EDGE('',*,*,#2498,.T.);
#3460=ORIENTED_EDGE('',*,*,#2454,.T.);
#3461=ORIENTED_EDGE('',*,*,#2499,.T.);
#3462=ORIENTED_EDGE('',*,*,#2500,.T.);
#3463=ORIENTED_EDGE('',*,*,#2496,.T.);
#3464=ORIENTED_EDGE('',*,*,#2500,.F.);
#3465=ORIENTED_EDGE('',*,*,#2501,.F.);
#3466=ORIENTED_EDGE('',*,*,#2502,.F.);
#3467=ORIENTED_EDGE('',*,*,#2503,.T.);
#3468=ORIENTED_EDGE('',*,*,#2504,.F.);
#3469=ORIENTED_EDGE('',*,*,#2503,.F.);
#3470=ORIENTED_EDGE('',*,*,#2505,.F.);
#3471=ORIENTED_EDGE('',*,*,#2457,.F.);
#3472=ORIENTED_EDGE('',*,*,#2506,.F.);
#3473=ORIENTED_EDGE('',*,*,#2505,.T.);
#3474=ORIENTED_EDGE('',*,*,#2502,.T.);
#3475=ORIENTED_EDGE('',*,*,#2507,.F.);
#3476=ORIENTED_EDGE('',*,*,#2417,.T.);
#3477=ORIENTED_EDGE('',*,*,#2508,.F.);
#3478=ORIENTED_EDGE('',*,*,#2509,.F.);
#3479=ORIENTED_EDGE('',*,*,#2426,.F.);
#3480=ORIENTED_EDGE('',*,*,#2510,.F.);
#3481=ORIENTED_EDGE('',*,*,#2508,.T.);
#3482=ORIENTED_EDGE('',*,*,#2511,.F.);
#3483=ORIENTED_EDGE('',*,*,#2319,.F.);
#3484=ORIENTED_EDGE('',*,*,#2317,.F.);
#3485=ORIENTED_EDGE('',*,*,#2512,.T.);
#3486=ORIENTED_EDGE('',*,*,#2513,.F.);
#3487=ORIENTED_EDGE('',*,*,#2509,.T.);
#3488=ORIENTED_EDGE('',*,*,#2513,.T.);
#3489=ORIENTED_EDGE('',*,*,#2514,.T.);
#3490=ORIENTED_EDGE('',*,*,#2427,.T.);
#3491=ORIENTED_EDGE('',*,*,#2512,.F.);
#3492=ORIENTED_EDGE('',*,*,#2316,.F.);
#3493=ORIENTED_EDGE('',*,*,#2428,.F.);
#3494=ORIENTED_EDGE('',*,*,#2514,.F.);
#3495=ORIENTED_EDGE('',*,*,#2515,.F.);
#3496=ORIENTED_EDGE('',*,*,#2516,.F.);
#3497=ORIENTED_EDGE('',*,*,#2429,.F.);
#3498=ORIENTED_EDGE('',*,*,#2306,.F.);
#3499=ORIENTED_EDGE('',*,*,#2515,.T.);
#3500=ORIENTED_EDGE('',*,*,#2305,.F.);
#3501=ORIENTED_EDGE('',*,*,#2303,.F.);
#3502=ORIENTED_EDGE('',*,*,#2517,.F.);
#3503=ORIENTED_EDGE('',*,*,#2518,.T.);
#3504=ORIENTED_EDGE('',*,*,#2519,.F.);
#3505=ORIENTED_EDGE('',*,*,#2518,.F.);
#3506=ORIENTED_EDGE('',*,*,#2520,.F.);
#3507=ORIENTED_EDGE('',*,*,#2431,.F.);
#3508=ORIENTED_EDGE('',*,*,#2521,.F.);
#3509=ORIENTED_EDGE('',*,*,#2520,.T.);
#3510=ORIENTED_EDGE('',*,*,#2517,.T.);
#3511=ORIENTED_EDGE('',*,*,#2302,.F.);
#3512=ORIENTED_EDGE('',*,*,#2432,.T.);
#3513=ORIENTED_EDGE('',*,*,#2272,.F.);
#3514=ORIENTED_EDGE('',*,*,#2522,.F.);
#3515=ORIENTED_EDGE('',*,*,#2419,.F.);
#3516=ORIENTED_EDGE('',*,*,#2523,.F.);
#3517=ORIENTED_EDGE('',*,*,#2196,.F.);
#3518=ORIENTED_EDGE('',*,*,#2141,.F.);
#3519=ORIENTED_EDGE('',*,*,#2174,.F.);
#3520=ORIENTED_EDGE('',*,*,#2120,.F.);
#3521=ORIENTED_EDGE('',*,*,#2119,.F.);
#3522=ORIENTED_EDGE('',*,*,#2139,.F.);
#3523=ORIENTED_EDGE('',*,*,#2116,.F.);
#3524=ORIENTED_EDGE('',*,*,#2113,.F.);
#3525=ORIENTED_EDGE('',*,*,#2524,.T.);
#3526=ORIENTED_EDGE('',*,*,#2420,.T.);
#3527=ORIENTED_EDGE('',*,*,#2522,.T.);
#3528=ORIENTED_EDGE('',*,*,#2271,.F.);
#3529=ORIENTED_EDGE('',*,*,#2274,.F.);
#3530=ORIENTED_EDGE('',*,*,#2525,.F.);
#3531=ORIENTED_EDGE('',*,*,#2452,.F.);
#3532=ORIENTED_EDGE('',*,*,#2215,.F.);
#3533=ORIENTED_EDGE('',*,*,#2273,.F.);
#3534=ORIENTED_EDGE('',*,*,#2523,.T.);
#3535=ORIENTED_EDGE('',*,*,#2418,.T.);
#3536=ORIENTED_EDGE('',*,*,#2507,.T.);
#3537=ORIENTED_EDGE('',*,*,#2501,.T.);
#3538=ORIENTED_EDGE('',*,*,#2499,.F.);
#3539=ORIENTED_EDGE('',*,*,#2453,.T.);
#3540=ORIENTED_EDGE('',*,*,#2525,.T.);
#3541=ORIENTED_EDGE('',*,*,#2246,.F.);
#3542=ORIENTED_EDGE('',*,*,#2229,.F.);
#3543=ORIENTED_EDGE('',*,*,#2441,.F.);
#3544=ORIENTED_EDGE('',*,*,#2526,.F.);
#3545=ORIENTED_EDGE('',*,*,#2248,.F.);
#3546=ORIENTED_EDGE('',*,*,#2234,.F.);
#3547=ORIENTED_EDGE('',*,*,#2439,.F.);
#3548=ORIENTED_EDGE('',*,*,#2527,.F.);
#3549=ORIENTED_EDGE('',*,*,#2112,.F.);
#3550=ORIENTED_EDGE('',*,*,#2528,.F.);
#3551=ORIENTED_EDGE('',*,*,#2421,.F.);
#3552=ORIENTED_EDGE('',*,*,#2524,.F.);
#3553=ORIENTED_EDGE('',*,*,#2111,.F.);
#3554=ORIENTED_EDGE('',*,*,#2529,.F.);
#3555=ORIENTED_EDGE('',*,*,#2422,.T.);
#3556=ORIENTED_EDGE('',*,*,#2528,.T.);
#3557=ORIENTED_EDGE('',*,*,#2530,.F.);
#3558=ORIENTED_EDGE('',*,*,#2531,.T.);
#3559=ORIENTED_EDGE('',*,*,#2532,.F.);
#3560=ORIENTED_EDGE('',*,*,#2533,.T.);
#3561=ORIENTED_EDGE('',*,*,#2534,.F.);
#3562=ORIENTED_EDGE('',*,*,#2535,.T.);
#3563=ORIENTED_EDGE('',*,*,#2536,.F.);
#3564=ORIENTED_EDGE('',*,*,#2537,.T.);
#3565=ORIENTED_EDGE('',*,*,#2109,.F.);
#3566=ORIENTED_EDGE('',*,*,#2328,.F.);
#3567=ORIENTED_EDGE('',*,*,#2424,.F.);
#3568=ORIENTED_EDGE('',*,*,#2538,.F.);
#3569=ORIENTED_EDGE('',*,*,#2497,.T.);
#3570=ORIENTED_EDGE('',*,*,#2504,.T.);
#3571=ORIENTED_EDGE('',*,*,#2506,.T.);
#3572=ORIENTED_EDGE('',*,*,#2456,.T.);
#3573=ORIENTED_EDGE('',*,*,#2510,.T.);
#3574=ORIENTED_EDGE('',*,*,#2425,.T.);
#3575=ORIENTED_EDGE('',*,*,#2320,.T.);
#3576=ORIENTED_EDGE('',*,*,#2511,.T.);
#3577=ORIENTED_EDGE('',*,*,#2471,.T.);
#3578=ORIENTED_EDGE('',*,*,#2433,.T.);
#3579=ORIENTED_EDGE('',*,*,#2241,.T.);
#3580=ORIENTED_EDGE('',*,*,#2472,.T.);
#3581=ORIENTED_EDGE('',*,*,#2488,.T.);
#3582=ORIENTED_EDGE('',*,*,#2493,.T.);
#3583=ORIENTED_EDGE('',*,*,#2495,.T.);
#3584=ORIENTED_EDGE('',*,*,#2449,.T.);
#3585=ORIENTED_EDGE('',*,*,#2516,.T.);
#3586=ORIENTED_EDGE('',*,*,#2519,.T.);
#3587=ORIENTED_EDGE('',*,*,#2521,.T.);
#3588=ORIENTED_EDGE('',*,*,#2430,.T.);
#3589=ORIENTED_EDGE('',*,*,#2479,.T.);
#3590=ORIENTED_EDGE('',*,*,#2484,.T.);
#3591=ORIENTED_EDGE('',*,*,#2486,.T.);
#3592=ORIENTED_EDGE('',*,*,#2444,.T.);
#3593=ORIENTED_EDGE('',*,*,#2535,.F.);
#3594=ORIENTED_EDGE('',*,*,#2539,.F.);
#3595=ORIENTED_EDGE('',*,*,#2540,.F.);
#3596=ORIENTED_EDGE('',*,*,#2541,.F.);
#3597=ORIENTED_EDGE('',*,*,#2541,.T.);
#3598=ORIENTED_EDGE('',*,*,#2542,.F.);
#3599=ORIENTED_EDGE('',*,*,#2543,.T.);
#3600=ORIENTED_EDGE('',*,*,#2536,.T.);
#3601=ORIENTED_EDGE('',*,*,#2533,.F.);
#3602=ORIENTED_EDGE('',*,*,#2544,.F.);
#3603=ORIENTED_EDGE('',*,*,#2545,.F.);
#3604=ORIENTED_EDGE('',*,*,#2546,.F.);
#3605=ORIENTED_EDGE('',*,*,#2539,.T.);
#3606=ORIENTED_EDGE('',*,*,#2534,.T.);
#3607=ORIENTED_EDGE('',*,*,#2546,.T.);
#3608=ORIENTED_EDGE('',*,*,#2547,.F.);
#3609=ORIENTED_EDGE('',*,*,#2537,.F.);
#3610=ORIENTED_EDGE('',*,*,#2543,.F.);
#3611=ORIENTED_EDGE('',*,*,#2548,.F.);
#3612=ORIENTED_EDGE('',*,*,#2549,.F.);
#3613=ORIENTED_EDGE('',*,*,#2549,.T.);
#3614=ORIENTED_EDGE('',*,*,#2550,.F.);
#3615=ORIENTED_EDGE('',*,*,#2551,.T.);
#3616=ORIENTED_EDGE('',*,*,#2530,.T.);
#3617=ORIENTED_EDGE('',*,*,#2531,.F.);
#3618=ORIENTED_EDGE('',*,*,#2551,.F.);
#3619=ORIENTED_EDGE('',*,*,#2552,.F.);
#3620=ORIENTED_EDGE('',*,*,#2553,.F.);
#3621=ORIENTED_EDGE('',*,*,#2544,.T.);
#3622=ORIENTED_EDGE('',*,*,#2532,.T.);
#3623=ORIENTED_EDGE('',*,*,#2553,.T.);
#3624=ORIENTED_EDGE('',*,*,#2554,.F.);
#3625=ORIENTED_EDGE('',*,*,#2555,.T.);
#3626=ORIENTED_EDGE('',*,*,#2556,.F.);
#3627=ORIENTED_EDGE('',*,*,#2377,.F.);
#3628=ORIENTED_EDGE('',*,*,#2557,.F.);
#3629=ORIENTED_EDGE('',*,*,#2557,.T.);
#3630=ORIENTED_EDGE('',*,*,#2376,.T.);
#3631=ORIENTED_EDGE('',*,*,#2558,.T.);
#3632=ORIENTED_EDGE('',*,*,#2559,.T.);
#3633=ORIENTED_EDGE('',*,*,#2560,.T.);
#3634=ORIENTED_EDGE('',*,*,#2561,.F.);
#3635=ORIENTED_EDGE('',*,*,#2463,.T.);
#3636=ORIENTED_EDGE('',*,*,#2562,.F.);
#3637=ORIENTED_EDGE('',*,*,#2555,.F.);
#3638=ORIENTED_EDGE('',*,*,#2559,.F.);
#3639=ORIENTED_EDGE('',*,*,#2563,.F.);
#3640=ORIENTED_EDGE('',*,*,#2564,.F.);
#3641=ORIENTED_EDGE('',*,*,#2565,.F.);
#3642=ORIENTED_EDGE('',*,*,#2566,.F.);
#3643=ORIENTED_EDGE('',*,*,#2560,.F.);
#3644=ORIENTED_EDGE('',*,*,#2567,.F.);
#3645=ORIENTED_EDGE('',*,*,#2542,.T.);
#3646=ORIENTED_EDGE('',*,*,#2540,.T.);
#3647=ORIENTED_EDGE('',*,*,#2547,.T.);
#3648=ORIENTED_EDGE('',*,*,#2545,.T.);
#3649=ORIENTED_EDGE('',*,*,#2554,.T.);
#3650=ORIENTED_EDGE('',*,*,#2552,.T.);
#3651=ORIENTED_EDGE('',*,*,#2550,.T.);
#3652=ORIENTED_EDGE('',*,*,#2548,.T.);
#3653=ORIENTED_EDGE('',*,*,#2561,.T.);
#3654=ORIENTED_EDGE('',*,*,#2566,.T.);
#3655=ORIENTED_EDGE('',*,*,#2568,.T.);
#3656=ORIENTED_EDGE('',*,*,#2464,.T.);
#3657=ORIENTED_EDGE('',*,*,#2565,.T.);
#3658=ORIENTED_EDGE('',*,*,#2569,.F.);
#3659=ORIENTED_EDGE('',*,*,#2465,.T.);
#3660=ORIENTED_EDGE('',*,*,#2568,.F.);
#3661=ORIENTED_EDGE('',*,*,#2563,.T.);
#3662=ORIENTED_EDGE('',*,*,#2558,.F.);
#3663=ORIENTED_EDGE('',*,*,#2375,.F.);
#3664=ORIENTED_EDGE('',*,*,#2570,.F.);
#3665=ORIENTED_EDGE('',*,*,#2569,.T.);
#3666=ORIENTED_EDGE('',*,*,#2564,.T.);
#3667=ORIENTED_EDGE('',*,*,#2570,.T.);
#3668=ORIENTED_EDGE('',*,*,#2374,.T.);
#3669=ORIENTED_EDGE('',*,*,#2466,.F.);
#3670=ORIENTED_EDGE('',*,*,#2556,.T.);
#3671=ORIENTED_EDGE('',*,*,#2567,.T.);
#3672=ORIENTED_EDGE('',*,*,#2562,.T.);
#3673=ORIENTED_EDGE('',*,*,#2462,.F.);
#3674=ORIENTED_EDGE('',*,*,#2378,.T.);
#3675=ORIENTED_EDGE('',*,*,#2247,.F.);
#3676=ORIENTED_EDGE('',*,*,#2526,.T.);
#3677=ORIENTED_EDGE('',*,*,#2440,.T.);
#3678=ORIENTED_EDGE('',*,*,#2232,.T.);
#3679=ORIENTED_EDGE('',*,*,#2110,.F.);
#3680=ORIENTED_EDGE('',*,*,#2538,.T.);
#3681=ORIENTED_EDGE('',*,*,#2423,.T.);
#3682=ORIENTED_EDGE('',*,*,#2529,.T.);
#3683=ORIENTED_EDGE('',*,*,#2249,.F.);
#3684=ORIENTED_EDGE('',*,*,#2527,.T.);
#3685=ORIENTED_EDGE('',*,*,#2438,.T.);
#3686=ORIENTED_EDGE('',*,*,#2380,.T.);
#3687=ORIENTED_EDGE('',*,*,#2346,.F.);
#3688=ORIENTED_EDGE('',*,*,#2406,.T.);
#3689=ORIENTED_EDGE('',*,*,#2416,.T.);
#3690=ORIENTED_EDGE('',*,*,#2458,.T.);
#3691=ORIENTED_EDGE('',*,*,#2330,.F.);
#3692=ORIENTED_EDGE('',*,*,#2461,.T.);
#3693=ORIENTED_EDGE('',*,*,#2412,.T.);
#3694=ORIENTED_EDGE('',*,*,#2353,.T.);
#3695=(
BOUNDED_SURFACE()
B_SPLINE_SURFACE(2,2,((#5388,#5389,#5390),(#5391,#5392,#5393),(#5394,#5395,
#5396)),.UNSPECIFIED.,.F.,.F.,.F.)
B_SPLINE_SURFACE_WITH_KNOTS((3,3),(3,3),(-1.57079632679497,-5.72458747072352E-16),
(-3.14159265358979,-1.57079632679492),.UNSPECIFIED.)
GEOMETRIC_REPRESENTATION_ITEM()
RATIONAL_B_SPLINE_SURFACE(((1.,0.707106781186554,1.),(0.707106781186505,
0.499999999999975,0.707106781186505),(1.,0.707106781186554,1.)))
REPRESENTATION_ITEM('')
SURFACE()
);
#3696=(
BOUNDED_SURFACE()
B_SPLINE_SURFACE(2,2,((#5411,#5412,#5413),(#5414,#5415,#5416),(#5417,#5418,
#5419)),.UNSPECIFIED.,.F.,.F.,.F.)
B_SPLINE_SURFACE_WITH_KNOTS((3,3),(3,3),(-1.57079632679491,6.61193506178826E-15),
(-1.57079632679493,5.65508468056221E-15),.UNSPECIFIED.)
GEOMETRIC_REPRESENTATION_ITEM()
RATIONAL_B_SPLINE_SURFACE(((1.,0.707106781186532,1.),(0.707106781186549,
0.49999999999999,0.707106781186549),(1.,0.707106781186532,1.)))
REPRESENTATION_ITEM('')
SURFACE()
);
#3697=(
BOUNDED_SURFACE()
B_SPLINE_SURFACE(2,2,((#5434,#5435,#5436),(#5437,#5438,#5439),(#5440,#5441,
#5442)),.UNSPECIFIED.,.F.,.F.,.F.)
B_SPLINE_SURFACE_WITH_KNOTS((3,3),(3,3),(-1.57079632679489,3.41913997115034E-14),
(1.57079632679488,3.14159265358982),.UNSPECIFIED.)
GEOMETRIC_REPRESENTATION_ITEM()
RATIONAL_B_SPLINE_SURFACE(((1.,0.707106781186533,1.),(0.70710678118654,
0.499999999999984,0.70710678118654),(1.,0.707106781186533,1.)))
REPRESENTATION_ITEM('')
SURFACE()
);
#3698=(
BOUNDED_SURFACE()
B_SPLINE_SURFACE(2,2,((#5460,#5461,#5462),(#5463,#5464,#5465),(#5466,#5467,
#5468)),.UNSPECIFIED.,.F.,.F.,.F.)
B_SPLINE_SURFACE_WITH_KNOTS((3,3),(3,3),(-1.57079632679494,5.95271293130701E-17),
(-2.08377074853626E-15,1.57079632679489),.UNSPECIFIED.)
GEOMETRIC_REPRESENTATION_ITEM()
RATIONAL_B_SPLINE_SURFACE(((1.,0.707106781186549,1.),(0.707106781186615,
0.500000000000049,0.707106781186615),(1.,0.707106781186549,1.)))
REPRESENTATION_ITEM('')
SURFACE()
);
#3699=ADVANCED_FACE('',(#1082),#3695,.F.);
#3700=ADVANCED_FACE('',(#1083),#1011,.F.);
#3701=ADVANCED_FACE('',(#1084),#3696,.F.);
#3702=ADVANCED_FACE('',(#1085),#1012,.F.);
#3703=ADVANCED_FACE('',(#1086),#3697,.F.);
#3704=ADVANCED_FACE('',(#1087),#1013,.F.);
#3705=ADVANCED_FACE('',(#1088),#1014,.F.);
#3706=ADVANCED_FACE('',(#1089),#3698,.F.);
#3707=ADVANCED_FACE('',(#1090),#1015,.F.);
#3708=ADVANCED_FACE('',(#1091),#1016,.F.);
#3709=ADVANCED_FACE('',(#1092),#1017,.F.);
#3710=ADVANCED_FACE('',(#1093),#1018,.F.);
#3711=ADVANCED_FACE('',(#1094),#80,.T.);
#3712=ADVANCED_FACE('',(#1095),#81,.T.);
#3713=ADVANCED_FACE('',(#1096,#52,#53,#54,#55),#82,.T.);
#3714=ADVANCED_FACE('',(#1097),#1019,.F.);
#3715=ADVANCED_FACE('',(#1098),#1020,.F.);
#3716=ADVANCED_FACE('',(#1099),#1021,.F.);
#3717=ADVANCED_FACE('',(#1100),#1022,.F.);
#3718=ADVANCED_FACE('',(#1101),#83,.T.);
#3719=ADVANCED_FACE('',(#1102),#84,.T.);
#3720=ADVANCED_FACE('',(#1103),#1023,.T.);
#3721=ADVANCED_FACE('',(#1104),#1024,.T.);
#3722=ADVANCED_FACE('',(#1105),#1025,.T.);
#3723=ADVANCED_FACE('',(#1106),#1026,.T.);
#3724=ADVANCED_FACE('',(#1107,#56,#57,#58,#59),#85,.F.);
#3725=ADVANCED_FACE('',(#1108),#86,.F.);
#3726=ADVANCED_FACE('',(#1109),#87,.T.);
#3727=ADVANCED_FACE('',(#1110),#88,.F.);
#3728=ADVANCED_FACE('',(#1111),#89,.F.);
#3729=ADVANCED_FACE('',(#1112),#90,.T.);
#3730=ADVANCED_FACE('',(#1113),#91,.F.);
#3731=ADVANCED_FACE('',(#1114),#92,.F.);
#3732=ADVANCED_FACE('',(#1115),#93,.T.);
#3733=ADVANCED_FACE('',(#1116),#94,.F.);
#3734=ADVANCED_FACE('',(#1117),#95,.F.);
#3735=ADVANCED_FACE('',(#1118),#96,.T.);
#3736=ADVANCED_FACE('',(#1119),#97,.F.);
#3737=ADVANCED_FACE('',(#1120),#98,.F.);
#3738=ADVANCED_FACE('',(#1121),#99,.F.);
#3739=ADVANCED_FACE('',(#1122),#100,.F.);
#3740=ADVANCED_FACE('',(#1123),#101,.F.);
#3741=ADVANCED_FACE('',(#1124),#102,.F.);
#3742=ADVANCED_FACE('',(#1125),#103,.F.);
#3743=ADVANCED_FACE('',(#1126),#104,.F.);
#3744=ADVANCED_FACE('',(#1127),#105,.F.);
#3745=ADVANCED_FACE('',(#1128),#106,.F.);
#3746=ADVANCED_FACE('',(#1129),#107,.F.);
#3747=ADVANCED_FACE('',(#1130),#108,.F.);
#3748=ADVANCED_FACE('',(#1131),#109,.F.);
#3749=ADVANCED_FACE('',(#1132),#110,.F.);
#3750=ADVANCED_FACE('',(#1133),#111,.F.);
#3751=ADVANCED_FACE('',(#1134),#112,.F.);
#3752=ADVANCED_FACE('',(#1135),#113,.F.);
#3753=ADVANCED_FACE('',(#1136),#114,.F.);
#3754=ADVANCED_FACE('',(#1137),#115,.F.);
#3755=ADVANCED_FACE('',(#1138),#116,.F.);
#3756=ADVANCED_FACE('',(#1139),#117,.F.);
#3757=ADVANCED_FACE('',(#1140),#118,.F.);
#3758=ADVANCED_FACE('',(#1141),#119,.F.);
#3759=ADVANCED_FACE('',(#1142),#120,.F.);
#3760=ADVANCED_FACE('',(#1143),#121,.F.);
#3761=ADVANCED_FACE('',(#1144),#122,.F.);
#3762=ADVANCED_FACE('',(#1145),#123,.F.);
#3763=ADVANCED_FACE('',(#1146),#124,.F.);
#3764=ADVANCED_FACE('',(#1147),#125,.F.);
#3765=ADVANCED_FACE('',(#1148),#126,.T.);
#3766=ADVANCED_FACE('',(#1149),#127,.T.);
#3767=ADVANCED_FACE('',(#1150),#128,.T.);
#3768=ADVANCED_FACE('',(#1151),#129,.T.);
#3769=ADVANCED_FACE('',(#1152),#130,.T.);
#3770=ADVANCED_FACE('',(#1153),#131,.T.);
#3771=ADVANCED_FACE('',(#1154),#132,.T.);
#3772=ADVANCED_FACE('',(#1155),#133,.T.);
#3773=ADVANCED_FACE('',(#1156),#134,.T.);
#3774=ADVANCED_FACE('',(#1157),#135,.T.);
#3775=ADVANCED_FACE('',(#1158),#136,.T.);
#3776=ADVANCED_FACE('',(#1159),#137,.T.);
#3777=ADVANCED_FACE('',(#1160),#1027,.F.);
#3778=ADVANCED_FACE('',(#1161),#138,.F.);
#3779=ADVANCED_FACE('',(#1162),#1028,.F.);
#3780=ADVANCED_FACE('',(#1163),#139,.F.);
#3781=ADVANCED_FACE('',(#1164),#1029,.F.);
#3782=ADVANCED_FACE('',(#1165),#140,.F.);
#3783=ADVANCED_FACE('',(#1166),#1030,.F.);
#3784=ADVANCED_FACE('',(#1167),#141,.F.);
#3785=ADVANCED_FACE('',(#1168),#1031,.F.);
#3786=ADVANCED_FACE('',(#1169),#142,.T.);
#3787=ADVANCED_FACE('',(#1170),#143,.T.);
#3788=ADVANCED_FACE('',(#1171),#1032,.F.);
#3789=ADVANCED_FACE('',(#1172),#144,.T.);
#3790=ADVANCED_FACE('',(#1173),#145,.T.);
#3791=ADVANCED_FACE('',(#1174),#1033,.F.);
#3792=ADVANCED_FACE('',(#1175),#146,.T.);
#3793=ADVANCED_FACE('',(#1176),#147,.T.);
#3794=ADVANCED_FACE('',(#1177),#1034,.F.);
#3795=ADVANCED_FACE('',(#1178),#148,.T.);
#3796=ADVANCED_FACE('',(#1179),#1035,.F.);
#3797=ADVANCED_FACE('',(#1180),#149,.T.);
#3798=ADVANCED_FACE('',(#1181),#150,.T.);
#3799=ADVANCED_FACE('',(#1182),#1036,.F.);
#3800=ADVANCED_FACE('',(#1183),#151,.T.);
#3801=ADVANCED_FACE('',(#1184),#152,.T.);
#3802=ADVANCED_FACE('',(#1185,#60,#61,#62,#63,#64,#65,#66,#67,#68),#153,
 .T.);
#3803=ADVANCED_FACE('',(#1186),#1037,.T.);
#3804=ADVANCED_FACE('',(#1187),#154,.F.);
#3805=ADVANCED_FACE('',(#1188),#1038,.F.);
#3806=ADVANCED_FACE('',(#1189),#155,.F.);
#3807=ADVANCED_FACE('',(#1190),#1039,.T.);
#3808=ADVANCED_FACE('',(#1191),#156,.F.);
#3809=ADVANCED_FACE('',(#1192),#1040,.T.);
#3810=ADVANCED_FACE('',(#1193),#157,.F.);
#3811=ADVANCED_FACE('',(#1194),#1041,.T.);
#3812=ADVANCED_FACE('',(#1195),#158,.F.);
#3813=ADVANCED_FACE('',(#1196),#159,.T.);
#3814=ADVANCED_FACE('',(#1197),#1042,.F.);
#3815=ADVANCED_FACE('',(#1198),#1043,.F.);
#3816=ADVANCED_FACE('',(#1199,#69),#160,.T.);
#3817=ADVANCED_FACE('',(#1200),#1044,.F.);
#3818=ADVANCED_FACE('',(#1201,#70),#161,.T.);
#3819=ADVANCED_FACE('',(#1202),#1045,.F.);
#3820=ADVANCED_FACE('',(#1203,#71),#162,.T.);
#3821=ADVANCED_FACE('',(#1204),#1046,.F.);
#3822=ADVANCED_FACE('',(#1205,#72),#163,.T.);
#3823=ADVANCED_FACE('',(#1206),#1047,.F.);
#3824=ADVANCED_FACE('',(#1207),#1048,.F.);
#3825=ADVANCED_FACE('',(#1208),#1049,.F.);
#3826=ADVANCED_FACE('',(#1209),#1050,.F.);
#3827=ADVANCED_FACE('',(#1210),#1051,.T.);
#3828=ADVANCED_FACE('',(#1211),#164,.F.);
#3829=ADVANCED_FACE('',(#1212,#73,#74,#75,#76,#77),#165,.F.);
#3830=ADVANCED_FACE('',(#1213),#1052,.T.);
#3831=ADVANCED_FACE('',(#1214),#166,.F.);
#3832=ADVANCED_FACE('',(#1215),#1053,.T.);
#3833=ADVANCED_FACE('',(#1216),#1054,.F.);
#3834=ADVANCED_FACE('',(#1217),#1055,.T.);
#3835=ADVANCED_FACE('',(#1218),#167,.F.);
#3836=ADVANCED_FACE('',(#1219),#1056,.T.);
#3837=ADVANCED_FACE('',(#1220),#168,.F.);
#3838=ADVANCED_FACE('',(#1221),#169,.F.);
#3839=ADVANCED_FACE('',(#1222),#1057,.T.);
#3840=ADVANCED_FACE('',(#1223),#170,.F.);
#3841=ADVANCED_FACE('',(#1224),#1058,.T.);
#3842=ADVANCED_FACE('',(#1225),#171,.F.);
#3843=ADVANCED_FACE('',(#1226),#172,.F.);
#3844=ADVANCED_FACE('',(#1227),#1059,.T.);
#3845=ADVANCED_FACE('',(#1228),#173,.F.);
#3846=ADVANCED_FACE('',(#1229),#1060,.T.);
#3847=ADVANCED_FACE('',(#1230),#174,.F.);
#3848=ADVANCED_FACE('',(#1231),#175,.F.);
#3849=ADVANCED_FACE('',(#1232),#1061,.T.);
#3850=ADVANCED_FACE('',(#1233),#176,.F.);
#3851=ADVANCED_FACE('',(#1234),#1062,.T.);
#3852=ADVANCED_FACE('',(#1235),#177,.F.);
#3853=ADVANCED_FACE('',(#1236),#178,.F.);
#3854=ADVANCED_FACE('',(#1237),#1063,.T.);
#3855=ADVANCED_FACE('',(#1238),#179,.F.);
#3856=ADVANCED_FACE('',(#1239),#1064,.T.);
#3857=ADVANCED_FACE('',(#1240),#180,.F.);
#3858=ADVANCED_FACE('',(#1241),#181,.F.);
#3859=ADVANCED_FACE('',(#1242),#1065,.T.);
#3860=ADVANCED_FACE('',(#1243),#1066,.T.);
#3861=ADVANCED_FACE('',(#1244),#182,.F.);
#3862=ADVANCED_FACE('',(#1245),#1067,.T.);
#3863=ADVANCED_FACE('',(#1246),#183,.F.);
#3864=ADVANCED_FACE('',(#1247),#1068,.F.);
#3865=ADVANCED_FACE('',(#1248),#184,.T.);
#3866=ADVANCED_FACE('',(#1249),#1069,.F.);
#3867=ADVANCED_FACE('',(#1250),#185,.T.);
#3868=ADVANCED_FACE('',(#1251),#1070,.F.);
#3869=ADVANCED_FACE('',(#1252),#1071,.F.);
#3870=ADVANCED_FACE('',(#1253),#1072,.F.);
#3871=ADVANCED_FACE('',(#1254,#78),#186,.T.);
#3872=ADVANCED_FACE('',(#1255),#1073,.F.);
#3873=ADVANCED_FACE('',(#1256),#187,.F.);
#3874=ADVANCED_FACE('',(#1257),#188,.F.);
#3875=ADVANCED_FACE('',(#1258),#189,.F.);
#3876=ADVANCED_FACE('',(#1259),#190,.F.);
#3877=ADVANCED_FACE('',(#1260),#191,.F.);
#3878=ADVANCED_FACE('',(#1261),#192,.F.);
#3879=ADVANCED_FACE('',(#1262),#1074,.F.);
#3880=ADVANCED_FACE('',(#1263),#193,.T.);
#3881=ADVANCED_FACE('',(#1264),#1075,.F.);
#3882=ADVANCED_FACE('',(#1265),#194,.T.);
#3883=ADVANCED_FACE('',(#1266),#1076,.F.);
#3884=ADVANCED_FACE('',(#1267),#195,.T.);
#3885=ADVANCED_FACE('',(#1268),#1077,.F.);
#3886=ADVANCED_FACE('',(#1269),#196,.T.);
#3887=ADVANCED_FACE('',(#1270),#1078,.F.);
#3888=ADVANCED_FACE('',(#1271),#197,.T.);
#3889=ADVANCED_FACE('',(#1272),#1079,.F.);
#3890=ADVANCED_FACE('',(#1273,#79),#198,.T.);
#3891=ADVANCED_FACE('',(#1274),#199,.T.);
#3892=ADVANCED_FACE('',(#1275),#1080,.F.);
#3893=ADVANCED_FACE('',(#1276),#1081,.F.);
#3894=ADVANCED_FACE('',(#1277),#200,.T.);
#3895=ADVANCED_FACE('',(#1278),#201,.T.);
#3896=ADVANCED_FACE('',(#1279),#202,.T.);
#3897=ADVANCED_FACE('',(#1280),#203,.T.);
#3898=ADVANCED_FACE('',(#1281),#204,.T.);
#3899=ADVANCED_FACE('',(#1282),#205,.F.);
#3900=ADVANCED_FACE('',(#1283),#206,.F.);
#3901=CLOSED_SHELL('',(#3699,#3700,#3701,#3702,#3703,#3704,#3705,#3706,
#3707,#3708,#3709,#3710,#3711,#3712,#3713,#3714,#3715,#3716,#3717,#3718,
#3719,#3720,#3721,#3722,#3723,#3724,#3725,#3726,#3727,#3728,#3729,#3730,
#3731,#3732,#3733,#3734,#3735,#3736,#3737,#3738,#3739,#3740,#3741,#3742,
#3743,#3744,#3745,#3746,#3747,#3748,#3749,#3750,#3751,#3752,#3753,#3754,
#3755,#3756,#3757,#3758,#3759,#3760,#3761,#3762,#3763,#3764,#3765,#3766,
#3767,#3768,#3769,#3770,#3771,#3772,#3773,#3774,#3775,#3776,#3777,#3778,
#3779,#3780,#3781,#3782,#3783,#3784,#3785,#3786,#3787,#3788,#3789,#3790,
#3791,#3792,#3793,#3794,#3795,#3796,#3797,#3798,#3799,#3800,#3801,#3802,
#3803,#3804,#3805,#3806,#3807,#3808,#3809,#3810,#3811,#3812,#3813,#3814,
#3815,#3816,#3817,#3818,#3819,#3820,#3821,#3822,#3823,#3824,#3825,#3826,
#3827,#3828,#3829,#3830,#3831,#3832,#3833,#3834,#3835,#3836,#3837,#3838,
#3839,#3840,#3841,#3842,#3843,#3844,#3845,#3846,#3847,#3848,#3849,#3850,
#3851,#3852,#3853,#3854,#3855,#3856,#3857,#3858,#3859,#3860,#3861,#3862,
#3863,#3864,#3865,#3866,#3867,#3868,#3869,#3870,#3871,#3872,#3873,#3874,
#3875,#3876,#3877,#3878,#3879,#3880,#3881,#3882,#3883,#3884,#3885,#3886,
#3887,#3888,#3889,#3890,#3891,#3892,#3893,#3894,#3895,#3896,#3897,#3898,
#3899,#3900));
#3902=DERIVED_UNIT_ELEMENT(#3904,1.);
#3903=DERIVED_UNIT_ELEMENT(#6579,-3.);
#3904=(
MASS_UNIT()
NAMED_UNIT(*)
SI_UNIT(.KILO.,.GRAM.)
);
#3905=DERIVED_UNIT((#3902,#3903));
#3906=MEASURE_REPRESENTATION_ITEM('density measure',
POSITIVE_RATIO_MEASURE(7850.),#3905);
#3907=PROPERTY_DEFINITION_REPRESENTATION(#3912,#3909);
#3908=PROPERTY_DEFINITION_REPRESENTATION(#3913,#3910);
#3909=REPRESENTATION('material name',(#3911),#6576);
#3910=REPRESENTATION('density',(#3906),#6576);
#3911=DESCRIPTIVE_REPRESENTATION_ITEM('\X2\AC15CCA0\X0\','\X2\AC15CCA0\X0\');
#3912=PROPERTY_DEFINITION('material property','material name',#6586);
#3913=PROPERTY_DEFINITION('material property','density of part',#6586);
#3914=AXIS2_PLACEMENT_3D('',#5387,#4271,#4272);
#3915=AXIS2_PLACEMENT_3D('',#5399,#4273,#4274);
#3916=AXIS2_PLACEMENT_3D('',#5401,#4275,#4276);
#3917=AXIS2_PLACEMENT_3D('',#5403,#4277,#4278);
#3918=AXIS2_PLACEMENT_3D('',#5404,#4279,#4280);
#3919=AXIS2_PLACEMENT_3D('',#5405,#4281,#4282);
#3920=AXIS2_PLACEMENT_3D('',#5408,#4283,#4284);
#3921=AXIS2_PLACEMENT_3D('',#5422,#4287,#4288);
#3922=AXIS2_PLACEMENT_3D('',#5424,#4289,#4290);
#3923=AXIS2_PLACEMENT_3D('',#5426,#4291,#4292);
#3924=AXIS2_PLACEMENT_3D('',#5427,#4293,#4294);
#3925=AXIS2_PLACEMENT_3D('',#5428,#4295,#4296);
#3926=AXIS2_PLACEMENT_3D('',#5431,#4297,#4298);
#3927=AXIS2_PLACEMENT_3D('',#5445,#4301,#4302);
#3928=AXIS2_PLACEMENT_3D('',#5447,#4303,#4304);
#3929=AXIS2_PLACEMENT_3D('',#5449,#4305,#4306);
#3930=AXIS2_PLACEMENT_3D('',#5450,#4307,#4308);
#3931=AXIS2_PLACEMENT_3D('',#5451,#4309,#4310);
#3932=AXIS2_PLACEMENT_3D('',#5454,#4311,#4312);
#3933=AXIS2_PLACEMENT_3D('',#5457,#4315,#4316);
#3934=AXIS2_PLACEMENT_3D('',#5471,#4319,#4320);
#3935=AXIS2_PLACEMENT_3D('',#5473,#4321,#4322);
#3936=AXIS2_PLACEMENT_3D('',#5475,#4323,#4324);
#3937=AXIS2_PLACEMENT_3D('',#5476,#4325,#4326);
#3938=AXIS2_PLACEMENT_3D('',#5477,#4327,#4328);
#3939=AXIS2_PLACEMENT_3D('',#5480,#4329,#4330);
#3940=AXIS2_PLACEMENT_3D('',#5483,#4333,#4334);
#3941=AXIS2_PLACEMENT_3D('',#5486,#4337,#4338);
#3942=AXIS2_PLACEMENT_3D('',#5489,#4341,#4342);
#3943=AXIS2_PLACEMENT_3D('',#5492,#4345,#4346);
#3944=AXIS2_PLACEMENT_3D('',#5494,#4348,#4349);
#3945=AXIS2_PLACEMENT_3D('',#5496,#4351,#4352);
#3946=AXIS2_PLACEMENT_3D('',#5498,#4353,#4354);
#3947=AXIS2_PLACEMENT_3D('',#5500,#4355,#4356);
#3948=AXIS2_PLACEMENT_3D('',#5502,#4357,#4358);
#3949=AXIS2_PLACEMENT_3D('',#5504,#4359,#4360);
#3950=AXIS2_PLACEMENT_3D('',#5505,#4361,#4362);
#3951=AXIS2_PLACEMENT_3D('',#5507,#4363,#4364);
#3952=AXIS2_PLACEMENT_3D('',#5509,#4366,#4367);
#3953=AXIS2_PLACEMENT_3D('',#5511,#4368,#4369);
#3954=AXIS2_PLACEMENT_3D('',#5513,#4371,#4372);
#3955=AXIS2_PLACEMENT_3D('',#5515,#4373,#4374);
#3956=AXIS2_PLACEMENT_3D('',#5517,#4376,#4377);
#3957=AXIS2_PLACEMENT_3D('',#5519,#4378,#4379);
#3958=AXIS2_PLACEMENT_3D('',#5521,#4381,#4382);
#3959=AXIS2_PLACEMENT_3D('',#5523,#4384,#4385);
#3960=AXIS2_PLACEMENT_3D('',#5525,#4387,#4388);
#3961=AXIS2_PLACEMENT_3D('',#5528,#4389,#4390);
#3962=AXIS2_PLACEMENT_3D('',#5532,#4392,#4393);
#3963=AXIS2_PLACEMENT_3D('',#5536,#4395,#4396);
#3964=AXIS2_PLACEMENT_3D('',#5540,#4398,#4399);
#3965=AXIS2_PLACEMENT_3D('',#5542,#4401,#4402);
#3966=AXIS2_PLACEMENT_3D('',#5545,#4403,#4404);
#3967=AXIS2_PLACEMENT_3D('',#5549,#4406,#4407);
#3968=AXIS2_PLACEMENT_3D('',#5553,#4409,#4410);
#3969=AXIS2_PLACEMENT_3D('',#5557,#4412,#4413);
#3970=AXIS2_PLACEMENT_3D('',#5561,#4415,#4416);
#3971=AXIS2_PLACEMENT_3D('',#5565,#4418,#4419);
#3972=AXIS2_PLACEMENT_3D('',#5570,#4422,#4423);
#3973=AXIS2_PLACEMENT_3D('',#5572,#4425,#4426);
#3974=AXIS2_PLACEMENT_3D('',#5575,#4427,#4428);
#3975=AXIS2_PLACEMENT_3D('',#5579,#4430,#4431);
#3976=AXIS2_PLACEMENT_3D('',#5584,#4434,#4435);
#3977=AXIS2_PLACEMENT_3D('',#5586,#4437,#4438);
#3978=AXIS2_PLACEMENT_3D('',#5589,#4439,#4440);
#3979=AXIS2_PLACEMENT_3D('',#5593,#4442,#4443);
#3980=AXIS2_PLACEMENT_3D('',#5597,#4445,#4446);
#3981=AXIS2_PLACEMENT_3D('',#5601,#4448,#4449);
#3982=AXIS2_PLACEMENT_3D('',#5605,#4451,#4452);
#3983=AXIS2_PLACEMENT_3D('',#5611,#4456,#4457);
#3984=AXIS2_PLACEMENT_3D('',#5613,#4459,#4460);
#3985=AXIS2_PLACEMENT_3D('',#5614,#4461,#4462);
#3986=AXIS2_PLACEMENT_3D('',#5620,#4466,#4467);
#3987=AXIS2_PLACEMENT_3D('',#5624,#4469,#4470);
#3988=AXIS2_PLACEMENT_3D('',#5630,#4473,#4474);
#3989=AXIS2_PLACEMENT_3D('',#5634,#4477,#4478);
#3990=AXIS2_PLACEMENT_3D('',#5638,#4481,#4482);
#3991=AXIS2_PLACEMENT_3D('',#5644,#4486,#4487);
#3992=AXIS2_PLACEMENT_3D('',#5650,#4491,#4492);
#3993=AXIS2_PLACEMENT_3D('',#5654,#4495,#4496);
#3994=AXIS2_PLACEMENT_3D('',#5660,#4500,#4501);
#3995=AXIS2_PLACEMENT_3D('',#5664,#4504,#4505);
#3996=AXIS2_PLACEMENT_3D('',#5668,#4508,#4509);
#3997=AXIS2_PLACEMENT_3D('',#5674,#4513,#4514);
#3998=AXIS2_PLACEMENT_3D('',#5678,#4517,#4518);
#3999=AXIS2_PLACEMENT_3D('',#5682,#4521,#4522);
#4000=AXIS2_PLACEMENT_3D('',#5684,#4524,#4525);
#4001=AXIS2_PLACEMENT_3D('',#5722,#4546,#4547);
#4002=AXIS2_PLACEMENT_3D('',#5728,#4551,#4552);
#4003=AXIS2_PLACEMENT_3D('',#5734,#4556,#4557);
#4004=AXIS2_PLACEMENT_3D('',#5740,#4561,#4562);
#4005=AXIS2_PLACEMENT_3D('',#5744,#4565,#4566);
#4006=AXIS2_PLACEMENT_3D('',#5750,#4570,#4571);
#4007=AXIS2_PLACEMENT_3D('',#5752,#4573,#4574);
#4008=AXIS2_PLACEMENT_3D('',#5758,#4578,#4579);
#4009=AXIS2_PLACEMENT_3D('',#5762,#4582,#4583);
#4010=AXIS2_PLACEMENT_3D('',#5768,#4587,#4588);
#4011=AXIS2_PLACEMENT_3D('',#5774,#4592,#4593);
#4012=AXIS2_PLACEMENT_3D('',#5778,#4596,#4597);
#4013=AXIS2_PLACEMENT_3D('',#5782,#4600,#4601);
#4014=AXIS2_PLACEMENT_3D('',#5786,#4604,#4605);
#4015=AXIS2_PLACEMENT_3D('',#5787,#4606,#4607);
#4016=AXIS2_PLACEMENT_3D('',#5788,#4608,#4609);
#4017=AXIS2_PLACEMENT_3D('',#5792,#4612,#4613);
#4018=AXIS2_PLACEMENT_3D('',#5796,#4616,#4617);
#4019=AXIS2_PLACEMENT_3D('',#5800,#4620,#4621);
#4020=AXIS2_PLACEMENT_3D('',#5806,#4625,#4626);
#4021=AXIS2_PLACEMENT_3D('',#5808,#4628,#4629);
#4022=AXIS2_PLACEMENT_3D('',#5814,#4633,#4634);
#4023=AXIS2_PLACEMENT_3D('',#5816,#4636,#4637);
#4024=AXIS2_PLACEMENT_3D('',#5820,#4640,#4641);
#4025=AXIS2_PLACEMENT_3D('',#5826,#4645,#4646);
#4026=AXIS2_PLACEMENT_3D('',#5828,#4648,#4649);
#4027=AXIS2_PLACEMENT_3D('',#5832,#4652,#4653);
#4028=AXIS2_PLACEMENT_3D('',#5850,#4663,#4664);
#4029=AXIS2_PLACEMENT_3D('',#5865,#4673,#4674);
#4030=AXIS2_PLACEMENT_3D('',#5875,#4680,#4681);
#4031=AXIS2_PLACEMENT_3D('',#5894,#4692,#4693);
#4032=AXIS2_PLACEMENT_3D('',#5895,#4694,#4695);
#4033=AXIS2_PLACEMENT_3D('',#5897,#4696,#4697);
#4034=AXIS2_PLACEMENT_3D('',#5899,#4699,#4700);
#4035=AXIS2_PLACEMENT_3D('',#5901,#4701,#4702);
#4036=AXIS2_PLACEMENT_3D('',#5906,#4705,#4706);
#4037=AXIS2_PLACEMENT_3D('',#5907,#4707,#4708);
#4038=AXIS2_PLACEMENT_3D('',#5908,#4709,#4710);
#4039=AXIS2_PLACEMENT_3D('',#5910,#4711,#4712);
#4040=AXIS2_PLACEMENT_3D('',#5916,#4715,#4716);
#4041=AXIS2_PLACEMENT_3D('',#5918,#4718,#4719);
#4042=AXIS2_PLACEMENT_3D('',#5924,#4722,#4723);
#4043=AXIS2_PLACEMENT_3D('',#5930,#4726,#4727);
#4044=AXIS2_PLACEMENT_3D('',#5932,#4729,#4730);
#4045=AXIS2_PLACEMENT_3D('',#5936,#4732,#4733);
#4046=AXIS2_PLACEMENT_3D('',#5942,#4736,#4737);
#4047=AXIS2_PLACEMENT_3D('',#5946,#4740,#4741);
#4048=AXIS2_PLACEMENT_3D('',#5950,#4743,#4744);
#4049=AXIS2_PLACEMENT_3D('',#5953,#4746,#4747);
#4050=AXIS2_PLACEMENT_3D('',#5954,#4748,#4749);
#4051=AXIS2_PLACEMENT_3D('',#5956,#4750,#4751);
#4052=AXIS2_PLACEMENT_3D('',#5959,#4753,#4754);
#4053=AXIS2_PLACEMENT_3D('',#5960,#4755,#4756);
#4054=AXIS2_PLACEMENT_3D('',#5961,#4757,#4758);
#4055=AXIS2_PLACEMENT_3D('',#5963,#4759,#4760);
#4056=AXIS2_PLACEMENT_3D('',#5966,#4762,#4763);
#4057=AXIS2_PLACEMENT_3D('',#5967,#4764,#4765);
#4058=AXIS2_PLACEMENT_3D('',#5968,#4766,#4767);
#4059=AXIS2_PLACEMENT_3D('',#5970,#4768,#4769);
#4060=AXIS2_PLACEMENT_3D('',#5973,#4771,#4772);
#4061=AXIS2_PLACEMENT_3D('',#5974,#4773,#4774);
#4062=AXIS2_PLACEMENT_3D('',#5975,#4775,#4776);
#4063=AXIS2_PLACEMENT_3D('',#5977,#4777,#4778);
#4064=AXIS2_PLACEMENT_3D('',#5980,#4780,#4781);
#4065=AXIS2_PLACEMENT_3D('',#5981,#4782,#4783);
#4066=AXIS2_PLACEMENT_3D('',#5982,#4784,#4785);
#4067=AXIS2_PLACEMENT_3D('',#5984,#4786,#4787);
#4068=AXIS2_PLACEMENT_3D('',#5986,#4789,#4790);
#4069=AXIS2_PLACEMENT_3D('',#5990,#4793,#4794);
#4070=AXIS2_PLACEMENT_3D('',#5994,#4797,#4798);
#4071=AXIS2_PLACEMENT_3D('',#5996,#4799,#4800);
#4072=AXIS2_PLACEMENT_3D('',#5998,#4802,#4803);
#4073=AXIS2_PLACEMENT_3D('',#6002,#4806,#4807);
#4074=AXIS2_PLACEMENT_3D('',#6006,#4810,#4811);
#4075=AXIS2_PLACEMENT_3D('',#6008,#4812,#4813);
#4076=AXIS2_PLACEMENT_3D('',#6010,#4815,#4816);
#4077=AXIS2_PLACEMENT_3D('',#6018,#4821,#4822);
#4078=AXIS2_PLACEMENT_3D('',#6026,#4827,#4828);
#4079=AXIS2_PLACEMENT_3D('',#6028,#4829,#4830);
#4080=AXIS2_PLACEMENT_3D('',#6030,#4832,#4833);
#4081=AXIS2_PLACEMENT_3D('',#6034,#4836,#4837);
#4082=AXIS2_PLACEMENT_3D('',#6036,#4838,#4839);
#4083=AXIS2_PLACEMENT_3D('',#6038,#4841,#4842);
#4084=AXIS2_PLACEMENT_3D('',#6046,#4847,#4848);
#4085=AXIS2_PLACEMENT_3D('',#6054,#4853,#4854);
#4086=AXIS2_PLACEMENT_3D('',#6056,#4855,#4856);
#4087=AXIS2_PLACEMENT_3D('',#6058,#4858,#4859);
#4088=AXIS2_PLACEMENT_3D('',#6062,#4862,#4863);
#4089=AXIS2_PLACEMENT_3D('',#6066,#4866,#4867);
#4090=AXIS2_PLACEMENT_3D('',#6069,#4868,#4869);
#4091=AXIS2_PLACEMENT_3D('',#6073,#4871,#4872);
#4092=AXIS2_PLACEMENT_3D('',#6077,#4874,#4875);
#4093=AXIS2_PLACEMENT_3D('',#6081,#4877,#4878);
#4094=AXIS2_PLACEMENT_3D('',#6085,#4880,#4881);
#4095=AXIS2_PLACEMENT_3D('',#6089,#4883,#4884);
#4096=AXIS2_PLACEMENT_3D('',#6093,#4886,#4887);
#4097=AXIS2_PLACEMENT_3D('',#6097,#4889,#4890);
#4098=AXIS2_PLACEMENT_3D('',#6101,#4892,#4893);
#4099=AXIS2_PLACEMENT_3D('',#6105,#4895,#4896);
#4100=AXIS2_PLACEMENT_3D('',#6108,#4898,#4899);
#4101=AXIS2_PLACEMENT_3D('',#6110,#4900,#4901);
#4102=AXIS2_PLACEMENT_3D('',#6112,#4902,#4903);
#4103=AXIS2_PLACEMENT_3D('',#6114,#4904,#4905);
#4104=AXIS2_PLACEMENT_3D('',#6115,#4906,#4907);
#4105=AXIS2_PLACEMENT_3D('',#6119,#4909,#4910);
#4106=AXIS2_PLACEMENT_3D('',#6121,#4912,#4913);
#4107=AXIS2_PLACEMENT_3D('',#6125,#4916,#4917);
#4108=AXIS2_PLACEMENT_3D('',#6127,#4918,#4919);
#4109=AXIS2_PLACEMENT_3D('',#6129,#4921,#4922);
#4110=AXIS2_PLACEMENT_3D('',#6133,#4925,#4926);
#4111=AXIS2_PLACEMENT_3D('',#6135,#4927,#4928);
#4112=AXIS2_PLACEMENT_3D('',#6137,#4930,#4931);
#4113=AXIS2_PLACEMENT_3D('',#6141,#4934,#4935);
#4114=AXIS2_PLACEMENT_3D('',#6143,#4936,#4937);
#4115=AXIS2_PLACEMENT_3D('',#6145,#4939,#4940);
#4116=AXIS2_PLACEMENT_3D('',#6149,#4943,#4944);
#4117=AXIS2_PLACEMENT_3D('',#6151,#4945,#4946);
#4118=AXIS2_PLACEMENT_3D('',#6153,#4948,#4949);
#4119=AXIS2_PLACEMENT_3D('',#6161,#4953,#4954);
#4120=AXIS2_PLACEMENT_3D('',#6165,#4956,#4957);
#4121=AXIS2_PLACEMENT_3D('',#6169,#4960,#4961);
#4122=AXIS2_PLACEMENT_3D('',#6175,#4965,#4966);
#4123=AXIS2_PLACEMENT_3D('',#6176,#4967,#4968);
#4124=AXIS2_PLACEMENT_3D('',#6177,#4969,#4970);
#4125=AXIS2_PLACEMENT_3D('',#6179,#4971,#4972);
#4126=AXIS2_PLACEMENT_3D('',#6181,#4974,#4975);
#4127=AXIS2_PLACEMENT_3D('',#6183,#4976,#4977);
#4128=AXIS2_PLACEMENT_3D('',#6184,#4978,#4979);
#4129=AXIS2_PLACEMENT_3D('',#6186,#4980,#4981);
#4130=AXIS2_PLACEMENT_3D('',#6188,#4983,#4984);
#4131=AXIS2_PLACEMENT_3D('',#6190,#4985,#4986);
#4132=AXIS2_PLACEMENT_3D('',#6191,#4987,#4988);
#4133=AXIS2_PLACEMENT_3D('',#6193,#4989,#4990);
#4134=AXIS2_PLACEMENT_3D('',#6195,#4992,#4993);
#4135=AXIS2_PLACEMENT_3D('',#6197,#4994,#4995);
#4136=AXIS2_PLACEMENT_3D('',#6198,#4996,#4997);
#4137=AXIS2_PLACEMENT_3D('',#6200,#4998,#4999);
#4138=AXIS2_PLACEMENT_3D('',#6202,#5001,#5002);
#4139=AXIS2_PLACEMENT_3D('',#6204,#5003,#5004);
#4140=AXIS2_PLACEMENT_3D('',#6205,#5005,#5006);
#4141=AXIS2_PLACEMENT_3D('',#6207,#5007,#5008);
#4142=AXIS2_PLACEMENT_3D('',#6209,#5010,#5011);
#4143=AXIS2_PLACEMENT_3D('',#6211,#5012,#5013);
#4144=AXIS2_PLACEMENT_3D('',#6213,#5015,#5016);
#4145=AXIS2_PLACEMENT_3D('',#6215,#5017,#5018);
#4146=AXIS2_PLACEMENT_3D('',#6217,#5020,#5021);
#4147=AXIS2_PLACEMENT_3D('',#6219,#5022,#5023);
#4148=AXIS2_PLACEMENT_3D('',#6221,#5025,#5026);
#4149=AXIS2_PLACEMENT_3D('',#6225,#5028,#5029);
#4150=AXIS2_PLACEMENT_3D('',#6227,#5031,#5032);
#4151=AXIS2_PLACEMENT_3D('',#6231,#5035,#5036);
#4152=AXIS2_PLACEMENT_3D('',#6233,#5037,#5038);
#4153=AXIS2_PLACEMENT_3D('',#6236,#5040,#5041);
#4154=AXIS2_PLACEMENT_3D('',#6240,#5043,#5044);
#4155=AXIS2_PLACEMENT_3D('',#6244,#5046,#5047);
#4156=AXIS2_PLACEMENT_3D('',#6252,#5051,#5052);
#4157=AXIS2_PLACEMENT_3D('',#6256,#5054,#5055);
#4158=AXIS2_PLACEMENT_3D('',#6261,#5058,#5059);
#4159=AXIS2_PLACEMENT_3D('',#6265,#5061,#5062);
#4160=AXIS2_PLACEMENT_3D('',#6268,#5064,#5065);
#4161=AXIS2_PLACEMENT_3D('',#6270,#5066,#5067);
#4162=AXIS2_PLACEMENT_3D('',#6274,#5069,#5070);
#4163=AXIS2_PLACEMENT_3D('',#6279,#5073,#5074);
#4164=AXIS2_PLACEMENT_3D('',#6283,#5076,#5077);
#4165=AXIS2_PLACEMENT_3D('',#6287,#5080,#5081);
#4166=AXIS2_PLACEMENT_3D('',#6290,#5083,#5084);
#4167=AXIS2_PLACEMENT_3D('',#6294,#5086,#5087);
#4168=AXIS2_PLACEMENT_3D('',#6298,#5089,#5090);
#4169=AXIS2_PLACEMENT_3D('',#6303,#5093,#5094);
#4170=AXIS2_PLACEMENT_3D('',#6307,#5096,#5097);
#4171=AXIS2_PLACEMENT_3D('',#6310,#5099,#5100);
#4172=AXIS2_PLACEMENT_3D('',#6316,#5103,#5104);
#4173=AXIS2_PLACEMENT_3D('',#6319,#5106,#5107);
#4174=AXIS2_PLACEMENT_3D('',#6320,#5108,#5109);
#4175=AXIS2_PLACEMENT_3D('',#6323,#5112,#5113);
#4176=AXIS2_PLACEMENT_3D('',#6325,#5115,#5116);
#4177=AXIS2_PLACEMENT_3D('',#6327,#5118,#5119);
#4178=AXIS2_PLACEMENT_3D('',#6329,#5120,#5121);
#4179=AXIS2_PLACEMENT_3D('',#6354,#5123,#5124);
#4180=AXIS2_PLACEMENT_3D('',#6356,#5126,#5127);
#4181=AXIS2_PLACEMENT_3D('',#6358,#5129,#5130);
#4182=AXIS2_PLACEMENT_3D('',#6359,#5131,#5132);
#4183=AXIS2_PLACEMENT_3D('',#6362,#5133,#5134);
#4184=AXIS2_PLACEMENT_3D('',#6365,#5137,#5138);
#4185=AXIS2_PLACEMENT_3D('',#6370,#5141,#5142);
#4186=AXIS2_PLACEMENT_3D('',#6372,#5144,#5145);
#4187=AXIS2_PLACEMENT_3D('',#6374,#5147,#5148);
#4188=AXIS2_PLACEMENT_3D('',#6376,#5150,#5151);
#4189=AXIS2_PLACEMENT_3D('',#6377,#5152,#5153);
#4190=AXIS2_PLACEMENT_3D('',#6380,#5154,#5155);
#4191=AXIS2_PLACEMENT_3D('',#6383,#5158,#5159);
#4192=AXIS2_PLACEMENT_3D('',#6385,#5161,#5162);
#4193=AXIS2_PLACEMENT_3D('',#6389,#5164,#5165);
#4194=AXIS2_PLACEMENT_3D('',#6391,#5167,#5168);
#4195=AXIS2_PLACEMENT_3D('',#6394,#5171,#5172);
#4196=AXIS2_PLACEMENT_3D('',#6395,#5173,#5174);
#4197=AXIS2_PLACEMENT_3D('',#6398,#5175,#5176);
#4198=AXIS2_PLACEMENT_3D('',#6401,#5179,#5180);
#4199=AXIS2_PLACEMENT_3D('',#6403,#5182,#5183);
#4200=AXIS2_PLACEMENT_3D('',#6407,#5185,#5186);
#4201=AXIS2_PLACEMENT_3D('',#6409,#5188,#5189);
#4202=AXIS2_PLACEMENT_3D('',#6412,#5192,#5193);
#4203=AXIS2_PLACEMENT_3D('',#6413,#5194,#5195);
#4204=AXIS2_PLACEMENT_3D('',#6416,#5196,#5197);
#4205=AXIS2_PLACEMENT_3D('',#6419,#5200,#5201);
#4206=AXIS2_PLACEMENT_3D('',#6423,#5204,#5205);
#4207=AXIS2_PLACEMENT_3D('',#6429,#5208,#5209);
#4208=AXIS2_PLACEMENT_3D('',#6431,#5211,#5212);
#4209=AXIS2_PLACEMENT_3D('',#6434,#5215,#5216);
#4210=AXIS2_PLACEMENT_3D('',#6436,#5218,#5219);
#4211=AXIS2_PLACEMENT_3D('',#6439,#5220,#5221);
#4212=AXIS2_PLACEMENT_3D('',#6442,#5224,#5225);
#4213=AXIS2_PLACEMENT_3D('',#6445,#5227,#5228);
#4214=AXIS2_PLACEMENT_3D('',#6447,#5230,#5231);
#4215=AXIS2_PLACEMENT_3D('',#6449,#5233,#5234);
#4216=AXIS2_PLACEMENT_3D('',#6450,#5235,#5236);
#4217=AXIS2_PLACEMENT_3D('',#6452,#5237,#5238);
#4218=AXIS2_PLACEMENT_3D('',#6454,#5240,#5241);
#4219=AXIS2_PLACEMENT_3D('',#6458,#5243,#5244);
#4220=AXIS2_PLACEMENT_3D('',#6460,#5246,#5247);
#4221=AXIS2_PLACEMENT_3D('',#6463,#5250,#5251);
#4222=AXIS2_PLACEMENT_3D('',#6464,#5252,#5253);
#4223=AXIS2_PLACEMENT_3D('',#6467,#5256,#5257);
#4224=AXIS2_PLACEMENT_3D('',#6469,#5259,#5260);
#4225=AXIS2_PLACEMENT_3D('',#6471,#5262,#5263);
#4226=AXIS2_PLACEMENT_3D('',#6472,#5264,#5265);
#4227=AXIS2_PLACEMENT_3D('',#6474,#5267,#5268);
#4228=AXIS2_PLACEMENT_3D('',#6476,#5270,#5271);
#4229=AXIS2_PLACEMENT_3D('',#6478,#5273,#5274);
#4230=AXIS2_PLACEMENT_3D('',#6484,#5277,#5278);
#4231=AXIS2_PLACEMENT_3D('',#6488,#5280,#5281);
#4232=AXIS2_PLACEMENT_3D('',#6492,#5283,#5284);
#4233=AXIS2_PLACEMENT_3D('',#6495,#5286,#5287);
#4234=AXIS2_PLACEMENT_3D('',#6496,#5288,#5289);
#4235=AXIS2_PLACEMENT_3D('',#6498,#5291,#5292);
#4236=AXIS2_PLACEMENT_3D('',#6499,#5293,#5294);
#4237=AXIS2_PLACEMENT_3D('',#6500,#5295,#5296);
#4238=AXIS2_PLACEMENT_3D('',#6501,#5297,#5298);
#4239=AXIS2_PLACEMENT_3D('',#6502,#5299,#5300);
#4240=AXIS2_PLACEMENT_3D('',#6503,#5301,#5302);
#4241=AXIS2_PLACEMENT_3D('',#6504,#5303,#5304);
#4242=AXIS2_PLACEMENT_3D('',#6508,#5306,#5307);
#4243=AXIS2_PLACEMENT_3D('',#6510,#5309,#5310);
#4244=AXIS2_PLACEMENT_3D('',#6514,#5313,#5314);
#4245=AXIS2_PLACEMENT_3D('',#6518,#5316,#5317);
#4246=AXIS2_PLACEMENT_3D('',#6520,#5319,#5320);
#4247=AXIS2_PLACEMENT_3D('',#6522,#5322,#5323);
#4248=AXIS2_PLACEMENT_3D('',#6524,#5324,#5325);
#4249=AXIS2_PLACEMENT_3D('',#6526,#5327,#5328);
#4250=AXIS2_PLACEMENT_3D('',#6530,#5331,#5332);
#4251=AXIS2_PLACEMENT_3D('',#6532,#5333,#5334);
#4252=AXIS2_PLACEMENT_3D('',#6534,#5336,#5337);
#4253=AXIS2_PLACEMENT_3D('',#6536,#5339,#5340);
#4254=AXIS2_PLACEMENT_3D('',#6539,#5341,#5342);
#4255=AXIS2_PLACEMENT_3D('',#6542,#5345,#5346);
#4256=AXIS2_PLACEMENT_3D('',#6546,#5349,#5350);
#4257=AXIS2_PLACEMENT_3D('',#6549,#5351,#5352);
#4258=AXIS2_PLACEMENT_3D('',#6552,#5355,#5356);
#4259=AXIS2_PLACEMENT_3D('',#6554,#5357,#5358);
#4260=AXIS2_PLACEMENT_3D('',#6558,#5360,#5361);
#4261=AXIS2_PLACEMENT_3D('',#6561,#5364,#5365);
#4262=AXIS2_PLACEMENT_3D('',#6563,#5367,#5368);
#4263=AXIS2_PLACEMENT_3D('',#6565,#5370,#5371);
#4264=AXIS2_PLACEMENT_3D('',#6567,#5373,#5374);
#4265=AXIS2_PLACEMENT_3D('',#6568,#5375,#5376);
#4266=AXIS2_PLACEMENT_3D('',#6569,#5377,#5378);
#4267=AXIS2_PLACEMENT_3D('',#6570,#5379,#5380);
#4268=AXIS2_PLACEMENT_3D('',#6571,#5381,#5382);
#4269=AXIS2_PLACEMENT_3D('',#6572,#5383,#5384);
#4270=AXIS2_PLACEMENT_3D('',#6573,#5385,#5386);
#4271=DIRECTION('axis',(0.,0.,1.));
#4272=DIRECTION('refdir',(1.,0.,0.));
#4273=DIRECTION('center_axis',(0.0060879209284137,0.996213249752252,-0.0867300307668952));
#4274=DIRECTION('ref_axis',(-0.997545473444471,-3.99505833736304E-15,-0.0700216281619144));
#4275=DIRECTION('center_axis',(0.0697564737441247,-0.0869434357387567,-0.993768017875765));
#4276=DIRECTION('ref_axis',(-0.709675978986363,-0.704429144407684,0.0118146247847786));
#4277=DIRECTION('center_axis',(0.997545473444471,-2.56433698760587E-14,
0.0700216281619169));
#4278=DIRECTION('ref_axis',(-0.0697564737441247,0.0869434357387577,0.993768017875764));
#4279=DIRECTION('center_axis',(-0.069756473744124,0.0869434357387568,0.993768017875765));
#4280=DIRECTION('ref_axis',(-0.00608792092841748,-0.996213249752251,0.0867300307669072));
#4281=DIRECTION('center_axis',(0.0697564737441247,-0.0869434357387567,-0.993768017875765));
#4282=DIRECTION('ref_axis',(-0.709675978986341,-0.704429144407706,0.0118146247847851));
#4283=DIRECTION('center_axis',(-0.0697564737441253,0.0869434357387571,0.993768017875765));
#4284=DIRECTION('ref_axis',(-0.709675978986341,-0.704429144407706,0.0118146247847851));
#4285=DIRECTION('',(0.0697564737441247,-0.0869434357387567,-0.993768017875765));
#4286=DIRECTION('',(-0.0697564737441247,0.0869434357387566,0.993768017875765));
#4287=DIRECTION('center_axis',(-0.997545473444471,3.037076953378E-15,-0.0700216281619193));
#4288=DIRECTION('ref_axis',(-0.00608792092842196,-0.996213249752251,0.0867300307669067));
#4289=DIRECTION('center_axis',(0.0697564737441247,-0.0869434357387567,-0.993768017875765));
#4290=DIRECTION('ref_axis',(0.701066358642719,-0.704429144407704,0.11084016099081));
#4291=DIRECTION('center_axis',(0.00608792092841456,0.996213249752251,-0.0867300307669084));
#4292=DIRECTION('ref_axis',(-0.0697564737441247,0.0869434357387577,0.993768017875764));
#4293=DIRECTION('center_axis',(-0.0697564737441249,0.0869434357387566,0.993768017875765));
#4294=DIRECTION('ref_axis',(0.997545473444471,-4.45833761137632E-16,0.0700216281619148));
#4295=DIRECTION('center_axis',(0.0697564737441247,-0.0869434357387567,-0.993768017875765));
#4296=DIRECTION('ref_axis',(0.701066358642719,-0.704429144407704,0.110840160990811));
#4297=DIRECTION('center_axis',(-0.0697564737441253,0.0869434357387571,0.993768017875765));
#4298=DIRECTION('ref_axis',(0.701066358642719,-0.704429144407704,0.110840160990811));
#4299=DIRECTION('',(0.0697564737441247,-0.0869434357387567,-0.993768017875765));
#4300=DIRECTION('',(-0.0697564737441247,0.0869434357387567,0.993768017875765));
#4301=DIRECTION('center_axis',(0.997545473444473,-9.3762715306292E-15,0.0700216281618977));
#4302=DIRECTION('ref_axis',(0.00608792092842637,0.996213249752251,-0.0867300307669063));
#4303=DIRECTION('center_axis',(0.0697564737441247,-0.0869434357387567,-0.993768017875765));
#4304=DIRECTION('ref_axis',(-0.70106635864273,0.704429144407693,-0.110840160990811));
#4305=DIRECTION('center_axis',(-0.00608792092839442,-0.996213249752251,
0.0867300307669076));
#4306=DIRECTION('ref_axis',(-0.0697564737441247,0.0869434357387555,0.993768017875765));
#4307=DIRECTION('center_axis',(-0.069756473744125,0.0869434357387581,0.993768017875764));
#4308=DIRECTION('ref_axis',(-0.997545473444471,-6.64389263487526E-16,-0.0700216281619149));
#4309=DIRECTION('center_axis',(0.0697564737441247,-0.0869434357387567,-0.993768017875765));
#4310=DIRECTION('ref_axis',(-0.701066358642719,0.704429144407704,-0.110840160990811));
#4311=DIRECTION('center_axis',(-0.0697564737441253,0.0869434357387571,0.993768017875765));
#4312=DIRECTION('ref_axis',(-0.701066358642719,0.704429144407704,-0.110840160990811));
#4313=DIRECTION('',(0.0697564737441247,-0.0869434357387566,-0.993768017875765));
#4314=DIRECTION('',(-0.0697564737441247,0.0869434357387566,0.993768017875765));
#4315=DIRECTION('center_axis',(-0.00608792092841772,-0.996213249752251,
0.0867300307669071));
#4316=DIRECTION('ref_axis',(-0.754696444430654,0.0614782929905305,0.653187336263265));
#4317=DIRECTION('',(0.00608792092841772,0.996213249752251,-0.086730030766907));
#4318=DIRECTION('',(-0.00608792092841772,-0.996213249752251,0.086730030766907));
#4319=DIRECTION('center_axis',(-0.00608792092841899,-0.996213249752251,
0.0867300307669083));
#4320=DIRECTION('ref_axis',(0.997545473444472,-4.45833761137632E-16,0.0700216281619137));
#4321=DIRECTION('center_axis',(0.0697564737441247,-0.0869434357387567,-0.993768017875765));
#4322=DIRECTION('ref_axis',(0.709675978986352,0.704429144407695,-0.0118146247847849));
#4323=DIRECTION('center_axis',(-0.997545473444471,1.68172865656688E-14,
-0.0700216281619161));
#4324=DIRECTION('ref_axis',(-0.0697564737441247,0.0869434357387577,0.993768017875764));
#4325=DIRECTION('center_axis',(-0.0697564737441247,0.0869434357387568,0.993768017875765));
#4326=DIRECTION('ref_axis',(0.00608792092841859,0.996213249752251,-0.0867300307669072));
#4327=DIRECTION('center_axis',(0.0697564737441247,-0.0869434357387567,-0.993768017875765));
#4328=DIRECTION('ref_axis',(0.709675978986344,0.704429144407703,-0.0118146247847851));
#4329=DIRECTION('center_axis',(-0.0697564737441253,0.0869434357387571,0.993768017875765));
#4330=DIRECTION('ref_axis',(0.709675978986344,0.704429144407703,-0.0118146247847851));
#4331=DIRECTION('',(0.0697564737441247,-0.0869434357387567,-0.993768017875765));
#4332=DIRECTION('',(-0.0697564737441247,0.0869434357387566,0.993768017875765));
#4333=DIRECTION('center_axis',(-0.997545473444471,1.77818984099215E-16,
-0.0700216281619147));
#4334=DIRECTION('ref_axis',(-0.0450204654443267,0.765907437398235,0.64137271147847));
#4335=DIRECTION('',(0.997545473444471,-1.77818984099216E-16,0.0700216281619146));
#4336=DIRECTION('',(-0.997545473444471,1.78683061354928E-16,-0.0700216281619146));
#4337=DIRECTION('center_axis',(0.00608792092841849,0.996213249752251,-0.086730030766907));
#4338=DIRECTION('ref_axis',(0.656045893198399,0.0614782929905314,0.75221287246928));
#4339=DIRECTION('',(-0.0060879209284185,-0.996213249752251,0.086730030766907));
#4340=DIRECTION('',(0.00608792092841849,0.996213249752251,-0.086730030766907));
#4341=DIRECTION('center_axis',(0.997545473444471,-1.23079613401714E-15,
0.0700216281619147));
#4342=DIRECTION('ref_axis',(-0.0536300857879435,-0.642950851417172,0.764027497254066));
#4343=DIRECTION('',(-0.997545473444471,1.23079613401714E-15,-0.0700216281619147));
#4344=DIRECTION('',(0.997545473444471,-1.22993205676142E-15,0.0700216281619147));
#4345=DIRECTION('center_axis',(0.997545473444472,8.19647014587448E-16,0.0700216281619146));
#4346=DIRECTION('ref_axis',(0.0060879209284177,0.996213249752251,-0.0867300307669068));
#4347=DIRECTION('',(-0.00608792092841775,-0.996213249752251,0.0867300307669074));
#4348=DIRECTION('center_axis',(-0.00608792092841872,-0.996213249752251,
0.086730030766907));
#4349=DIRECTION('ref_axis',(0.997545473444471,-1.68278004981343E-16,0.0700216281619147));
#4350=DIRECTION('',(-0.997545473444471,1.25777279819911E-16,-0.0700216281619152));
#4351=DIRECTION('center_axis',(0.0697564737441247,-0.0869434357387567,-0.993768017875765));
#4352=DIRECTION('ref_axis',(-0.997545473444471,4.45833761137632E-16,-0.0700216281619147));
#4353=DIRECTION('center_axis',(0.0697564737441247,-0.0869434357387567,-0.993768017875765));
#4354=DIRECTION('ref_axis',(-0.997545473444471,4.45833761137632E-16,-0.070021628161915));
#4355=DIRECTION('center_axis',(0.0697564737441247,-0.0869434357387567,-0.993768017875765));
#4356=DIRECTION('ref_axis',(-0.997545473444471,4.45833761137632E-16,-0.070021628161915));
#4357=DIRECTION('center_axis',(0.0697564737441247,-0.0869434357387567,-0.993768017875765));
#4358=DIRECTION('ref_axis',(-0.997545473444471,4.45833761137632E-16,-0.070021628161915));
#4359=DIRECTION('center_axis',(0.0697564737441247,-0.0869434357387567,-0.993768017875765));
#4360=DIRECTION('ref_axis',(-0.997545473444471,4.45833761137632E-16,-0.070021628161915));
#4361=DIRECTION('center_axis',(-0.0697564737441251,0.0869434357387552,0.993768017875765));
#4362=DIRECTION('ref_axis',(-0.997545473444471,4.45833761137632E-16,-0.070021628161915));
#4363=DIRECTION('center_axis',(-0.0697564737441251,0.0869434357387555,0.993768017875765));
#4364=DIRECTION('ref_axis',(-0.997545473444471,4.45833761137632E-16,-0.070021628161915));
#4365=DIRECTION('',(0.0697564737441251,-0.0869434357387551,-0.993768017875765));
#4366=DIRECTION('center_axis',(-0.0697564737441251,0.0869434357387552,0.993768017875765));
#4367=DIRECTION('ref_axis',(-0.997545473444471,4.45833761137632E-16,-0.070021628161915));
#4368=DIRECTION('center_axis',(-0.0697564737441251,0.0869434357387555,0.993768017875765));
#4369=DIRECTION('ref_axis',(-0.997545473444471,4.45833761137632E-16,-0.070021628161915));
#4370=DIRECTION('',(0.0697564737441251,-0.0869434357387551,-0.993768017875765));
#4371=DIRECTION('center_axis',(-0.0697564737441251,0.0869434357387552,0.993768017875765));
#4372=DIRECTION('ref_axis',(-0.997545473444471,4.45833761137632E-16,-0.070021628161915));
#4373=DIRECTION('center_axis',(-0.0697564737441251,0.0869434357387555,0.993768017875765));
#4374=DIRECTION('ref_axis',(-0.997545473444471,4.45833761137632E-16,-0.070021628161915));
#4375=DIRECTION('',(0.0697564737441251,-0.0869434357387551,-0.993768017875765));
#4376=DIRECTION('center_axis',(-0.0697564737441251,0.0869434357387552,0.993768017875765));
#4377=DIRECTION('ref_axis',(-0.997545473444471,4.45833761137632E-16,-0.070021628161915));
#4378=DIRECTION('center_axis',(-0.0697564737441251,0.0869434357387555,0.993768017875765));
#4379=DIRECTION('ref_axis',(-0.997545473444471,4.45833761137632E-16,-0.070021628161915));
#4380=DIRECTION('',(0.0697564737441251,-0.0869434357387551,-0.993768017875765));
#4381=DIRECTION('center_axis',(0.00608792092841977,0.996213249752251,-0.0867300307669069));
#4382=DIRECTION('ref_axis',(-0.997545473444471,1.22298987837524E-15,-0.0700216281619148));
#4383=DIRECTION('',(0.997545473444471,-1.17962179147582E-15,0.0700216281619153));
#4384=DIRECTION('center_axis',(-0.997545473444471,-4.33582590878274E-17,
-0.0700216281619146));
#4385=DIRECTION('ref_axis',(-0.00608792092841848,-0.996213249752251,0.0867300307669068));
#4386=DIRECTION('',(0.00608792092841852,0.996213249752251,-0.0867300307669074));
#4387=DIRECTION('center_axis',(-0.00608792092841919,-0.996213249752251,
0.0867300307669058));
#4388=DIRECTION('ref_axis',(-0.754696444430663,0.0614782929905313,0.653187336263255));
#4389=DIRECTION('center_axis',(3.18915633091304E-16,-0.996194698091746,
0.0871557427476566));
#4390=DIRECTION('ref_axis',(-0.997564050259499,-0.00607967728103186,-0.0694910293061017));
#4391=DIRECTION('',(-0.0060879209284193,-0.996213249752251,0.0867300307669073));
#4392=DIRECTION('center_axis',(0.70106635864272,-0.704429144407704,0.110840160990807));
#4393=DIRECTION('ref_axis',(-0.709675978986342,-0.704429144407705,0.0118146247847874));
#4394=DIRECTION('',(-0.00608792092841919,-0.996213249752251,0.0867300307669058));
#4395=DIRECTION('center_axis',(-0.709675978986344,-0.704429144407703,0.0118146247847837));
#4396=DIRECTION('ref_axis',(-0.701066358642717,0.704429144407706,-0.11084016099081));
#4397=DIRECTION('',(-0.0060879209284193,-0.996213249752251,0.0867300307669073));
#4398=DIRECTION('center_axis',(-3.74426784322562E-16,0.996194698091746,
-0.0871557427476566));
#4399=DIRECTION('ref_axis',(-0.997564050259499,-0.00607967728103192,-0.0694910293061017));
#4400=DIRECTION('',(-0.00608792092841919,-0.996213249752251,0.0867300307669058));
#4401=DIRECTION('center_axis',(0.997545473444471,-2.5674890225616E-16,0.070021628161915));
#4402=DIRECTION('ref_axis',(-0.053630085787945,-0.642950851417174,0.764027497254064));
#4403=DIRECTION('center_axis',(0.997545473444471,9.33271402263929E-16,0.0700216281619146));
#4404=DIRECTION('ref_axis',(-0.053630085787945,-0.642950851417174,0.764027497254064));
#4405=DIRECTION('',(0.997545473444471,-2.36799582282427E-16,0.0700216281619152));
#4406=DIRECTION('center_axis',(-0.997545473444471,6.73949898228582E-16,
-0.0700216281619147));
#4407=DIRECTION('ref_axis',(-0.053630085787945,-0.642950851417174,0.764027497254064));
#4408=DIRECTION('',(0.997545473444471,-2.5674890225616E-16,0.070021628161915));
#4409=DIRECTION('center_axis',(0.997545473444471,-6.19306108735313E-16,
0.0700216281619147));
#4410=DIRECTION('ref_axis',(-0.053630085787945,-0.642950851417174,0.764027497254064));
#4411=DIRECTION('',(0.997545473444471,-2.36799582282427E-16,0.0700216281619152));
#4412=DIRECTION('center_axis',(-0.997545473444471,-4.59603443017926E-17,
-0.0700216281619146));
#4413=DIRECTION('ref_axis',(-0.053630085787945,-0.642950851417174,0.764027497254064));
#4414=DIRECTION('',(0.997545473444471,-2.5674890225616E-16,0.070021628161915));
#4415=DIRECTION('center_axis',(0.997545473444471,-9.55080692946525E-18,
0.0700216281619146));
#4416=DIRECTION('ref_axis',(-0.053630085787945,-0.642950851417174,0.764027497254064));
#4417=DIRECTION('',(0.997545473444471,-2.36799582282427E-16,0.0700216281619152));
#4418=DIRECTION('center_axis',(0.709675978986343,0.704429144407704,-0.0118146247847823));
#4419=DIRECTION('ref_axis',(0.701066358642718,-0.704429144407705,0.110840160990808));
#4420=DIRECTION('',(0.997545473444471,-2.5674890225616E-16,0.070021628161915));
#4421=DIRECTION('',(0.997545473444471,-2.36799582282427E-16,0.0700216281619152));
#4422=DIRECTION('center_axis',(-0.997545473444472,-1.04342634298846E-15,
-0.0700216281619145));
#4423=DIRECTION('ref_axis',(-0.053630085787945,-0.642950851417174,0.764027497254064));
#4424=DIRECTION('',(0.997545473444471,-2.5674890225616E-16,0.070021628161915));
#4425=DIRECTION('center_axis',(0.00608792092841686,0.996213249752251,-0.086730030766906));
#4426=DIRECTION('ref_axis',(0.656045893198399,0.061478292990532,0.75221287246928));
#4427=DIRECTION('center_axis',(-3.74426784322562E-16,0.996194698091746,
-0.0871557427476566));
#4428=DIRECTION('ref_axis',(0.997564050259824,0.00607967728062701,0.0694910293014736));
#4429=DIRECTION('',(0.00608792092841697,0.996213249752251,-0.0867300307669075));
#4430=DIRECTION('center_axis',(-0.701066358642719,0.704429144407704,-0.110840160990813));
#4431=DIRECTION('ref_axis',(0.709675978986342,0.704429144407705,-0.0118146247847811));
#4432=DIRECTION('',(0.00608792092841686,0.996213249752251,-0.086730030766906));
#4433=DIRECTION('',(0.00608792092841697,0.996213249752251,-0.0867300307669075));
#4434=DIRECTION('center_axis',(3.18915633091304E-16,-0.996194698091746,
0.0871557427476566));
#4435=DIRECTION('ref_axis',(0.997564050259824,0.00607967728062696,0.0694910293014736));
#4436=DIRECTION('',(0.00608792092841686,0.996213249752251,-0.086730030766906));
#4437=DIRECTION('center_axis',(-0.997545473444471,8.67371565799996E-16,
-0.0700216281619151));
#4438=DIRECTION('ref_axis',(-0.0450204654443204,0.765907437398235,0.641372711478471));
#4439=DIRECTION('center_axis',(-0.997545473444471,-4.59603443017926E-17,
-0.0700216281619146));
#4440=DIRECTION('ref_axis',(-0.0450204654443204,0.765907437398235,0.641372711478471));
#4441=DIRECTION('',(-0.997545473444471,8.47422245826263E-16,-0.0700216281619153));
#4442=DIRECTION('center_axis',(0.997545473444471,-6.19306108735313E-16,
0.0700216281619147));
#4443=DIRECTION('ref_axis',(-0.0450204654443204,0.765907437398235,0.641372711478471));
#4444=DIRECTION('',(-0.997545473444471,8.67371565799996E-16,-0.0700216281619151));
#4445=DIRECTION('center_axis',(-0.997545473444471,6.73949898228582E-16,
-0.0700216281619147));
#4446=DIRECTION('ref_axis',(-0.0450204654443204,0.765907437398235,0.641372711478471));
#4447=DIRECTION('',(-0.997545473444471,8.47422245826263E-16,-0.0700216281619153));
#4448=DIRECTION('center_axis',(0.997545473444471,9.33271402263929E-16,0.0700216281619146));
#4449=DIRECTION('ref_axis',(-0.0450204654443204,0.765907437398235,0.641372711478471));
#4450=DIRECTION('',(-0.997545473444471,8.67371565799996E-16,-0.0700216281619151));
#4451=DIRECTION('center_axis',(-0.997545473444472,-1.04342634298846E-15,
-0.0700216281619145));
#4452=DIRECTION('ref_axis',(-0.0450204654443204,0.765907437398235,0.641372711478471));
#4453=DIRECTION('',(-0.997545473444471,8.47422245826263E-16,-0.0700216281619153));
#4454=DIRECTION('',(-0.997545473444471,8.67371565799996E-16,-0.0700216281619151));
#4455=DIRECTION('',(-0.997545473444471,8.47422245826263E-16,-0.0700216281619153));
#4456=DIRECTION('center_axis',(0.997545473444471,-9.55080692946525E-18,
0.0700216281619146));
#4457=DIRECTION('ref_axis',(-0.0450204654443204,0.765907437398235,0.641372711478471));
#4458=DIRECTION('',(-0.997545473444471,8.67371565799996E-16,-0.0700216281619151));
#4459=DIRECTION('center_axis',(0.0697564737441251,-0.0869434357387555,-0.993768017875765));
#4460=DIRECTION('ref_axis',(-0.997545473444471,4.45833761137632E-16,-0.070021628161915));
#4461=DIRECTION('center_axis',(0.997545473444472,1.04342634298846E-15,0.0700216281619145));
#4462=DIRECTION('ref_axis',(0.00608792092841748,0.996213249752251,-0.0867300307669069));
#4463=DIRECTION('',(-0.00608792092841752,-0.996213249752251,0.0867300307669074));
#4464=DIRECTION('',(0.00608792092841757,0.996213249752251,-0.0867300307669068));
#4465=DIRECTION('',(0.0700216281619145,5.03215831364024E-17,-0.997545473444471));
#4466=DIRECTION('center_axis',(-0.0697564737441253,0.0869434357387571,0.993768017875765));
#4467=DIRECTION('ref_axis',(-0.779985243051514,-0.625797907172811,-1.14984355980917E-16));
#4468=DIRECTION('',(-0.997545473444471,-7.16893748288776E-16,-0.0700216281619152));
#4469=DIRECTION('center_axis',(-0.0697564737441253,0.0869434357387571,0.993768017875765));
#4470=DIRECTION('ref_axis',(-0.621897945801927,0.775124388959649,-0.111468052137257));
#4471=DIRECTION('',(8.84399443184237E-15,-0.996194698091746,0.0871557427476587));
#4472=DIRECTION('',(-0.997545473444471,-1.6470757558299E-15,-0.0700216281619151));
#4473=DIRECTION('center_axis',(-0.0697564737441253,0.0869434357387571,0.993768017875765));
#4474=DIRECTION('ref_axis',(-0.621897945801928,0.775124388959648,-0.111468052137257));
#4475=DIRECTION('',(6.20791281317119E-16,-0.996194698091746,0.0871557427476581));
#4476=DIRECTION('',(-0.997564050259824,-0.00607967728062701,-0.0694910293014736));
#4477=DIRECTION('center_axis',(3.74426784322562E-16,-0.996194698091746,
0.0871557427476566));
#4478=DIRECTION('ref_axis',(0.997564050259824,0.00607967728062697,0.0694910293014731));
#4479=DIRECTION('',(0.997564050259824,0.00607967728062696,0.0694910293014731));
#4480=DIRECTION('',(-5.43121995309797E-17,0.0871557427476566,0.996194698091746));
#4481=DIRECTION('center_axis',(-3.18915633091304E-16,0.996194698091746,
-0.0871557427476566));
#4482=DIRECTION('ref_axis',(-0.997564050259824,-0.00607967728062692,-0.0694910293014731));
#4483=DIRECTION('',(0.997564050259824,0.00607967728062696,0.0694910293014736));
#4484=DIRECTION('',(-0.997564050259824,-0.00607967728062701,-0.0694910293014731));
#4485=DIRECTION('',(5.43121995309797E-17,-0.0871557427476566,-0.996194698091746));
#4486=DIRECTION('center_axis',(-0.0697564737441253,0.0869434357387571,0.993768017875765));
#4487=DIRECTION('ref_axis',(-0.779985243051514,-0.625797907172811,-1.14984355980917E-16));
#4488=DIRECTION('',(6.20791281317119E-16,-0.996194698091746,0.0871557427476581));
#4489=DIRECTION('',(-0.997564050259824,-0.00607967728062701,-0.0694910293014736));
#4490=DIRECTION('',(-0.00608792092841752,-0.996213249752251,0.0867300307669074));
#4491=DIRECTION('center_axis',(0.997545473444472,1.04342634298846E-15,0.0700216281619145));
#4492=DIRECTION('ref_axis',(0.00608792092841748,0.996213249752251,-0.0867300307669069));
#4493=DIRECTION('',(0.00608792092841742,0.996213249752251,-0.086730030766906));
#4494=DIRECTION('',(-0.0697564737441247,0.0869434357387556,0.993768017875765));
#4495=DIRECTION('center_axis',(-0.997545473444471,-9.33271402263929E-16,
-0.0700216281619146));
#4496=DIRECTION('ref_axis',(-0.00608792092841759,-0.996213249752251,0.0867300307669069));
#4497=DIRECTION('',(0.00608792092841763,0.996213249752251,-0.0867300307669074));
#4498=DIRECTION('',(-0.00608792092841768,-0.996213249752251,0.0867300307669068));
#4499=DIRECTION('',(-0.0697564737441247,0.0869434357387556,0.993768017875765));
#4500=DIRECTION('center_axis',(-0.0697564737441253,0.0869434357387571,0.993768017875765));
#4501=DIRECTION('ref_axis',(-0.779985243051514,-0.625797907172811,-1.14984355980917E-16));
#4502=DIRECTION('',(-0.997564050259824,-0.00607967728062701,-0.0694910293014736));
#4503=DIRECTION('',(-0.00608792092841924,-0.996213249752251,0.0867300307669073));
#4504=DIRECTION('center_axis',(0.997545473444471,-6.73949898228582E-16,
0.0700216281619147));
#4505=DIRECTION('ref_axis',(0.0060879209284192,0.996213249752251,-0.0867300307669067));
#4506=DIRECTION('',(0.00608792092841913,0.996213249752251,-0.0867300307669058));
#4507=DIRECTION('',(-0.0697564737441247,0.0869434357387556,0.993768017875765));
#4508=DIRECTION('center_axis',(-0.997545473444471,6.19306108735313E-16,
-0.0700216281619147));
#4509=DIRECTION('ref_axis',(-0.00608792092841915,-0.996213249752251,0.0867300307669068));
#4510=DIRECTION('',(0.00608792092841919,0.996213249752251,-0.0867300307669073));
#4511=DIRECTION('',(-0.00608792092841924,-0.996213249752251,0.0867300307669067));
#4512=DIRECTION('',(-0.0697564737441247,0.0869434357387556,0.993768017875765));
#4513=DIRECTION('center_axis',(-0.0697564737441253,0.0869434357387571,0.993768017875765));
#4514=DIRECTION('ref_axis',(-0.779985243051514,-0.625797907172811,-1.14984355980917E-16));
#4515=DIRECTION('',(-0.997564050259824,-0.00607967728062701,-0.0694910293014736));
#4516=DIRECTION('',(-0.00608792092841852,-0.996213249752251,0.0867300307669074));
#4517=DIRECTION('center_axis',(0.997545473444471,4.59603443017926E-17,0.0700216281619146));
#4518=DIRECTION('ref_axis',(0.00608792092841848,0.996213249752251,-0.0867300307669068));
#4519=DIRECTION('',(0.00608792092841842,0.996213249752251,-0.0867300307669059));
#4520=DIRECTION('',(-0.0697564737441247,0.0869434357387556,0.993768017875765));
#4521=DIRECTION('center_axis',(0.0697564737441247,-0.0869434357387556,-0.993768017875765));
#4522=DIRECTION('ref_axis',(-0.997545473444471,4.45833761137632E-16,-0.0700216281619147));
#4523=DIRECTION('',(6.20791281317119E-16,-0.996194698091746,0.0871557427476566));
#4524=DIRECTION('center_axis',(0.0697564737441247,-0.0869434357387556,-0.993768017875765));
#4525=DIRECTION('ref_axis',(-0.997545473444471,4.45833761137632E-16,-0.0700216281619147));
#4526=DIRECTION('',(0.997564050259824,0.00607967728062707,0.0694910293014731));
#4527=DIRECTION('',(6.20791281317119E-16,-0.996194698091746,0.0871557427476566));
#4528=DIRECTION('',(-0.997564050259824,-0.00607967728062707,-0.0694910293014731));
#4529=DIRECTION('',(0.00608792092841757,0.996213249752251,-0.0867300307669068));
#4530=DIRECTION('',(0.905986287381067,0.422468343989212,0.0266335390904668));
#4531=DIRECTION('',(-0.00608792092841768,-0.996213249752251,0.0867300307669068));
#4532=DIRECTION('',(-0.997564050259824,-0.00607967728062707,-0.0694910293014731));
#4533=DIRECTION('',(0.00608792092841929,0.996213249752251,-0.0867300307669067));
#4534=DIRECTION('',(0.997545473444471,-4.45833761137632E-16,0.0700216281619147));
#4535=DIRECTION('',(-0.00608792092841924,-0.996213249752251,0.0867300307669067));
#4536=DIRECTION('',(-0.997564050259824,-0.00607967728062707,-0.0694910293014731));
#4537=DIRECTION('',(0.00608792092841857,0.996213249752251,-0.0867300307669068));
#4538=DIRECTION('',(0.997545473444471,-4.45833761137632E-16,0.0700216281619147));
#4539=DIRECTION('',(-0.00608792092841863,-0.996213249752251,0.0867300307669068));
#4540=DIRECTION('',(-0.997564050259824,-0.00607967728062707,-0.0694910293014731));
#4541=DIRECTION('',(5.22640262159136E-16,0.996194698091746,-0.0871557427476565));
#4542=DIRECTION('',(0.997564050259824,0.00607967728062707,0.0694910293014731));
#4543=DIRECTION('',(-0.00608792092841863,-0.996213249752251,0.0867300307669068));
#4544=DIRECTION('',(0.997564050259824,0.00607967728062707,0.0694910293014731));
#4545=DIRECTION('',(0.997564050259824,0.00607967728062707,0.0694910293014731));
#4546=DIRECTION('center_axis',(0.0697564737441247,-0.0869434357387556,-0.993768017875765));
#4547=DIRECTION('ref_axis',(-0.997545473444471,4.45833761137632E-16,-0.0700216281619147));
#4548=DIRECTION('',(0.997564050259824,0.00607967728062707,0.0694910293014731));
#4549=DIRECTION('',(-0.997564050259824,-0.00607967728062701,-0.0694910293014731));
#4550=DIRECTION('',(5.22640262159136E-16,0.996194698091746,-0.0871557427476565));
#4551=DIRECTION('center_axis',(0.0697564737441247,-0.0869434357387556,-0.993768017875765));
#4552=DIRECTION('ref_axis',(-0.997545473444471,4.45833761137632E-16,-0.0700216281619147));
#4553=DIRECTION('',(0.00608792092841857,0.996213249752251,-0.0867300307669068));
#4554=DIRECTION('',(-0.00608792092841863,-0.996213249752251,0.0867300307669068));
#4555=DIRECTION('',(-0.997545473444471,-7.16893748288775E-16,-0.0700216281619146));
#4556=DIRECTION('center_axis',(0.0697564737441247,-0.0869434357387556,-0.993768017875765));
#4557=DIRECTION('ref_axis',(-0.997545473444471,4.45833761137632E-16,-0.0700216281619147));
#4558=DIRECTION('',(0.00608792092841929,0.996213249752251,-0.0867300307669067));
#4559=DIRECTION('',(-0.00608792092841924,-0.996213249752251,0.0867300307669067));
#4560=DIRECTION('',(-0.997545473444471,-1.64707575582991E-15,-0.0700216281619145));
#4561=DIRECTION('center_axis',(0.0697564737441247,-0.0869434357387556,-0.993768017875765));
#4562=DIRECTION('ref_axis',(-0.997545473444471,4.45833761137632E-16,-0.0700216281619147));
#4563=DIRECTION('',(-0.00608792092841768,-0.996213249752251,0.0867300307669068));
#4564=DIRECTION('',(-0.997545473444471,-7.16893748288776E-16,-0.0700216281619146));
#4565=DIRECTION('center_axis',(0.997545473444472,1.04342634298846E-15,0.0700216281619145));
#4566=DIRECTION('ref_axis',(0.00608792092841748,0.996213249752251,-0.0867300307669069));
#4567=DIRECTION('',(-0.0699843319585612,-0.0326342299431391,0.997014142485618));
#4568=DIRECTION('',(-0.0697564737441247,0.0869434357387556,0.993768017875765));
#4569=DIRECTION('',(-0.00608792092841752,-0.996213249752251,0.0867300307669074));
#4570=DIRECTION('center_axis',(3.74426784322562E-16,-0.996194698091746,
0.0871557427476566));
#4571=DIRECTION('ref_axis',(0.997564050259824,0.00607967728062697,0.0694910293014731));
#4572=DIRECTION('',(-5.43121995309797E-17,0.0871557427476566,0.996194698091746));
#4573=DIRECTION('center_axis',(0.997545473444471,-6.73949898228582E-16,
0.0700216281619147));
#4574=DIRECTION('ref_axis',(0.0060879209284192,0.996213249752251,-0.0867300307669067));
#4575=DIRECTION('',(-0.0700216281619147,3.1294819810683E-17,0.997545473444471));
#4576=DIRECTION('',(-0.0697564737441247,0.0869434357387556,0.993768017875765));
#4577=DIRECTION('',(-0.00608792092841924,-0.996213249752251,0.0867300307669073));
#4578=DIRECTION('center_axis',(-0.997545473444471,-9.33271402263929E-16,
-0.0700216281619146));
#4579=DIRECTION('ref_axis',(-0.00608792092841759,-0.996213249752251,0.0867300307669069));
#4580=DIRECTION('',(0.00608792092841763,0.996213249752251,-0.0867300307669074));
#4581=DIRECTION('',(-0.0700216281619146,-5.03215831364024E-17,0.997545473444471));
#4582=DIRECTION('center_axis',(0.997545473444471,4.59603443017926E-17,0.0700216281619146));
#4583=DIRECTION('ref_axis',(0.00608792092841848,0.996213249752251,-0.0867300307669068));
#4584=DIRECTION('',(-0.0700216281619146,3.12948198106829E-17,0.997545473444471));
#4585=DIRECTION('',(-0.0697564737441247,0.0869434357387556,0.993768017875765));
#4586=DIRECTION('',(-0.00608792092841852,-0.996213249752251,0.0867300307669074));
#4587=DIRECTION('center_axis',(-3.74426784322562E-16,0.996194698091746,
-0.0871557427476566));
#4588=DIRECTION('ref_axis',(-0.997564050259824,-0.00607967728062697,-0.0694910293014731));
#4589=DIRECTION('',(4.57250980411405E-17,0.0871557427476566,0.996194698091746));
#4590=DIRECTION('',(-0.0697564737441247,0.0869434357387556,0.993768017875765));
#4591=DIRECTION('',(0.997564050259824,0.00607967728062701,0.0694910293014736));
#4592=DIRECTION('center_axis',(-0.997545473444471,6.19306108735313E-16,
-0.0700216281619147));
#4593=DIRECTION('ref_axis',(-0.00608792092841915,-0.996213249752251,0.0867300307669068));
#4594=DIRECTION('',(0.00608792092841919,0.996213249752251,-0.0867300307669073));
#4595=DIRECTION('',(-0.0700216281619147,-1.15614705494071E-16,0.997545473444471));
#4596=DIRECTION('center_axis',(-0.997545473444471,9.55080692946525E-18,
-0.0700216281619146));
#4597=DIRECTION('ref_axis',(-0.00608792092841853,-0.996213249752251,0.0867300307669068));
#4598=DIRECTION('',(0.00608792092841857,0.996213249752251,-0.0867300307669074));
#4599=DIRECTION('',(-0.0700216281619146,-5.03215831364024E-17,0.997545473444471));
#4600=DIRECTION('center_axis',(-3.18915633091304E-16,0.996194698091746,
-0.0871557427476566));
#4601=DIRECTION('ref_axis',(-0.997564050259824,-0.00607967728062692,-0.0694910293014731));
#4602=DIRECTION('',(0.997564050259824,0.00607967728062696,0.0694910293014736));
#4603=DIRECTION('',(4.57250980411405E-17,0.0871557427476566,0.996194698091746));
#4604=DIRECTION('center_axis',(3.74426784322562E-16,-0.996194698091746,
0.0871557427476566));
#4605=DIRECTION('ref_axis',(0.997564050259824,0.00607967728062697,0.0694910293014731));
#4606=DIRECTION('center_axis',(3.74426784322562E-16,-0.996194698091746,
0.0871557427476566));
#4607=DIRECTION('ref_axis',(0.997564050259824,0.00607967728062697,0.0694910293014731));
#4608=DIRECTION('center_axis',(0.997545473444471,4.59603443017926E-17,0.0700216281619146));
#4609=DIRECTION('ref_axis',(0.00608792092841848,0.996213249752251,-0.0867300307669068));
#4610=DIRECTION('',(-0.00608792092841852,-0.996213249752251,0.0867300307669074));
#4611=DIRECTION('',(0.0700216281619146,5.03215831364024E-17,-0.997545473444471));
#4612=DIRECTION('center_axis',(0.997545473444471,-6.73949898228582E-16,
0.0700216281619147));
#4613=DIRECTION('ref_axis',(0.0060879209284192,0.996213249752251,-0.0867300307669067));
#4614=DIRECTION('',(-0.00608792092841924,-0.996213249752251,0.0867300307669073));
#4615=DIRECTION('',(0.0700216281619147,1.15614705494071E-16,-0.997545473444471));
#4616=DIRECTION('center_axis',(-3.74426784322562E-16,0.996194698091746,
-0.0871557427476566));
#4617=DIRECTION('ref_axis',(-0.997564050259824,-0.00607967728062697,-0.0694910293014731));
#4618=DIRECTION('',(5.43121995309797E-17,-0.0871557427476566,-0.996194698091746));
#4619=DIRECTION('',(0.997564050259824,0.00607967728062701,0.0694910293014736));
#4620=DIRECTION('center_axis',(-0.997545473444471,-9.33271402263929E-16,
-0.0700216281619146));
#4621=DIRECTION('ref_axis',(-0.00608792092841759,-0.996213249752251,0.0867300307669069));
#4622=DIRECTION('',(0.0699843319585612,0.0326342299431391,-0.997014142485618));
#4623=DIRECTION('',(0.00608792092841763,0.996213249752251,-0.0867300307669074));
#4624=DIRECTION('',(-0.0697564737441247,0.0869434357387556,0.993768017875765));
#4625=DIRECTION('center_axis',(-3.74426784322562E-16,0.996194698091746,
-0.0871557427476566));
#4626=DIRECTION('ref_axis',(-0.997564050259824,-0.00607967728062697,-0.0694910293014731));
#4627=DIRECTION('',(0.997564050259824,0.00607967728062701,0.0694910293014736));
#4628=DIRECTION('center_axis',(-0.997545473444471,6.19306108735313E-16,
-0.0700216281619147));
#4629=DIRECTION('ref_axis',(-0.00608792092841915,-0.996213249752251,0.0867300307669068));
#4630=DIRECTION('',(0.0700216281619147,-3.1294819810683E-17,-0.997545473444471));
#4631=DIRECTION('',(0.00608792092841919,0.996213249752251,-0.0867300307669073));
#4632=DIRECTION('',(-0.0697564737441247,0.0869434357387556,0.993768017875765));
#4633=DIRECTION('center_axis',(-3.74426784322562E-16,0.996194698091746,
-0.0871557427476566));
#4634=DIRECTION('ref_axis',(-0.997564050259824,-0.00607967728062697,-0.0694910293014731));
#4635=DIRECTION('',(0.997564050259824,0.00607967728062701,0.0694910293014736));
#4636=DIRECTION('center_axis',(-0.997545473444471,9.55080692946525E-18,
-0.0700216281619146));
#4637=DIRECTION('ref_axis',(-0.00608792092841853,-0.996213249752251,0.0867300307669068));
#4638=DIRECTION('',(0.0700216281619146,-3.12948198106829E-17,-0.997545473444471));
#4639=DIRECTION('',(0.00608792092841857,0.996213249752251,-0.0867300307669074));
#4640=DIRECTION('center_axis',(3.74426784322562E-16,-0.996194698091746,
0.0871557427476566));
#4641=DIRECTION('ref_axis',(0.997564050259824,0.00607967728062697,0.0694910293014731));
#4642=DIRECTION('',(-4.57250980411405E-17,-0.0871557427476566,-0.996194698091746));
#4643=DIRECTION('',(-0.997564050259824,-0.00607967728062701,-0.0694910293014736));
#4644=DIRECTION('',(-0.0697564737441247,0.0869434357387556,0.993768017875765));
#4645=DIRECTION('center_axis',(-0.997545473444471,9.55080692946525E-18,
-0.0700216281619146));
#4646=DIRECTION('ref_axis',(-0.00608792092841853,-0.996213249752251,0.0867300307669068));
#4647=DIRECTION('',(0.00608792092841857,0.996213249752251,-0.0867300307669074));
#4648=DIRECTION('center_axis',(3.74426784322562E-16,-0.996194698091746,
0.0871557427476566));
#4649=DIRECTION('ref_axis',(0.997564050259824,0.00607967728062697,0.0694910293014731));
#4650=DIRECTION('',(-0.997564050259824,-0.00607967728062701,-0.0694910293014736));
#4651=DIRECTION('',(-4.57250980411405E-17,-0.0871557427476566,-0.996194698091746));
#4652=DIRECTION('center_axis',(-0.422618261740704,0.906307787036648,0.));
#4653=DIRECTION('ref_axis',(0.906307787036648,0.422618261740704,0.));
#4654=DIRECTION('',(0.905986287381067,0.422468343989212,0.0266335390904667));
#4655=DIRECTION('',(0.,0.,1.));
#4656=DIRECTION('',(0.906307787036648,0.422618261740704,0.));
#4657=DIRECTION('',(0.,0.,1.));
#4658=DIRECTION('',(0.906307787036648,0.422618261740704,0.));
#4659=DIRECTION('',(0.,0.,-1.));
#4660=DIRECTION('',(0.906307787036648,0.422618261740704,0.));
#4661=DIRECTION('',(0.,0.,1.));
#4662=DIRECTION('',(0.905986287381067,0.422468343989212,0.0266335390904667));
#4663=DIRECTION('center_axis',(4.46930764567746E-16,1.,0.));
#4664=DIRECTION('ref_axis',(1.,-4.46930764567746E-16,0.));
#4665=DIRECTION('',(0.997545473444471,-4.45833761137632E-16,0.0700216281619152));
#4666=DIRECTION('',(1.,-4.46930764567746E-16,0.));
#4667=DIRECTION('',(0.,0.,1.));
#4668=DIRECTION('',(1.,-4.46930764567746E-16,0.));
#4669=DIRECTION('',(0.,0.,-1.));
#4670=DIRECTION('',(1.,-4.46930764567746E-16,0.));
#4671=DIRECTION('',(0.,0.,-1.));
#4672=DIRECTION('',(0.997545473444471,-4.45833761137632E-16,0.0700216281619152));
#4673=DIRECTION('center_axis',(4.46930764567746E-16,1.,0.));
#4674=DIRECTION('ref_axis',(1.,-4.46930764567746E-16,0.));
#4675=DIRECTION('',(0.997545473444471,-4.45833761137632E-16,0.0700216281619152));
#4676=DIRECTION('',(0.,0.,-1.));
#4677=DIRECTION('',(1.,-4.46930764567746E-16,0.));
#4678=DIRECTION('',(0.,0.,-1.));
#4679=DIRECTION('',(0.997545473444471,-4.45833761137632E-16,0.0700216281619152));
#4680=DIRECTION('center_axis',(-1.,5.24636663054197E-16,0.));
#4681=DIRECTION('ref_axis',(5.24636663054197E-16,1.,0.));
#4682=DIRECTION('',(5.22640262159136E-16,0.996194698091746,-0.087155742747658));
#4683=DIRECTION('',(0.,0.,1.));
#4684=DIRECTION('',(5.24636663054197E-16,1.,0.));
#4685=DIRECTION('',(0.,0.,1.));
#4686=DIRECTION('',(5.24636663054197E-16,1.,0.));
#4687=DIRECTION('',(0.,0.,-1.));
#4688=DIRECTION('',(5.24636663054197E-16,1.,0.));
#4689=DIRECTION('',(0.,0.,-1.));
#4690=DIRECTION('',(5.22640262159136E-16,0.996194698091746,-0.087155742747658));
#4691=DIRECTION('',(5.22640262159136E-16,0.996194698091746,-0.087155742747658));
#4692=DIRECTION('center_axis',(-0.0697564737441253,0.0869434357387571,0.993768017875765));
#4693=DIRECTION('ref_axis',(-0.779985243051514,-0.625797907172811,-1.14984355980917E-16));
#4694=DIRECTION('center_axis',(-0.0697564737441253,0.0869434357387571,0.993768017875765));
#4695=DIRECTION('ref_axis',(-0.779985243051514,-0.625797907172811,-1.14984355980917E-16));
#4696=DIRECTION('center_axis',(-0.0697564737441253,0.0869434357387571,0.993768017875765));
#4697=DIRECTION('ref_axis',(0.621897945801928,-0.775124388959648,0.111468052137257));
#4698=DIRECTION('',(4.45230058076479E-16,0.996194698091746,-0.087155742747658));
#4699=DIRECTION('center_axis',(-0.0697564737441253,0.0869434357387571,0.993768017875765));
#4700=DIRECTION('ref_axis',(-0.779985243051514,-0.625797907172811,-1.14984355980917E-16));
#4701=DIRECTION('center_axis',(-0.0697564737441253,0.0869434357387571,0.993768017875765));
#4702=DIRECTION('ref_axis',(0.621897945801928,-0.775124388959649,0.111468052137257));
#4703=DIRECTION('',(5.61345364200465E-16,0.996194698091746,-0.087155742747658));
#4704=DIRECTION('',(0.997545473444471,-4.45833761137632E-16,0.0700216281619152));
#4705=DIRECTION('center_axis',(-0.0697564737441253,0.0869434357387571,0.993768017875765));
#4706=DIRECTION('ref_axis',(0.621897945801928,-0.775124388959649,0.111468052137257));
#4707=DIRECTION('center_axis',(-0.0697564737441253,0.0869434357387571,0.993768017875765));
#4708=DIRECTION('ref_axis',(-0.779985243051514,-0.625797907172811,-1.14984355980917E-16));
#4709=DIRECTION('center_axis',(-0.0697564737441253,0.0869434357387571,0.993768017875765));
#4710=DIRECTION('ref_axis',(-0.779985243051514,-0.625797907172811,-1.14984355980917E-16));
#4711=DIRECTION('center_axis',(-0.0697564737441253,0.0869434357387571,0.993768017875765));
#4712=DIRECTION('ref_axis',(-0.621897945801927,0.775124388959649,-0.111468052137257));
#4713=DIRECTION('',(-0.997545473444471,4.45833761137632E-16,-0.0700216281619152));
#4714=DIRECTION('',(4.45230058076479E-16,0.996194698091746,-0.087155742747658));
#4715=DIRECTION('center_axis',(-0.0697564737441253,0.0869434357387571,0.993768017875765));
#4716=DIRECTION('ref_axis',(-0.621897945801928,0.775124388959649,-0.111468052137257));
#4717=DIRECTION('',(-0.997545473444471,-7.16893748288775E-16,-0.0700216281619152));
#4718=DIRECTION('center_axis',(-0.0697564737441253,0.0869434357387571,0.993768017875765));
#4719=DIRECTION('ref_axis',(-0.779985243051514,-0.625797907172811,-1.14984355980917E-16));
#4720=DIRECTION('',(-0.997545473444471,-7.16893748288775E-16,-0.0700216281619152));
#4721=DIRECTION('',(-9.4815361541135E-16,0.996194698091746,-0.0871557427476581));
#4722=DIRECTION('center_axis',(-0.0697564737441253,0.0869434357387571,0.993768017875765));
#4723=DIRECTION('ref_axis',(-0.621897945801928,0.775124388959648,-0.111468052137257));
#4724=DIRECTION('',(-0.997545473444471,-7.16893748288775E-16,-0.0700216281619152));
#4725=DIRECTION('',(-2.6511781052298E-15,0.996194698091746,-0.0871557427476582));
#4726=DIRECTION('center_axis',(-0.0697564737441253,0.0869434357387571,0.993768017875765));
#4727=DIRECTION('ref_axis',(-0.621897945801927,0.775124388959649,-0.111468052137257));
#4728=DIRECTION('',(-0.997545473444471,-1.64707575582991E-15,-0.0700216281619151));
#4729=DIRECTION('center_axis',(-0.0697564737441253,0.0869434357387571,0.993768017875765));
#4730=DIRECTION('ref_axis',(-0.779985243051514,-0.625797907172811,-1.14984355980917E-16));
#4731=DIRECTION('',(-0.997545473444471,-1.64707575582991E-15,-0.0700216281619151));
#4732=DIRECTION('center_axis',(-0.0697564737441253,0.0869434357387571,0.993768017875765));
#4733=DIRECTION('ref_axis',(-0.621897945801928,0.775124388959648,-0.111468052137257));
#4734=DIRECTION('',(-4.45230058076479E-16,-0.996194698091746,0.087155742747658));
#4735=DIRECTION('',(-0.997545473444471,-1.87962125771518E-15,-0.070021628161915));
#4736=DIRECTION('center_axis',(-0.0697564737441253,0.0869434357387571,0.993768017875765));
#4737=DIRECTION('ref_axis',(-0.621897945801927,0.775124388959649,-0.111468052137257));
#4738=DIRECTION('',(-4.45230058076479E-16,-0.996194698091746,0.087155742747658));
#4739=DIRECTION('',(-0.997545473444471,-7.16893748288776E-16,-0.0700216281619152));
#4740=DIRECTION('center_axis',(-0.0697564737441253,0.0869434357387571,0.993768017875765));
#4741=DIRECTION('ref_axis',(-0.779985243051514,-0.625797907172811,-1.14984355980917E-16));
#4742=DIRECTION('',(6.20791281317119E-16,-0.996194698091746,0.0871557427476581));
#4743=DIRECTION('center_axis',(-0.0697564737441253,0.0869434357387571,0.993768017875765));
#4744=DIRECTION('ref_axis',(-0.621897945801929,0.775124388959647,-0.111468052137257));
#4745=DIRECTION('',(0.420131800387564,-0.900975553457272,0.108315845449624));
#4746=DIRECTION('center_axis',(-0.0697564737441253,0.0869434357387571,0.993768017875765));
#4747=DIRECTION('ref_axis',(0.621897945801923,-0.775124388959652,0.111468052137257));
#4748=DIRECTION('center_axis',(0.069756473744124,-0.0869434357387567,-0.993768017875765));
#4749=DIRECTION('ref_axis',(-0.779985243051514,-0.625797907172811,6.48519543392563E-16));
#4750=DIRECTION('center_axis',(0.0697564737441253,-0.0869434357387571,-0.993768017875765));
#4751=DIRECTION('ref_axis',(-0.779985243051514,-0.625797907172811,6.48519543392563E-16));
#4752=DIRECTION('',(-0.069756473744124,0.0869434357387567,0.993768017875765));
#4753=DIRECTION('center_axis',(0.0697564737441247,-0.0869434357387564,-0.993768017875765));
#4754=DIRECTION('ref_axis',(-0.779985243051514,-0.625797907172811,-1.08244696962955E-17));
#4755=DIRECTION('center_axis',(-0.0697564737441247,0.0869434357387564,0.993768017875765));
#4756=DIRECTION('ref_axis',(-0.779985243051514,-0.625797907172811,-1.08244696962955E-17));
#4757=DIRECTION('center_axis',(0.069756473744124,-0.0869434357387548,-0.993768017875765));
#4758=DIRECTION('ref_axis',(-0.779985243051514,-0.625797907172811,-4.92546488652579E-16));
#4759=DIRECTION('center_axis',(0.0697564737441253,-0.0869434357387571,-0.993768017875765));
#4760=DIRECTION('ref_axis',(-0.779985243051514,-0.625797907172811,-4.92546488652579E-16));
#4761=DIRECTION('',(-0.069756473744124,0.0869434357387548,0.993768017875765));
#4762=DIRECTION('center_axis',(0.0697564737441246,-0.0869434357387564,-0.993768017875765));
#4763=DIRECTION('ref_axis',(-0.779985243051514,-0.625797907172811,-8.68469056631865E-18));
#4764=DIRECTION('center_axis',(-0.0697564737441246,0.0869434357387564,0.993768017875765));
#4765=DIRECTION('ref_axis',(-0.779985243051514,-0.625797907172811,-8.68469056631865E-18));
#4766=DIRECTION('center_axis',(0.0697564737441276,-0.0869434357387565,-0.993768017875764));
#4767=DIRECTION('ref_axis',(-0.779985243051514,-0.625797907172812,-2.21645919893661E-15));
#4768=DIRECTION('center_axis',(0.0697564737441253,-0.0869434357387571,-0.993768017875765));
#4769=DIRECTION('ref_axis',(-0.779985243051514,-0.625797907172812,-2.21645919893661E-15));
#4770=DIRECTION('',(-0.0697564737441276,0.0869434357387565,0.993768017875765));
#4771=DIRECTION('center_axis',(0.0697564737441247,-0.0869434357387564,-0.993768017875765));
#4772=DIRECTION('ref_axis',(-0.779985243051514,-0.625797907172811,2.13977912997684E-18));
#4773=DIRECTION('center_axis',(-0.0697564737441247,0.0869434357387564,0.993768017875765));
#4774=DIRECTION('ref_axis',(-0.779985243051514,-0.625797907172811,2.13977912997684E-18));
#4775=DIRECTION('center_axis',(0.0697564737441277,-0.0869434357387548,-0.993768017875765));
#4776=DIRECTION('ref_axis',(-0.779985243051514,-0.625797907172812,-3.37394344727017E-15));
#4777=DIRECTION('center_axis',(0.0697564737441253,-0.0869434357387571,-0.993768017875765));
#4778=DIRECTION('ref_axis',(-0.779985243051514,-0.625797907172812,-3.37394344727017E-15));
#4779=DIRECTION('',(-0.0697564737441277,0.0869434357387548,0.993768017875765));
#4780=DIRECTION('center_axis',(0.0697564737441247,-0.0869434357387565,-0.993768017875765));
#4781=DIRECTION('ref_axis',(-0.779985243051514,-0.625797907172812,2.13977912997684E-18));
#4782=DIRECTION('center_axis',(-0.0697564737441247,0.0869434357387565,0.993768017875765));
#4783=DIRECTION('ref_axis',(-0.779985243051514,-0.625797907172812,2.13977912997684E-18));
#4784=DIRECTION('center_axis',(0.,0.,1.));
#4785=DIRECTION('ref_axis',(0.707106781186548,0.707106781186547,0.));
#4786=DIRECTION('center_axis',(0.,0.,-1.));
#4787=DIRECTION('ref_axis',(0.707106781186548,0.707106781186547,0.));
#4788=DIRECTION('',(0.,0.,1.));
#4789=DIRECTION('center_axis',(-4.46930764567746E-16,-1.,0.));
#4790=DIRECTION('ref_axis',(-1.,4.46930764567746E-16,0.));
#4791=DIRECTION('',(-1.,4.46930764567746E-16,0.));
#4792=DIRECTION('',(0.,0.,1.));
#4793=DIRECTION('center_axis',(-1.,4.46930764567746E-16,0.));
#4794=DIRECTION('ref_axis',(4.46930764567746E-16,1.,0.));
#4795=DIRECTION('',(4.46930764567746E-16,1.,0.));
#4796=DIRECTION('',(0.,0.,-1.));
#4797=DIRECTION('center_axis',(0.,0.,1.));
#4798=DIRECTION('ref_axis',(0.707106781186547,0.707106781186548,0.));
#4799=DIRECTION('center_axis',(0.,0.,-1.));
#4800=DIRECTION('ref_axis',(0.707106781186547,0.707106781186548,0.));
#4801=DIRECTION('',(0.,0.,1.));
#4802=DIRECTION('center_axis',(7.18657712729004E-16,-1.,0.));
#4803=DIRECTION('ref_axis',(-1.,-7.18657712729004E-16,0.));
#4804=DIRECTION('',(-1.,-7.18657712729004E-16,0.));
#4805=DIRECTION('',(0.,0.,1.));
#4806=DIRECTION('center_axis',(-1.,-9.51775408188358E-16,0.));
#4807=DIRECTION('ref_axis',(-9.51775408188358E-16,1.,0.));
#4808=DIRECTION('',(-9.51775408188358E-16,1.,0.));
#4809=DIRECTION('',(0.,0.,-1.));
#4810=DIRECTION('center_axis',(0.,0.,1.));
#4811=DIRECTION('ref_axis',(0.707106781186546,0.707106781186549,0.));
#4812=DIRECTION('center_axis',(0.,0.,-1.));
#4813=DIRECTION('ref_axis',(0.707106781186546,0.707106781186549,0.));
#4814=DIRECTION('',(0.,0.,1.));
#4815=DIRECTION('center_axis',(7.18657712729004E-16,-1.,0.));
#4816=DIRECTION('ref_axis',(-1.,-7.18657712729004E-16,0.));
#4817=DIRECTION('',(1.,7.18657712729004E-16,0.));
#4818=DIRECTION('',(0.,0.,1.));
#4819=DIRECTION('',(-1.,-7.18657712729004E-16,0.));
#4820=DIRECTION('',(0.,0.,1.));
#4821=DIRECTION('center_axis',(-1.,-2.66130517489026E-15,0.));
#4822=DIRECTION('ref_axis',(-2.66130517489026E-15,1.,0.));
#4823=DIRECTION('',(-2.66130517489026E-15,1.,0.));
#4824=DIRECTION('',(0.,0.,-1.));
#4825=DIRECTION('',(2.66130517489026E-15,-1.,0.));
#4826=DIRECTION('',(0.,0.,-1.));
#4827=DIRECTION('center_axis',(0.,0.,1.));
#4828=DIRECTION('ref_axis',(0.707106781186549,0.707106781186546,0.));
#4829=DIRECTION('center_axis',(0.,0.,-1.));
#4830=DIRECTION('ref_axis',(0.707106781186549,0.707106781186546,0.));
#4831=DIRECTION('',(0.,0.,1.));
#4832=DIRECTION('center_axis',(1.65112849456642E-15,-1.,0.));
#4833=DIRECTION('ref_axis',(-1.,-1.65112849456642E-15,0.));
#4834=DIRECTION('',(-1.,-1.65112849456642E-15,0.));
#4835=DIRECTION('',(0.,0.,-1.));
#4836=DIRECTION('center_axis',(0.,0.,1.));
#4837=DIRECTION('ref_axis',(-0.707106781186549,0.707106781186546,0.));
#4838=DIRECTION('center_axis',(0.,0.,-1.));
#4839=DIRECTION('ref_axis',(-0.707106781186549,0.707106781186546,0.));
#4840=DIRECTION('',(0.,0.,1.));
#4841=DIRECTION('center_axis',(1.,-4.46930764567746E-16,0.));
#4842=DIRECTION('ref_axis',(-4.46930764567746E-16,-1.,0.));
#4843=DIRECTION('',(4.46930764567746E-16,1.,0.));
#4844=DIRECTION('',(0.,0.,1.));
#4845=DIRECTION('',(-4.46930764567746E-16,-1.,0.));
#4846=DIRECTION('',(0.,0.,-1.));
#4847=DIRECTION('center_axis',(1.88424619002576E-15,-1.,0.));
#4848=DIRECTION('ref_axis',(-1.,-1.88424619002576E-15,0.));
#4849=DIRECTION('',(-1.,-1.88424619002576E-15,0.));
#4850=DIRECTION('',(0.,0.,-1.));
#4851=DIRECTION('',(1.,1.88424619002576E-15,0.));
#4852=DIRECTION('',(0.,0.,-1.));
#4853=DIRECTION('center_axis',(0.,0.,1.));
#4854=DIRECTION('ref_axis',(-0.707106781186546,0.707106781186549,0.));
#4855=DIRECTION('center_axis',(0.,0.,-1.));
#4856=DIRECTION('ref_axis',(-0.707106781186546,0.707106781186549,0.));
#4857=DIRECTION('',(0.,0.,1.));
#4858=DIRECTION('center_axis',(1.,-4.46930764567746E-16,0.));
#4859=DIRECTION('ref_axis',(-4.46930764567746E-16,-1.,0.));
#4860=DIRECTION('',(-4.46930764567746E-16,-1.,0.));
#4861=DIRECTION('',(0.,0.,1.));
#4862=DIRECTION('center_axis',(7.18657712729005E-16,-1.,0.));
#4863=DIRECTION('ref_axis',(-1.,-7.18657712729005E-16,0.));
#4864=DIRECTION('',(-1.,-7.18657712729005E-16,0.));
#4865=DIRECTION('',(0.,0.,-1.));
#4866=DIRECTION('center_axis',(0.0697564737441253,-0.0869434357387571,-0.993768017875765));
#4867=DIRECTION('ref_axis',(-3.73234773510718E-16,-0.996194698091746,0.087155742747658));
#4868=DIRECTION('center_axis',(0.0697564737441253,-0.0869434357387571,-0.993768017875765));
#4869=DIRECTION('ref_axis',(0.621897945801926,-0.77512438895965,0.111468052137257));
#4870=DIRECTION('',(-0.894177006384049,-0.447088503192019,-0.0236506145285864));
#4871=DIRECTION('center_axis',(0.0697564737441253,-0.0869434357387571,-0.993768017875765));
#4872=DIRECTION('ref_axis',(0.621897945801925,-0.775124388959651,0.111468052137257));
#4873=DIRECTION('',(-0.997545473444471,2.16147196562546E-15,-0.0700216281619154));
#4874=DIRECTION('center_axis',(-0.0697564737441253,0.0869434357387571,0.993768017875765));
#4875=DIRECTION('ref_axis',(-0.621897945801931,0.775124388959646,-0.111468052137257));
#4876=DIRECTION('',(-0.905986287381067,-0.422468343989213,-0.0266335390904666));
#4877=DIRECTION('center_axis',(0.0697564737441253,-0.0869434357387571,-0.993768017875765));
#4878=DIRECTION('ref_axis',(0.621897945801932,-0.775124388959645,0.111468052137257));
#4879=DIRECTION('',(-0.420131800387564,0.900975553457272,-0.108315845449624));
#4880=DIRECTION('center_axis',(0.0697564737441253,-0.0869434357387571,-0.993768017875765));
#4881=DIRECTION('ref_axis',(-0.621897945801927,0.775124388959649,-0.111468052137257));
#4882=DIRECTION('',(2.2261502903824E-16,0.996194698091746,-0.087155742747658));
#4883=DIRECTION('center_axis',(0.0697564737441253,-0.0869434357387571,-0.993768017875765));
#4884=DIRECTION('ref_axis',(-0.621897945801928,0.775124388959649,-0.111468052137257));
#4885=DIRECTION('',(0.997545473444471,-3.93931615861761E-18,0.0700216281619152));
#4886=DIRECTION('center_axis',(-0.0697564737441253,0.0869434357387571,0.993768017875765));
#4887=DIRECTION('ref_axis',(0.621897945801928,-0.775124388959649,0.111468052137257));
#4888=DIRECTION('',(4.45230058076479E-16,0.996194698091746,-0.087155742747658));
#4889=DIRECTION('center_axis',(0.0697564737441253,-0.0869434357387571,-0.993768017875765));
#4890=DIRECTION('ref_axis',(-0.621897945801927,0.775124388959649,-0.111468052137257));
#4891=DIRECTION('',(0.997545473444471,-5.61653002421924E-16,0.0700216281619153));
#4892=DIRECTION('center_axis',(0.0697564737441253,-0.0869434357387571,-0.993768017875765));
#4893=DIRECTION('ref_axis',(-0.621897945801932,0.775124388959645,-0.111468052137257));
#4894=DIRECTION('',(0.889818503034784,-0.444909251517391,0.101384365516439));
#4895=DIRECTION('center_axis',(0.0697564737441253,-0.0869434357387571,-0.993768017875765));
#4896=DIRECTION('ref_axis',(0.621897945801927,-0.775124388959649,0.111468052137257));
#4897=DIRECTION('',(-3.41363153339041E-16,-0.996194698091746,0.087155742747658));
#4898=DIRECTION('center_axis',(-0.0697564737441253,0.0869434357387571,0.993768017875765));
#4899=DIRECTION('ref_axis',(0.621897945801926,-0.77512438895965,0.111468052137257));
#4900=DIRECTION('center_axis',(-0.0697564737441253,0.0869434357387571,0.993768017875765));
#4901=DIRECTION('ref_axis',(0.621897945801926,-0.77512438895965,0.111468052137257));
#4902=DIRECTION('center_axis',(-0.0697564737441253,0.0869434357387571,0.993768017875765));
#4903=DIRECTION('ref_axis',(0.621897945801927,-0.775124388959649,0.111468052137257));
#4904=DIRECTION('center_axis',(-0.0697564737441253,0.0869434357387571,0.993768017875765));
#4905=DIRECTION('ref_axis',(0.621897945801927,-0.775124388959649,0.111468052137257));
#4906=DIRECTION('center_axis',(0.,0.,1.));
#4907=DIRECTION('ref_axis',(0.229752920547357,-0.973248989467731,0.));
#4908=DIRECTION('',(0.,0.,-1.));
#4909=DIRECTION('center_axis',(0.,0.,1.));
#4910=DIRECTION('ref_axis',(0.229752920547357,-0.973248989467731,0.));
#4911=DIRECTION('',(0.,0.,1.));
#4912=DIRECTION('center_axis',(2.16679041022763E-15,1.,0.));
#4913=DIRECTION('ref_axis',(1.,-2.16679041022763E-15,0.));
#4914=DIRECTION('',(-1.,2.16679041022763E-15,0.));
#4915=DIRECTION('',(0.,0.,-1.));
#4916=DIRECTION('center_axis',(0.,0.,1.));
#4917=DIRECTION('ref_axis',(-0.216439613938103,0.976296007119933,0.));
#4918=DIRECTION('center_axis',(0.,0.,-1.));
#4919=DIRECTION('ref_axis',(-0.216439613938103,0.976296007119933,0.));
#4920=DIRECTION('',(0.,0.,1.));
#4921=DIRECTION('center_axis',(-0.422618261740704,0.906307787036648,0.));
#4922=DIRECTION('ref_axis',(0.906307787036648,0.422618261740704,0.));
#4923=DIRECTION('',(-0.906307787036648,-0.422618261740704,0.));
#4924=DIRECTION('',(0.,0.,-1.));
#4925=DIRECTION('center_axis',(0.,0.,1.));
#4926=DIRECTION('ref_axis',(-0.342020143325668,-0.939692620785909,0.));
#4927=DIRECTION('center_axis',(0.,0.,1.));
#4928=DIRECTION('ref_axis',(-0.342020143325668,-0.939692620785909,0.));
#4929=DIRECTION('',(0.,0.,1.));
#4930=DIRECTION('center_axis',(0.90630778703665,0.422618261740699,0.));
#4931=DIRECTION('ref_axis',(0.422618261740699,-0.90630778703665,0.));
#4932=DIRECTION('',(-0.422618261740699,0.90630778703665,0.));
#4933=DIRECTION('',(0.,0.,-1.));
#4934=DIRECTION('center_axis',(0.,0.,1.));
#4935=DIRECTION('ref_axis',(-0.976296007119933,-0.216439613938104,0.));
#4936=DIRECTION('center_axis',(0.,0.,1.));
#4937=DIRECTION('ref_axis',(-0.976296007119933,-0.216439613938104,0.));
#4938=DIRECTION('',(0.,0.,1.));
#4939=DIRECTION('center_axis',(1.,-2.23465382283873E-16,0.));
#4940=DIRECTION('ref_axis',(-2.23465382283873E-16,-1.,0.));
#4941=DIRECTION('',(2.23465382283873E-16,1.,0.));
#4942=DIRECTION('',(0.,0.,-1.));
#4943=DIRECTION('center_axis',(0.,0.,1.));
#4944=DIRECTION('ref_axis',(-0.707106781186546,0.707106781186549,0.));
#4945=DIRECTION('center_axis',(0.,0.,1.));
#4946=DIRECTION('ref_axis',(-0.707106781186546,0.707106781186549,0.));
#4947=DIRECTION('',(0.,0.,1.));
#4948=DIRECTION('center_axis',(-3.94900910633712E-18,-1.,0.));
#4949=DIRECTION('ref_axis',(-1.,3.94900910633712E-18,0.));
#4950=DIRECTION('',(1.,-3.94900910633712E-18,0.));
#4951=DIRECTION('',(0.,0.,-1.));
#4952=DIRECTION('',(1.,-3.94900910633712E-18,0.));
#4953=DIRECTION('center_axis',(-3.94900910633712E-18,-1.,0.));
#4954=DIRECTION('ref_axis',(-0.707106781186546,3.16027774346741E-16,0.707106781186549));
#4955=DIRECTION('',(0.,0.,1.));
#4956=DIRECTION('center_axis',(-3.94900910633712E-18,-1.,0.));
#4957=DIRECTION('ref_axis',(-0.707106781186546,3.16027774346741E-16,-0.707106781186549));
#4958=DIRECTION('',(-1.,3.94900910633712E-18,0.));
#4959=DIRECTION('',(0.,0.,-1.));
#4960=DIRECTION('center_axis',(4.46930764567746E-16,1.,0.));
#4961=DIRECTION('ref_axis',(1.,-4.46930764567746E-16,0.));
#4962=DIRECTION('',(0.,0.,1.));
#4963=DIRECTION('',(1.,-4.46930764567746E-16,0.));
#4964=DIRECTION('',(0.,0.,-1.));
#4965=DIRECTION('center_axis',(0.,0.,1.));
#4966=DIRECTION('ref_axis',(0.707106781186548,-0.707106781186547,0.));
#4967=DIRECTION('center_axis',(0.,0.,-1.));
#4968=DIRECTION('ref_axis',(0.707106781186548,-0.707106781186547,0.));
#4969=DIRECTION('center_axis',(0.,0.,1.));
#4970=DIRECTION('ref_axis',(1.,-4.46930764567746E-16,0.));
#4971=DIRECTION('center_axis',(0.,0.,-1.));
#4972=DIRECTION('ref_axis',(1.,-4.46930764567746E-16,0.));
#4973=DIRECTION('',(0.,0.,-1.));
#4974=DIRECTION('center_axis',(0.,0.,-1.));
#4975=DIRECTION('ref_axis',(1.,-4.46930764567746E-16,0.));
#4976=DIRECTION('center_axis',(0.,0.,1.));
#4977=DIRECTION('ref_axis',(-1.,4.46930764567746E-16,0.));
#4978=DIRECTION('center_axis',(0.,0.,1.));
#4979=DIRECTION('ref_axis',(1.,-4.46930764567746E-16,0.));
#4980=DIRECTION('center_axis',(0.,0.,-1.));
#4981=DIRECTION('ref_axis',(1.,-4.46930764567746E-16,0.));
#4982=DIRECTION('',(0.,0.,-1.));
#4983=DIRECTION('center_axis',(0.,0.,-1.));
#4984=DIRECTION('ref_axis',(1.,-4.46930764567746E-16,0.));
#4985=DIRECTION('center_axis',(0.,0.,1.));
#4986=DIRECTION('ref_axis',(-1.,4.46930764567746E-16,0.));
#4987=DIRECTION('center_axis',(0.,0.,1.));
#4988=DIRECTION('ref_axis',(1.,-4.46930764567746E-16,0.));
#4989=DIRECTION('center_axis',(0.,0.,-1.));
#4990=DIRECTION('ref_axis',(1.,-4.46930764567746E-16,0.));
#4991=DIRECTION('',(0.,0.,-1.));
#4992=DIRECTION('center_axis',(0.,0.,-1.));
#4993=DIRECTION('ref_axis',(1.,-4.46930764567746E-16,0.));
#4994=DIRECTION('center_axis',(0.,0.,1.));
#4995=DIRECTION('ref_axis',(-1.,4.46930764567746E-16,0.));
#4996=DIRECTION('center_axis',(0.,0.,1.));
#4997=DIRECTION('ref_axis',(1.,-4.46930764567746E-16,0.));
#4998=DIRECTION('center_axis',(0.,0.,-1.));
#4999=DIRECTION('ref_axis',(1.,-4.46930764567746E-16,0.));
#5000=DIRECTION('',(0.,0.,-1.));
#5001=DIRECTION('center_axis',(0.,0.,-1.));
#5002=DIRECTION('ref_axis',(1.,-4.46930764567746E-16,0.));
#5003=DIRECTION('center_axis',(0.,0.,1.));
#5004=DIRECTION('ref_axis',(-1.,4.46930764567746E-16,0.));
#5005=DIRECTION('center_axis',(0.,0.,1.));
#5006=DIRECTION('ref_axis',(-1.,4.46930764567746E-16,0.));
#5007=DIRECTION('center_axis',(0.,0.,1.));
#5008=DIRECTION('ref_axis',(-1.,4.46930764567746E-16,0.));
#5009=DIRECTION('',(0.,0.,-1.));
#5010=DIRECTION('center_axis',(0.,0.,1.));
#5011=DIRECTION('ref_axis',(-1.,4.46930764567746E-16,0.));
#5012=DIRECTION('center_axis',(0.,0.,1.));
#5013=DIRECTION('ref_axis',(-1.,4.46930764567746E-16,0.));
#5014=DIRECTION('',(0.,0.,-1.));
#5015=DIRECTION('center_axis',(0.,0.,1.));
#5016=DIRECTION('ref_axis',(-1.,4.46930764567746E-16,0.));
#5017=DIRECTION('center_axis',(0.,0.,1.));
#5018=DIRECTION('ref_axis',(-1.,4.46930764567746E-16,0.));
#5019=DIRECTION('',(0.,0.,-1.));
#5020=DIRECTION('center_axis',(0.,0.,1.));
#5021=DIRECTION('ref_axis',(-1.,4.46930764567746E-16,0.));
#5022=DIRECTION('center_axis',(0.,0.,1.));
#5023=DIRECTION('ref_axis',(-1.,4.46930764567746E-16,0.));
#5024=DIRECTION('',(0.,0.,-1.));
#5025=DIRECTION('center_axis',(0.,0.,1.));
#5026=DIRECTION('ref_axis',(0.229752920547362,0.97324898946773,0.));
#5027=DIRECTION('',(0.,0.,-1.));
#5028=DIRECTION('center_axis',(0.,0.,1.));
#5029=DIRECTION('ref_axis',(0.229752920547362,0.97324898946773,0.));
#5030=DIRECTION('',(0.,0.,1.));
#5031=DIRECTION('center_axis',(-5.6303498674859E-16,-1.,0.));
#5032=DIRECTION('ref_axis',(-1.,5.6303498674859E-16,0.));
#5033=DIRECTION('',(0.,0.,1.));
#5034=DIRECTION('',(1.,-5.6303498674859E-16,0.));
#5035=DIRECTION('center_axis',(0.,0.,-1.));
#5036=DIRECTION('ref_axis',(-1.,4.46930764567746E-16,0.));
#5037=DIRECTION('center_axis',(0.,0.,1.));
#5038=DIRECTION('ref_axis',(-0.707106781186546,0.707106781186549,0.));
#5039=DIRECTION('',(4.46930764567746E-16,1.,0.));
#5040=DIRECTION('center_axis',(0.,0.,-1.));
#5041=DIRECTION('ref_axis',(0.707106781186546,-0.707106781186549,0.));
#5042=DIRECTION('',(-0.894427190999918,-0.447213595499953,0.));
#5043=DIRECTION('center_axis',(0.,0.,1.));
#5044=DIRECTION('ref_axis',(0.850650808352039,-0.525731112119135,0.));
#5045=DIRECTION('',(-3.42667105128081E-16,-1.,0.));
#5046=DIRECTION('center_axis',(0.,0.,1.));
#5047=DIRECTION('ref_axis',(0.85065080835204,0.525731112119134,0.));
#5048=DIRECTION('',(0.894427190999916,-0.447213595499957,0.));
#5049=DIRECTION('',(-0.906307787036652,-0.422618261740696,0.));
#5050=DIRECTION('',(0.422618261740699,-0.90630778703665,0.));
#5051=DIRECTION('center_axis',(0.,0.,-1.));
#5052=DIRECTION('ref_axis',(-0.976296007119934,-0.2164396139381,0.));
#5053=DIRECTION('',(6.23162603160077E-16,-1.,0.));
#5054=DIRECTION('center_axis',(0.,0.,-1.));
#5055=DIRECTION('ref_axis',(-0.707106781186552,0.707106781186543,0.));
#5056=DIRECTION('',(-1.,-1.6511284945664E-15,0.));
#5057=DIRECTION('',(8.87777705380628E-15,-1.,0.));
#5058=DIRECTION('center_axis',(0.,0.,-1.));
#5059=DIRECTION('ref_axis',(-0.707106781186543,0.707106781186553,0.));
#5060=DIRECTION('',(-4.46930764567746E-16,-1.,0.));
#5061=DIRECTION('center_axis',(0.,0.,1.));
#5062=DIRECTION('ref_axis',(-0.70710678118655,0.707106781186545,0.));
#5063=DIRECTION('',(-1.,4.46930764567746E-16,0.));
#5064=DIRECTION('center_axis',(0.,0.,1.));
#5065=DIRECTION('ref_axis',(0.707106781186545,0.70710678118655,0.));
#5066=DIRECTION('center_axis',(0.,0.,1.));
#5067=DIRECTION('ref_axis',(-0.707106781186547,0.707106781186548,0.));
#5068=DIRECTION('',(-1.,4.46930764567746E-16,0.));
#5069=DIRECTION('center_axis',(0.,0.,1.));
#5070=DIRECTION('ref_axis',(0.707106781186548,0.707106781186547,0.));
#5071=DIRECTION('',(4.46930764567746E-16,1.,0.));
#5072=DIRECTION('',(-1.,4.46930764567746E-16,0.));
#5073=DIRECTION('center_axis',(0.,0.,1.));
#5074=DIRECTION('ref_axis',(0.707106781186548,0.707106781186547,0.));
#5075=DIRECTION('',(4.46930764567746E-16,1.,0.));
#5076=DIRECTION('center_axis',(0.,0.,1.));
#5077=DIRECTION('ref_axis',(0.707106781186549,-0.707106781186546,0.));
#5078=DIRECTION('',(1.,-4.46930764567746E-16,0.));
#5079=DIRECTION('',(5.63489612297422E-16,1.,0.));
#5080=DIRECTION('center_axis',(0.,0.,-1.));
#5081=DIRECTION('ref_axis',(0.707106781186548,-0.707106781186547,0.));
#5082=DIRECTION('',(4.46930764567746E-16,1.,0.));
#5083=DIRECTION('center_axis',(0.,0.,-1.));
#5084=DIRECTION('ref_axis',(0.707106781186549,-0.707106781186546,0.));
#5085=DIRECTION('',(4.46930764567746E-16,1.,0.));
#5086=DIRECTION('center_axis',(0.,0.,1.));
#5087=DIRECTION('ref_axis',(0.707106781186547,-0.707106781186548,0.));
#5088=DIRECTION('',(1.,-4.46930764567746E-16,0.));
#5089=DIRECTION('center_axis',(0.,0.,1.));
#5090=DIRECTION('ref_axis',(-0.707106781186548,-0.707106781186547,0.));
#5091=DIRECTION('',(-4.46930764567746E-16,-1.,0.));
#5092=DIRECTION('',(-0.422618261740703,0.906307787036648,0.));
#5093=DIRECTION('center_axis',(0.,0.,1.));
#5094=DIRECTION('ref_axis',(0.93969262078591,-0.342020143325666,0.));
#5095=DIRECTION('',(0.906307787036648,0.422618261740704,0.));
#5096=DIRECTION('center_axis',(0.,0.,1.));
#5097=DIRECTION('ref_axis',(-0.342020143325655,-0.939692620785913,0.));
#5098=DIRECTION('',(0.422618261740712,-0.906307787036644,0.));
#5099=DIRECTION('center_axis',(0.,0.,-1.));
#5100=DIRECTION('ref_axis',(-0.342020143325666,-0.93969262078591,0.));
#5101=DIRECTION('',(0.422618261740699,-0.90630778703665,0.));
#5102=DIRECTION('',(0.906307787036649,0.422618261740702,0.));
#5103=DIRECTION('center_axis',(0.,0.,1.));
#5104=DIRECTION('ref_axis',(-0.342020143325655,-0.939692620785913,0.));
#5105=DIRECTION('',(0.4226182617407,-0.90630778703665,0.));
#5106=DIRECTION('center_axis',(0.,0.,1.));
#5107=DIRECTION('ref_axis',(-0.93969262078591,0.342020143325666,0.));
#5108=DIRECTION('center_axis',(0.,0.,1.));
#5109=DIRECTION('ref_axis',(0.85065080835204,0.525731112119134,0.));
#5110=DIRECTION('',(0.,0.,-1.));
#5111=DIRECTION('',(0.,0.,1.));
#5112=DIRECTION('center_axis',(-1.,3.42667105128081E-16,0.));
#5113=DIRECTION('ref_axis',(3.42667105128081E-16,1.,0.));
#5114=DIRECTION('',(0.,0.,-1.));
#5115=DIRECTION('center_axis',(0.,0.,1.));
#5116=DIRECTION('ref_axis',(0.850650808352039,-0.525731112119135,0.));
#5117=DIRECTION('',(0.,0.,1.));
#5118=DIRECTION('center_axis',(0.,0.,1.));
#5119=DIRECTION('ref_axis',(0.707106781186546,-0.707106781186549,0.));
#5120=DIRECTION('center_axis',(0.,0.,-1.));
#5121=DIRECTION('ref_axis',(0.707106781186546,-0.707106781186549,0.));
#5122=DIRECTION('',(0.,0.,-1.));
#5123=DIRECTION('center_axis',(0.,0.,1.));
#5124=DIRECTION('ref_axis',(0.707106781186546,-0.707106781186549,0.));
#5125=DIRECTION('',(0.,0.,1.));
#5126=DIRECTION('center_axis',(0.,0.,1.));
#5127=DIRECTION('ref_axis',(-0.707106781186546,0.707106781186549,0.));
#5128=DIRECTION('',(0.,0.,-1.));
#5129=DIRECTION('center_axis',(1.,-4.46930764567746E-16,0.));
#5130=DIRECTION('ref_axis',(-4.46930764567746E-16,-1.,0.));
#5131=DIRECTION('center_axis',(0.,0.,-1.));
#5132=DIRECTION('ref_axis',(0.707106781186548,0.707106781186547,0.));
#5133=DIRECTION('center_axis',(0.,0.,1.));
#5134=DIRECTION('ref_axis',(0.707106781186548,0.707106781186547,0.));
#5135=DIRECTION('',(0.,0.,1.));
#5136=DIRECTION('',(0.,0.,-1.));
#5137=DIRECTION('center_axis',(0.,0.,-1.));
#5138=DIRECTION('ref_axis',(-1.,4.46930764567746E-16,0.));
#5139=DIRECTION('',(1.,-4.46930764567746E-16,0.));
#5140=DIRECTION('',(-1.,4.46930764567746E-16,0.));
#5141=DIRECTION('center_axis',(0.,0.,1.));
#5142=DIRECTION('ref_axis',(0.707106781186549,-0.707106781186546,0.));
#5143=DIRECTION('',(-4.46930764567746E-16,-1.,0.));
#5144=DIRECTION('center_axis',(-1.,4.46930764567746E-16,0.));
#5145=DIRECTION('ref_axis',(-4.46930764567746E-16,-1.,0.));
#5146=DIRECTION('',(0.,0.,-1.));
#5147=DIRECTION('center_axis',(0.,0.,-1.));
#5148=DIRECTION('ref_axis',(0.707106781186549,-0.707106781186546,0.));
#5149=DIRECTION('',(0.,0.,1.));
#5150=DIRECTION('center_axis',(4.46930764567746E-16,1.,0.));
#5151=DIRECTION('ref_axis',(-1.,4.46930764567746E-16,0.));
#5152=DIRECTION('center_axis',(0.,0.,-1.));
#5153=DIRECTION('ref_axis',(0.707106781186547,-0.707106781186548,0.));
#5154=DIRECTION('center_axis',(0.,0.,1.));
#5155=DIRECTION('ref_axis',(0.707106781186547,-0.707106781186548,0.));
#5156=DIRECTION('',(0.,0.,1.));
#5157=DIRECTION('',(0.,0.,-1.));
#5158=DIRECTION('center_axis',(-1.,4.46930764567746E-16,0.));
#5159=DIRECTION('ref_axis',(-4.46930764567746E-16,-1.,0.));
#5160=DIRECTION('',(-4.46930764567746E-16,-1.,0.));
#5161=DIRECTION('center_axis',(0.,0.,-1.));
#5162=DIRECTION('ref_axis',(-1.,4.46930764567746E-16,0.));
#5163=DIRECTION('',(4.46930764567746E-16,1.,0.));
#5164=DIRECTION('center_axis',(0.,0.,1.));
#5165=DIRECTION('ref_axis',(-0.707106781186548,-0.707106781186547,0.));
#5166=DIRECTION('',(-1.,4.46930764567746E-16,0.));
#5167=DIRECTION('center_axis',(0.,0.,-1.));
#5168=DIRECTION('ref_axis',(-0.707106781186548,-0.707106781186547,0.));
#5169=DIRECTION('',(0.,0.,1.));
#5170=DIRECTION('',(0.,0.,-1.));
#5171=DIRECTION('center_axis',(1.,-4.46930764567746E-16,0.));
#5172=DIRECTION('ref_axis',(4.46930764567746E-16,1.,0.));
#5173=DIRECTION('center_axis',(0.,0.,-1.));
#5174=DIRECTION('ref_axis',(0.93969262078591,-0.342020143325666,0.));
#5175=DIRECTION('center_axis',(0.,0.,1.));
#5176=DIRECTION('ref_axis',(0.93969262078591,-0.342020143325666,0.));
#5177=DIRECTION('',(0.,0.,1.));
#5178=DIRECTION('',(0.,0.,-1.));
#5179=DIRECTION('center_axis',(-0.906307787036648,-0.422618261740703,0.));
#5180=DIRECTION('ref_axis',(0.422618261740703,-0.906307787036648,0.));
#5181=DIRECTION('',(0.422618261740703,-0.906307787036648,0.));
#5182=DIRECTION('center_axis',(0.,0.,-1.));
#5183=DIRECTION('ref_axis',(-1.,4.46930764567746E-16,0.));
#5184=DIRECTION('',(-0.422618261740712,0.906307787036644,0.));
#5185=DIRECTION('center_axis',(0.,0.,1.));
#5186=DIRECTION('ref_axis',(-0.342020143325655,-0.939692620785913,0.));
#5187=DIRECTION('',(-0.906307787036648,-0.422618261740704,0.));
#5188=DIRECTION('center_axis',(0.,0.,-1.));
#5189=DIRECTION('ref_axis',(-0.342020143325655,-0.939692620785913,0.));
#5190=DIRECTION('',(0.,0.,1.));
#5191=DIRECTION('',(0.,0.,-1.));
#5192=DIRECTION('center_axis',(0.906307787036644,0.422618261740712,0.));
#5193=DIRECTION('ref_axis',(-0.422618261740712,0.906307787036644,0.));
#5194=DIRECTION('center_axis',(0.,0.,-1.));
#5195=DIRECTION('ref_axis',(-0.342020143325655,-0.939692620785913,0.));
#5196=DIRECTION('center_axis',(0.,0.,1.));
#5197=DIRECTION('ref_axis',(-0.342020143325655,-0.939692620785913,0.));
#5198=DIRECTION('',(0.,0.,1.));
#5199=DIRECTION('',(0.,0.,-1.));
#5200=DIRECTION('center_axis',(-0.422618261740702,0.906307787036649,0.));
#5201=DIRECTION('ref_axis',(-0.906307787036649,-0.422618261740702,0.));
#5202=DIRECTION('',(0.,0.,-1.));
#5203=DIRECTION('',(-0.906307787036649,-0.422618261740702,0.));
#5204=DIRECTION('center_axis',(0.,0.,-1.));
#5205=DIRECTION('ref_axis',(-1.,4.46930764567746E-16,0.));
#5206=DIRECTION('',(0.422618261740699,-0.90630778703665,0.));
#5207=DIRECTION('',(0.906307787036652,0.422618261740696,0.));
#5208=DIRECTION('center_axis',(0.,0.,1.));
#5209=DIRECTION('ref_axis',(-0.93969262078591,0.342020143325666,0.));
#5210=DIRECTION('',(-0.4226182617407,0.90630778703665,0.));
#5211=DIRECTION('center_axis',(0.,0.,-1.));
#5212=DIRECTION('ref_axis',(-0.93969262078591,0.342020143325666,0.));
#5213=DIRECTION('',(0.,0.,1.));
#5214=DIRECTION('',(0.,0.,-1.));
#5215=DIRECTION('center_axis',(0.422618261740696,-0.906307787036652,0.));
#5216=DIRECTION('ref_axis',(0.906307787036652,0.422618261740696,0.));
#5217=DIRECTION('',(0.,0.,1.));
#5218=DIRECTION('center_axis',(0.,0.,-1.));
#5219=DIRECTION('ref_axis',(-0.70710678118655,0.707106781186545,0.));
#5220=DIRECTION('center_axis',(0.,0.,1.));
#5221=DIRECTION('ref_axis',(-0.70710678118655,0.707106781186545,0.));
#5222=DIRECTION('',(0.,0.,1.));
#5223=DIRECTION('',(0.,0.,-1.));
#5224=DIRECTION('center_axis',(0.,0.,-1.));
#5225=DIRECTION('ref_axis',(-1.,4.46930764567746E-16,0.));
#5226=DIRECTION('',(4.46930764567746E-16,1.,0.));
#5227=DIRECTION('center_axis',(0.,0.,1.));
#5228=DIRECTION('ref_axis',(0.707106781186545,0.70710678118655,0.));
#5229=DIRECTION('',(1.,-4.46930764567746E-16,0.));
#5230=DIRECTION('center_axis',(-4.46930764567746E-16,-1.,0.));
#5231=DIRECTION('ref_axis',(1.,-4.46930764567746E-16,0.));
#5232=DIRECTION('',(0.,0.,-1.));
#5233=DIRECTION('center_axis',(0.,0.,-1.));
#5234=DIRECTION('ref_axis',(0.707106781186545,0.70710678118655,0.));
#5235=DIRECTION('center_axis',(0.,0.,-1.));
#5236=DIRECTION('ref_axis',(-0.707106781186547,0.707106781186548,0.));
#5237=DIRECTION('center_axis',(0.,0.,1.));
#5238=DIRECTION('ref_axis',(-0.707106781186547,0.707106781186548,0.));
#5239=DIRECTION('',(0.,0.,1.));
#5240=DIRECTION('center_axis',(0.,0.,-1.));
#5241=DIRECTION('ref_axis',(-1.,4.46930764567746E-16,0.));
#5242=DIRECTION('',(-4.46930764567746E-16,-1.,0.));
#5243=DIRECTION('center_axis',(0.,0.,1.));
#5244=DIRECTION('ref_axis',(0.707106781186548,0.707106781186547,0.));
#5245=DIRECTION('',(1.,-4.46930764567746E-16,0.));
#5246=DIRECTION('center_axis',(0.,0.,-1.));
#5247=DIRECTION('ref_axis',(0.707106781186548,0.707106781186547,0.));
#5248=DIRECTION('',(0.,0.,1.));
#5249=DIRECTION('',(0.,0.,-1.));
#5250=DIRECTION('center_axis',(-1.,4.46930764567746E-16,0.));
#5251=DIRECTION('ref_axis',(-4.46930764567746E-16,-1.,0.));
#5252=DIRECTION('center_axis',(0.,0.,1.));
#5253=DIRECTION('ref_axis',(-0.976296007119934,-0.2164396139381,0.));
#5254=DIRECTION('',(0.,0.,-1.));
#5255=DIRECTION('',(0.,0.,1.));
#5256=DIRECTION('center_axis',(1.,6.23162603160077E-16,0.));
#5257=DIRECTION('ref_axis',(6.23162603160077E-16,-1.,0.));
#5258=DIRECTION('',(0.,0.,1.));
#5259=DIRECTION('center_axis',(0.,0.,1.));
#5260=DIRECTION('ref_axis',(-0.342020143325666,-0.93969262078591,0.));
#5261=DIRECTION('',(0.,0.,-1.));
#5262=DIRECTION('center_axis',(0.90630778703665,0.422618261740699,0.));
#5263=DIRECTION('ref_axis',(0.422618261740699,-0.90630778703665,0.));
#5264=DIRECTION('center_axis',(0.,0.,1.));
#5265=DIRECTION('ref_axis',(0.707106781186549,-0.707106781186546,0.));
#5266=DIRECTION('',(0.,0.,1.));
#5267=DIRECTION('center_axis',(0.,0.,1.));
#5268=DIRECTION('ref_axis',(0.707106781186548,-0.707106781186547,0.));
#5269=DIRECTION('',(0.,0.,1.));
#5270=DIRECTION('center_axis',(0.,0.,1.));
#5271=DIRECTION('ref_axis',(-0.707106781186552,0.707106781186543,0.));
#5272=DIRECTION('',(0.,0.,-1.));
#5273=DIRECTION('center_axis',(1.6511284945664E-15,-1.,0.));
#5274=DIRECTION('ref_axis',(-1.,-1.6511284945664E-15,0.));
#5275=DIRECTION('',(0.,0.,1.));
#5276=DIRECTION('',(0.,0.,-1.));
#5277=DIRECTION('center_axis',(-1.6511284945664E-15,1.,0.));
#5278=DIRECTION('ref_axis',(-0.707106781186553,3.16027774346744E-16,0.707106781186543));
#5279=DIRECTION('',(-1.,-1.6511284945664E-15,0.));
#5280=DIRECTION('center_axis',(-1.6511284945664E-15,1.,0.));
#5281=DIRECTION('ref_axis',(0.707106781186552,-3.16027774346744E-16,0.707106781186543));
#5282=DIRECTION('',(0.,0.,1.));
#5283=DIRECTION('center_axis',(-1.6511284945664E-15,1.,0.));
#5284=DIRECTION('ref_axis',(0.707106781186552,-3.16027774346744E-16,-0.707106781186543));
#5285=DIRECTION('',(1.,1.6511284945664E-15,0.));
#5286=DIRECTION('center_axis',(-1.6511284945664E-15,1.,0.));
#5287=DIRECTION('ref_axis',(-0.707106781186552,3.16027774346744E-16,-0.707106781186543));
#5288=DIRECTION('center_axis',(0.,0.,1.));
#5289=DIRECTION('ref_axis',(-0.707106781186543,0.707106781186553,0.));
#5290=DIRECTION('',(0.,0.,1.));
#5291=DIRECTION('center_axis',(0.90630778703665,0.4226182617407,0.));
#5292=DIRECTION('ref_axis',(-0.4226182617407,0.90630778703665,0.));
#5293=DIRECTION('center_axis',(1.,-4.46930764567746E-16,0.));
#5294=DIRECTION('ref_axis',(4.46930764567746E-16,1.,0.));
#5295=DIRECTION('center_axis',(-4.46930764567746E-16,-1.,0.));
#5296=DIRECTION('ref_axis',(1.,-4.46930764567746E-16,0.));
#5297=DIRECTION('center_axis',(-0.422618261740704,0.906307787036648,0.));
#5298=DIRECTION('ref_axis',(-0.906307787036648,-0.422618261740704,0.));
#5299=DIRECTION('center_axis',(-4.46930764567746E-16,-1.,0.));
#5300=DIRECTION('ref_axis',(1.,-4.46930764567746E-16,0.));
#5301=DIRECTION('center_axis',(4.46930764567746E-16,1.,0.));
#5302=DIRECTION('ref_axis',(-1.,4.46930764567746E-16,0.));
#5303=DIRECTION('center_axis',(-4.46930764567746E-16,-1.,0.));
#5304=DIRECTION('ref_axis',(0.707106781186552,-3.16027774346744E-16,-0.707106781186543));
#5305=DIRECTION('',(-4.46930764567746E-16,-1.,0.));
#5306=DIRECTION('center_axis',(-4.46930764567746E-16,-1.,0.));
#5307=DIRECTION('ref_axis',(0.707106781186552,-3.16027774346744E-16,-0.707106781186543));
#5308=DIRECTION('',(4.46930764567746E-16,1.,0.));
#5309=DIRECTION('center_axis',(0.,0.,1.));
#5310=DIRECTION('ref_axis',(1.,-4.46930764567746E-16,0.));
#5311=DIRECTION('',(1.,-4.46930764567746E-16,0.));
#5312=DIRECTION('',(-4.46930764567746E-16,-1.,0.));
#5313=DIRECTION('center_axis',(-4.46930764567746E-16,-1.,0.));
#5314=DIRECTION('ref_axis',(0.707106781186552,-3.16027774346744E-16,0.707106781186543));
#5315=DIRECTION('',(-4.46930764567746E-16,-1.,0.));
#5316=DIRECTION('center_axis',(-4.46930764567746E-16,-1.,0.));
#5317=DIRECTION('ref_axis',(0.707106781186552,-3.16027774346744E-16,0.707106781186543));
#5318=DIRECTION('',(4.46930764567746E-16,1.,0.));
#5319=DIRECTION('center_axis',(-1.,4.46930764567746E-16,0.));
#5320=DIRECTION('ref_axis',(0.,0.,1.));
#5321=DIRECTION('',(0.,0.,1.));
#5322=DIRECTION('center_axis',(-4.46930764567746E-16,-1.,0.));
#5323=DIRECTION('ref_axis',(-0.707106781186552,3.16027774346744E-16,-0.707106781186543));
#5324=DIRECTION('center_axis',(-4.46930764567746E-16,-1.,0.));
#5325=DIRECTION('ref_axis',(-0.707106781186552,3.16027774346744E-16,-0.707106781186543));
#5326=DIRECTION('',(4.46930764567746E-16,1.,0.));
#5327=DIRECTION('center_axis',(1.,-4.46930764567746E-16,0.));
#5328=DIRECTION('ref_axis',(0.,0.,-1.));
#5329=DIRECTION('',(0.,0.,-1.));
#5330=DIRECTION('',(-4.46930764567746E-16,-1.,0.));
#5331=DIRECTION('center_axis',(-4.46930764567746E-16,-1.,0.));
#5332=DIRECTION('ref_axis',(-0.707106781186553,3.16027774346744E-16,0.707106781186543));
#5333=DIRECTION('center_axis',(-4.46930764567746E-16,-1.,0.));
#5334=DIRECTION('ref_axis',(-0.707106781186553,3.16027774346744E-16,0.707106781186543));
#5335=DIRECTION('',(4.46930764567746E-16,1.,0.));
#5336=DIRECTION('center_axis',(0.,0.,-1.));
#5337=DIRECTION('ref_axis',(-1.,4.46930764567746E-16,0.));
#5338=DIRECTION('',(-1.,4.46930764567746E-16,0.));
#5339=DIRECTION('center_axis',(-4.46930764567746E-16,-1.,0.));
#5340=DIRECTION('ref_axis',(-0.707106781186546,3.16027774346741E-16,-0.707106781186549));
#5341=DIRECTION('center_axis',(-4.46930764567746E-16,-1.,0.));
#5342=DIRECTION('ref_axis',(-0.707106781186546,3.16027774346741E-16,-0.707106781186549));
#5343=DIRECTION('',(-4.46930764567746E-16,-1.,0.));
#5344=DIRECTION('',(4.46930764567746E-16,1.,0.));
#5345=DIRECTION('center_axis',(1.,-4.46930764567746E-16,0.));
#5346=DIRECTION('ref_axis',(0.,0.,-1.));
#5347=DIRECTION('',(-4.46930764567746E-16,-1.,0.));
#5348=DIRECTION('',(0.,0.,-1.));
#5349=DIRECTION('center_axis',(-4.46930764567746E-16,-1.,0.));
#5350=DIRECTION('ref_axis',(0.707106781186546,-3.16027774346741E-16,-0.707106781186549));
#5351=DIRECTION('center_axis',(-4.46930764567746E-16,-1.,0.));
#5352=DIRECTION('ref_axis',(0.707106781186546,-3.16027774346741E-16,-0.707106781186549));
#5353=DIRECTION('',(-4.46930764567746E-16,-1.,0.));
#5354=DIRECTION('',(4.46930764567746E-16,1.,0.));
#5355=DIRECTION('center_axis',(4.46930764567746E-16,1.,0.));
#5356=DIRECTION('ref_axis',(-1.,4.46930764567746E-16,0.));
#5357=DIRECTION('center_axis',(-4.46930764567746E-16,-1.,0.));
#5358=DIRECTION('ref_axis',(-0.707106781186546,3.16027774346741E-16,0.707106781186549));
#5359=DIRECTION('',(-1.,4.46930764567746E-16,0.));
#5360=DIRECTION('center_axis',(-4.46930764567746E-16,-1.,0.));
#5361=DIRECTION('ref_axis',(0.707106781186546,-3.16027774346741E-16,0.707106781186549));
#5362=DIRECTION('',(0.,0.,1.));
#5363=DIRECTION('',(1.,-4.46930764567746E-16,0.));
#5364=DIRECTION('center_axis',(-1.,4.46930764567746E-16,0.));
#5365=DIRECTION('ref_axis',(0.,0.,1.));
#5366=DIRECTION('',(4.46930764567746E-16,1.,0.));
#5367=DIRECTION('center_axis',(-4.46930764567746E-16,-1.,0.));
#5368=DIRECTION('ref_axis',(0.707106781186546,-3.16027774346741E-16,0.707106781186549));
#5369=DIRECTION('',(-4.46930764567746E-16,-1.,0.));
#5370=DIRECTION('center_axis',(-4.46930764567746E-16,-1.,0.));
#5371=DIRECTION('ref_axis',(-0.707106781186546,3.16027774346741E-16,0.707106781186549));
#5372=DIRECTION('',(4.46930764567746E-16,1.,0.));
#5373=DIRECTION('center_axis',(0.,0.,-1.));
#5374=DIRECTION('ref_axis',(-1.,4.46930764567746E-16,0.));
#5375=DIRECTION('center_axis',(0.,0.,1.));
#5376=DIRECTION('ref_axis',(1.,-4.46930764567746E-16,0.));
#5377=DIRECTION('center_axis',(-1.,4.46930764567746E-16,0.));
#5378=DIRECTION('ref_axis',(4.46930764567746E-16,1.,0.));
#5379=DIRECTION('center_axis',(1.,8.87777705380628E-15,0.));
#5380=DIRECTION('ref_axis',(8.87777705380628E-15,-1.,0.));
#5381=DIRECTION('center_axis',(-1.,5.63489612297422E-16,0.));
#5382=DIRECTION('ref_axis',(5.63489612297422E-16,1.,0.));
#5383=DIRECTION('center_axis',(-0.447213595499957,-0.894427190999916,0.));
#5384=DIRECTION('ref_axis',(-0.894427190999916,0.447213595499957,0.));
#5385=DIRECTION('center_axis',(-0.447213595499953,0.894427190999918,0.));
#5386=DIRECTION('ref_axis',(0.894427190999918,0.447213595499953,0.));
#5387=CARTESIAN_POINT('',(0.,0.,0.));
#5388=CARTESIAN_POINT('Ctrl Pts',(156.446256061665,-25.5454771418828,-12.6679381589609));
#5389=CARTESIAN_POINT('Ctrl Pts',(156.440168140737,-26.541690391635,-12.581208128194));
#5390=CARTESIAN_POINT('Ctrl Pts',(157.437713614181,-26.5416903916351,-12.5111865000321));
#5391=CARTESIAN_POINT('Ctrl Pts',(155.448710588221,-25.5454771418828,-12.7379597871228));
#5392=CARTESIAN_POINT('Ctrl Pts',(155.436534746364,-27.5379036413873,-12.564499725589));
#5393=CARTESIAN_POINT('Ctrl Pts',(157.431625693253,-27.5379036413874,-12.4244564692652));
#5394=CARTESIAN_POINT('Ctrl Pts',(155.518467061965,-25.6324205776216,-13.7317278049986));
#5395=CARTESIAN_POINT('Ctrl Pts',(155.506291220108,-27.6248470771261,-13.5582677434648));
#5396=CARTESIAN_POINT('Ctrl Pts',(157.501382166997,-27.6248470771261,-13.418224487141));
#5397=CARTESIAN_POINT('',(155.518467061965,-25.6324205776216,-13.7317278049986));
#5398=CARTESIAN_POINT('',(156.446256061665,-25.5454771418828,-12.6679381589609));
#5399=CARTESIAN_POINT('Origin',(156.516012535409,-25.6324205776216,-13.6617061768367));
#5400=CARTESIAN_POINT('',(157.437713614181,-26.5416903916351,-12.5111865000321));
#5401=CARTESIAN_POINT('Origin',(157.44380153511,-25.5454771418828,-12.597916530799));
#5402=CARTESIAN_POINT('',(157.501382166997,-27.6248470771261,-13.418224487141));
#5403=CARTESIAN_POINT('Origin',(157.507470087925,-26.6286338273738,-13.5049545179079));
#5404=CARTESIAN_POINT('Origin',(157.513558008854,-25.6324205776216,-13.5916845486748));
#5405=CARTESIAN_POINT('Origin',(157.722827430086,-25.8932508848378,-16.5729886023021));
#5406=CARTESIAN_POINT('',(155.727736483197,-25.8932508848378,-16.713031858626));
#5407=CARTESIAN_POINT('',(157.710651588229,-27.8856773843423,-16.3995285407683));
#5408=CARTESIAN_POINT('Origin',(157.722827430086,-25.8932508848378,-16.572988602302));
#5409=CARTESIAN_POINT('',(155.727736483197,-25.8932508848378,-16.7130318586259));
#5410=CARTESIAN_POINT('',(157.710651588229,-27.8856773843423,-16.3995285407683));
#5411=CARTESIAN_POINT('Ctrl Pts',(233.650187785339,-26.5416903916351,-7.16153410846184));
#5412=CARTESIAN_POINT('Ctrl Pts',(234.647733258783,-26.5416903916352,-7.09151248029992));
#5413=CARTESIAN_POINT('Ctrl Pts',(234.653821179712,-25.5454771418829,-7.17824251106683));
#5414=CARTESIAN_POINT('Ctrl Pts',(233.64409986441,-27.5379036413874,-7.07480407769491));
#5415=CARTESIAN_POINT('Ctrl Pts',(235.639190811299,-27.5379036413875,-6.93476082137107));
#5416=CARTESIAN_POINT('Ctrl Pts',(235.651366653156,-25.5454771418829,-7.10822088290489));
#5417=CARTESIAN_POINT('Ctrl Pts',(233.713856338154,-27.6248470771261,-8.06857209557069));
#5418=CARTESIAN_POINT('Ctrl Pts',(235.708947285043,-27.6248470771262,-7.92852883924685));
#5419=CARTESIAN_POINT('Ctrl Pts',(235.7211231269,-25.6324205776217,-8.10198890078067));
#5420=CARTESIAN_POINT('',(233.713856338154,-27.6248470771262,-8.06857209557069));
#5421=CARTESIAN_POINT('',(233.650187785339,-26.5416903916351,-7.16153410846183));
#5422=CARTESIAN_POINT('Origin',(233.719944259083,-26.6286338273739,-8.1553021263376));
#5423=CARTESIAN_POINT('',(234.653821179712,-25.5454771418829,-7.17824251106682));
#5424=CARTESIAN_POINT('Origin',(233.656275706267,-25.5454771418829,-7.24826413922874));
#5425=CARTESIAN_POINT('',(235.7211231269,-25.6324205776217,-8.10198890078067));
#5426=CARTESIAN_POINT('Origin',(234.723577653456,-25.6324205776217,-8.17201052894259));
#5427=CARTESIAN_POINT('Origin',(233.726032180011,-25.6324205776217,-8.2420321571045));
#5428=CARTESIAN_POINT('Origin',(233.935301601244,-25.8932508848379,-11.2233362107318));
#5429=CARTESIAN_POINT('',(233.923125759387,-27.8856773843424,-11.049876149198));
#5430=CARTESIAN_POINT('',(235.930392548133,-25.8932508848379,-11.083292954408));
#5431=CARTESIAN_POINT('Origin',(233.935301601244,-25.8932508848379,-11.2233362107317));
#5432=CARTESIAN_POINT('',(233.923125759387,-27.8856773843424,-11.049876149198));
#5433=CARTESIAN_POINT('',(235.930392548133,-25.8932508848379,-11.083292954408));
#5434=CARTESIAN_POINT('Ctrl Pts',(157.671489777832,11.7128983988513,-15.8416196814813));
#5435=CARTESIAN_POINT('Ctrl Pts',(156.673944304388,11.7128983988513,-15.9116413096432));
#5436=CARTESIAN_POINT('Ctrl Pts',(156.66785638346,10.7166851490991,-15.8249112788763));
#5437=CARTESIAN_POINT('Ctrl Pts',(157.677577698761,12.7091116486036,-15.9283497122483));
#5438=CARTESIAN_POINT('Ctrl Pts',(155.682486751872,12.7091116486036,-16.0683929685721));
#5439=CARTESIAN_POINT('Ctrl Pts',(155.670310910015,10.7166851490991,-15.8949329070382));
#5440=CARTESIAN_POINT('Ctrl Pts',(157.747334172505,12.6221682128648,-16.9221177301241));
#5441=CARTESIAN_POINT('Ctrl Pts',(155.752243225616,12.6221682128649,-17.0621609864478));
#5442=CARTESIAN_POINT('Ctrl Pts',(155.740067383759,10.6297417133604,-16.888700924914));
#5443=CARTESIAN_POINT('',(157.747334172505,12.6221682128648,-16.922117730124));
#5444=CARTESIAN_POINT('',(157.671489777832,11.7128983988513,-15.8416196814813));
#5445=CARTESIAN_POINT('Origin',(157.741246251577,11.6259549631126,-16.8353876993571));
#5446=CARTESIAN_POINT('',(156.66785638346,10.7166851490991,-15.8249112788764));
#5447=CARTESIAN_POINT('Origin',(157.665401856904,10.7166851490991,-15.7548896507144));
#5448=CARTESIAN_POINT('',(155.740067383759,10.6297417133603,-16.888700924914));
#5449=CARTESIAN_POINT('Origin',(156.737612857204,10.6297417133603,-16.8186792967521));
#5450=CARTESIAN_POINT('Origin',(157.735158330648,10.6297417133603,-16.7486576685902));
#5451=CARTESIAN_POINT('Origin',(157.94442775188,10.368911406144,-19.7299617222175));
#5452=CARTESIAN_POINT('',(157.956603593737,12.3613379056485,-19.9034217837514));
#5453=CARTESIAN_POINT('',(155.949336804992,10.368911406144,-19.8700049785414));
#5454=CARTESIAN_POINT('Origin',(157.94442775188,10.368911406144,-19.7299617222174));
#5455=CARTESIAN_POINT('',(157.956603593737,12.3613379056485,-19.9034217837513));
#5456=CARTESIAN_POINT('',(155.949336804992,10.368911406144,-19.8700049785413));
#5457=CARTESIAN_POINT('Origin',(156.565933487022,-17.4634719296531,-14.3728924291253));
#5458=CARTESIAN_POINT('',(156.496177013278,-17.3765284939144,-13.3791244112496));
#5459=CARTESIAN_POINT('',(155.568388013578,-17.4634719296531,-14.4429140572873));
#5460=CARTESIAN_POINT('Ctrl Pts',(234.875421501506,10.7166851490991,-10.3352156309822));
#5461=CARTESIAN_POINT('Ctrl Pts',(234.881509422434,11.7128983988513,-10.4219456617491));
#5462=CARTESIAN_POINT('Ctrl Pts',(233.88396394899,11.7128983988513,-10.4919672899111));
#5463=CARTESIAN_POINT('Ctrl Pts',(235.872966974951,10.7166851490991,-10.2651940028203));
#5464=CARTESIAN_POINT('Ctrl Pts',(235.885142816807,12.7091116486036,-10.4386540643541));
#5465=CARTESIAN_POINT('Ctrl Pts',(233.890051869918,12.7091116486036,-10.5786973206779));
#5466=CARTESIAN_POINT('Ctrl Pts',(235.942723448695,10.6297417133603,-11.2589620206961));
#5467=CARTESIAN_POINT('Ctrl Pts',(235.954899290552,12.6221682128648,-11.4324220822299));
#5468=CARTESIAN_POINT('Ctrl Pts',(233.959808343663,12.6221682128648,-11.5724653385537));
#5469=CARTESIAN_POINT('',(235.942723448695,10.6297417133603,-11.2589620206961));
#5470=CARTESIAN_POINT('',(234.875421501506,10.716685149099,-10.3352156309822));
#5471=CARTESIAN_POINT('Origin',(234.94517797525,10.6297417133603,-11.328983648858));
#5472=CARTESIAN_POINT('',(233.88396394899,11.7128983988513,-10.4919672899111));
#5473=CARTESIAN_POINT('Origin',(233.877876028062,10.7166851490991,-10.4052372591442));
#5474=CARTESIAN_POINT('',(233.959808343663,12.6221682128648,-11.5724653385537));
#5475=CARTESIAN_POINT('Origin',(233.953720422734,11.6259549631125,-11.4857353077868));
#5476=CARTESIAN_POINT('Origin',(233.947632501806,10.6297417133603,-11.3990052770199));
#5477=CARTESIAN_POINT('Origin',(234.156901923038,10.368911406144,-14.3803093306472));
#5478=CARTESIAN_POINT('',(236.151992869927,10.368911406144,-14.2402660743234));
#5479=CARTESIAN_POINT('',(234.169077764895,12.3613379056485,-14.553769392181));
#5480=CARTESIAN_POINT('Origin',(234.156901923038,10.368911406144,-14.3803093306472));
#5481=CARTESIAN_POINT('',(236.151992869927,10.368911406144,-14.2402660743234));
#5482=CARTESIAN_POINT('',(234.169077764895,12.3613379056485,-14.553769392181));
#5483=CARTESIAN_POINT('Origin',(175.896573868266,11.6259549631126,-15.5609940668103));
#5484=CARTESIAN_POINT('',(175.826817394522,11.7128983988513,-14.5672260489345));
#5485=CARTESIAN_POINT('',(175.902661789194,12.6221682128648,-15.6477240975772));
#5486=CARTESIAN_POINT('Origin',(234.895257023637,2.46079306539185,-10.6177973965694));
#5487=CARTESIAN_POINT('',(234.825500549893,2.5477365011306,-9.6240293786936));
#5488=CARTESIAN_POINT('',(235.892802497082,2.46079306539185,-10.5477757684075));
#5489=CARTESIAN_POINT('Origin',(215.564616642394,-26.6286338273739,-9.42969575888444));
#5490=CARTESIAN_POINT('',(215.494860168649,-26.5416903916351,-8.43592774100868));
#5491=CARTESIAN_POINT('',(215.558528721465,-27.6248470771261,-9.34296572811754));
#5492=CARTESIAN_POINT('Origin',(155.716778225526,-27.6864347343919,-16.5569178032455));
#5493=CARTESIAN_POINT('',(155.434711265416,-73.843217367196,-12.538521963961));
#5494=CARTESIAN_POINT('Origin',(156.161021741537,12.3613379056485,-20.0294607144428));
#5495=CARTESIAN_POINT('',(211.57244504154,12.3613379056485,-16.1399156445446));
#5496=CARTESIAN_POINT('Origin',(195.660838781586,-7.4143959963919,-11.5015768949716));
#5497=CARTESIAN_POINT('',(161.943801779162,-7.41439599639206,-13.8683079268443));
#5498=CARTESIAN_POINT('Origin',(160.746747211029,-7.41439599639206,-13.9523338806386));
#5499=CARTESIAN_POINT('',(196.961388005502,9.52122924939625,-12.8919614642147));
#5500=CARTESIAN_POINT('Origin',(195.764333437369,9.52122924939625,-12.975987418009));
#5501=CARTESIAN_POINT('',(231.771984920275,-7.41439599639197,-8.96679395551026));
#5502=CARTESIAN_POINT('Origin',(230.574930352142,-7.41439599639197,-9.05081990930456));
#5503=CARTESIAN_POINT('',(196.754398693936,-24.3500212421803,-9.94314041813988));
#5504=CARTESIAN_POINT('Origin',(195.557344125803,-24.3500212421803,-10.0271663719342));
#5505=CARTESIAN_POINT('Origin',(196.402509665521,-25.4034230534685,-22.0676041707823));
#5506=CARTESIAN_POINT('',(196.614885746448,-24.1761343707028,-7.95560438238834));
#5507=CARTESIAN_POINT('Origin',(195.417831178314,-24.1761343707028,-8.03963033618264));
#5508=CARTESIAN_POINT('',(197.599564233655,-25.4034230534685,-21.983578216988));
#5509=CARTESIAN_POINT('Origin',(231.420095891861,-8.46779780768017,-21.0912577081526));
#5510=CARTESIAN_POINT('',(231.632471972787,-7.24050912491445,-6.97925791975871));
#5511=CARTESIAN_POINT('Origin',(230.435417404654,-7.24050912491445,-7.06328387355302));
#5512=CARTESIAN_POINT('',(232.617150459994,-8.46779780768017,-21.0072317543583));
#5513=CARTESIAN_POINT('Origin',(196.609498977087,8.46782743810804,-25.0164252168571));
#5514=CARTESIAN_POINT('',(196.821875058014,9.69511612087376,-10.9044254284631));
#5515=CARTESIAN_POINT('Origin',(195.62482048988,9.69511612087376,-10.9884513822574));
#5516=CARTESIAN_POINT('',(197.806553545221,8.46782743810804,-24.9323992630628));
#5517=CARTESIAN_POINT('Origin',(161.591912750748,-8.46779780768027,-25.9927716794867));
#5518=CARTESIAN_POINT('',(161.804288831674,-7.24050912491455,-11.8807718910928));
#5519=CARTESIAN_POINT('Origin',(160.607234263541,-7.24050912491455,-11.9647978448871));
#5520=CARTESIAN_POINT('',(162.788967318881,-8.46779780768027,-25.9087457256924));
#5521=CARTESIAN_POINT('Origin',(235.718707611587,-27.8856773843424,-10.9238372185065));
#5522=CARTESIAN_POINT('',(251.22831197381,-27.8856773843424,-9.8351572750849));
#5523=CARTESIAN_POINT('Origin',(236.162951127598,12.1620952556981,-14.3963801297038));
#5524=CARTESIAN_POINT('',(235.75912574892,-53.918952372151,-8.64338367508116));
#5525=CARTESIAN_POINT('Origin',(154.824888306245,-20.0409484897726,-15.2758743007753));
#5526=CARTESIAN_POINT('',(151.323044580817,-4.60488494834615,-14.8596208853937));
#5527=CARTESIAN_POINT('',(150.927954609504,-4.78202996973268,-16.8843977450156));
#5528=CARTESIAN_POINT('Origin',(154.918285119188,-4.75771080773441,-16.606428451416));
#5529=CARTESIAN_POINT('',(150.758607400862,-32.4936141116757,-14.4718354288367));
#5530=CARTESIAN_POINT('',(150.800409511615,-25.6532137369696,-15.0673586615419));
#5531=CARTESIAN_POINT('',(154.494115083377,-28.1609873697117,-10.5635969677535));
#5532=CARTESIAN_POINT('Origin',(154.773140978354,-28.5087611126667,-14.5386690392566));
#5533=CARTESIAN_POINT('',(154.749807762371,13.6799691198829,-14.2062582599636));
#5534=CARTESIAN_POINT('',(154.545862411269,-19.6931747468175,-11.3008022292722));
#5535=CARTESIAN_POINT('',(151.063003447283,17.3170483759369,-18.808336967182));
#5536=CARTESIAN_POINT('Origin',(155.028833657347,13.3321953769279,-18.1813303314666));
#5537=CARTESIAN_POINT('',(150.940130678106,-2.78956636621622,-17.0578610368137));
#5538=CARTESIAN_POINT('',(150.800409511615,-25.6532137369696,-15.0673586615419));
#5539=CARTESIAN_POINT('',(151.335220649419,-2.61242134482969,-15.0330841771919));
#5540=CARTESIAN_POINT('Origin',(154.93046118779,-2.76524720421794,-16.7798917432141));
#5541=CARTESIAN_POINT('',(151.229776473025,-19.867061618295,-13.5309003002341));
#5542=CARTESIAN_POINT('Origin',(218.117278542078,-28.5087611126667,-10.092295650975));
#5543=CARTESIAN_POINT('',(157.414149347978,-31.7858581686776,-12.0540353381535));
#5544=CARTESIAN_POINT('',(157.550399788473,-32.4936141116757,-13.9950928904979));
#5545=CARTESIAN_POINT('Origin',(157.574751472187,-28.5087611126667,-14.3420130135655));
#5546=CARTESIAN_POINT('',(193.10874254919,-32.4936141116757,-11.4991133876813));
#5547=CARTESIAN_POINT('',(214.181989161055,-32.4936141116757,-10.019899579688));
#5548=CARTESIAN_POINT('',(192.972492108695,-31.7858581686776,-9.55805583533689));
#5549=CARTESIAN_POINT('Origin',(193.133094232904,-28.5087611126667,-11.8460335107489));
#5550=CARTESIAN_POINT('',(194.967583055584,-31.7858581686776,-9.41801257901305));
#5551=CARTESIAN_POINT('',(217.956676417868,-31.7858581686776,-7.80431797556294));
#5552=CARTESIAN_POINT('',(195.103833496079,-32.4936141116757,-11.3590701313575));
#5553=CARTESIAN_POINT('Origin',(195.128185179793,-28.5087611126667,-11.7059902544251));
#5554=CARTESIAN_POINT('',(230.78441277433,-32.4936141116757,-8.85451036808522));
#5555=CARTESIAN_POINT('',(214.181989161055,-32.4936141116757,-10.019899579688));
#5556=CARTESIAN_POINT('',(230.648162333835,-31.7858581686776,-6.91345281574078));
#5557=CARTESIAN_POINT('Origin',(230.808764458044,-28.5087611126667,-9.20143049115283));
#5558=CARTESIAN_POINT('',(232.643253280724,-31.7858581686776,-6.77340955941695));
#5559=CARTESIAN_POINT('',(217.956676417868,-31.7858581686776,-7.80431797556294));
#5560=CARTESIAN_POINT('',(232.779503721219,-32.4936141116757,-8.71446711176139));
#5561=CARTESIAN_POINT('Origin',(232.803855404933,-28.5087611126667,-9.061387234829));
#5562=CARTESIAN_POINT('',(240.537700010865,-32.4936141116757,-8.16988889426429));
#5563=CARTESIAN_POINT('',(214.181989161055,-32.4936141116757,-10.019899579688));
#5564=CARTESIAN_POINT('',(236.292843905824,-28.1609873697117,-4.8218234584765));
#5565=CARTESIAN_POINT('Origin',(236.5718698008,-28.5087611126667,-8.79689552997956));
#5566=CARTESIAN_POINT('',(217.838252647101,-28.1609873697117,-6.11722357947193));
#5567=CARTESIAN_POINT('',(155.555308841584,-32.4936141116757,-14.1351361468218));
#5568=CARTESIAN_POINT('',(214.181989161055,-32.4936141116757,-10.019899579688));
#5569=CARTESIAN_POINT('',(155.419058401089,-31.7858581686776,-12.1940785944773));
#5570=CARTESIAN_POINT('Origin',(155.579660525298,-28.5087611126667,-14.4820562698894));
#5571=CARTESIAN_POINT('',(217.956676417868,-31.7858581686776,-7.80431797556294));
#5572=CARTESIAN_POINT('Origin',(236.775815151902,4.86438275403372,-11.7023515606709));
#5573=CARTESIAN_POINT('',(240.048451279717,-2.0717564996866,-8.85325671894222));
#5574=CARTESIAN_POINT('',(240.722567146007,-2.24238522125509,-10.8035519308234));
#5575=CARTESIAN_POINT('Origin',(236.732236636322,-2.26670438325335,-11.0815212244229));
#5576=CARTESIAN_POINT('',(240.842096057286,17.3170483759368,-12.5063904326097));
#5577=CARTESIAN_POINT('',(240.731700144828,-0.747882493163344,-10.9336628961422));
#5578=CARTESIAN_POINT('',(236.548536584817,13.6799691198829,-8.46448475068655));
#5579=CARTESIAN_POINT('Origin',(236.827562479794,13.3321953769278,-12.4395568221896));
#5580=CARTESIAN_POINT('',(236.496789256926,5.21215649698874,-7.72727948916786));
#5581=CARTESIAN_POINT('',(240.710391077405,-4.23484882477156,-10.6300886390253));
#5582=CARTESIAN_POINT('',(240.731700144828,-0.747882493163344,-10.9336628961422));
#5583=CARTESIAN_POINT('',(240.036275211115,-4.06422010320307,-8.6797934271441));
#5584=CARTESIAN_POINT('Origin',(236.720060567721,-4.25916798676983,-10.9080579326248));
#5585=CARTESIAN_POINT('',(240.091901090147,5.03826962551123,-9.47225348970919));
#5586=CARTESIAN_POINT('Origin',(173.48342491607,13.3321953769279,-16.8859302104712));
#5587=CARTESIAN_POINT('',(230.94603336627,16.9570661758938,-11.156997387272));
#5588=CARTESIAN_POINT('',(231.088808820751,17.3170483759368,-13.1910119064306));
#5589=CARTESIAN_POINT('Origin',(231.064457137038,13.3321953769278,-12.8440917833629));
#5590=CARTESIAN_POINT('',(195.4082295425,17.3170483759369,-15.6955716697029));
#5591=CARTESIAN_POINT('',(169.596838902475,17.3170483759369,-17.5073743853196));
#5592=CARTESIAN_POINT('',(195.265454088019,16.9570661758938,-13.6615571505443));
#5593=CARTESIAN_POINT('Origin',(195.383877858787,13.3321953769279,-15.3486515466352));
#5594=CARTESIAN_POINT('',(193.27036314113,16.9570661758938,-13.8016004068681));
#5595=CARTESIAN_POINT('',(173.365001145303,16.9570661758938,-15.1988358143803));
#5596=CARTESIAN_POINT('',(193.413138595611,17.3170483759369,-15.8356149260267));
#5597=CARTESIAN_POINT('Origin',(193.388786911898,13.3321953769279,-15.488694802959));
#5598=CARTESIAN_POINT('',(157.854795834894,17.3170483759369,-18.3315944288433));
#5599=CARTESIAN_POINT('',(169.596838902475,17.3170483759369,-17.5073743853196));
#5600=CARTESIAN_POINT('',(157.712020380413,16.9570661758938,-16.2975799096847));
#5601=CARTESIAN_POINT('Origin',(157.83044415118,13.3321953769279,-17.9846743057756));
#5602=CARTESIAN_POINT('',(155.716929433524,16.9570661758938,-16.4376231660085));
#5603=CARTESIAN_POINT('',(173.365001145303,16.9570661758938,-15.1988358143803));
#5604=CARTESIAN_POINT('',(155.859704888005,17.3170483759369,-18.4716376851671));
#5605=CARTESIAN_POINT('Origin',(155.835353204292,13.3321953769279,-18.1247175620994));
#5606=CARTESIAN_POINT('',(169.596838902475,17.3170483759369,-17.5073743853196));
#5607=CARTESIAN_POINT('',(173.204399021094,13.6799691198829,-12.9108581389682));
#5608=CARTESIAN_POINT('',(233.08389976764,17.3170483759368,-13.0509686501068));
#5609=CARTESIAN_POINT('',(169.596838902475,17.3170483759369,-17.5073743853196));
#5610=CARTESIAN_POINT('',(232.941124313159,16.9570661758938,-11.0169541309482));
#5611=CARTESIAN_POINT('Origin',(233.059548083927,13.3321953769278,-12.704048527039));
#5612=CARTESIAN_POINT('',(173.365001145303,16.9570661758938,-15.1988358143803));
#5613=CARTESIAN_POINT('Origin',(195.521325834097,-7.24050912491442,-9.51404085922004));
#5614=CARTESIAN_POINT('Origin',(155.737010773875,-2.76033166902705,-16.7237069188863));
#5615=CARTESIAN_POINT('',(155.902454526555,24.3124999999998,-19.0806596337653));
#5616=CARTESIAN_POINT('',(155.687961918483,-10.7865725156453,-16.0249447655592));
#5617=CARTESIAN_POINT('',(155.761878945616,24.3124999999998,-17.077985058432));
#5618=CARTESIAN_POINT('',(155.769029499996,25.4826001212296,-17.1798536287806));
#5619=CARTESIAN_POINT('',(155.177913331804,24.3124999999998,-8.75866615659546));
#5620=CARTESIAN_POINT('Origin',(187.909882532751,-18.8128133622636,-13.0609567305221));
#5621=CARTESIAN_POINT('',(148.375,24.3124999999998,-19.6090411821715));
#5622=CARTESIAN_POINT('',(177.691031316519,24.3124999999998,-17.5512339957579));
#5623=CARTESIAN_POINT('',(146.375,22.3124999999998,-19.5744516971297));
#5624=CARTESIAN_POINT('Origin',(148.375,22.3124999999998,-19.4340638551196));
#5625=CARTESIAN_POINT('',(146.375,20.5024999999998,-19.4160972161478));
#5626=CARTESIAN_POINT('',(146.375,1.51781160645245,-17.7551522011402));
#5627=CARTESIAN_POINT('',(129.325,20.5024999999998,-20.6129035692841));
#5628=CARTESIAN_POINT('',(168.189449515931,20.5024999999999,-17.8848554700577));
#5629=CARTESIAN_POINT('',(127.325,18.5024999999998,-20.5783140842423));
#5630=CARTESIAN_POINT('Origin',(129.325,18.5024999999998,-20.4379262422322));
#5631=CARTESIAN_POINT('',(127.325,-2.93348932878221,-18.7029080265112));
#5632=CARTESIAN_POINT('',(127.325,-0.488818445878498,-18.9167890148172));
#5633=CARTESIAN_POINT('',(157.118659241246,-2.75191118034295,-16.6274602928121));
#5634=CARTESIAN_POINT('Origin',(126.32743594974,-2.93956900606283,-18.7723990558126));
#5635=CARTESIAN_POINT('',(127.325,-2.75875219240493,-16.7056534184842));
#5636=CARTESIAN_POINT('',(158.446609961169,-2.56908081745094,-14.5376996824235));
#5637=CARTESIAN_POINT('',(127.325,-2.03748538975551,-8.46153613995572));
#5638=CARTESIAN_POINT('Origin',(155.724834705273,-4.75279527254352,-16.5502436270881));
#5639=CARTESIAN_POINT('',(127.325,-4.92587872496569,-18.5285965410159));
#5640=CARTESIAN_POINT('',(171.817358619012,-4.65471901167504,-15.4292268357021));
#5641=CARTESIAN_POINT('',(127.325,-4.75114158858842,-16.5313419329889));
#5642=CARTESIAN_POINT('',(262.533051102772,-3.92711297986573,-7.11265183631731));
#5643=CARTESIAN_POINT('',(127.325,-3.94029322108761,-7.26330268284579));
#5644=CARTESIAN_POINT('Origin',(187.909882532751,-18.8128133622636,-13.0609567305221));
#5645=CARTESIAN_POINT('',(127.325,-34.8117196677181,-15.9139242585862));
#5646=CARTESIAN_POINT('',(127.325,-0.488818445878498,-18.9167890148172));
#5647=CARTESIAN_POINT('',(155.542193676247,-34.6397493252906,-13.9482942501164));
#5648=CARTESIAN_POINT('',(157.118659241246,-34.6301415192788,-13.838476524887));
#5649=CARTESIAN_POINT('',(155.590553369669,-26.7262813437771,-14.6372384311743));
#5650=CARTESIAN_POINT('Origin',(155.542193676247,-34.6397493252906,-13.9482942501164));
#5651=CARTESIAN_POINT('',(155.402680728758,-34.4658624538131,-11.9607582143649));
#5652=CARTESIAN_POINT('',(155.447001506991,-27.2133131789487,-12.5921630083725));
#5653=CARTESIAN_POINT('',(155.542193676247,-34.6397493252906,-13.9482942501164));
#5654=CARTESIAN_POINT('Origin',(157.719999960115,-4.7406356915444,-16.4112589802884));
#5655=CARTESIAN_POINT('',(157.537358931089,-34.6275897442915,-13.8093096033166));
#5656=CARTESIAN_POINT('',(157.677001985047,-11.776724526904,-15.7986991680983));
#5657=CARTESIAN_POINT('',(157.397845983601,-34.4537028728139,-11.8217735675651));
#5658=CARTESIAN_POINT('',(157.764120446885,25.4826001212296,-17.0398103724568));
#5659=CARTESIAN_POINT('',(157.537358931089,-34.6275897442915,-13.8093096033166));
#5660=CARTESIAN_POINT('Origin',(187.909882532751,-18.8128133622636,-13.0609567305221));
#5661=CARTESIAN_POINT('',(193.09702607638,-34.4108705267198,-11.3321976114596));
#5662=CARTESIAN_POINT('',(172.72362073192,-34.5350367189252,-12.7514236826015));
#5663=CARTESIAN_POINT('',(193.144686423538,-26.6118419444917,-12.0111787322757));
#5664=CARTESIAN_POINT('Origin',(193.09702607638,-34.4108705267198,-11.3321976114596));
#5665=CARTESIAN_POINT('',(192.957513128892,-34.2369836552423,-9.34466157570806));
#5666=CARTESIAN_POINT('',(193.001134560861,-27.0988737796633,-9.96610330947388));
#5667=CARTESIAN_POINT('',(193.09702607638,-34.4108705267198,-11.3321976114596));
#5668=CARTESIAN_POINT('Origin',(195.274832360248,-4.51175689297363,-13.7951623416316));
#5669=CARTESIAN_POINT('',(195.092191331222,-34.3987109457207,-11.1932129646598));
#5670=CARTESIAN_POINT('',(195.231135038917,-11.6622851276186,-13.1726394691997));
#5671=CARTESIAN_POINT('',(194.952678383734,-34.2248240742432,-9.20567692890828));
#5672=CARTESIAN_POINT('',(195.364120446885,33.1026001212297,-15.0671825587341));
#5673=CARTESIAN_POINT('',(195.092191331222,-34.3987109457207,-11.1932129646598));
#5674=CARTESIAN_POINT('Origin',(187.909882532751,-18.8128133622636,-13.0609567305221));
#5675=CARTESIAN_POINT('',(230.774099546795,-34.1812467271062,-8.70758557191744));
#5676=CARTESIAN_POINT('',(191.501036931987,-34.4205973196398,-11.4433753632731));
#5677=CARTESIAN_POINT('',(230.821058271316,-26.4970300446849,-9.37657120270652));
#5678=CARTESIAN_POINT('Origin',(230.774099546795,-34.1812467271062,-8.70758557191744));
#5679=CARTESIAN_POINT('',(230.634586599306,-34.0073598556287,-6.72004953616591));
#5680=CARTESIAN_POINT('',(230.677506408638,-26.9840618798565,-7.33149577990477));
#5681=CARTESIAN_POINT('',(230.774099546795,-34.1812467271062,-8.70758557191744));
#5682=CARTESIAN_POINT('Origin',(190.705296920086,-19.9607639040843,-10.7517608485865));
#5683=CARTESIAN_POINT('',(127.325,-0.983943507564792,-16.8609290583351));
#5684=CARTESIAN_POINT('Origin',(190.705296920086,-19.9607639040843,-10.7517608485865));
#5685=CARTESIAN_POINT('',(127.325,-34.6369825313408,-13.9166696505591));
#5686=CARTESIAN_POINT('',(262.533051102772,-33.8129539226181,-4.49797955388758));
#5687=CARTESIAN_POINT('',(127.325,-36.6293719275243,-13.7423581650638));
#5688=CARTESIAN_POINT('',(127.325,-0.983943507564792,-16.8609290583351));
#5689=CARTESIAN_POINT('',(155.390504660157,-36.4583260573295,-11.7872949225667));
#5690=CARTESIAN_POINT('',(262.533051102772,-35.8053433188016,-4.32366806839227));
#5691=CARTESIAN_POINT('',(155.107000073633,-82.8503585395304,-7.74841830099878));
#5692=CARTESIAN_POINT('',(155.769029499996,25.4826001212296,-17.1798536287806));
#5693=CARTESIAN_POINT('',(157.107792548801,-81.9173736859805,-7.68960042997631));
#5694=CARTESIAN_POINT('',(177.588977986763,-72.366840068166,-7.08750913943605));
#5695=CARTESIAN_POINT('',(157.385669914999,-36.4461664763304,-11.648310275767));
#5696=CARTESIAN_POINT('',(157.764120446885,25.4826001212296,-17.0398103724568));
#5697=CARTESIAN_POINT('',(192.94533706029,-36.2294472587588,-9.17119828390994));
#5698=CARTESIAN_POINT('',(262.533051102772,-35.8053433188016,-4.32366806839227));
#5699=CARTESIAN_POINT('',(192.756226869051,-67.175,-6.47708761833282));
#5700=CARTESIAN_POINT('',(193.369029499996,33.1026001212297,-15.207225815058));
#5701=CARTESIAN_POINT('',(194.75131781594,-67.175,-6.33704436200899));
#5702=CARTESIAN_POINT('',(189.750788671385,-67.175,-6.6880511097654));
#5703=CARTESIAN_POINT('',(194.940502315132,-36.2172876777596,-9.03221363711016));
#5704=CARTESIAN_POINT('',(195.364120446885,33.1026001212297,-15.0671825587341));
#5705=CARTESIAN_POINT('',(230.622410530705,-35.9998234591452,-6.54658624436779));
#5706=CARTESIAN_POINT('',(262.533051102772,-35.8053433188016,-4.32366806839227));
#5707=CARTESIAN_POINT('',(230.490104959684,-57.65,-4.66172828050887));
#5708=CARTESIAN_POINT('',(230.969029499996,20.7201001212297,-11.484606009158));
#5709=CARTESIAN_POINT('',(232.485195906573,-57.65,-4.52168502418504));
#5710=CARTESIAN_POINT('',(206.955976362673,-57.65,-6.31368104417036));
#5711=CARTESIAN_POINT('',(232.617575785547,-35.987663878146,-6.40760159756801));
#5712=CARTESIAN_POINT('',(232.964120446885,20.7201001212297,-11.3445627528342));
#5713=CARTESIAN_POINT('',(261.675,-35.8105727311825,-4.38344052541829));
#5714=CARTESIAN_POINT('',(262.533051102772,-35.8053433188016,-4.32366806839227));
#5715=CARTESIAN_POINT('',(261.675,-33.818183334999,-4.55775201091361));
#5716=CARTESIAN_POINT('',(261.675,-33.7220408904312,-4.56616338489702));
#5717=CARTESIAN_POINT('',(232.629751854149,-33.9952002746296,-6.58106488936612));
#5718=CARTESIAN_POINT('',(262.533051102772,-33.8129539226181,-4.49797955388758));
#5719=CARTESIAN_POINT('',(232.964120446885,20.7201001212297,-11.3445627528342));
#5720=CARTESIAN_POINT('',(262.533051102772,-33.8129539226181,-4.49797955388758));
#5721=CARTESIAN_POINT('',(262.533051102772,-33.8129539226181,-4.49797955388758));
#5722=CARTESIAN_POINT('Origin',(190.705296920086,-19.9607639040843,-10.7517608485865));
#5723=CARTESIAN_POINT('',(261.675,-1.9399529960631,-7.34673577883865));
#5724=CARTESIAN_POINT('',(262.533051102772,-1.93472358368223,-7.28696332181262));
#5725=CARTESIAN_POINT('',(261.675,-3.93234239224659,-7.17242429334333));
#5726=CARTESIAN_POINT('',(262.533051102772,-3.92711297986573,-7.11265183631731));
#5727=CARTESIAN_POINT('',(261.675,-33.7220408904312,-4.56616338489702));
#5728=CARTESIAN_POINT('Origin',(190.705296920086,-19.9607639040843,-10.7517608485865));
#5729=CARTESIAN_POINT('',(230.961878945616,19.5499999999999,-11.3827374388094));
#5730=CARTESIAN_POINT('',(230.969029499996,20.7201001212297,-11.484606009158));
#5731=CARTESIAN_POINT('',(232.956969892505,19.55,-11.2426941824856));
#5732=CARTESIAN_POINT('',(232.964120446885,20.7201001212297,-11.3445627528342));
#5733=CARTESIAN_POINT('',(216.906049002996,19.5499999999999,-12.3693712554622));
#5734=CARTESIAN_POINT('Origin',(190.705296920086,-19.9607639040843,-10.7517608485865));
#5735=CARTESIAN_POINT('',(193.361878945616,31.9324999999999,-15.1053572447094));
#5736=CARTESIAN_POINT('',(193.369029499996,33.1026001212297,-15.207225815058));
#5737=CARTESIAN_POINT('',(195.356969892505,31.9324999999999,-14.9653139883855));
#5738=CARTESIAN_POINT('',(195.364120446885,33.1026001212297,-15.0671825587341));
#5739=CARTESIAN_POINT('',(198.025121919354,31.9324999999999,-14.7780259357833));
#5740=CARTESIAN_POINT('Origin',(190.705296920086,-19.9607639040843,-10.7517608485865));
#5741=CARTESIAN_POINT('',(157.756969892505,24.3124999999998,-16.9379418021082));
#5742=CARTESIAN_POINT('',(157.764120446885,25.4826001212296,-17.0398103724568));
#5743=CARTESIAN_POINT('',(179.02195831818,24.3124999999998,-15.4452688843828));
#5744=CARTESIAN_POINT('Origin',(155.244740231676,-83.3143405609757,-9.71069873882657));
#5745=CARTESIAN_POINT('',(155.247977388464,-82.7846197379984,-9.75681607694274));
#5746=CARTESIAN_POINT('',(154.879758597674,-82.9563229800208,-4.51107990038146));
#5747=CARTESIAN_POINT('',(155.530017607645,-36.632212928807,-13.7748309583183));
#5748=CARTESIAN_POINT('',(155.530017607645,-36.632212928807,-13.7748309583183));
#5749=CARTESIAN_POINT('',(155.441826647383,-51.0635769616197,-12.5184406755293));
#5750=CARTESIAN_POINT('Origin',(126.32743594974,-34.8177993449987,-15.9834152878876));
#5751=CARTESIAN_POINT('',(127.325,-33.9157157286914,-5.6725523720307));
#5752=CARTESIAN_POINT('Origin',(192.890714529063,-68.1712132497523,-8.39303216289916));
#5753=CARTESIAN_POINT('',(192.896802449991,-67.175,-8.47976219366601));
#5754=CARTESIAN_POINT('',(192.587099731727,-67.175,-4.06766049269041));
#5755=CARTESIAN_POINT('',(193.084850007778,-36.4033341302363,-11.1587343196615));
#5756=CARTESIAN_POINT('',(193.084850007778,-36.4033341302363,-11.1587343196615));
#5757=CARTESIAN_POINT('',(193.04153064988,-43.4920133060079,-10.5415960079954));
#5758=CARTESIAN_POINT('Origin',(157.903633394373,25.3087132497521,-19.0273464082083));
#5759=CARTESIAN_POINT('',(157.897545473444,24.3124999999998,-18.9406163774414));
#5760=CARTESIAN_POINT('',(157.768818702176,3.24794994374422,-17.1067428820583));
#5761=CARTESIAN_POINT('',(157.258770115498,24.3124999999998,-9.84046427309459));
#5762=CARTESIAN_POINT('Origin',(230.624592619695,-58.6462132497523,-6.5776728250752));
#5763=CARTESIAN_POINT('',(230.630680540623,-57.65,-6.66440285584207));
#5764=CARTESIAN_POINT('',(230.376360257916,-57.65,-3.04129306134759));
#5765=CARTESIAN_POINT('',(230.761923478193,-36.1737103306227,-8.53412228011932));
#5766=CARTESIAN_POINT('',(230.761923478193,-36.1737103306227,-8.53412228011932));
#5767=CARTESIAN_POINT('',(230.746304807766,-38.729513306008,-8.31161482928539));
#5768=CARTESIAN_POINT('Origin',(262.67256405026,-35.9792301902791,-6.3112041041438));
#5769=CARTESIAN_POINT('',(261.675,-35.9853098675597,-6.38069513344526));
#5770=CARTESIAN_POINT('',(261.675,-35.749479270215,-3.68513907120367));
#5771=CARTESIAN_POINT('',(232.757088733035,-36.1615507496235,-8.39513763331954));
#5772=CARTESIAN_POINT('',(232.757088733035,-36.1615507496235,-8.39513763331954));
#5773=CARTESIAN_POINT('',(225.291223291506,-36.2070516400108,-8.9152151902674));
#5774=CARTESIAN_POINT('Origin',(195.503633394373,32.9287132497522,-17.0547185944857));
#5775=CARTESIAN_POINT('',(195.497545473444,31.9324999999999,-16.9679885637188));
#5776=CARTESIAN_POINT('',(195.345535555979,7.05794994374428,-14.8024175956268));
#5777=CARTESIAN_POINT('',(194.92888966052,31.9324999999999,-8.86677688068032));
#5778=CARTESIAN_POINT('Origin',(233.103633394373,20.5462132497522,-13.3320987885857));
#5779=CARTESIAN_POINT('',(233.097545473444,19.5499999999999,-13.2453687578188));
#5780=CARTESIAN_POINT('',(232.983370668549,0.866699943744305,-11.6188061828788));
#5781=CARTESIAN_POINT('',(232.660127464309,19.55,-7.01380336194957));
#5782=CARTESIAN_POINT('Origin',(262.67256405026,-4.10099985134325,-9.10018787206883));
#5783=CARTESIAN_POINT('',(261.675,-4.10707952862387,-9.16967890137032));
#5784=CARTESIAN_POINT('',(225.291223291506,-4.3288213010749,-11.7041989581925));
#5785=CARTESIAN_POINT('',(261.675,-3.87124893127915,-6.47412283912869));
#5786=CARTESIAN_POINT('Origin',(157.537358931089,-34.6275897442914,-13.8093096033165));
#5787=CARTESIAN_POINT('Origin',(195.092191331222,-34.3987109457207,-11.1932129646597));
#5788=CARTESIAN_POINT('Origin',(230.968916644423,-2.3018290708427,-11.4829982406873));
#5789=CARTESIAN_POINT('',(231.102454526556,19.5499999999999,-13.3854120141426));
#5790=CARTESIAN_POINT('',(230.91846682013,-10.5573212165531,-10.7642775370915));
#5791=CARTESIAN_POINT('',(230.595223615889,19.5499999999999,-6.15927471616228));
#5792=CARTESIAN_POINT('Origin',(193.291843174008,-2.53145287045631,-14.1076102802295));
#5793=CARTESIAN_POINT('',(193.502454526555,31.9324999999999,-17.1080318200426));
#5794=CARTESIAN_POINT('',(193.242094972352,-10.67213311636,-13.3988850666606));
#5795=CARTESIAN_POINT('',(192.825449076893,31.9324999999999,-7.46324435171413));
#5796=CARTESIAN_POINT('Origin',(155.530017607645,-36.632212928807,-13.7748309583182));
#5797=CARTESIAN_POINT('',(127.325,-36.8041090639015,-15.7396127730909));
#5798=CARTESIAN_POINT('',(127.325,-35.8191172186873,-4.48110446449834));
#5799=CARTESIAN_POINT('',(171.719950070198,-36.5335430092747,-12.6470286173546));
#5800=CARTESIAN_POINT('Origin',(157.525182862487,-36.6200533478079,-13.6358463115185));
#5801=CARTESIAN_POINT('',(157.248769863633,-81.8516348844485,-9.69799820592027));
#5802=CARTESIAN_POINT('',(157.068570865911,-81.9356630570782,-7.13083861229776));
#5803=CARTESIAN_POINT('',(157.525182862487,-36.6200533478079,-13.6358463115185));
#5804=CARTESIAN_POINT('',(157.579593436233,-27.7164333550358,-14.4109928337134));
#5805=CARTESIAN_POINT('',(157.525182862487,-36.6200533478079,-13.6358463115185));
#5806=CARTESIAN_POINT('Origin',(193.084850007778,-36.4033341302363,-11.1587343196614));
#5807=CARTESIAN_POINT('',(190.497366270265,-36.4191036099893,-11.3389802980262));
#5808=CARTESIAN_POINT('Origin',(195.08001526262,-36.3911745492371,-11.0197496728617));
#5809=CARTESIAN_POINT('',(194.89189339688,-67.175,-8.33971893734218));
#5810=CARTESIAN_POINT('',(194.67929557195,-67.175,-5.31099761950976));
#5811=CARTESIAN_POINT('',(195.08001526262,-36.3911745492371,-11.0197496728617));
#5812=CARTESIAN_POINT('',(195.133726490103,-27.6019939557504,-11.7849331348148));
#5813=CARTESIAN_POINT('',(195.08001526262,-36.3911745492371,-11.0197496728617));
#5814=CARTESIAN_POINT('Origin',(230.761923478193,-36.1737103306227,-8.53412228011928));
#5815=CARTESIAN_POINT('',(209.335903005472,-36.3042917101826,-10.0266742782552));
#5816=CARTESIAN_POINT('Origin',(232.757088733035,-36.1615507496236,-8.39513763331954));
#5817=CARTESIAN_POINT('',(232.625771487512,-57.65,-6.52435959951824));
#5818=CARTESIAN_POINT('',(232.440153788031,-57.65,-3.88000383730784));
#5819=CARTESIAN_POINT('',(232.81009833788,-27.4871820559436,-9.15032560524565));
#5820=CARTESIAN_POINT('Origin',(232.769264801637,-34.1690871461071,-8.56860092511761));
#5821=CARTESIAN_POINT('',(261.675,-33.9929204713762,-6.55500661894058));
#5822=CARTESIAN_POINT('',(261.675,-33.8482130500373,-4.90099322443823));
#5823=CARTESIAN_POINT('',(232.769264801637,-34.1690871461071,-8.56860092511765));
#5824=CARTESIAN_POINT('',(210.339573667194,-34.305785419833,-10.131069343502));
#5825=CARTESIAN_POINT('',(232.769264801637,-34.1690871461071,-8.56860092511765));
#5826=CARTESIAN_POINT('Origin',(232.951905830663,-4.28213309336004,-11.1705503020894));
#5827=CARTESIAN_POINT('',(232.907506886694,-11.5474732278118,-10.5380319396306));
#5828=CARTESIAN_POINT('Origin',(232.964081899265,-2.28966948984356,-11.3440135938875));
#5829=CARTESIAN_POINT('',(261.675,-2.11469013244038,-9.34399038686563));
#5830=CARTESIAN_POINT('',(210.436982216008,-2.42696142223332,-12.9132675618495));
#5831=CARTESIAN_POINT('',(261.675,-1.96938905243757,-7.68319144278568));
#5832=CARTESIAN_POINT('Origin',(146.659962617063,-86.7892767942511,0.));
#5833=CARTESIAN_POINT('',(148.019424297618,-86.15534940164,-9.96931592820328));
#5834=CARTESIAN_POINT('',(176.682115539034,-72.7897169724357,-9.12671056182081));
#5835=CARTESIAN_POINT('',(148.019424297618,-86.15534940164,0.));
#5836=CARTESIAN_POINT('',(148.019424297618,-86.15534940164,0.));
#5837=CARTESIAN_POINT('',(154.862048089745,-82.9645815254977,0.));
#5838=CARTESIAN_POINT('',(177.8091983078,-72.2641496459855,0.));
#5839=CARTESIAN_POINT('',(154.862048089745,-82.9645815254977,4.1));
#5840=CARTESIAN_POINT('',(154.862048089745,-82.9645815254977,0.));
#5841=CARTESIAN_POINT('',(172.988203830478,-74.5122162906837,4.1));
#5842=CARTESIAN_POINT('',(155.292544288587,-82.7638378511709,4.1));
#5843=CARTESIAN_POINT('',(172.988203830478,-74.5122162906837,0.));
#5844=CARTESIAN_POINT('',(172.988203830478,-74.5122162906837,0.));
#5845=CARTESIAN_POINT('',(188.722914943124,-67.175,0.));
#5846=CARTESIAN_POINT('',(177.8091983078,-72.2641496459855,0.));
#5847=CARTESIAN_POINT('',(188.722914943124,-67.175,-8.77274372360704));
#5848=CARTESIAN_POINT('',(188.722914943124,-67.175,0.));
#5849=CARTESIAN_POINT('',(176.682115539034,-72.7897169724357,-9.12671056182081));
#5850=CARTESIAN_POINT('Origin',(188.612067611803,-67.175,0.));
#5851=CARTESIAN_POINT('',(188.419861669725,-67.175,-8.79401622114037));
#5852=CARTESIAN_POINT('',(194.025,-67.175,0.));
#5853=CARTESIAN_POINT('',(192.306033805901,-67.175,0.));
#5854=CARTESIAN_POINT('',(194.025,-67.175,4.1));
#5855=CARTESIAN_POINT('',(194.025,-67.175,0.));
#5856=CARTESIAN_POINT('',(214.025,-67.175,4.1));
#5857=CARTESIAN_POINT('',(196.318533805901,-67.175,4.1));
#5858=CARTESIAN_POINT('',(214.025,-67.175,0.));
#5859=CARTESIAN_POINT('',(214.025,-67.175,0.));
#5860=CARTESIAN_POINT('',(221.575,-67.175,0.));
#5861=CARTESIAN_POINT('',(192.306033805901,-67.175,0.));
#5862=CARTESIAN_POINT('',(221.575,-67.175,-6.46672706027322));
#5863=CARTESIAN_POINT('',(221.575,-67.175,0.));
#5864=CARTESIAN_POINT('',(188.419861669725,-67.175,-8.79401622114037));
#5865=CARTESIAN_POINT('Origin',(223.075,-57.65,0.));
#5866=CARTESIAN_POINT('',(223.575,-57.65,-7.15966873834753));
#5867=CARTESIAN_POINT('',(205.625049361012,-57.65,-8.41964615554534));
#5868=CARTESIAN_POINT('',(223.575,-57.65,0.));
#5869=CARTESIAN_POINT('',(223.575,-57.65,0.));
#5870=CARTESIAN_POINT('',(240.625,-57.65,0.));
#5871=CARTESIAN_POINT('',(209.5375,-57.65,0.));
#5872=CARTESIAN_POINT('',(240.625,-57.65,-5.96286238521127));
#5873=CARTESIAN_POINT('',(240.625,-57.65,0.));
#5874=CARTESIAN_POINT('',(205.625049361012,-57.65,-8.41964615554534));
#5875=CARTESIAN_POINT('Origin',(261.675,-47.6250000000001,0.));
#5876=CARTESIAN_POINT('',(261.675,-46.125,-5.49358719519106));
#5877=CARTESIAN_POINT('',(261.675,-33.2269158287449,-6.62202334137904));
#5878=CARTESIAN_POINT('',(261.675,-46.125,0.));
#5879=CARTESIAN_POINT('',(261.675,-46.125,0.));
#5880=CARTESIAN_POINT('',(261.675,-34.0500000000001,0.));
#5881=CARTESIAN_POINT('',(261.675,-38.7872855544465,0.));
#5882=CARTESIAN_POINT('',(261.675,-34.0500000000001,4.1));
#5883=CARTESIAN_POINT('',(261.675,-34.0500000000001,0.));
#5884=CARTESIAN_POINT('',(261.675,-4.05000000000005,4.1));
#5885=CARTESIAN_POINT('',(261.675,-33.3375,4.1));
#5886=CARTESIAN_POINT('',(261.675,-4.05000000000005,0.));
#5887=CARTESIAN_POINT('',(261.675,-4.05000000000006,0.));
#5888=CARTESIAN_POINT('',(261.675,8.02499999999995,0.));
#5889=CARTESIAN_POINT('',(261.675,-38.7872855544465,0.));
#5890=CARTESIAN_POINT('',(261.675,8.02499999999995,-10.2310983251198));
#5891=CARTESIAN_POINT('',(261.675,8.02499999999995,0.));
#5892=CARTESIAN_POINT('',(261.675,-33.2269158287449,-6.62202334137904));
#5893=CARTESIAN_POINT('',(261.675,-33.2269158287449,-6.62202334137904));
#5894=CARTESIAN_POINT('Origin',(187.909882532751,-18.8128133622636,-13.0609567305221));
#5895=CARTESIAN_POINT('Origin',(187.909882532751,-18.8128133622636,-13.0609567305221));
#5896=CARTESIAN_POINT('',(223.575,-65.175,-6.50131654531495));
#5897=CARTESIAN_POINT('Origin',(221.575,-65.175,-6.64170438732507));
#5898=CARTESIAN_POINT('',(223.575,-42.9117640876395,-8.44909730104973));
#5899=CARTESIAN_POINT('Origin',(187.909882532751,-18.8128133622636,-13.0609567305221));
#5900=CARTESIAN_POINT('',(242.625,-55.65,-5.99745187025301));
#5901=CARTESIAN_POINT('Origin',(240.625,-55.65,-6.13783971226312));
#5902=CARTESIAN_POINT('',(242.625,-48.125,-6.65580406328558));
#5903=CARTESIAN_POINT('',(242.625,-38.0693399581922,-7.53556032121439));
#5904=CARTESIAN_POINT('',(259.675,-48.125,-5.45899771014933));
#5905=CARTESIAN_POINT('',(215.161555880895,-48.125,-8.58357089030889));
#5906=CARTESIAN_POINT('Origin',(259.675,-46.125,-5.63397503720118));
#5907=CARTESIAN_POINT('Origin',(187.909882532751,-18.8128133622636,-13.0609567305221));
#5908=CARTESIAN_POINT('Origin',(187.909882532751,-18.8128133622636,-13.0609567305221));
#5909=CARTESIAN_POINT('',(259.675,10.0249999999999,-10.5464634941818));
#5910=CARTESIAN_POINT('Origin',(259.675,8.02499999999995,-10.37148616713));
#5911=CARTESIAN_POINT('',(242.625,10.025,-11.7432698473181));
#5912=CARTESIAN_POINT('',(224.995212790233,10.025,-12.9807737380564));
#5913=CARTESIAN_POINT('',(242.625,17.55,-12.4016220403506));
#5914=CARTESIAN_POINT('',(242.625,-4.98507572516997,-10.4300583827));
#5915=CARTESIAN_POINT('',(240.625,19.55,-12.7169872094126));
#5916=CARTESIAN_POINT('Origin',(240.625,17.55,-12.5420098823607));
#5917=CARTESIAN_POINT('',(215.575122001335,19.5499999999999,-14.4753363668373));
#5918=CARTESIAN_POINT('Origin',(187.909882532751,-18.8128133622636,-13.0609567305221));
#5919=CARTESIAN_POINT('',(223.575,19.5499999999999,-13.9137935625489));
#5920=CARTESIAN_POINT('',(215.575122001335,19.5499999999999,-14.4753363668373));
#5921=CARTESIAN_POINT('',(223.575,27.0749999999999,-14.5721457555814));
#5922=CARTESIAN_POINT('',(223.575,-0.374852930896605,-12.1705948086741));
#5923=CARTESIAN_POINT('',(221.575,29.0749999999999,-14.8875109246434));
#5924=CARTESIAN_POINT('Origin',(221.575,27.0749999999999,-14.7125335975915));
#5925=CARTESIAN_POINT('',(204.525,29.0749999999999,-16.0843172777796));
#5926=CARTESIAN_POINT('',(206.155031212436,29.0749999999999,-15.9698989956181));
#5927=CARTESIAN_POINT('',(204.525,29.9324999999999,-16.1593388067531));
#5928=CARTESIAN_POINT('',(204.525,4.23536986337672,-13.9111312346482));
#5929=CARTESIAN_POINT('',(202.525,31.9324999999999,-16.4747039758151));
#5930=CARTESIAN_POINT('Origin',(202.525,29.9324999999999,-16.2997266487632));
#5931=CARTESIAN_POINT('',(196.694194917694,31.9324999999999,-16.8839910471584));
#5932=CARTESIAN_POINT('Origin',(187.909882532751,-18.8128133622636,-13.0609567305221));
#5933=CARTESIAN_POINT('',(186.475,31.9324999999999,-17.6013164079463));
#5934=CARTESIAN_POINT('',(196.694194917694,31.9324999999999,-16.8839910471584));
#5935=CARTESIAN_POINT('',(184.475,29.9324999999999,-17.5667269229045));
#5936=CARTESIAN_POINT('Origin',(186.475,29.9324999999999,-17.4263390808944));
#5937=CARTESIAN_POINT('',(184.475,28.1224999999999,-17.4083724419226));
#5938=CARTESIAN_POINT('',(184.475,5.53107171111489,-15.4318785737863));
#5939=CARTESIAN_POINT('',(167.425,28.1224999999998,-18.6051787950589));
#5940=CARTESIAN_POINT('',(187.192613117106,28.1224999999999,-17.2176125214582));
#5941=CARTESIAN_POINT('',(165.425,26.1224999999999,-18.5705893100171));
#5942=CARTESIAN_POINT('Origin',(167.425,26.1224999999998,-18.430201468007));
#5943=CARTESIAN_POINT('',(165.425,24.3124999999998,-18.4122348290352));
#5944=CARTESIAN_POINT('',(165.425,3.52444165878377,-16.5935153874633));
#5945=CARTESIAN_POINT('',(177.691031316519,24.3124999999998,-17.5512339957579));
#5946=CARTESIAN_POINT('Origin',(187.909882532751,-18.8128133622636,-13.0609567305221));
#5947=CARTESIAN_POINT('',(127.325,-46.0650271204558,-14.9293874292998));
#5948=CARTESIAN_POINT('',(127.325,-0.488818445878498,-18.9167890148172));
#5949=CARTESIAN_POINT('',(127.512384425927,-46.9102636439372,-14.8422855679061));
#5950=CARTESIAN_POINT('Origin',(129.325,-46.0650271204558,-14.7889995872897));
#5951=CARTESIAN_POINT('',(145.361572200063,-85.1879703510481,-10.2405156886414));
#5952=CARTESIAN_POINT('',(127.833745163296,-47.5994239692048,-14.7594342818803));
#5953=CARTESIAN_POINT('Origin',(147.174187774137,-84.3427338275667,-10.1872297080251));
#5954=CARTESIAN_POINT('Origin',(259.192051648181,8.84791389771364,-12.4899239692519));
#5955=CARTESIAN_POINT('',(262.467989668998,11.4762651078394,-12.4899239692519));
#5956=CARTESIAN_POINT('Origin',(259.192051648181,8.84791389771364,-12.4899239692518));
#5957=CARTESIAN_POINT('',(262.384281900505,11.580597230726,-11.297402347801));
#5958=CARTESIAN_POINT('',(262.467989668998,11.4762651078394,-12.4899239692519));
#5959=CARTESIAN_POINT('Origin',(259.108343879688,8.95224602060014,-11.297402347801));
#5960=CARTESIAN_POINT('Origin',(259.108343879688,8.95224602060014,-11.297402347801));
#5961=CARTESIAN_POINT('Origin',(259.192051648181,-46.4270030916915,-7.65399535534248));
#5962=CARTESIAN_POINT('',(262.467989668998,-43.7986518815657,-7.65399535534248));
#5963=CARTESIAN_POINT('Origin',(259.192051648181,-46.4270030916915,-7.65399535534227));
#5964=CARTESIAN_POINT('',(262.384281900505,-43.6943197586792,-6.46147373389156));
#5965=CARTESIAN_POINT('',(262.467989668998,-43.7986518815657,-7.65399535534247));
#5966=CARTESIAN_POINT('Origin',(259.108343879688,-46.322670968805,-6.46147373389156));
#5967=CARTESIAN_POINT('Origin',(259.108343879688,-46.322670968805,-6.46147373389156));
#5968=CARTESIAN_POINT('Origin',(132.807948351819,15.0290072517341,-21.9020953290041));
#5969=CARTESIAN_POINT('',(136.083886372635,17.6573584618599,-21.9020953290041));
#5970=CARTESIAN_POINT('Origin',(132.807948351819,15.029007251734,-21.9020953290044));
#5971=CARTESIAN_POINT('',(136.000178604142,17.7616905847464,-20.7095737075531));
#5972=CARTESIAN_POINT('',(136.083886372635,17.6573584618599,-21.9020953290041));
#5973=CARTESIAN_POINT('Origin',(132.724240583326,15.1333393746206,-20.7095737075531));
#5974=CARTESIAN_POINT('Origin',(132.724240583326,15.1333393746206,-20.7095737075531));
#5975=CARTESIAN_POINT('Origin',(148.163236658889,-81.7396481726968,-12.3580871002837));
#5976=CARTESIAN_POINT('',(151.439174679705,-79.111296962571,-12.3580871002837));
#5977=CARTESIAN_POINT('Origin',(148.163236658889,-81.7396481726968,-12.3580871002839));
#5978=CARTESIAN_POINT('',(151.355466911212,-79.0069648396845,-11.1655654788328));
#5979=CARTESIAN_POINT('',(151.439174679705,-79.111296962571,-12.3580871002837));
#5980=CARTESIAN_POINT('Origin',(148.079528890396,-81.6353160498103,-11.1655654788328));
#5981=CARTESIAN_POINT('Origin',(148.079528890396,-81.6353160498103,-11.1655654788328));
#5982=CARTESIAN_POINT('Origin',(259.675,8.02499999999995,0.));
#5983=CARTESIAN_POINT('',(259.675,10.0249999999999,0.));
#5984=CARTESIAN_POINT('Origin',(259.675,8.02499999999995,0.));
#5985=CARTESIAN_POINT('',(259.675,10.0249999999999,0.));
#5986=CARTESIAN_POINT('Origin',(261.175,10.0249999999999,0.));
#5987=CARTESIAN_POINT('',(242.625,10.025,0.));
#5988=CARTESIAN_POINT('',(228.5875,10.025,0.));
#5989=CARTESIAN_POINT('',(242.625,10.025,0.));
#5990=CARTESIAN_POINT('Origin',(242.625,9.52499999999995,0.));
#5991=CARTESIAN_POINT('',(242.625,17.55,0.));
#5992=CARTESIAN_POINT('',(242.625,-10.2122855544465,0.));
#5993=CARTESIAN_POINT('',(242.625,17.55,0.));
#5994=CARTESIAN_POINT('Origin',(240.625,17.55,0.));
#5995=CARTESIAN_POINT('',(240.625,19.55,0.));
#5996=CARTESIAN_POINT('Origin',(240.625,17.55,0.));
#5997=CARTESIAN_POINT('',(240.625,19.55,0.));
#5998=CARTESIAN_POINT('Origin',(242.125,19.55,0.));
#5999=CARTESIAN_POINT('',(223.575,19.5499999999999,0.));
#6000=CARTESIAN_POINT('',(219.0625,19.5499999999999,0.));
#6001=CARTESIAN_POINT('',(223.575,19.5499999999999,0.));
#6002=CARTESIAN_POINT('Origin',(223.575,19.0499999999999,0.));
#6003=CARTESIAN_POINT('',(223.575,27.0749999999999,0.));
#6004=CARTESIAN_POINT('',(223.575,-5.44978555444647,0.));
#6005=CARTESIAN_POINT('',(223.575,27.0749999999999,0.));
#6006=CARTESIAN_POINT('Origin',(221.575,27.0749999999999,0.));
#6007=CARTESIAN_POINT('',(221.575,29.0749999999999,0.));
#6008=CARTESIAN_POINT('Origin',(221.575,27.0749999999999,0.));
#6009=CARTESIAN_POINT('',(221.575,29.0749999999999,0.));
#6010=CARTESIAN_POINT('Origin',(223.075,29.0749999999999,0.));
#6011=CARTESIAN_POINT('',(225.025,29.0749999999999,0.));
#6012=CARTESIAN_POINT('',(209.5375,29.0749999999999,0.));
#6013=CARTESIAN_POINT('',(225.025,29.0749999999999,4.1));
#6014=CARTESIAN_POINT('',(225.025,29.0749999999999,0.));
#6015=CARTESIAN_POINT('',(204.525,29.0749999999999,4.1));
#6016=CARTESIAN_POINT('',(218.8,29.0749999999999,4.1));
#6017=CARTESIAN_POINT('',(204.525,29.0749999999999,0.));
#6018=CARTESIAN_POINT('Origin',(204.525,28.5749999999999,0.));
#6019=CARTESIAN_POINT('',(204.525,32.0749999999999,4.1));
#6020=CARTESIAN_POINT('',(204.525,29.6999999999999,4.1));
#6021=CARTESIAN_POINT('',(204.525,32.0749999999999,0.));
#6022=CARTESIAN_POINT('',(204.525,32.0749999999999,0.));
#6023=CARTESIAN_POINT('',(204.525,29.9324999999999,0.));
#6024=CARTESIAN_POINT('',(204.525,-0.687285554446483,0.));
#6025=CARTESIAN_POINT('',(204.525,29.9324999999999,0.));
#6026=CARTESIAN_POINT('Origin',(202.525,29.9324999999999,0.));
#6027=CARTESIAN_POINT('',(202.525,31.9324999999999,0.));
#6028=CARTESIAN_POINT('Origin',(202.525,29.9324999999999,0.));
#6029=CARTESIAN_POINT('',(202.525,31.9324999999999,0.));
#6030=CARTESIAN_POINT('Origin',(204.025,31.9324999999999,0.));
#6031=CARTESIAN_POINT('',(186.475,31.9324999999999,0.));
#6032=CARTESIAN_POINT('',(200.0125,31.9324999999999,0.));
#6033=CARTESIAN_POINT('',(186.475,31.9324999999999,0.));
#6034=CARTESIAN_POINT('Origin',(186.475,29.9324999999999,0.));
#6035=CARTESIAN_POINT('',(184.475,29.9324999999999,0.));
#6036=CARTESIAN_POINT('Origin',(186.475,29.9324999999999,0.));
#6037=CARTESIAN_POINT('',(184.475,29.9324999999999,0.));
#6038=CARTESIAN_POINT('Origin',(184.475,31.4324999999999,0.));
#6039=CARTESIAN_POINT('',(184.475,32.0749999999999,0.));
#6040=CARTESIAN_POINT('',(184.475,0.741464445553494,0.));
#6041=CARTESIAN_POINT('',(184.475,32.0749999999999,4.1));
#6042=CARTESIAN_POINT('',(184.475,32.0749999999999,0.));
#6043=CARTESIAN_POINT('',(184.475,28.1224999999999,4.1));
#6044=CARTESIAN_POINT('',(184.475,30.8906249999999,4.1));
#6045=CARTESIAN_POINT('',(184.475,28.1224999999999,0.));
#6046=CARTESIAN_POINT('Origin',(184.975,28.1224999999999,0.));
#6047=CARTESIAN_POINT('',(153.975,28.1224999999998,4.1));
#6048=CARTESIAN_POINT('',(177.225,28.1224999999999,4.1));
#6049=CARTESIAN_POINT('',(153.975,28.1224999999998,0.));
#6050=CARTESIAN_POINT('',(153.975,28.1224999999998,0.));
#6051=CARTESIAN_POINT('',(167.425,28.1224999999998,0.));
#6052=CARTESIAN_POINT('',(190.4875,28.1224999999999,0.));
#6053=CARTESIAN_POINT('',(167.425,28.1224999999998,0.));
#6054=CARTESIAN_POINT('Origin',(167.425,26.1224999999998,0.));
#6055=CARTESIAN_POINT('',(165.425,26.1224999999999,0.));
#6056=CARTESIAN_POINT('Origin',(167.425,26.1224999999998,0.));
#6057=CARTESIAN_POINT('',(165.425,26.1224999999999,0.));
#6058=CARTESIAN_POINT('Origin',(165.425,27.6224999999999,0.));
#6059=CARTESIAN_POINT('',(165.425,24.3124999999998,0.));
#6060=CARTESIAN_POINT('',(165.425,-1.16353555444652,0.));
#6061=CARTESIAN_POINT('',(165.425,24.3124999999998,0.));
#6062=CARTESIAN_POINT('Origin',(165.925,24.3124999999998,0.));
#6063=CARTESIAN_POINT('',(148.375,24.3124999999998,0.));
#6064=CARTESIAN_POINT('',(180.9625,24.3124999999999,0.));
#6065=CARTESIAN_POINT('',(148.375,24.3124999999998,0.));
#6066=CARTESIAN_POINT('Origin',(266.175,-120.,-0.727031659247622));
#6067=CARTESIAN_POINT('',(266.175,-48.2430339887499,-7.00495271424704));
#6068=CARTESIAN_POINT('',(263.963854382,-51.8207427527496,-6.84715273684031));
#6069=CARTESIAN_POINT('Origin',(262.175,-48.2430339887499,-7.28572839826727));
#6070=CARTESIAN_POINT('',(225.099922359499,-71.2527087639997,-7.87508777516825));
#6071=CARTESIAN_POINT('',(231.513556842231,-68.0458915226336,-7.70544977755103));
#6072=CARTESIAN_POINT('',(223.311067977499,-71.6750000000001,-7.96370878249152));
#6073=CARTESIAN_POINT('Origin',(223.311067977499,-67.675,-8.31366343659522));
#6074=CARTESIAN_POINT('',(194.156621950318,-71.675,-10.0101736638698));
#6075=CARTESIAN_POINT('',(230.221858240822,-71.6750000000001,-7.47861331666534));
#6076=CARTESIAN_POINT('',(192.466148903355,-72.0497688518534,-10.0960465694097));
#6077=CARTESIAN_POINT('Origin',(194.156621950318,-75.675,-9.66021900976607));
#6078=CARTESIAN_POINT('',(146.929902719915,-93.2836691708228,-11.4346886765276));
#6079=CARTESIAN_POINT('',(189.211724167223,-73.5673320292007,-10.1917178280523));
#6080=CARTESIAN_POINT('',(141.614198524806,-91.3489110696391,-11.9770881974039));
#6081=CARTESIAN_POINT('Origin',(145.239429672953,-89.6584380226763,-11.8705162361712));
#6082=CARTESIAN_POINT('',(126.199768851853,-58.2925599602844,-15.9511434358063));
#6083=CARTESIAN_POINT('',(150.756504855571,-110.954650265384,-9.62007394934458));
#6084=CARTESIAN_POINT('',(125.825,-56.6020869133216,-16.1253471585938));
#6085=CARTESIAN_POINT('Origin',(129.825,-56.6020869133216,-15.8445714745736));
#6086=CARTESIAN_POINT('',(125.825,18.0024999999998,-22.6524027605439));
#6087=CARTESIAN_POINT('',(125.825,-50.425012529644,-16.665771140922));
#6088=CARTESIAN_POINT('',(129.825,22.0024999999998,-22.7215817306274));
#6089=CARTESIAN_POINT('Origin',(129.825,18.0024999999998,-22.3716270765237));
#6090=CARTESIAN_POINT('',(141.875,22.0024999999998,-21.8757449825164));
#6091=CARTESIAN_POINT('',(207.213094732489,22.0024999999998,-17.289407922243));
#6092=CARTESIAN_POINT('',(145.875,26.0024999999998,-21.9449239525999));
#6093=CARTESIAN_POINT('Origin',(141.875,26.0024999999998,-22.2256996366201));
#6094=CARTESIAN_POINT('',(145.875,31.0749999999999,-22.3887101983351));
#6095=CARTESIAN_POINT('',(145.875,-43.816217501011,-15.8365776693424));
#6096=CARTESIAN_POINT('',(149.875,35.0749999999999,-22.4578891684186));
#6097=CARTESIAN_POINT('Origin',(149.875,31.0749999999999,-22.1079345143149));
#6098=CARTESIAN_POINT('',(221.42910196625,35.0749999999999,-17.4352261874117));
#6099=CARTESIAN_POINT('',(245.354631678296,35.0749999999999,-15.7557994448002));
#6100=CARTESIAN_POINT('',(223.21795634825,34.6527087639995,-17.2727137883757));
#6101=CARTESIAN_POINT('Origin',(221.42910196625,31.0749999999999,-17.085271533308));
#6102=CARTESIAN_POINT('',(263.963854382,14.2797597471245,-12.6301973589463));
#6103=CARTESIAN_POINT('',(293.619958133906,-0.548292128828393,-9.25123271354699));
#6104=CARTESIAN_POINT('',(266.175,10.7020509831248,-12.1619794198584));
#6105=CARTESIAN_POINT('Origin',(262.175,10.7020509831248,-12.4427551038786));
#6106=CARTESIAN_POINT('',(266.175,-85.6522949652389,-3.73206646792153));
#6107=CARTESIAN_POINT('',(248.625,-52.125,-7.89722800970849));
#6108=CARTESIAN_POINT('Origin',(250.625,-52.125,-7.75684016769837));
#6109=CARTESIAN_POINT('',(248.625,14.0249999999999,-13.6846031019483));
#6110=CARTESIAN_POINT('Origin',(250.625,14.0249999999999,-13.5442152599382));
#6111=CARTESIAN_POINT('',(142.997584910305,-90.3229010470648,-11.9697471283799));
#6112=CARTESIAN_POINT('Origin',(144.997584910305,-90.3229010470648,-11.8293592863698));
#6113=CARTESIAN_POINT('',(147.875,28.3124999999998,-22.0066349233347));
#6114=CARTESIAN_POINT('Origin',(149.875,28.3124999999998,-21.8662470813245));
#6115=CARTESIAN_POINT('Origin',(223.311067977499,-67.675,0.));
#6116=CARTESIAN_POINT('',(225.099922359499,-71.2527087639997,0.));
#6117=CARTESIAN_POINT('',(225.099922359499,-71.2527087639997,0.));
#6118=CARTESIAN_POINT('',(223.311067977499,-71.6750000000001,0.));
#6119=CARTESIAN_POINT('Origin',(223.311067977499,-67.675,0.));
#6120=CARTESIAN_POINT('',(223.311067977499,-71.6750000000001,0.));
#6121=CARTESIAN_POINT('Origin',(193.269843299746,-71.675,0.));
#6122=CARTESIAN_POINT('',(194.156621950318,-71.675,0.));
#6123=CARTESIAN_POINT('',(224.255339887498,-71.6750000000001,0.));
#6124=CARTESIAN_POINT('',(194.156621950318,-71.675,0.));
#6125=CARTESIAN_POINT('Origin',(194.156621950318,-75.675,0.));
#6126=CARTESIAN_POINT('',(192.466148903355,-72.0497688518534,0.));
#6127=CARTESIAN_POINT('Origin',(194.156621950318,-75.675,0.));
#6128=CARTESIAN_POINT('',(192.466148903355,-72.0497688518534,0.));
#6129=CARTESIAN_POINT('Origin',(143.304671571769,-94.9741422177857,0.));
#6130=CARTESIAN_POINT('',(146.929902719915,-93.2836691708228,0.));
#6131=CARTESIAN_POINT('',(193.269843299746,-71.675,0.));
#6132=CARTESIAN_POINT('',(146.929902719915,-93.2836691708228,0.));
#6133=CARTESIAN_POINT('Origin',(145.239429672953,-89.6584380226763,0.));
#6134=CARTESIAN_POINT('',(141.614198524806,-91.3489110696391,0.));
#6135=CARTESIAN_POINT('Origin',(145.239429672953,-89.6584380226763,0.));
#6136=CARTESIAN_POINT('',(141.614198524806,-91.3489110696391,0.));
#6137=CARTESIAN_POINT('Origin',(125.825,-57.4888655638934,0.));
#6138=CARTESIAN_POINT('',(126.199768851853,-58.2925599602844,0.));
#6139=CARTESIAN_POINT('',(143.304671571769,-94.9741422177857,0.));
#6140=CARTESIAN_POINT('',(126.199768851853,-58.2925599602844,0.));
#6141=CARTESIAN_POINT('Origin',(129.825,-56.6020869133216,0.));
#6142=CARTESIAN_POINT('',(125.825,-56.6020869133216,0.));
#6143=CARTESIAN_POINT('Origin',(129.825,-56.6020869133216,0.));
#6144=CARTESIAN_POINT('',(125.825,-56.6020869133216,0.));
#6145=CARTESIAN_POINT('Origin',(125.825,22.0024999999998,0.));
#6146=CARTESIAN_POINT('',(125.825,18.0024999999998,0.));
#6147=CARTESIAN_POINT('',(125.825,-57.4888655638934,0.));
#6148=CARTESIAN_POINT('',(125.825,18.0024999999998,0.));
#6149=CARTESIAN_POINT('Origin',(129.825,18.0024999999998,0.));
#6150=CARTESIAN_POINT('',(129.825,22.0024999999998,0.));
#6151=CARTESIAN_POINT('Origin',(129.825,18.0024999999998,0.));
#6152=CARTESIAN_POINT('',(129.825,22.0024999999998,0.));
#6153=CARTESIAN_POINT('Origin',(145.875,22.0024999999998,0.));
#6154=CARTESIAN_POINT('',(141.875,22.0024999999998,0.));
#6155=CARTESIAN_POINT('',(125.825,22.0024999999998,0.));
#6156=CARTESIAN_POINT('',(141.875,22.0024999999998,-1.6));
#6157=CARTESIAN_POINT('',(141.875,22.0024999999998,0.));
#6158=CARTESIAN_POINT('',(132.35,22.0024999999998,-1.6));
#6159=CARTESIAN_POINT('',(145.1125,22.0024999999998,-1.6));
#6160=CARTESIAN_POINT('',(130.35,22.0024999999998,-3.6));
#6161=CARTESIAN_POINT('Origin',(132.35,22.0024999999998,-3.6));
#6162=CARTESIAN_POINT('',(130.35,22.0024999999998,-7.6));
#6163=CARTESIAN_POINT('',(130.35,22.0024999999998,-0.799999999999999));
#6164=CARTESIAN_POINT('',(132.35,22.0024999999998,-9.6));
#6165=CARTESIAN_POINT('Origin',(132.35,22.0024999999998,-7.6));
#6166=CARTESIAN_POINT('',(141.875,22.0024999999998,-9.6));
#6167=CARTESIAN_POINT('',(138.1125,22.0024999999998,-9.6));
#6168=CARTESIAN_POINT('',(141.875,22.0024999999998,0.));
#6169=CARTESIAN_POINT('Origin',(242.125,-48.125,0.));
#6170=CARTESIAN_POINT('',(242.625,-48.125,0.));
#6171=CARTESIAN_POINT('',(242.625,-48.125,0.));
#6172=CARTESIAN_POINT('',(259.675,-48.125,0.));
#6173=CARTESIAN_POINT('',(219.0625,-48.125,0.));
#6174=CARTESIAN_POINT('',(259.675,-48.125,0.));
#6175=CARTESIAN_POINT('Origin',(259.675,-46.125,0.));
#6176=CARTESIAN_POINT('Origin',(259.675,-46.125,0.));
#6177=CARTESIAN_POINT('Origin',(149.875,28.3124999999998,-2.));
#6178=CARTESIAN_POINT('',(147.875,28.3124999999998,-2.));
#6179=CARTESIAN_POINT('Origin',(149.875,28.3124999999998,-2.));
#6180=CARTESIAN_POINT('',(147.875,28.3124999999998,-2.));
#6181=CARTESIAN_POINT('Origin',(149.875,28.3124999999998,-2.));
#6182=CARTESIAN_POINT('',(151.075,28.3124999999998,-2.));
#6183=CARTESIAN_POINT('Origin',(149.875,28.3124999999998,-2.));
#6184=CARTESIAN_POINT('Origin',(144.997584910305,-90.3229010470648,-2.));
#6185=CARTESIAN_POINT('',(142.997584910305,-90.3229010470648,-2.));
#6186=CARTESIAN_POINT('Origin',(144.997584910305,-90.3229010470648,-2.));
#6187=CARTESIAN_POINT('',(142.997584910305,-90.3229010470648,-2.));
#6188=CARTESIAN_POINT('Origin',(144.997584910305,-90.3229010470648,-2.));
#6189=CARTESIAN_POINT('',(146.197584910305,-90.3229010470648,-2.));
#6190=CARTESIAN_POINT('Origin',(144.997584910305,-90.3229010470648,-2.));
#6191=CARTESIAN_POINT('Origin',(250.625,14.0249999999999,-2.));
#6192=CARTESIAN_POINT('',(248.625,14.025,-2.));
#6193=CARTESIAN_POINT('Origin',(250.625,14.0249999999999,-2.));
#6194=CARTESIAN_POINT('',(248.625,14.0249999999999,-2.));
#6195=CARTESIAN_POINT('Origin',(250.625,14.0249999999999,-2.));
#6196=CARTESIAN_POINT('',(251.825,14.0249999999999,-2.));
#6197=CARTESIAN_POINT('Origin',(250.625,14.0249999999999,-2.));
#6198=CARTESIAN_POINT('Origin',(250.625,-52.125,-2.));
#6199=CARTESIAN_POINT('',(248.625,-52.125,-2.));
#6200=CARTESIAN_POINT('Origin',(250.625,-52.125,-2.));
#6201=CARTESIAN_POINT('',(248.625,-52.125,-2.));
#6202=CARTESIAN_POINT('Origin',(250.625,-52.125,-2.));
#6203=CARTESIAN_POINT('',(251.825,-52.125,-2.));
#6204=CARTESIAN_POINT('Origin',(250.625,-52.125,-2.));
#6205=CARTESIAN_POINT('Origin',(144.997584910305,-90.3229010470648,-16.5));
#6206=CARTESIAN_POINT('',(146.197584910305,-90.3229010470648,0.));
#6207=CARTESIAN_POINT('Origin',(144.997584910305,-90.3229010470648,0.));
#6208=CARTESIAN_POINT('',(146.197584910305,-90.3229010470648,-16.5));
#6209=CARTESIAN_POINT('Origin',(250.625,14.0249999999999,-16.5));
#6210=CARTESIAN_POINT('',(251.825,14.0249999999999,0.));
#6211=CARTESIAN_POINT('Origin',(250.625,14.0249999999999,0.));
#6212=CARTESIAN_POINT('',(251.825,14.0249999999999,-16.5));
#6213=CARTESIAN_POINT('Origin',(149.875,28.3124999999998,-16.5));
#6214=CARTESIAN_POINT('',(151.075,28.3124999999998,0.));
#6215=CARTESIAN_POINT('Origin',(149.875,28.3124999999998,0.));
#6216=CARTESIAN_POINT('',(151.075,28.3124999999998,-16.5));
#6217=CARTESIAN_POINT('Origin',(250.625,-52.125,-16.5));
#6218=CARTESIAN_POINT('',(251.825,-52.125,0.));
#6219=CARTESIAN_POINT('Origin',(250.625,-52.125,0.));
#6220=CARTESIAN_POINT('',(251.825,-52.125,-16.5));
#6221=CARTESIAN_POINT('Origin',(221.42910196625,31.0749999999999,0.));
#6222=CARTESIAN_POINT('',(221.42910196625,35.0749999999999,0.));
#6223=CARTESIAN_POINT('',(221.42910196625,35.0749999999999,0.));
#6224=CARTESIAN_POINT('',(223.21795634825,34.6527087639995,0.));
#6225=CARTESIAN_POINT('Origin',(221.42910196625,31.0749999999999,0.));
#6226=CARTESIAN_POINT('',(223.21795634825,34.6527087639995,0.));
#6227=CARTESIAN_POINT('Origin',(222.373373876249,35.0749999999999,0.));
#6228=CARTESIAN_POINT('',(149.875,35.0749999999999,0.));
#6229=CARTESIAN_POINT('',(149.875,35.0749999999999,0.));
#6230=CARTESIAN_POINT('',(145.875,35.0749999999999,0.));
#6231=CARTESIAN_POINT('Origin',(196.,-29.9495711088929,0.));
#6232=CARTESIAN_POINT('',(145.875,31.0749999999999,0.));
#6233=CARTESIAN_POINT('Origin',(149.875,31.0749999999999,0.));
#6234=CARTESIAN_POINT('',(145.875,26.0024999999998,0.));
#6235=CARTESIAN_POINT('',(145.875,22.0024999999998,0.));
#6236=CARTESIAN_POINT('Origin',(141.875,26.0024999999998,0.));
#6237=CARTESIAN_POINT('',(263.963854382,-51.8207427527496,0.));
#6238=CARTESIAN_POINT('',(266.175,-50.7151699437495,0.));
#6239=CARTESIAN_POINT('',(266.175,-48.2430339887499,0.));
#6240=CARTESIAN_POINT('Origin',(262.175,-48.2430339887499,0.));
#6241=CARTESIAN_POINT('',(266.175,10.7020509831248,0.));
#6242=CARTESIAN_POINT('',(266.175,13.1741869381244,0.));
#6243=CARTESIAN_POINT('',(263.963854382,14.2797597471245,0.));
#6244=CARTESIAN_POINT('Origin',(262.175,10.7020509831248,0.));
#6245=CARTESIAN_POINT('',(222.373373876249,35.0749999999999,0.));
#6246=CARTESIAN_POINT('',(135.731158560647,-64.5354816539505,0.));
#6247=CARTESIAN_POINT('',(133.012235199537,-65.8033364391725,0.));
#6248=CARTESIAN_POINT('',(165.29435562407,-50.7499364637314,0.));
#6249=CARTESIAN_POINT('',(127.512384425927,-46.9102636439372,0.));
#6250=CARTESIAN_POINT('',(130.310110415745,-52.9100063907924,0.));
#6251=CARTESIAN_POINT('',(127.325,-46.0650271204558,0.));
#6252=CARTESIAN_POINT('Origin',(129.325,-46.0650271204558,0.));
#6253=CARTESIAN_POINT('',(127.325,18.5024999999998,0.));
#6254=CARTESIAN_POINT('',(127.325,-4.97353555444657,0.));
#6255=CARTESIAN_POINT('',(129.325,20.5024999999998,0.));
#6256=CARTESIAN_POINT('Origin',(129.325,18.5024999999998,0.));
#6257=CARTESIAN_POINT('',(146.375,20.5024999999998,0.));
#6258=CARTESIAN_POINT('',(171.4375,20.5024999999999,0.));
#6259=CARTESIAN_POINT('',(146.375,22.3124999999998,0.));
#6260=CARTESIAN_POINT('',(146.375,-3.06853555444676,0.));
#6261=CARTESIAN_POINT('Origin',(148.375,22.3124999999998,0.));
#6262=CARTESIAN_POINT('',(153.975,32.0749999999999,0.));
#6263=CARTESIAN_POINT('',(153.975,-1.16353555444649,0.));
#6264=CARTESIAN_POINT('',(154.975,33.0749999999999,0.));
#6265=CARTESIAN_POINT('Origin',(154.975,32.0749999999999,0.));
#6266=CARTESIAN_POINT('',(183.475,33.0749999999999,0.));
#6267=CARTESIAN_POINT('',(174.9875,33.0749999999999,0.));
#6268=CARTESIAN_POINT('Origin',(183.475,32.0749999999999,0.));
#6269=CARTESIAN_POINT('',(205.525,33.0749999999999,0.));
#6270=CARTESIAN_POINT('Origin',(205.525,32.0749999999999,0.));
#6271=CARTESIAN_POINT('',(224.025,33.0749999999999,0.));
#6272=CARTESIAN_POINT('',(200.0125,33.0749999999999,0.));
#6273=CARTESIAN_POINT('',(225.025,32.0749999999999,0.));
#6274=CARTESIAN_POINT('Origin',(224.025,32.0749999999999,0.));
#6275=CARTESIAN_POINT('',(225.025,1.5627144455535,0.));
#6276=CARTESIAN_POINT('',(264.675,-4.05000000000006,0.));
#6277=CARTESIAN_POINT('',(228.5875,-4.05000000000004,0.));
#6278=CARTESIAN_POINT('',(265.675,-5.05000000000006,0.));
#6279=CARTESIAN_POINT('Origin',(264.675,-5.05000000000006,0.));
#6280=CARTESIAN_POINT('',(265.675,-33.0500000000001,0.));
#6281=CARTESIAN_POINT('',(265.675,-16.9997855544465,0.));
#6282=CARTESIAN_POINT('',(264.675,-34.0500000000001,0.));
#6283=CARTESIAN_POINT('Origin',(264.675,-33.0500000000001,0.));
#6284=CARTESIAN_POINT('',(230.8375,-34.05,0.));
#6285=CARTESIAN_POINT('',(242.625,-55.65,0.));
#6286=CARTESIAN_POINT('',(242.625,-43.5497855544465,0.));
#6287=CARTESIAN_POINT('Origin',(240.625,-55.65,0.));
#6288=CARTESIAN_POINT('',(223.575,-65.175,0.));
#6289=CARTESIAN_POINT('',(223.575,-48.3122855544465,0.));
#6290=CARTESIAN_POINT('Origin',(221.575,-65.175,0.));
#6291=CARTESIAN_POINT('',(214.025,-70.175,0.));
#6292=CARTESIAN_POINT('',(214.025,-48.3122855544465,0.));
#6293=CARTESIAN_POINT('',(213.025,-71.175,0.));
#6294=CARTESIAN_POINT('Origin',(213.025,-70.175,0.));
#6295=CARTESIAN_POINT('',(195.025,-71.175,0.));
#6296=CARTESIAN_POINT('',(205.0125,-71.175,0.));
#6297=CARTESIAN_POINT('',(194.025,-70.175,0.));
#6298=CARTESIAN_POINT('Origin',(195.025,-70.175,0.));
#6299=CARTESIAN_POINT('',(194.025,-50.5622855544465,0.));
#6300=CARTESIAN_POINT('',(174.2560586157,-77.2311396517936,0.));
#6301=CARTESIAN_POINT('',(166.403332265775,-60.390913649511,0.));
#6302=CARTESIAN_POINT('',(173.772369090404,-78.5600657005709,0.));
#6303=CARTESIAN_POINT('Origin',(173.349750828663,-77.6537579135343,0.));
#6304=CARTESIAN_POINT('',(157.458828923744,-86.1671944119036,0.));
#6305=CARTESIAN_POINT('',(192.66379196147,-69.7508505423483,0.));
#6306=CARTESIAN_POINT('',(156.129902874967,-85.6835048866077,0.));
#6307=CARTESIAN_POINT('Origin',(157.036210662004,-85.260886624867,0.));
#6308=CARTESIAN_POINT('',(149.228067613958,-70.8824714051578,0.));
#6309=CARTESIAN_POINT('',(145.361572200063,-85.1879703510481,0.));
#6310=CARTESIAN_POINT('Origin',(147.174187774137,-84.3427338275667,0.));
#6311=CARTESIAN_POINT('',(144.183523795461,-82.6616373946835,0.));
#6312=CARTESIAN_POINT('',(130.310110415745,-52.9100063907924,0.));
#6313=CARTESIAN_POINT('',(141.464600434351,-83.9294921799056,0.));
#6314=CARTESIAN_POINT('',(175.785913379716,-67.9252011155476,0.));
#6315=CARTESIAN_POINT('',(140.135674385574,-83.4458026546096,0.));
#6316=CARTESIAN_POINT('Origin',(141.041982172611,-83.0231843928689,0.));
#6317=CARTESIAN_POINT('',(132.528545674241,-67.1322624879499,0.));
#6318=CARTESIAN_POINT('',(135.090718112088,-72.6268590124516,0.));
#6319=CARTESIAN_POINT('Origin',(133.434853461278,-66.7096442262092,0.));
#6320=CARTESIAN_POINT('Origin',(262.175,10.7020509831248,0.));
#6321=CARTESIAN_POINT('',(263.963854382,14.2797597471245,0.));
#6322=CARTESIAN_POINT('',(266.175,10.7020509831248,0.));
#6323=CARTESIAN_POINT('Origin',(266.175,-50.7151699437495,0.));
#6324=CARTESIAN_POINT('',(266.175,-48.2430339887499,0.));
#6325=CARTESIAN_POINT('Origin',(262.175,-48.2430339887499,0.));
#6326=CARTESIAN_POINT('',(263.963854382,-51.8207427527496,0.));
#6327=CARTESIAN_POINT('Origin',(141.875,26.0024999999998,0.));
#6328=CARTESIAN_POINT('',(142.35,22.0308032593108,-9.59999999999999));
#6329=CARTESIAN_POINT('Origin',(141.875,26.0024999999998,-9.6));
#6330=CARTESIAN_POINT('',(144.35,22.8601481737397,-7.6));
#6331=CARTESIAN_POINT('Ctrl Pts',(144.35,22.8601481737397,-7.6));
#6332=CARTESIAN_POINT('Ctrl Pts',(144.35,22.8601481737397,-7.85867887294702));
#6333=CARTESIAN_POINT('Ctrl Pts',(144.29711105789,22.8167765387274,-8.12719517144745));
#6334=CARTESIAN_POINT('Ctrl Pts',(144.09460512506,22.6725139161049,-8.61268522149223));
#6335=CARTESIAN_POINT('Ctrl Pts',(143.945096022182,22.5743967086248,-8.83052384626843));
#6336=CARTESIAN_POINT('Ctrl Pts',(143.601599611322,22.3889327425102,-9.17952212416722));
#6337=CARTESIAN_POINT('Ctrl Pts',(143.380713833035,22.2875907674232,-9.33485337062891));
#6338=CARTESIAN_POINT('Ctrl Pts',(142.886674381723,22.1238095212278,-9.54526811978902));
#6339=CARTESIAN_POINT('Ctrl Pts',(142.613074569211,22.0622659888528,-9.6));
#6340=CARTESIAN_POINT('Ctrl Pts',(142.35,22.0308032593108,-9.6));
#6341=CARTESIAN_POINT('',(144.35,22.8601481737397,-3.6));
#6342=CARTESIAN_POINT('',(144.35,22.8601481737397,0.));
#6343=CARTESIAN_POINT('',(142.35,22.0308032593108,-1.6));
#6344=CARTESIAN_POINT('Ctrl Pts',(142.35,22.0308032593108,-1.6));
#6345=CARTESIAN_POINT('Ctrl Pts',(142.613074569211,22.0622659888528,-1.6));
#6346=CARTESIAN_POINT('Ctrl Pts',(142.886674381723,22.1238095212278,-1.65473188021097));
#6347=CARTESIAN_POINT('Ctrl Pts',(143.380713833035,22.2875907674232,-1.86514662937108));
#6348=CARTESIAN_POINT('Ctrl Pts',(143.601599611322,22.3889327425102,-2.02047787583278));
#6349=CARTESIAN_POINT('Ctrl Pts',(143.945096022182,22.5743967086248,-2.36947615373156));
#6350=CARTESIAN_POINT('Ctrl Pts',(144.09460512506,22.6725139161049,-2.58731477850776));
#6351=CARTESIAN_POINT('Ctrl Pts',(144.29711105789,22.8167765387274,-3.07280482855253));
#6352=CARTESIAN_POINT('Ctrl Pts',(144.35,22.8601481737397,-3.34132112705297));
#6353=CARTESIAN_POINT('Ctrl Pts',(144.35,22.8601481737397,-3.6));
#6354=CARTESIAN_POINT('Origin',(141.875,26.0024999999998,-1.6));
#6355=CARTESIAN_POINT('',(145.875,26.0024999999998,0.));
#6356=CARTESIAN_POINT('Origin',(149.875,31.0749999999999,0.));
#6357=CARTESIAN_POINT('',(145.875,31.0749999999999,0.));
#6358=CARTESIAN_POINT('Origin',(145.875,35.0749999999999,0.));
#6359=CARTESIAN_POINT('Origin',(264.675,-5.05000000000006,0.));
#6360=CARTESIAN_POINT('',(265.675,-5.05000000000006,4.1));
#6361=CARTESIAN_POINT('',(264.675,-4.05000000000006,4.1));
#6362=CARTESIAN_POINT('Origin',(264.675,-5.05000000000006,4.1));
#6363=CARTESIAN_POINT('',(265.675,-5.05000000000006,0.));
#6364=CARTESIAN_POINT('',(264.675,-4.05000000000006,0.));
#6365=CARTESIAN_POINT('Origin',(263.425,-19.0500000000001,4.1));
#6366=CARTESIAN_POINT('',(265.675,-4.05000000000006,4.1));
#6367=CARTESIAN_POINT('',(264.675,-34.0500000000001,4.1));
#6368=CARTESIAN_POINT('',(261.175,-34.0500000000001,4.1));
#6369=CARTESIAN_POINT('',(265.675,-33.0500000000001,4.1));
#6370=CARTESIAN_POINT('Origin',(264.675,-33.0500000000001,4.1));
#6371=CARTESIAN_POINT('',(265.675,-34.0500000000001,4.1));
#6372=CARTESIAN_POINT('Origin',(265.675,-4.05000000000006,0.));
#6373=CARTESIAN_POINT('',(265.675,-33.0500000000001,0.));
#6374=CARTESIAN_POINT('Origin',(264.675,-33.0500000000001,0.));
#6375=CARTESIAN_POINT('',(264.675,-34.0500000000001,0.));
#6376=CARTESIAN_POINT('Origin',(265.675,-34.0500000000001,0.));
#6377=CARTESIAN_POINT('Origin',(213.025,-70.175,0.));
#6378=CARTESIAN_POINT('',(213.025,-71.175,4.1));
#6379=CARTESIAN_POINT('',(214.025,-70.175,4.1));
#6380=CARTESIAN_POINT('Origin',(213.025,-70.175,4.1));
#6381=CARTESIAN_POINT('',(213.025,-71.175,0.));
#6382=CARTESIAN_POINT('',(214.025,-70.175,0.));
#6383=CARTESIAN_POINT('Origin',(214.025,-66.675,0.));
#6384=CARTESIAN_POINT('',(214.025,-71.175,4.1));
#6385=CARTESIAN_POINT('Origin',(204.025,-68.925,4.1));
#6386=CARTESIAN_POINT('',(194.025,-70.175,4.1));
#6387=CARTESIAN_POINT('',(194.025,-66.675,4.1));
#6388=CARTESIAN_POINT('',(195.025,-71.175,4.1));
#6389=CARTESIAN_POINT('Origin',(195.025,-70.175,4.1));
#6390=CARTESIAN_POINT('',(194.025,-71.175,4.1));
#6391=CARTESIAN_POINT('Origin',(195.025,-70.175,0.));
#6392=CARTESIAN_POINT('',(194.025,-70.175,0.));
#6393=CARTESIAN_POINT('',(195.025,-71.175,0.));
#6394=CARTESIAN_POINT('Origin',(194.025,-71.175,0.));
#6395=CARTESIAN_POINT('Origin',(173.349750828663,-77.6537579135343,0.));
#6396=CARTESIAN_POINT('',(173.772369090404,-78.5600657005709,4.1));
#6397=CARTESIAN_POINT('',(174.2560586157,-77.2311396517936,4.1));
#6398=CARTESIAN_POINT('Origin',(173.349750828663,-77.6537579135343,4.1));
#6399=CARTESIAN_POINT('',(173.772369090404,-78.5600657005709,0.));
#6400=CARTESIAN_POINT('',(174.2560586157,-77.2311396517936,0.));
#6401=CARTESIAN_POINT('Origin',(172.776894699607,-74.0590623971653,0.));
#6402=CARTESIAN_POINT('',(174.678676877441,-78.1374474388302,4.1));
#6403=CARTESIAN_POINT('Origin',(164.664707918158,-80.3244375354048,4.1));
#6404=CARTESIAN_POINT('',(156.129902874967,-85.6835048866077,4.1));
#6405=CARTESIAN_POINT('',(154.650738958875,-82.5114276319794,4.1));
#6406=CARTESIAN_POINT('',(157.458828923744,-86.1671944119036,4.1));
#6407=CARTESIAN_POINT('Origin',(157.036210662004,-85.260886624867,4.1));
#6408=CARTESIAN_POINT('',(156.552521136708,-86.5898126736443,4.1));
#6409=CARTESIAN_POINT('Origin',(157.036210662004,-85.260886624867,0.));
#6410=CARTESIAN_POINT('',(156.129902874967,-85.6835048866077,0.));
#6411=CARTESIAN_POINT('',(157.458828923744,-86.1671944119036,0.));
#6412=CARTESIAN_POINT('Origin',(156.552521136708,-86.5898126736443,0.));
#6413=CARTESIAN_POINT('Origin',(141.041982172611,-83.0231843928689,0.));
#6414=CARTESIAN_POINT('',(140.135674385574,-83.4458026546096,4.1));
#6415=CARTESIAN_POINT('',(141.464600434351,-83.9294921799056,4.1));
#6416=CARTESIAN_POINT('Origin',(141.041982172611,-83.0231843928689,4.1));
#6417=CARTESIAN_POINT('',(140.135674385574,-83.4458026546096,0.));
#6418=CARTESIAN_POINT('',(141.464600434351,-83.9294921799056,0.));
#6419=CARTESIAN_POINT('Origin',(144.636677688979,-82.4503282638132,0.));
#6420=CARTESIAN_POINT('',(144.183523795461,-82.6616373946835,4.1));
#6421=CARTESIAN_POINT('',(144.183523795461,-82.6616373946835,0.));
#6422=CARTESIAN_POINT('',(140.558292647315,-84.3521104416463,4.1));
#6423=CARTESIAN_POINT('Origin',(138.37130255074,-74.3381414823632,4.1));
#6424=CARTESIAN_POINT('',(135.731158560647,-64.5354816539505,4.1));
#6425=CARTESIAN_POINT('',(133.664593642268,-60.1037188848038,4.1));
#6426=CARTESIAN_POINT('',(133.012235199537,-65.8033364391726,4.1));
#6427=CARTESIAN_POINT('',(136.184312454165,-64.3241725230801,4.1));
#6428=CARTESIAN_POINT('',(132.528545674241,-67.1322624879499,4.1));
#6429=CARTESIAN_POINT('Origin',(133.434853461278,-66.7096442262092,4.1));
#6430=CARTESIAN_POINT('',(132.105927412501,-66.2259547009132,4.1));
#6431=CARTESIAN_POINT('Origin',(133.434853461278,-66.7096442262092,0.));
#6432=CARTESIAN_POINT('',(133.012235199537,-65.8033364391726,0.));
#6433=CARTESIAN_POINT('',(132.528545674241,-67.1322624879499,0.));
#6434=CARTESIAN_POINT('Origin',(132.105927412501,-66.2259547009132,0.));
#6435=CARTESIAN_POINT('',(135.731158560647,-64.5354816539505,0.));
#6436=CARTESIAN_POINT('Origin',(154.975,32.0749999999999,0.));
#6437=CARTESIAN_POINT('',(154.975,33.0749999999999,4.1));
#6438=CARTESIAN_POINT('',(153.975,32.0749999999999,4.1));
#6439=CARTESIAN_POINT('Origin',(154.975,32.0749999999999,4.1));
#6440=CARTESIAN_POINT('',(154.975,33.0749999999999,0.));
#6441=CARTESIAN_POINT('',(153.975,32.0749999999999,0.));
#6442=CARTESIAN_POINT('Origin',(169.475,30.3487499999999,4.1));
#6443=CARTESIAN_POINT('',(153.975,33.0749999999999,4.1));
#6444=CARTESIAN_POINT('',(183.475,33.0749999999999,4.1));
#6445=CARTESIAN_POINT('Origin',(183.475,32.0749999999999,4.1));
#6446=CARTESIAN_POINT('',(184.975,33.0749999999999,4.1));
#6447=CARTESIAN_POINT('Origin',(153.975,33.0749999999999,0.));
#6448=CARTESIAN_POINT('',(183.475,33.0749999999999,0.));
#6449=CARTESIAN_POINT('Origin',(183.475,32.0749999999999,0.));
#6450=CARTESIAN_POINT('Origin',(205.525,32.0749999999999,0.));
#6451=CARTESIAN_POINT('',(205.525,33.0749999999999,4.1));
#6452=CARTESIAN_POINT('Origin',(205.525,32.0749999999999,4.1));
#6453=CARTESIAN_POINT('',(205.525,33.0749999999999,0.));
#6454=CARTESIAN_POINT('Origin',(214.525,30.8249999999999,4.1));
#6455=CARTESIAN_POINT('',(225.025,32.0749999999999,4.1));
#6456=CARTESIAN_POINT('',(225.025,28.5749999999999,4.1));
#6457=CARTESIAN_POINT('',(224.025,33.0749999999999,4.1));
#6458=CARTESIAN_POINT('Origin',(224.025,32.0749999999999,4.1));
#6459=CARTESIAN_POINT('',(225.025,33.0749999999999,4.1));
#6460=CARTESIAN_POINT('Origin',(224.025,32.0749999999999,0.));
#6461=CARTESIAN_POINT('',(225.025,32.0749999999999,0.));
#6462=CARTESIAN_POINT('',(224.025,33.0749999999999,0.));
#6463=CARTESIAN_POINT('Origin',(225.025,33.0749999999999,0.));
#6464=CARTESIAN_POINT('Origin',(129.325,-46.0650271204558,0.));
#6465=CARTESIAN_POINT('',(127.325,-46.0650271204558,0.));
#6466=CARTESIAN_POINT('',(127.512384425927,-46.9102636439372,0.));
#6467=CARTESIAN_POINT('Origin',(127.325,20.0024999999998,0.));
#6468=CARTESIAN_POINT('',(127.325,18.5024999999998,0.));
#6469=CARTESIAN_POINT('Origin',(147.174187774137,-84.3427338275667,0.));
#6470=CARTESIAN_POINT('',(145.361572200063,-85.1879703510481,0.));
#6471=CARTESIAN_POINT('Origin',(127.371846106482,-46.6088782452906,0.));
#6472=CARTESIAN_POINT('Origin',(221.575,-65.175,0.));
#6473=CARTESIAN_POINT('',(223.575,-65.175,0.));
#6474=CARTESIAN_POINT('Origin',(240.625,-55.65,0.));
#6475=CARTESIAN_POINT('',(242.625,-55.65,0.));
#6476=CARTESIAN_POINT('Origin',(129.325,18.5024999999998,0.));
#6477=CARTESIAN_POINT('',(129.325,20.5024999999998,0.));
#6478=CARTESIAN_POINT('Origin',(146.875,20.5024999999998,0.));
#6479=CARTESIAN_POINT('',(146.375,20.5024999999998,0.));
#6480=CARTESIAN_POINT('',(132.6,20.5024999999998,-5.2));
#6481=CARTESIAN_POINT('',(132.6,20.5024999999998,-6.));
#6482=CARTESIAN_POINT('',(132.6,20.5024999999998,-1.85));
#6483=CARTESIAN_POINT('',(134.1,20.5024999999998,-3.7));
#6484=CARTESIAN_POINT('Origin',(134.1,20.5024999999998,-5.2));
#6485=CARTESIAN_POINT('',(140.6,20.5024999999998,-3.7));
#6486=CARTESIAN_POINT('',(144.4875,20.5024999999998,-3.7));
#6487=CARTESIAN_POINT('',(142.1,20.5024999999998,-5.2));
#6488=CARTESIAN_POINT('Origin',(140.6,20.5024999999998,-5.2));
#6489=CARTESIAN_POINT('',(142.1,20.5024999999998,-6.));
#6490=CARTESIAN_POINT('',(142.1,20.5024999999998,-3.75));
#6491=CARTESIAN_POINT('',(140.6,20.5024999999998,-7.5));
#6492=CARTESIAN_POINT('Origin',(140.6,20.5024999999998,-6.));
#6493=CARTESIAN_POINT('',(134.1,20.5024999999998,-7.5));
#6494=CARTESIAN_POINT('',(139.7375,20.5024999999998,-7.5));
#6495=CARTESIAN_POINT('Origin',(134.1,20.5024999999998,-6.));
#6496=CARTESIAN_POINT('Origin',(148.375,22.3124999999998,0.));
#6497=CARTESIAN_POINT('',(146.375,22.3124999999998,0.));
#6498=CARTESIAN_POINT('Origin',(140.558292647315,-84.3521104416463,0.));
#6499=CARTESIAN_POINT('Origin',(153.975,27.6224999999999,0.));
#6500=CARTESIAN_POINT('Origin',(261.175,-4.05000000000006,0.));
#6501=CARTESIAN_POINT('Origin',(174.678676877441,-78.1374474388302,0.));
#6502=CARTESIAN_POINT('Origin',(204.025,33.0749999999999,0.));
#6503=CARTESIAN_POINT('Origin',(214.025,-71.175,0.));
#6504=CARTESIAN_POINT('Origin',(140.6,20.0024999999998,-6.));
#6505=CARTESIAN_POINT('',(142.1,21.5024999999998,-6.));
#6506=CARTESIAN_POINT('',(142.1,20.0024999999998,-6.));
#6507=CARTESIAN_POINT('',(140.6,21.5024999999998,-7.5));
#6508=CARTESIAN_POINT('Origin',(140.6,21.5024999999998,-6.));
#6509=CARTESIAN_POINT('',(140.6,20.0024999999998,-7.5));
#6510=CARTESIAN_POINT('Origin',(132.6,20.0024999999998,-7.5));
#6511=CARTESIAN_POINT('',(134.1,21.5024999999998,-7.5));
#6512=CARTESIAN_POINT('',(134.975,21.5024999999998,-7.5));
#6513=CARTESIAN_POINT('',(134.1,20.0024999999998,-7.5));
#6514=CARTESIAN_POINT('Origin',(140.6,20.0024999999998,-5.2));
#6515=CARTESIAN_POINT('',(140.6,21.5024999999998,-3.7));
#6516=CARTESIAN_POINT('',(140.6,20.0024999999998,-3.7));
#6517=CARTESIAN_POINT('',(142.1,21.5024999999998,-5.2));
#6518=CARTESIAN_POINT('Origin',(140.6,21.5024999999998,-5.2));
#6519=CARTESIAN_POINT('',(142.1,20.0024999999998,-5.2));
#6520=CARTESIAN_POINT('Origin',(142.1,20.0024999999998,-7.5));
#6521=CARTESIAN_POINT('',(142.1,21.5024999999998,-6.55));
#6522=CARTESIAN_POINT('Origin',(134.1,20.0024999999998,-6.));
#6523=CARTESIAN_POINT('',(132.6,21.5024999999998,-6.));
#6524=CARTESIAN_POINT('Origin',(134.1,21.5024999999998,-6.));
#6525=CARTESIAN_POINT('',(132.6,20.0024999999998,-6.));
#6526=CARTESIAN_POINT('Origin',(132.6,20.0024999999998,-3.7));
#6527=CARTESIAN_POINT('',(132.6,21.5024999999998,-5.2));
#6528=CARTESIAN_POINT('',(132.6,21.5024999999998,-4.65));
#6529=CARTESIAN_POINT('',(132.6,20.0024999999998,-5.2));
#6530=CARTESIAN_POINT('Origin',(134.1,20.0024999999998,-5.2));
#6531=CARTESIAN_POINT('',(134.1,21.5024999999998,-3.7));
#6532=CARTESIAN_POINT('Origin',(134.1,21.5024999999998,-5.2));
#6533=CARTESIAN_POINT('',(134.1,20.0024999999998,-3.7));
#6534=CARTESIAN_POINT('Origin',(142.1,20.0024999999998,-3.7));
#6535=CARTESIAN_POINT('',(139.725,21.5024999999998,-3.7));
#6536=CARTESIAN_POINT('Origin',(132.35,21.5024999999998,-7.6));
#6537=CARTESIAN_POINT('',(130.35,21.5024999999998,-7.6));
#6538=CARTESIAN_POINT('',(132.35,21.5024999999998,-9.6));
#6539=CARTESIAN_POINT('Origin',(132.35,21.5024999999998,-7.6));
#6540=CARTESIAN_POINT('',(132.35,21.5024999999998,-9.6));
#6541=CARTESIAN_POINT('',(130.35,21.5024999999998,-7.6));
#6542=CARTESIAN_POINT('Origin',(130.35,21.5024999999998,-1.6));
#6543=CARTESIAN_POINT('',(130.35,21.5024999999998,-3.6));
#6544=CARTESIAN_POINT('',(130.35,21.5024999999998,-3.6));
#6545=CARTESIAN_POINT('',(130.35,21.5024999999998,-1.6));
#6546=CARTESIAN_POINT('Origin',(142.35,21.5024999999998,-7.6));
#6547=CARTESIAN_POINT('',(142.35,21.5024999999998,-9.6));
#6548=CARTESIAN_POINT('',(144.35,21.5024999999998,-7.6));
#6549=CARTESIAN_POINT('Origin',(142.35,21.5024999999998,-7.6));
#6550=CARTESIAN_POINT('',(144.35,21.5024999999998,-7.6));
#6551=CARTESIAN_POINT('',(142.35,21.5024999999998,-9.6));
#6552=CARTESIAN_POINT('Origin',(137.35,21.5024999999998,-5.6));
#6553=CARTESIAN_POINT('',(132.35,21.5024999999998,-1.6));
#6554=CARTESIAN_POINT('Origin',(132.35,21.5024999999998,-3.6));
#6555=CARTESIAN_POINT('',(142.35,21.5024999999998,-1.6));
#6556=CARTESIAN_POINT('',(144.35,21.5024999999998,-1.6));
#6557=CARTESIAN_POINT('',(144.35,21.5024999999998,-3.6));
#6558=CARTESIAN_POINT('Origin',(142.35,21.5024999999998,-3.6));
#6559=CARTESIAN_POINT('',(144.35,21.5024999999998,-9.6));
#6560=CARTESIAN_POINT('',(130.35,21.5024999999998,-9.6));
#6561=CARTESIAN_POINT('Origin',(144.35,21.5024999999998,-9.6));
#6562=CARTESIAN_POINT('',(144.35,21.5024999999998,-3.6));
#6563=CARTESIAN_POINT('Origin',(142.35,21.5024999999998,-3.6));
#6564=CARTESIAN_POINT('',(142.35,21.5024999999998,-1.6));
#6565=CARTESIAN_POINT('Origin',(132.35,21.5024999999998,-3.6));
#6566=CARTESIAN_POINT('',(132.35,21.5024999999998,-1.6));
#6567=CARTESIAN_POINT('Origin',(144.35,21.5024999999998,-1.6));
#6568=CARTESIAN_POINT('Origin',(130.35,21.5024999999998,-9.6));
#6569=CARTESIAN_POINT('Origin',(223.575,-66.6750000000001,0.));
#6570=CARTESIAN_POINT('Origin',(146.375,23.8124999999998,0.));
#6571=CARTESIAN_POINT('Origin',(242.625,-57.15,0.));
#6572=CARTESIAN_POINT('Origin',(266.175,13.1741869381244,0.));
#6573=CARTESIAN_POINT('Origin',(224.255339887498,-71.6750000000001,0.));
#6574=UNCERTAINTY_MEASURE_WITH_UNIT(LENGTH_MEASURE(0.01),#6578,
'DISTANCE_ACCURACY_VALUE',
'Maximum model space distance between geometric entities at asserted c
onnectivities');
#6575=UNCERTAINTY_MEASURE_WITH_UNIT(LENGTH_MEASURE(0.01),#6578,
'DISTANCE_ACCURACY_VALUE',
'Maximum model space distance between geometric entities at asserted c
onnectivities');
#6576=(
GEOMETRIC_REPRESENTATION_CONTEXT(3)
GLOBAL_UNCERTAINTY_ASSIGNED_CONTEXT((#6574))
GLOBAL_UNIT_ASSIGNED_CONTEXT((#6578,#6580,#6581))
REPRESENTATION_CONTEXT('','3D')
);
#6577=(
GEOMETRIC_REPRESENTATION_CONTEXT(3)
GLOBAL_UNCERTAINTY_ASSIGNED_CONTEXT((#6575))
GLOBAL_UNIT_ASSIGNED_CONTEXT((#6578,#6580,#6581))
REPRESENTATION_CONTEXT('','3D')
);
#6578=(
LENGTH_UNIT()
NAMED_UNIT(*)
SI_UNIT(.MILLI.,.METRE.)
);
#6579=(
LENGTH_UNIT()
NAMED_UNIT(*)
SI_UNIT($,.METRE.)
);
#6580=(
NAMED_UNIT(*)
PLANE_ANGLE_UNIT()
SI_UNIT($,.RADIAN.)
);
#6581=(
NAMED_UNIT(*)
SI_UNIT($,.STERADIAN.)
SOLID_ANGLE_UNIT()
);
#6582=SHAPE_DEFINITION_REPRESENTATION(#6583,#6584);
#6583=PRODUCT_DEFINITION_SHAPE('',$,#6586);
#6584=SHAPE_REPRESENTATION('',(#3914),#6576);
#6585=PRODUCT_DEFINITION_CONTEXT('part definition',#6590,'design');
#6586=PRODUCT_DEFINITION('Bottom','Bottom v8',#6587,#6585);
#6587=PRODUCT_DEFINITION_FORMATION('',$,#6592);
#6588=PRODUCT_RELATED_PRODUCT_CATEGORY('Bottom v8','Bottom v8',(#6592));
#6589=APPLICATION_PROTOCOL_DEFINITION('international standard',
'ap242_managed_model_based_3d_engineering',2011,#6590);
#6590=APPLICATION_CONTEXT('Managed model based 3d engineering');
#6591=PRODUCT_CONTEXT('part definition',#6590,'mechanical');
#6592=PRODUCT('Bottom','Bottom v8',$,(#6591));
#6593=PRESENTATION_STYLE_ASSIGNMENT((#6594));
#6594=SURFACE_STYLE_USAGE(.BOTH.,#6595);
#6595=SURFACE_SIDE_STYLE('',(#6596));
#6596=SURFACE_STYLE_FILL_AREA(#6597);
#6597=FILL_AREA_STYLE('\X2\AC15CCA0\X0\ - \X2\C0C8D2F4\X0\',(#6598));
#6598=FILL_AREA_STYLE_COLOUR('\X2\AC15CCA0\X0\ - \X2\C0C8D2F4\X0\',#6599);
#6599=COLOUR_RGB('\X2\AC15CCA0\X0\ - \X2\C0C8D2F4\X0\',0.627450980392157,
0.627450980392157,0.627450980392157);
ENDSEC;
END-ISO-10303-21;
