ISO-10303-21;
HEADER;
/* Generated by software containing ST-Developer
 * from STEP Tools, Inc. (www.steptools.com) 
 */

FILE_DESCRIPTION(
/* description */ ('',
'CAx-IF Rec.Pracs.---Representation and Presentation of Product Manufa
cturing Information (PMI)---4.0---2014-10-13'),
/* implementation_level */ '2;1');

FILE_NAME(
/* name */ 'counterweight.step',
/* time_stamp */ '2025-02-17T10:58:33+09:00',
/* author */ (''),
/* organization */ (''),
/* preprocessor_version */ 'ST-DEVELOPER v20',
/* originating_system */ 'Autodesk Translation Framework v13.20.0.188',

/* authorisation */ '');

FILE_SCHEMA (('AP242_MANAGED_MODEL_BASED_3D_ENGINEERING_MIM_LF { 1 0 10303 442 1 1 4 }'));
ENDSEC;

DATA;
#10=MECHANICAL_DESIGN_GEOMETRIC_PRESENTATION_REPRESENTATION('',(#13),#4061);
#11=SHAPE_REPRESENTATION_RELATIONSHIP('SRR','None',#4068,#12);
#12=ADVANCED_BREP_SHAPE_REPRESENTATION('',(#14),#4060);
#13=STYLED_ITEM('',(#4078),#14);
#14=MANIFOLD_SOLID_BREP('\X2\BCF8CCB4\X0\1',#2381);
#15=CONICAL_SURFACE('',#2613,0.40575,1.02974425867665);
#16=CONICAL_SURFACE('',#2616,0.40575,1.02974425867665);
#17=CONICAL_SURFACE('',#2619,0.40575,1.02974425867665);
#18=CONICAL_SURFACE('',#2622,0.40575,1.02974425867665);
#19=(
BOUNDED_SURFACE()
B_SPLINE_SURFACE(2,2,((#3949,#3950,#3951),(#3952,#3953,#3954),(#3955,#3956,
#3957)),.UNSPECIFIED.,.F.,.F.,.F.)
B_SPLINE_SURFACE_WITH_KNOTS((3,3),(3,3),(0.,1.5707963267949),(-1.5707963267949,
0.),.UNSPECIFIED.)
GEOMETRIC_REPRESENTATION_ITEM()
RATIONAL_B_SPLINE_SURFACE(((1.,0.707106781186548,1.),(0.707106781186544,
0.499999999999998,0.707106781186544),(1.,0.707106781186548,1.)))
REPRESENTATION_ITEM('')
SURFACE()
);
#20=(
BOUNDED_SURFACE()
B_SPLINE_SURFACE(2,2,((#3965,#3966,#3967),(#3968,#3969,#3970),(#3971,#3972,
#3973)),.UNSPECIFIED.,.F.,.F.,.F.)
B_SPLINE_SURFACE_WITH_KNOTS((3,3),(3,3),(0.,1.5707963267949),(-1.11022302462516E-15,
1.5707963267949),.UNSPECIFIED.)
GEOMETRIC_REPRESENTATION_ITEM()
RATIONAL_B_SPLINE_SURFACE(((1.,0.707106781186547,1.),(0.707106781186547,
0.499999999999999,0.707106781186547),(1.,0.707106781186547,1.)))
REPRESENTATION_ITEM('')
SURFACE()
);
#21=(
BOUNDED_SURFACE()
B_SPLINE_SURFACE(2,2,((#3983,#3984,#3985),(#3986,#3987,#3988),(#3989,#3990,
#3991)),.UNSPECIFIED.,.F.,.F.,.F.)
B_SPLINE_SURFACE_WITH_KNOTS((3,3),(3,3),(0.,1.5707963267949),(-3.14159265358979,
-1.5707963267949),.UNSPECIFIED.)
GEOMETRIC_REPRESENTATION_ITEM()
RATIONAL_B_SPLINE_SURFACE(((1.,0.707106781186548,1.),(0.707106781186547,
0.499999999999999,0.707106781186547),(1.,0.707106781186548,1.)))
REPRESENTATION_ITEM('')
SURFACE()
);
#22=(
BOUNDED_SURFACE()
B_SPLINE_SURFACE(2,2,((#3999,#4000,#4001),(#4002,#4003,#4004),(#4005,#4006,
#4007)),.UNSPECIFIED.,.F.,.F.,.F.)
B_SPLINE_SURFACE_WITH_KNOTS((3,3),(3,3),(0.,1.5707963267949),(1.5707963267949,
3.14159265358979),.UNSPECIFIED.)
GEOMETRIC_REPRESENTATION_ITEM()
RATIONAL_B_SPLINE_SURFACE(((1.,0.707106781186548,1.),(0.707106781186544,
0.499999999999998,0.707106781186544),(1.,0.707106781186548,1.)))
REPRESENTATION_ITEM('')
SURFACE()
);
#23=FACE_BOUND('',#254,.T.);
#24=FACE_BOUND('',#255,.T.);
#25=FACE_BOUND('',#256,.T.);
#26=FACE_BOUND('',#257,.T.);
#27=FACE_BOUND('',#258,.T.);
#28=FACE_BOUND('',#349,.T.);
#29=FACE_BOUND('',#350,.T.);
#30=FACE_BOUND('',#351,.T.);
#31=FACE_BOUND('',#352,.T.);
#32=PLANE('',#2398);
#33=PLANE('',#2399);
#34=PLANE('',#2409);
#35=PLANE('',#2413);
#36=PLANE('',#2414);
#37=PLANE('',#2420);
#38=PLANE('',#2423);
#39=PLANE('',#2429);
#40=PLANE('',#2430);
#41=PLANE('',#2436);
#42=PLANE('',#2445);
#43=PLANE('',#2450);
#44=PLANE('',#2453);
#45=PLANE('',#2479);
#46=PLANE('',#2483);
#47=PLANE('',#2484);
#48=PLANE('',#2488);
#49=PLANE('',#2492);
#50=PLANE('',#2493);
#51=PLANE('',#2497);
#52=PLANE('',#2501);
#53=PLANE('',#2504);
#54=PLANE('',#2507);
#55=PLANE('',#2508);
#56=PLANE('',#2514);
#57=PLANE('',#2515);
#58=PLANE('',#2519);
#59=PLANE('',#2521);
#60=PLANE('',#2523);
#61=PLANE('',#2528);
#62=PLANE('',#2529);
#63=PLANE('',#2534);
#64=PLANE('',#2540);
#65=PLANE('',#2543);
#66=PLANE('',#2545);
#67=PLANE('',#2548);
#68=PLANE('',#2550);
#69=PLANE('',#2552);
#70=PLANE('',#2553);
#71=PLANE('',#2554);
#72=PLANE('',#2556);
#73=PLANE('',#2557);
#74=PLANE('',#2559);
#75=PLANE('',#2560);
#76=PLANE('',#2562);
#77=PLANE('',#2563);
#78=PLANE('',#2565);
#79=PLANE('',#2566);
#80=PLANE('',#2567);
#81=PLANE('',#2568);
#82=PLANE('',#2569);
#83=PLANE('',#2570);
#84=PLANE('',#2571);
#85=PLANE('',#2572);
#86=PLANE('',#2573);
#87=PLANE('',#2574);
#88=PLANE('',#2575);
#89=PLANE('',#2576);
#90=PLANE('',#2577);
#91=PLANE('',#2578);
#92=PLANE('',#2579);
#93=PLANE('',#2580);
#94=PLANE('',#2583);
#95=PLANE('',#2584);
#96=PLANE('',#2587);
#97=PLANE('',#2608);
#98=PLANE('',#2625);
#99=FACE_OUTER_BOUND('',#226,.T.);
#100=FACE_OUTER_BOUND('',#227,.T.);
#101=FACE_OUTER_BOUND('',#228,.T.);
#102=FACE_OUTER_BOUND('',#229,.T.);
#103=FACE_OUTER_BOUND('',#230,.T.);
#104=FACE_OUTER_BOUND('',#231,.T.);
#105=FACE_OUTER_BOUND('',#232,.T.);
#106=FACE_OUTER_BOUND('',#233,.T.);
#107=FACE_OUTER_BOUND('',#234,.T.);
#108=FACE_OUTER_BOUND('',#235,.T.);
#109=FACE_OUTER_BOUND('',#236,.T.);
#110=FACE_OUTER_BOUND('',#237,.T.);
#111=FACE_OUTER_BOUND('',#238,.T.);
#112=FACE_OUTER_BOUND('',#239,.T.);
#113=FACE_OUTER_BOUND('',#240,.T.);
#114=FACE_OUTER_BOUND('',#241,.T.);
#115=FACE_OUTER_BOUND('',#242,.T.);
#116=FACE_OUTER_BOUND('',#243,.T.);
#117=FACE_OUTER_BOUND('',#244,.T.);
#118=FACE_OUTER_BOUND('',#245,.T.);
#119=FACE_OUTER_BOUND('',#246,.T.);
#120=FACE_OUTER_BOUND('',#247,.T.);
#121=FACE_OUTER_BOUND('',#248,.T.);
#122=FACE_OUTER_BOUND('',#249,.T.);
#123=FACE_OUTER_BOUND('',#250,.T.);
#124=FACE_OUTER_BOUND('',#251,.T.);
#125=FACE_OUTER_BOUND('',#252,.T.);
#126=FACE_OUTER_BOUND('',#253,.T.);
#127=FACE_OUTER_BOUND('',#259,.T.);
#128=FACE_OUTER_BOUND('',#260,.T.);
#129=FACE_OUTER_BOUND('',#261,.T.);
#130=FACE_OUTER_BOUND('',#262,.T.);
#131=FACE_OUTER_BOUND('',#263,.T.);
#132=FACE_OUTER_BOUND('',#264,.T.);
#133=FACE_OUTER_BOUND('',#265,.T.);
#134=FACE_OUTER_BOUND('',#266,.T.);
#135=FACE_OUTER_BOUND('',#267,.T.);
#136=FACE_OUTER_BOUND('',#268,.T.);
#137=FACE_OUTER_BOUND('',#269,.T.);
#138=FACE_OUTER_BOUND('',#270,.T.);
#139=FACE_OUTER_BOUND('',#271,.T.);
#140=FACE_OUTER_BOUND('',#272,.T.);
#141=FACE_OUTER_BOUND('',#273,.T.);
#142=FACE_OUTER_BOUND('',#274,.T.);
#143=FACE_OUTER_BOUND('',#275,.T.);
#144=FACE_OUTER_BOUND('',#276,.T.);
#145=FACE_OUTER_BOUND('',#277,.T.);
#146=FACE_OUTER_BOUND('',#278,.T.);
#147=FACE_OUTER_BOUND('',#279,.T.);
#148=FACE_OUTER_BOUND('',#280,.T.);
#149=FACE_OUTER_BOUND('',#281,.T.);
#150=FACE_OUTER_BOUND('',#282,.T.);
#151=FACE_OUTER_BOUND('',#283,.T.);
#152=FACE_OUTER_BOUND('',#284,.T.);
#153=FACE_OUTER_BOUND('',#285,.T.);
#154=FACE_OUTER_BOUND('',#286,.T.);
#155=FACE_OUTER_BOUND('',#287,.T.);
#156=FACE_OUTER_BOUND('',#288,.T.);
#157=FACE_OUTER_BOUND('',#289,.T.);
#158=FACE_OUTER_BOUND('',#290,.T.);
#159=FACE_OUTER_BOUND('',#291,.T.);
#160=FACE_OUTER_BOUND('',#292,.T.);
#161=FACE_OUTER_BOUND('',#293,.T.);
#162=FACE_OUTER_BOUND('',#294,.T.);
#163=FACE_OUTER_BOUND('',#295,.T.);
#164=FACE_OUTER_BOUND('',#296,.T.);
#165=FACE_OUTER_BOUND('',#297,.T.);
#166=FACE_OUTER_BOUND('',#298,.T.);
#167=FACE_OUTER_BOUND('',#299,.T.);
#168=FACE_OUTER_BOUND('',#300,.T.);
#169=FACE_OUTER_BOUND('',#301,.T.);
#170=FACE_OUTER_BOUND('',#302,.T.);
#171=FACE_OUTER_BOUND('',#303,.T.);
#172=FACE_OUTER_BOUND('',#304,.T.);
#173=FACE_OUTER_BOUND('',#305,.T.);
#174=FACE_OUTER_BOUND('',#306,.T.);
#175=FACE_OUTER_BOUND('',#307,.T.);
#176=FACE_OUTER_BOUND('',#308,.T.);
#177=FACE_OUTER_BOUND('',#309,.T.);
#178=FACE_OUTER_BOUND('',#310,.T.);
#179=FACE_OUTER_BOUND('',#311,.T.);
#180=FACE_OUTER_BOUND('',#312,.T.);
#181=FACE_OUTER_BOUND('',#313,.T.);
#182=FACE_OUTER_BOUND('',#314,.T.);
#183=FACE_OUTER_BOUND('',#315,.T.);
#184=FACE_OUTER_BOUND('',#316,.T.);
#185=FACE_OUTER_BOUND('',#317,.T.);
#186=FACE_OUTER_BOUND('',#318,.T.);
#187=FACE_OUTER_BOUND('',#319,.T.);
#188=FACE_OUTER_BOUND('',#320,.T.);
#189=FACE_OUTER_BOUND('',#321,.T.);
#190=FACE_OUTER_BOUND('',#322,.T.);
#191=FACE_OUTER_BOUND('',#323,.T.);
#192=FACE_OUTER_BOUND('',#324,.T.);
#193=FACE_OUTER_BOUND('',#325,.T.);
#194=FACE_OUTER_BOUND('',#326,.T.);
#195=FACE_OUTER_BOUND('',#327,.T.);
#196=FACE_OUTER_BOUND('',#328,.T.);
#197=FACE_OUTER_BOUND('',#329,.T.);
#198=FACE_OUTER_BOUND('',#330,.T.);
#199=FACE_OUTER_BOUND('',#331,.T.);
#200=FACE_OUTER_BOUND('',#332,.T.);
#201=FACE_OUTER_BOUND('',#333,.T.);
#202=FACE_OUTER_BOUND('',#334,.T.);
#203=FACE_OUTER_BOUND('',#335,.T.);
#204=FACE_OUTER_BOUND('',#336,.T.);
#205=FACE_OUTER_BOUND('',#337,.T.);
#206=FACE_OUTER_BOUND('',#338,.T.);
#207=FACE_OUTER_BOUND('',#339,.T.);
#208=FACE_OUTER_BOUND('',#340,.T.);
#209=FACE_OUTER_BOUND('',#341,.T.);
#210=FACE_OUTER_BOUND('',#342,.T.);
#211=FACE_OUTER_BOUND('',#343,.T.);
#212=FACE_OUTER_BOUND('',#344,.T.);
#213=FACE_OUTER_BOUND('',#345,.T.);
#214=FACE_OUTER_BOUND('',#346,.T.);
#215=FACE_OUTER_BOUND('',#347,.T.);
#216=FACE_OUTER_BOUND('',#348,.T.);
#217=FACE_OUTER_BOUND('',#353,.T.);
#218=FACE_OUTER_BOUND('',#354,.T.);
#219=FACE_OUTER_BOUND('',#355,.T.);
#220=FACE_OUTER_BOUND('',#356,.T.);
#221=FACE_OUTER_BOUND('',#357,.T.);
#222=FACE_OUTER_BOUND('',#358,.T.);
#223=FACE_OUTER_BOUND('',#359,.T.);
#224=FACE_OUTER_BOUND('',#360,.T.);
#225=FACE_OUTER_BOUND('',#361,.T.);
#226=EDGE_LOOP('',(#1514,#1515,#1516,#1517));
#227=EDGE_LOOP('',(#1518,#1519,#1520,#1521));
#228=EDGE_LOOP('',(#1522,#1523,#1524,#1525,#1526,#1527,#1528,#1529,#1530,
#1531,#1532,#1533,#1534,#1535,#1536,#1537));
#229=EDGE_LOOP('',(#1538,#1539,#1540,#1541));
#230=EDGE_LOOP('',(#1542,#1543,#1544,#1545));
#231=EDGE_LOOP('',(#1546,#1547,#1548,#1549));
#232=EDGE_LOOP('',(#1550,#1551,#1552,#1553));
#233=EDGE_LOOP('',(#1554,#1555,#1556,#1557,#1558,#1559,#1560,#1561));
#234=EDGE_LOOP('',(#1562,#1563,#1564,#1565));
#235=EDGE_LOOP('',(#1566,#1567,#1568,#1569));
#236=EDGE_LOOP('',(#1570,#1571,#1572,#1573));
#237=EDGE_LOOP('',(#1574,#1575,#1576,#1577));
#238=EDGE_LOOP('',(#1578,#1579,#1580,#1581));
#239=EDGE_LOOP('',(#1582,#1583,#1584,#1585));
#240=EDGE_LOOP('',(#1586,#1587,#1588,#1589));
#241=EDGE_LOOP('',(#1590,#1591,#1592,#1593,#1594,#1595,#1596,#1597));
#242=EDGE_LOOP('',(#1598,#1599,#1600,#1601));
#243=EDGE_LOOP('',(#1602,#1603,#1604,#1605));
#244=EDGE_LOOP('',(#1606,#1607,#1608,#1609));
#245=EDGE_LOOP('',(#1610,#1611,#1612,#1613));
#246=EDGE_LOOP('',(#1614,#1615,#1616,#1617));
#247=EDGE_LOOP('',(#1618,#1619,#1620,#1621));
#248=EDGE_LOOP('',(#1622,#1623,#1624,#1625));
#249=EDGE_LOOP('',(#1626,#1627,#1628,#1629));
#250=EDGE_LOOP('',(#1630,#1631,#1632,#1633));
#251=EDGE_LOOP('',(#1634,#1635,#1636,#1637));
#252=EDGE_LOOP('',(#1638,#1639,#1640,#1641));
#253=EDGE_LOOP('',(#1642,#1643,#1644,#1645,#1646,#1647,#1648,#1649,#1650,
#1651,#1652,#1653,#1654,#1655,#1656,#1657,#1658,#1659,#1660,#1661,#1662,
#1663,#1664,#1665,#1666,#1667,#1668,#1669,#1670,#1671,#1672,#1673));
#254=EDGE_LOOP('',(#1674,#1675,#1676,#1677,#1678,#1679,#1680,#1681,#1682,
#1683,#1684,#1685,#1686,#1687,#1688,#1689));
#255=EDGE_LOOP('',(#1690,#1691,#1692,#1693,#1694,#1695,#1696,#1697));
#256=EDGE_LOOP('',(#1698,#1699,#1700,#1701,#1702,#1703,#1704,#1705));
#257=EDGE_LOOP('',(#1706,#1707,#1708,#1709,#1710,#1711,#1712,#1713,#1714,
#1715,#1716,#1717));
#258=EDGE_LOOP('',(#1718,#1719,#1720,#1721,#1722,#1723,#1724,#1725,#1726,
#1727,#1728,#1729));
#259=EDGE_LOOP('',(#1730,#1731,#1732,#1733));
#260=EDGE_LOOP('',(#1734,#1735,#1736,#1737));
#261=EDGE_LOOP('',(#1738,#1739,#1740,#1741));
#262=EDGE_LOOP('',(#1742,#1743,#1744,#1745));
#263=EDGE_LOOP('',(#1746,#1747,#1748,#1749,#1750,#1751,#1752,#1753));
#264=EDGE_LOOP('',(#1754,#1755,#1756,#1757));
#265=EDGE_LOOP('',(#1758,#1759,#1760,#1761));
#266=EDGE_LOOP('',(#1762,#1763,#1764,#1765));
#267=EDGE_LOOP('',(#1766,#1767,#1768,#1769));
#268=EDGE_LOOP('',(#1770,#1771,#1772,#1773));
#269=EDGE_LOOP('',(#1774,#1775,#1776,#1777,#1778,#1779,#1780,#1781));
#270=EDGE_LOOP('',(#1782,#1783,#1784,#1785));
#271=EDGE_LOOP('',(#1786,#1787,#1788,#1789));
#272=EDGE_LOOP('',(#1790,#1791,#1792,#1793));
#273=EDGE_LOOP('',(#1794,#1795,#1796,#1797));
#274=EDGE_LOOP('',(#1798,#1799,#1800,#1801));
#275=EDGE_LOOP('',(#1802,#1803,#1804,#1805));
#276=EDGE_LOOP('',(#1806,#1807,#1808,#1809));
#277=EDGE_LOOP('',(#1810,#1811,#1812,#1813));
#278=EDGE_LOOP('',(#1814,#1815,#1816,#1817));
#279=EDGE_LOOP('',(#1818,#1819,#1820,#1821,#1822,#1823,#1824,#1825,#1826,
#1827,#1828,#1829));
#280=EDGE_LOOP('',(#1830,#1831,#1832,#1833));
#281=EDGE_LOOP('',(#1834,#1835,#1836,#1837));
#282=EDGE_LOOP('',(#1838,#1839,#1840,#1841,#1842,#1843,#1844,#1845,#1846,
#1847,#1848,#1849));
#283=EDGE_LOOP('',(#1850,#1851,#1852,#1853));
#284=EDGE_LOOP('',(#1854,#1855,#1856,#1857));
#285=EDGE_LOOP('',(#1858,#1859,#1860,#1861));
#286=EDGE_LOOP('',(#1862,#1863,#1864,#1865));
#287=EDGE_LOOP('',(#1866,#1867,#1868,#1869));
#288=EDGE_LOOP('',(#1870,#1871,#1872,#1873));
#289=EDGE_LOOP('',(#1874,#1875,#1876,#1877));
#290=EDGE_LOOP('',(#1878,#1879,#1880,#1881));
#291=EDGE_LOOP('',(#1882,#1883,#1884,#1885));
#292=EDGE_LOOP('',(#1886,#1887,#1888,#1889));
#293=EDGE_LOOP('',(#1890,#1891,#1892,#1893,#1894,#1895,#1896,#1897,#1898,
#1899,#1900,#1901));
#294=EDGE_LOOP('',(#1902,#1903,#1904,#1905));
#295=EDGE_LOOP('',(#1906,#1907,#1908,#1909,#1910,#1911,#1912,#1913,#1914,
#1915,#1916,#1917));
#296=EDGE_LOOP('',(#1918,#1919,#1920,#1921));
#297=EDGE_LOOP('',(#1922,#1923,#1924,#1925));
#298=EDGE_LOOP('',(#1926,#1927,#1928,#1929));
#299=EDGE_LOOP('',(#1930,#1931,#1932,#1933));
#300=EDGE_LOOP('',(#1934,#1935,#1936,#1937));
#301=EDGE_LOOP('',(#1938,#1939,#1940,#1941));
#302=EDGE_LOOP('',(#1942,#1943,#1944,#1945));
#303=EDGE_LOOP('',(#1946,#1947,#1948,#1949));
#304=EDGE_LOOP('',(#1950,#1951,#1952,#1953));
#305=EDGE_LOOP('',(#1954,#1955,#1956,#1957));
#306=EDGE_LOOP('',(#1958,#1959,#1960,#1961));
#307=EDGE_LOOP('',(#1962,#1963,#1964,#1965));
#308=EDGE_LOOP('',(#1966,#1967,#1968,#1969));
#309=EDGE_LOOP('',(#1970,#1971,#1972,#1973));
#310=EDGE_LOOP('',(#1974,#1975,#1976,#1977));
#311=EDGE_LOOP('',(#1978,#1979,#1980,#1981));
#312=EDGE_LOOP('',(#1982,#1983,#1984,#1985));
#313=EDGE_LOOP('',(#1986,#1987,#1988,#1989));
#314=EDGE_LOOP('',(#1990,#1991,#1992,#1993));
#315=EDGE_LOOP('',(#1994,#1995,#1996,#1997));
#316=EDGE_LOOP('',(#1998,#1999,#2000,#2001));
#317=EDGE_LOOP('',(#2002,#2003,#2004,#2005));
#318=EDGE_LOOP('',(#2006,#2007,#2008,#2009));
#319=EDGE_LOOP('',(#2010,#2011,#2012,#2013));
#320=EDGE_LOOP('',(#2014,#2015,#2016,#2017));
#321=EDGE_LOOP('',(#2018,#2019,#2020,#2021));
#322=EDGE_LOOP('',(#2022,#2023,#2024,#2025));
#323=EDGE_LOOP('',(#2026,#2027,#2028,#2029));
#324=EDGE_LOOP('',(#2030,#2031,#2032,#2033));
#325=EDGE_LOOP('',(#2034,#2035,#2036,#2037));
#326=EDGE_LOOP('',(#2038,#2039,#2040,#2041));
#327=EDGE_LOOP('',(#2042,#2043,#2044,#2045));
#328=EDGE_LOOP('',(#2046,#2047,#2048,#2049));
#329=EDGE_LOOP('',(#2050,#2051,#2052,#2053));
#330=EDGE_LOOP('',(#2054,#2055,#2056,#2057));
#331=EDGE_LOOP('',(#2058,#2059,#2060,#2061));
#332=EDGE_LOOP('',(#2062,#2063,#2064,#2065));
#333=EDGE_LOOP('',(#2066,#2067,#2068,#2069));
#334=EDGE_LOOP('',(#2070,#2071,#2072,#2073,#2074,#2075,#2076,#2077));
#335=EDGE_LOOP('',(#2078,#2079,#2080,#2081,#2082,#2083,#2084,#2085));
#336=EDGE_LOOP('',(#2086,#2087,#2088,#2089));
#337=EDGE_LOOP('',(#2090,#2091,#2092,#2093,#2094,#2095,#2096,#2097,#2098,
#2099,#2100,#2101,#2102,#2103,#2104,#2105));
#338=EDGE_LOOP('',(#2106,#2107,#2108,#2109));
#339=EDGE_LOOP('',(#2110,#2111,#2112,#2113));
#340=EDGE_LOOP('',(#2114,#2115,#2116,#2117));
#341=EDGE_LOOP('',(#2118,#2119,#2120,#2121));
#342=EDGE_LOOP('',(#2122,#2123,#2124,#2125));
#343=EDGE_LOOP('',(#2126,#2127,#2128,#2129));
#344=EDGE_LOOP('',(#2130,#2131,#2132,#2133));
#345=EDGE_LOOP('',(#2134,#2135,#2136,#2137));
#346=EDGE_LOOP('',(#2138,#2139,#2140,#2141));
#347=EDGE_LOOP('',(#2142,#2143,#2144,#2145));
#348=EDGE_LOOP('',(#2146,#2147,#2148,#2149,#2150,#2151,#2152,#2153));
#349=EDGE_LOOP('',(#2154));
#350=EDGE_LOOP('',(#2155));
#351=EDGE_LOOP('',(#2156));
#352=EDGE_LOOP('',(#2157));
#353=EDGE_LOOP('',(#2158,#2159,#2160));
#354=EDGE_LOOP('',(#2161,#2162,#2163,#2164));
#355=EDGE_LOOP('',(#2165,#2166,#2167));
#356=EDGE_LOOP('',(#2168,#2169,#2170,#2171));
#357=EDGE_LOOP('',(#2172,#2173,#2174));
#358=EDGE_LOOP('',(#2175,#2176,#2177,#2178));
#359=EDGE_LOOP('',(#2179,#2180,#2181));
#360=EDGE_LOOP('',(#2182,#2183,#2184,#2185));
#361=EDGE_LOOP('',(#2186,#2187,#2188,#2189,#2190,#2191,#2192,#2193,#2194,
#2195,#2196,#2197,#2198,#2199,#2200,#2201));
#362=LINE('',#3332,#598);
#363=LINE('',#3335,#599);
#364=LINE('',#3338,#600);
#365=LINE('',#3340,#601);
#366=LINE('',#3341,#602);
#367=LINE('',#3344,#603);
#368=LINE('',#3348,#604);
#369=LINE('',#3352,#605);
#370=LINE('',#3356,#606);
#371=LINE('',#3360,#607);
#372=LINE('',#3364,#608);
#373=LINE('',#3368,#609);
#374=LINE('',#3372,#610);
#375=LINE('',#3375,#611);
#376=LINE('',#3378,#612);
#377=LINE('',#3379,#613);
#378=LINE('',#3385,#614);
#379=LINE('',#3388,#615);
#380=LINE('',#3391,#616);
#381=LINE('',#3393,#617);
#382=LINE('',#3394,#618);
#383=LINE('',#3397,#619);
#384=LINE('',#3401,#620);
#385=LINE('',#3405,#621);
#386=LINE('',#3409,#622);
#387=LINE('',#3413,#623);
#388=LINE('',#3414,#624);
#389=LINE('',#3417,#625);
#390=LINE('',#3420,#626);
#391=LINE('',#3422,#627);
#392=LINE('',#3425,#628);
#393=LINE('',#3432,#629);
#394=LINE('',#3435,#630);
#395=LINE('',#3438,#631);
#396=LINE('',#3440,#632);
#397=LINE('',#3441,#633);
#398=LINE('',#3444,#634);
#399=LINE('',#3448,#635);
#400=LINE('',#3452,#636);
#401=LINE('',#3456,#637);
#402=LINE('',#3459,#638);
#403=LINE('',#3462,#639);
#404=LINE('',#3463,#640);
#405=LINE('',#3467,#641);
#406=LINE('',#3470,#642);
#407=LINE('',#3474,#643);
#408=LINE('',#3480,#644);
#409=LINE('',#3481,#645);
#410=LINE('',#3483,#646);
#411=LINE('',#3487,#647);
#412=LINE('',#3490,#648);
#413=LINE('',#3493,#649);
#414=LINE('',#3496,#650);
#415=LINE('',#3497,#651);
#416=LINE('',#3501,#652);
#417=LINE('',#3507,#653);
#418=LINE('',#3511,#654);
#419=LINE('',#3513,#655);
#420=LINE('',#3515,#656);
#421=LINE('',#3519,#657);
#422=LINE('',#3523,#658);
#423=LINE('',#3527,#659);
#424=LINE('',#3529,#660);
#425=LINE('',#3531,#661);
#426=LINE('',#3535,#662);
#427=LINE('',#3539,#663);
#428=LINE('',#3543,#664);
#429=LINE('',#3545,#665);
#430=LINE('',#3547,#666);
#431=LINE('',#3551,#667);
#432=LINE('',#3555,#668);
#433=LINE('',#3559,#669);
#434=LINE('',#3561,#670);
#435=LINE('',#3563,#671);
#436=LINE('',#3566,#672);
#437=LINE('',#3567,#673);
#438=LINE('',#3568,#674);
#439=LINE('',#3570,#675);
#440=LINE('',#3573,#676);
#441=LINE('',#3574,#677);
#442=LINE('',#3575,#678);
#443=LINE('',#3576,#679);
#444=LINE('',#3581,#680);
#445=LINE('',#3585,#681);
#446=LINE('',#3589,#682);
#447=LINE('',#3593,#683);
#448=LINE('',#3597,#684);
#449=LINE('',#3600,#685);
#450=LINE('',#3605,#686);
#451=LINE('',#3609,#687);
#452=LINE('',#3613,#688);
#453=LINE('',#3617,#689);
#454=LINE('',#3621,#690);
#455=LINE('',#3624,#691);
#456=LINE('',#3626,#692);
#457=LINE('',#3628,#693);
#458=LINE('',#3633,#694);
#459=LINE('',#3634,#695);
#460=LINE('',#3637,#696);
#461=LINE('',#3638,#697);
#462=LINE('',#3641,#698);
#463=LINE('',#3643,#699);
#464=LINE('',#3645,#700);
#465=LINE('',#3649,#701);
#466=LINE('',#3652,#702);
#467=LINE('',#3654,#703);
#468=LINE('',#3656,#704);
#469=LINE('',#3661,#705);
#470=LINE('',#3662,#706);
#471=LINE('',#3665,#707);
#472=LINE('',#3666,#708);
#473=LINE('',#3669,#709);
#474=LINE('',#3671,#710);
#475=LINE('',#3673,#711);
#476=LINE('',#3677,#712);
#477=LINE('',#3680,#713);
#478=LINE('',#3682,#714);
#479=LINE('',#3684,#715);
#480=LINE('',#3689,#716);
#481=LINE('',#3690,#717);
#482=LINE('',#3693,#718);
#483=LINE('',#3694,#719);
#484=LINE('',#3697,#720);
#485=LINE('',#3700,#721);
#486=LINE('',#3702,#722);
#487=LINE('',#3707,#723);
#488=LINE('',#3708,#724);
#489=LINE('',#3711,#725);
#490=LINE('',#3712,#726);
#491=LINE('',#3717,#727);
#492=LINE('',#3721,#728);
#493=LINE('',#3723,#729);
#494=LINE('',#3728,#730);
#495=LINE('',#3729,#731);
#496=LINE('',#3732,#732);
#497=LINE('',#3733,#733);
#498=LINE('',#3736,#734);
#499=LINE('',#3740,#735);
#500=LINE('',#3744,#736);
#501=LINE('',#3746,#737);
#502=LINE('',#3748,#738);
#503=LINE('',#3750,#739);
#504=LINE('',#3752,#740);
#505=LINE('',#3753,#741);
#506=LINE('',#3755,#742);
#507=LINE('',#3756,#743);
#508=LINE('',#3758,#744);
#509=LINE('',#3760,#745);
#510=LINE('',#3762,#746);
#511=LINE('',#3764,#747);
#512=LINE('',#3766,#748);
#513=LINE('',#3768,#749);
#514=LINE('',#3770,#750);
#515=LINE('',#3775,#751);
#516=LINE('',#3776,#752);
#517=LINE('',#3779,#753);
#518=LINE('',#3780,#754);
#519=LINE('',#3783,#755);
#520=LINE('',#3787,#756);
#521=LINE('',#3791,#757);
#522=LINE('',#3793,#758);
#523=LINE('',#3795,#759);
#524=LINE('',#3797,#760);
#525=LINE('',#3799,#761);
#526=LINE('',#3800,#762);
#527=LINE('',#3805,#763);
#528=LINE('',#3806,#764);
#529=LINE('',#3809,#765);
#530=LINE('',#3813,#766);
#531=LINE('',#3817,#767);
#532=LINE('',#3821,#768);
#533=LINE('',#3825,#769);
#534=LINE('',#3828,#770);
#535=LINE('',#3830,#771);
#536=LINE('',#3832,#772);
#537=LINE('',#3834,#773);
#538=LINE('',#3835,#774);
#539=LINE('',#3837,#775);
#540=LINE('',#3839,#776);
#541=LINE('',#3841,#777);
#542=LINE('',#3843,#778);
#543=LINE('',#3845,#779);
#544=LINE('',#3846,#780);
#545=LINE('',#3848,#781);
#546=LINE('',#3850,#782);
#547=LINE('',#3851,#783);
#548=LINE('',#3854,#784);
#549=LINE('',#3855,#785);
#550=LINE('',#3859,#786);
#551=LINE('',#3861,#787);
#552=LINE('',#3862,#788);
#553=LINE('',#3865,#789);
#554=LINE('',#3868,#790);
#555=LINE('',#3871,#791);
#556=LINE('',#3873,#792);
#557=LINE('',#3874,#793);
#558=LINE('',#3877,#794);
#559=LINE('',#3879,#795);
#560=LINE('',#3883,#796);
#561=LINE('',#3885,#797);
#562=LINE('',#3886,#798);
#563=LINE('',#3889,#799);
#564=LINE('',#3892,#800);
#565=LINE('',#3895,#801);
#566=LINE('',#3897,#802);
#567=LINE('',#3898,#803);
#568=LINE('',#3903,#804);
#569=LINE('',#3904,#805);
#570=LINE('',#3916,#806);
#571=LINE('',#3918,#807);
#572=LINE('',#3921,#808);
#573=LINE('',#3923,#809);
#574=LINE('',#3927,#810);
#575=LINE('',#3930,#811);
#576=LINE('',#3933,#812);
#577=LINE('',#3935,#813);
#578=LINE('',#3936,#814);
#579=LINE('',#3939,#815);
#580=LINE('',#3940,#816);
#581=LINE('',#3943,#817);
#582=LINE('',#3947,#818);
#583=LINE('',#3948,#819);
#584=LINE('',#3982,#820);
#585=LINE('',#3998,#821);
#586=LINE('',#4014,#822);
#587=LINE('',#4016,#823);
#588=LINE('',#4017,#824);
#589=LINE('',#4019,#825);
#590=LINE('',#4033,#826);
#591=LINE('',#4035,#827);
#592=LINE('',#4040,#828);
#593=LINE('',#4042,#829);
#594=LINE('',#4047,#830);
#595=LINE('',#4049,#831);
#596=LINE('',#4054,#832);
#597=LINE('',#4056,#833);
#598=VECTOR('',#2632,10.);
#599=VECTOR('',#2635,10.);
#600=VECTOR('',#2638,10.);
#601=VECTOR('',#2639,10.);
#602=VECTOR('',#2640,10.);
#603=VECTOR('',#2643,10.);
#604=VECTOR('',#2646,10.);
#605=VECTOR('',#2649,10.);
#606=VECTOR('',#2652,10.);
#607=VECTOR('',#2655,10.);
#608=VECTOR('',#2658,10.);
#609=VECTOR('',#2661,10.);
#610=VECTOR('',#2666,10.);
#611=VECTOR('',#2669,10.);
#612=VECTOR('',#2672,10.);
#613=VECTOR('',#2673,10.);
#614=VECTOR('',#2678,10.);
#615=VECTOR('',#2681,10.);
#616=VECTOR('',#2684,10.);
#617=VECTOR('',#2685,10.);
#618=VECTOR('',#2686,10.);
#619=VECTOR('',#2689,10.);
#620=VECTOR('',#2692,10.);
#621=VECTOR('',#2695,10.);
#622=VECTOR('',#2700,10.);
#623=VECTOR('',#2705,10.);
#624=VECTOR('',#2706,10.);
#625=VECTOR('',#2709,10.);
#626=VECTOR('',#2712,10.);
#627=VECTOR('',#2715,10.);
#628=VECTOR('',#2718,10.);
#629=VECTOR('',#2725,10.);
#630=VECTOR('',#2728,10.);
#631=VECTOR('',#2731,10.);
#632=VECTOR('',#2732,10.);
#633=VECTOR('',#2733,10.);
#634=VECTOR('',#2736,10.);
#635=VECTOR('',#2739,10.);
#636=VECTOR('',#2742,10.);
#637=VECTOR('',#2747,10.);
#638=VECTOR('',#2750,10.);
#639=VECTOR('',#2753,10.);
#640=VECTOR('',#2754,10.);
#641=VECTOR('',#2759,10.);
#642=VECTOR('',#2762,10.);
#643=VECTOR('',#2767,10.);
#644=VECTOR('',#2774,10.);
#645=VECTOR('',#2775,10.);
#646=VECTOR('',#2778,10.);
#647=VECTOR('',#2783,10.);
#648=VECTOR('',#2786,10.);
#649=VECTOR('',#2789,10.);
#650=VECTOR('',#2792,10.);
#651=VECTOR('',#2793,10.);
#652=VECTOR('',#2798,10.);
#653=VECTOR('',#2803,10.);
#654=VECTOR('',#2806,10.);
#655=VECTOR('',#2807,10.);
#656=VECTOR('',#2808,10.);
#657=VECTOR('',#2811,10.);
#658=VECTOR('',#2814,10.);
#659=VECTOR('',#2817,10.);
#660=VECTOR('',#2818,10.);
#661=VECTOR('',#2819,10.);
#662=VECTOR('',#2822,10.);
#663=VECTOR('',#2825,10.);
#664=VECTOR('',#2828,10.);
#665=VECTOR('',#2829,10.);
#666=VECTOR('',#2830,10.);
#667=VECTOR('',#2833,10.);
#668=VECTOR('',#2836,10.);
#669=VECTOR('',#2839,10.);
#670=VECTOR('',#2840,10.);
#671=VECTOR('',#2841,10.);
#672=VECTOR('',#2844,10.);
#673=VECTOR('',#2845,10.);
#674=VECTOR('',#2846,10.);
#675=VECTOR('',#2847,10.);
#676=VECTOR('',#2850,10.);
#677=VECTOR('',#2851,10.);
#678=VECTOR('',#2852,10.);
#679=VECTOR('',#2853,10.);
#680=VECTOR('',#2856,10.);
#681=VECTOR('',#2859,10.);
#682=VECTOR('',#2862,10.);
#683=VECTOR('',#2865,10.);
#684=VECTOR('',#2868,10.);
#685=VECTOR('',#2871,10.);
#686=VECTOR('',#2874,10.);
#687=VECTOR('',#2877,10.);
#688=VECTOR('',#2880,10.);
#689=VECTOR('',#2883,10.);
#690=VECTOR('',#2886,10.);
#691=VECTOR('',#2889,10.);
#692=VECTOR('',#2892,10.);
#693=VECTOR('',#2895,10.);
#694=VECTOR('',#2900,10.);
#695=VECTOR('',#2901,10.);
#696=VECTOR('',#2904,10.);
#697=VECTOR('',#2905,10.);
#698=VECTOR('',#2908,10.);
#699=VECTOR('',#2909,10.);
#700=VECTOR('',#2910,10.);
#701=VECTOR('',#2913,10.);
#702=VECTOR('',#2918,10.);
#703=VECTOR('',#2921,10.);
#704=VECTOR('',#2924,10.);
#705=VECTOR('',#2929,10.);
#706=VECTOR('',#2930,10.);
#707=VECTOR('',#2933,10.);
#708=VECTOR('',#2934,10.);
#709=VECTOR('',#2937,10.);
#710=VECTOR('',#2938,10.);
#711=VECTOR('',#2939,10.);
#712=VECTOR('',#2942,10.);
#713=VECTOR('',#2947,10.);
#714=VECTOR('',#2950,10.);
#715=VECTOR('',#2953,10.);
#716=VECTOR('',#2958,10.);
#717=VECTOR('',#2959,10.);
#718=VECTOR('',#2962,10.);
#719=VECTOR('',#2963,10.);
#720=VECTOR('',#2966,10.);
#721=VECTOR('',#2969,10.);
#722=VECTOR('',#2972,10.);
#723=VECTOR('',#2977,10.);
#724=VECTOR('',#2978,10.);
#725=VECTOR('',#2981,10.);
#726=VECTOR('',#2982,10.);
#727=VECTOR('',#2987,10.);
#728=VECTOR('',#2990,10.);
#729=VECTOR('',#2993,10.);
#730=VECTOR('',#2998,10.);
#731=VECTOR('',#2999,10.);
#732=VECTOR('',#3002,10.);
#733=VECTOR('',#3003,10.);
#734=VECTOR('',#3006,10.);
#735=VECTOR('',#3009,10.);
#736=VECTOR('',#3012,10.);
#737=VECTOR('',#3013,10.);
#738=VECTOR('',#3014,10.);
#739=VECTOR('',#3015,10.);
#740=VECTOR('',#3016,10.);
#741=VECTOR('',#3017,10.);
#742=VECTOR('',#3020,10.);
#743=VECTOR('',#3021,10.);
#744=VECTOR('',#3024,10.);
#745=VECTOR('',#3027,10.);
#746=VECTOR('',#3030,10.);
#747=VECTOR('',#3033,10.);
#748=VECTOR('',#3036,10.);
#749=VECTOR('',#3039,10.);
#750=VECTOR('',#3042,10.);
#751=VECTOR('',#3047,10.);
#752=VECTOR('',#3048,10.);
#753=VECTOR('',#3051,10.);
#754=VECTOR('',#3052,10.);
#755=VECTOR('',#3055,10.);
#756=VECTOR('',#3058,10.);
#757=VECTOR('',#3061,10.);
#758=VECTOR('',#3062,10.);
#759=VECTOR('',#3063,10.);
#760=VECTOR('',#3064,10.);
#761=VECTOR('',#3065,10.);
#762=VECTOR('',#3066,10.);
#763=VECTOR('',#3071,10.);
#764=VECTOR('',#3072,10.);
#765=VECTOR('',#3075,10.);
#766=VECTOR('',#3078,10.);
#767=VECTOR('',#3081,10.);
#768=VECTOR('',#3084,10.);
#769=VECTOR('',#3087,10.);
#770=VECTOR('',#3090,10.);
#771=VECTOR('',#3093,10.);
#772=VECTOR('',#3096,10.);
#773=VECTOR('',#3099,10.);
#774=VECTOR('',#3100,10.);
#775=VECTOR('',#3103,10.);
#776=VECTOR('',#3106,10.);
#777=VECTOR('',#3109,10.);
#778=VECTOR('',#3112,10.);
#779=VECTOR('',#3115,10.);
#780=VECTOR('',#3116,10.);
#781=VECTOR('',#3119,10.);
#782=VECTOR('',#3122,10.);
#783=VECTOR('',#3123,10.);
#784=VECTOR('',#3128,10.);
#785=VECTOR('',#3129,10.);
#786=VECTOR('',#3134,10.);
#787=VECTOR('',#3135,10.);
#788=VECTOR('',#3136,10.);
#789=VECTOR('',#3139,10.);
#790=VECTOR('',#3142,10.);
#791=VECTOR('',#3145,10.);
#792=VECTOR('',#3146,10.);
#793=VECTOR('',#3147,10.);
#794=VECTOR('',#3150,10.);
#795=VECTOR('',#3151,10.);
#796=VECTOR('',#3156,10.);
#797=VECTOR('',#3157,10.);
#798=VECTOR('',#3158,10.);
#799=VECTOR('',#3161,10.);
#800=VECTOR('',#3164,10.);
#801=VECTOR('',#3167,10.);
#802=VECTOR('',#3168,10.);
#803=VECTOR('',#3169,10.);
#804=VECTOR('',#3174,10.);
#805=VECTOR('',#3175,10.);
#806=VECTOR('',#3198,10.);
#807=VECTOR('',#3201,10.);
#808=VECTOR('',#3206,10.);
#809=VECTOR('',#3209,10.);
#810=VECTOR('',#3214,10.);
#811=VECTOR('',#3217,10.);
#812=VECTOR('',#3220,10.);
#813=VECTOR('',#3221,10.);
#814=VECTOR('',#3222,10.);
#815=VECTOR('',#3225,10.);
#816=VECTOR('',#3226,10.);
#817=VECTOR('',#3229,10.);
#818=VECTOR('',#3234,10.);
#819=VECTOR('',#3235,10.);
#820=VECTOR('',#3256,10.);
#821=VECTOR('',#3265,10.);
#822=VECTOR('',#3274,10.);
#823=VECTOR('',#3277,10.);
#824=VECTOR('',#3278,10.);
#825=VECTOR('',#3281,10.);
#826=VECTOR('',#3296,0.40575);
#827=VECTOR('',#3299,0.8115);
#828=VECTOR('',#3304,0.40575);
#829=VECTOR('',#3307,0.8115);
#830=VECTOR('',#3312,0.40575);
#831=VECTOR('',#3315,0.8115);
#832=VECTOR('',#3320,0.40575);
#833=VECTOR('',#3323,0.8115);
#834=CIRCLE('',#2396,0.5);
#835=CIRCLE('',#2397,0.5);
#836=CIRCLE('',#2400,0.5);
#837=CIRCLE('',#2401,0.5);
#838=CIRCLE('',#2402,0.5);
#839=CIRCLE('',#2403,0.5);
#840=CIRCLE('',#2404,0.5);
#841=CIRCLE('',#2405,0.5);
#842=CIRCLE('',#2406,0.5);
#843=CIRCLE('',#2408,0.5);
#844=CIRCLE('',#2411,0.5);
#845=CIRCLE('',#2412,0.5);
#846=CIRCLE('',#2415,0.5);
#847=CIRCLE('',#2416,0.5);
#848=CIRCLE('',#2417,0.5);
#849=CIRCLE('',#2419,0.5);
#850=CIRCLE('',#2422,0.5);
#851=CIRCLE('',#2425,0.5);
#852=CIRCLE('',#2427,0.5);
#853=CIRCLE('',#2428,0.5);
#854=CIRCLE('',#2431,0.5);
#855=CIRCLE('',#2432,0.5);
#856=CIRCLE('',#2433,0.5);
#857=CIRCLE('',#2435,0.5);
#858=CIRCLE('',#2438,0.5);
#859=CIRCLE('',#2440,0.5);
#860=CIRCLE('',#2442,0.5);
#861=CIRCLE('',#2444,0.5);
#862=CIRCLE('',#2447,0.5);
#863=CIRCLE('',#2449,0.5);
#864=CIRCLE('',#2452,0.5);
#865=CIRCLE('',#2454,1.);
#866=CIRCLE('',#2455,1.);
#867=CIRCLE('',#2456,1.);
#868=CIRCLE('',#2457,1.);
#869=CIRCLE('',#2458,1.);
#870=CIRCLE('',#2459,1.);
#871=CIRCLE('',#2460,1.);
#872=CIRCLE('',#2461,1.);
#873=CIRCLE('',#2462,1.);
#874=CIRCLE('',#2463,1.);
#875=CIRCLE('',#2464,1.);
#876=CIRCLE('',#2465,1.);
#877=CIRCLE('',#2466,0.5);
#878=CIRCLE('',#2467,1.);
#879=CIRCLE('',#2468,1.);
#880=CIRCLE('',#2469,1.);
#881=CIRCLE('',#2470,1.);
#882=CIRCLE('',#2471,1.);
#883=CIRCLE('',#2472,1.);
#884=CIRCLE('',#2473,1.);
#885=CIRCLE('',#2474,1.);
#886=CIRCLE('',#2475,1.);
#887=CIRCLE('',#2476,1.);
#888=CIRCLE('',#2477,1.);
#889=CIRCLE('',#2478,1.);
#890=CIRCLE('',#2482,1.);
#891=CIRCLE('',#2485,1.);
#892=CIRCLE('',#2486,1.);
#893=CIRCLE('',#2491,1.);
#894=CIRCLE('',#2494,1.);
#895=CIRCLE('',#2495,1.);
#896=CIRCLE('',#2500,1.);
#897=CIRCLE('',#2503,1.);
#898=CIRCLE('',#2506,1.);
#899=CIRCLE('',#2509,1.);
#900=CIRCLE('',#2510,1.);
#901=CIRCLE('',#2511,1.);
#902=CIRCLE('',#2513,1.);
#903=CIRCLE('',#2516,1.);
#904=CIRCLE('',#2517,1.);
#905=CIRCLE('',#2527,1.);
#906=CIRCLE('',#2530,1.);
#907=CIRCLE('',#2531,1.);
#908=CIRCLE('',#2533,1.);
#909=CIRCLE('',#2535,1.);
#910=CIRCLE('',#2536,1.);
#911=CIRCLE('',#2537,1.);
#912=CIRCLE('',#2538,1.);
#913=CIRCLE('',#2539,1.);
#914=CIRCLE('',#2555,2.);
#915=CIRCLE('',#2558,2.);
#916=CIRCLE('',#2561,2.);
#917=CIRCLE('',#2564,2.);
#918=CIRCLE('',#2582,2.);
#919=CIRCLE('',#2586,2.);
#920=CIRCLE('',#2588,1.);
#921=CIRCLE('',#2589,2.);
#922=CIRCLE('',#2590,1.);
#923=CIRCLE('',#2591,0.999999999999996);
#924=CIRCLE('',#2593,1.00000000000001);
#925=CIRCLE('',#2594,2.);
#926=CIRCLE('',#2595,1.);
#927=CIRCLE('',#2596,0.999999999999999);
#928=CIRCLE('',#2598,1.00000000000001);
#929=CIRCLE('',#2599,1.);
#930=CIRCLE('',#2600,0.999999999999999);
#931=CIRCLE('',#2602,0.999999999999999);
#932=CIRCLE('',#2603,1.);
#933=CIRCLE('',#2604,0.999999999999996);
#934=CIRCLE('',#2609,0.8115);
#935=CIRCLE('',#2610,0.8115);
#936=CIRCLE('',#2611,0.8115);
#937=CIRCLE('',#2612,0.8115);
#938=CIRCLE('',#2614,0.8115);
#939=CIRCLE('',#2617,0.8115);
#940=CIRCLE('',#2620,0.8115);
#941=CIRCLE('',#2623,0.8115);
#942=VERTEX_POINT('',#3328);
#943=VERTEX_POINT('',#3329);
#944=VERTEX_POINT('',#3331);
#945=VERTEX_POINT('',#3333);
#946=VERTEX_POINT('',#3337);
#947=VERTEX_POINT('',#3339);
#948=VERTEX_POINT('',#3343);
#949=VERTEX_POINT('',#3345);
#950=VERTEX_POINT('',#3347);
#951=VERTEX_POINT('',#3349);
#952=VERTEX_POINT('',#3351);
#953=VERTEX_POINT('',#3353);
#954=VERTEX_POINT('',#3355);
#955=VERTEX_POINT('',#3357);
#956=VERTEX_POINT('',#3359);
#957=VERTEX_POINT('',#3361);
#958=VERTEX_POINT('',#3363);
#959=VERTEX_POINT('',#3365);
#960=VERTEX_POINT('',#3367);
#961=VERTEX_POINT('',#3371);
#962=VERTEX_POINT('',#3373);
#963=VERTEX_POINT('',#3377);
#964=VERTEX_POINT('',#3381);
#965=VERTEX_POINT('',#3382);
#966=VERTEX_POINT('',#3384);
#967=VERTEX_POINT('',#3386);
#968=VERTEX_POINT('',#3390);
#969=VERTEX_POINT('',#3392);
#970=VERTEX_POINT('',#3396);
#971=VERTEX_POINT('',#3398);
#972=VERTEX_POINT('',#3400);
#973=VERTEX_POINT('',#3402);
#974=VERTEX_POINT('',#3404);
#975=VERTEX_POINT('',#3408);
#976=VERTEX_POINT('',#3412);
#977=VERTEX_POINT('',#3416);
#978=VERTEX_POINT('',#3418);
#979=VERTEX_POINT('',#3424);
#980=VERTEX_POINT('',#3428);
#981=VERTEX_POINT('',#3429);
#982=VERTEX_POINT('',#3431);
#983=VERTEX_POINT('',#3433);
#984=VERTEX_POINT('',#3437);
#985=VERTEX_POINT('',#3439);
#986=VERTEX_POINT('',#3443);
#987=VERTEX_POINT('',#3445);
#988=VERTEX_POINT('',#3447);
#989=VERTEX_POINT('',#3449);
#990=VERTEX_POINT('',#3451);
#991=VERTEX_POINT('',#3455);
#992=VERTEX_POINT('',#3457);
#993=VERTEX_POINT('',#3461);
#994=VERTEX_POINT('',#3465);
#995=VERTEX_POINT('',#3469);
#996=VERTEX_POINT('',#3473);
#997=VERTEX_POINT('',#3477);
#998=VERTEX_POINT('',#3478);
#999=VERTEX_POINT('',#3485);
#1000=VERTEX_POINT('',#3489);
#1001=VERTEX_POINT('',#3491);
#1002=VERTEX_POINT('',#3495);
#1003=VERTEX_POINT('',#3499);
#1004=VERTEX_POINT('',#3503);
#1005=VERTEX_POINT('',#3504);
#1006=VERTEX_POINT('',#3506);
#1007=VERTEX_POINT('',#3508);
#1008=VERTEX_POINT('',#3510);
#1009=VERTEX_POINT('',#3512);
#1010=VERTEX_POINT('',#3514);
#1011=VERTEX_POINT('',#3516);
#1012=VERTEX_POINT('',#3518);
#1013=VERTEX_POINT('',#3520);
#1014=VERTEX_POINT('',#3522);
#1015=VERTEX_POINT('',#3524);
#1016=VERTEX_POINT('',#3526);
#1017=VERTEX_POINT('',#3528);
#1018=VERTEX_POINT('',#3530);
#1019=VERTEX_POINT('',#3532);
#1020=VERTEX_POINT('',#3534);
#1021=VERTEX_POINT('',#3536);
#1022=VERTEX_POINT('',#3538);
#1023=VERTEX_POINT('',#3540);
#1024=VERTEX_POINT('',#3542);
#1025=VERTEX_POINT('',#3544);
#1026=VERTEX_POINT('',#3546);
#1027=VERTEX_POINT('',#3548);
#1028=VERTEX_POINT('',#3550);
#1029=VERTEX_POINT('',#3552);
#1030=VERTEX_POINT('',#3554);
#1031=VERTEX_POINT('',#3556);
#1032=VERTEX_POINT('',#3558);
#1033=VERTEX_POINT('',#3560);
#1034=VERTEX_POINT('',#3562);
#1035=VERTEX_POINT('',#3564);
#1036=VERTEX_POINT('',#3569);
#1037=VERTEX_POINT('',#3571);
#1038=VERTEX_POINT('',#3577);
#1039=VERTEX_POINT('',#3578);
#1040=VERTEX_POINT('',#3580);
#1041=VERTEX_POINT('',#3582);
#1042=VERTEX_POINT('',#3584);
#1043=VERTEX_POINT('',#3586);
#1044=VERTEX_POINT('',#3588);
#1045=VERTEX_POINT('',#3590);
#1046=VERTEX_POINT('',#3592);
#1047=VERTEX_POINT('',#3594);
#1048=VERTEX_POINT('',#3596);
#1049=VERTEX_POINT('',#3598);
#1050=VERTEX_POINT('',#3601);
#1051=VERTEX_POINT('',#3602);
#1052=VERTEX_POINT('',#3604);
#1053=VERTEX_POINT('',#3606);
#1054=VERTEX_POINT('',#3608);
#1055=VERTEX_POINT('',#3610);
#1056=VERTEX_POINT('',#3612);
#1057=VERTEX_POINT('',#3614);
#1058=VERTEX_POINT('',#3616);
#1059=VERTEX_POINT('',#3618);
#1060=VERTEX_POINT('',#3620);
#1061=VERTEX_POINT('',#3622);
#1062=VERTEX_POINT('',#3630);
#1063=VERTEX_POINT('',#3631);
#1064=VERTEX_POINT('',#3636);
#1065=VERTEX_POINT('',#3640);
#1066=VERTEX_POINT('',#3642);
#1067=VERTEX_POINT('',#3644);
#1068=VERTEX_POINT('',#3646);
#1069=VERTEX_POINT('',#3648);
#1070=VERTEX_POINT('',#3658);
#1071=VERTEX_POINT('',#3659);
#1072=VERTEX_POINT('',#3664);
#1073=VERTEX_POINT('',#3668);
#1074=VERTEX_POINT('',#3670);
#1075=VERTEX_POINT('',#3672);
#1076=VERTEX_POINT('',#3674);
#1077=VERTEX_POINT('',#3676);
#1078=VERTEX_POINT('',#3686);
#1079=VERTEX_POINT('',#3687);
#1080=VERTEX_POINT('',#3692);
#1081=VERTEX_POINT('',#3696);
#1082=VERTEX_POINT('',#3698);
#1083=VERTEX_POINT('',#3704);
#1084=VERTEX_POINT('',#3705);
#1085=VERTEX_POINT('',#3710);
#1086=VERTEX_POINT('',#3714);
#1087=VERTEX_POINT('',#3716);
#1088=VERTEX_POINT('',#3718);
#1089=VERTEX_POINT('',#3720);
#1090=VERTEX_POINT('',#3725);
#1091=VERTEX_POINT('',#3726);
#1092=VERTEX_POINT('',#3731);
#1093=VERTEX_POINT('',#3735);
#1094=VERTEX_POINT('',#3737);
#1095=VERTEX_POINT('',#3739);
#1096=VERTEX_POINT('',#3741);
#1097=VERTEX_POINT('',#3743);
#1098=VERTEX_POINT('',#3745);
#1099=VERTEX_POINT('',#3747);
#1100=VERTEX_POINT('',#3749);
#1101=VERTEX_POINT('',#3751);
#1102=VERTEX_POINT('',#3772);
#1103=VERTEX_POINT('',#3773);
#1104=VERTEX_POINT('',#3778);
#1105=VERTEX_POINT('',#3782);
#1106=VERTEX_POINT('',#3784);
#1107=VERTEX_POINT('',#3786);
#1108=VERTEX_POINT('',#3788);
#1109=VERTEX_POINT('',#3790);
#1110=VERTEX_POINT('',#3792);
#1111=VERTEX_POINT('',#3794);
#1112=VERTEX_POINT('',#3796);
#1113=VERTEX_POINT('',#3798);
#1114=VERTEX_POINT('',#3802);
#1115=VERTEX_POINT('',#3803);
#1116=VERTEX_POINT('',#3808);
#1117=VERTEX_POINT('',#3810);
#1118=VERTEX_POINT('',#3812);
#1119=VERTEX_POINT('',#3814);
#1120=VERTEX_POINT('',#3816);
#1121=VERTEX_POINT('',#3818);
#1122=VERTEX_POINT('',#3820);
#1123=VERTEX_POINT('',#3822);
#1124=VERTEX_POINT('',#3824);
#1125=VERTEX_POINT('',#3826);
#1126=VERTEX_POINT('',#3858);
#1127=VERTEX_POINT('',#3860);
#1128=VERTEX_POINT('',#3864);
#1129=VERTEX_POINT('',#3866);
#1130=VERTEX_POINT('',#3870);
#1131=VERTEX_POINT('',#3872);
#1132=VERTEX_POINT('',#3876);
#1133=VERTEX_POINT('',#3878);
#1134=VERTEX_POINT('',#3882);
#1135=VERTEX_POINT('',#3884);
#1136=VERTEX_POINT('',#3888);
#1137=VERTEX_POINT('',#3890);
#1138=VERTEX_POINT('',#3894);
#1139=VERTEX_POINT('',#3896);
#1140=VERTEX_POINT('',#3900);
#1141=VERTEX_POINT('',#3901);
#1142=VERTEX_POINT('',#3926);
#1143=VERTEX_POINT('',#3928);
#1144=VERTEX_POINT('',#3932);
#1145=VERTEX_POINT('',#3934);
#1146=VERTEX_POINT('',#3938);
#1147=VERTEX_POINT('',#3942);
#1148=VERTEX_POINT('',#3946);
#1149=VERTEX_POINT('',#3958);
#1150=VERTEX_POINT('',#3961);
#1151=VERTEX_POINT('',#3974);
#1152=VERTEX_POINT('',#3976);
#1153=VERTEX_POINT('',#3978);
#1154=VERTEX_POINT('',#3992);
#1155=VERTEX_POINT('',#3994);
#1156=VERTEX_POINT('',#4008);
#1157=VERTEX_POINT('',#4010);
#1158=VERTEX_POINT('',#4021);
#1159=VERTEX_POINT('',#4023);
#1160=VERTEX_POINT('',#4025);
#1161=VERTEX_POINT('',#4027);
#1162=VERTEX_POINT('',#4030);
#1163=VERTEX_POINT('',#4032);
#1164=VERTEX_POINT('',#4037);
#1165=VERTEX_POINT('',#4039);
#1166=VERTEX_POINT('',#4044);
#1167=VERTEX_POINT('',#4046);
#1168=VERTEX_POINT('',#4051);
#1169=VERTEX_POINT('',#4053);
#1170=EDGE_CURVE('',#942,#943,#834,.T.);
#1171=EDGE_CURVE('',#943,#944,#362,.T.);
#1172=EDGE_CURVE('',#944,#945,#835,.F.);
#1173=EDGE_CURVE('',#945,#942,#363,.T.);
#1174=EDGE_CURVE('',#946,#943,#364,.T.);
#1175=EDGE_CURVE('',#947,#946,#365,.T.);
#1176=EDGE_CURVE('',#947,#944,#366,.T.);
#1177=EDGE_CURVE('',#942,#948,#367,.T.);
#1178=EDGE_CURVE('',#949,#948,#836,.T.);
#1179=EDGE_CURVE('',#949,#950,#368,.T.);
#1180=EDGE_CURVE('',#951,#950,#837,.T.);
#1181=EDGE_CURVE('',#951,#952,#369,.T.);
#1182=EDGE_CURVE('',#953,#952,#838,.T.);
#1183=EDGE_CURVE('',#953,#954,#370,.T.);
#1184=EDGE_CURVE('',#955,#954,#839,.T.);
#1185=EDGE_CURVE('',#955,#956,#371,.T.);
#1186=EDGE_CURVE('',#957,#956,#840,.T.);
#1187=EDGE_CURVE('',#957,#958,#372,.T.);
#1188=EDGE_CURVE('',#959,#958,#841,.T.);
#1189=EDGE_CURVE('',#959,#960,#373,.T.);
#1190=EDGE_CURVE('',#946,#960,#842,.T.);
#1191=EDGE_CURVE('',#954,#961,#374,.T.);
#1192=EDGE_CURVE('',#961,#962,#843,.F.);
#1193=EDGE_CURVE('',#962,#955,#375,.T.);
#1194=EDGE_CURVE('',#962,#963,#376,.T.);
#1195=EDGE_CURVE('',#956,#963,#377,.T.);
#1196=EDGE_CURVE('',#964,#965,#844,.T.);
#1197=EDGE_CURVE('',#965,#966,#378,.T.);
#1198=EDGE_CURVE('',#966,#967,#845,.F.);
#1199=EDGE_CURVE('',#967,#964,#379,.T.);
#1200=EDGE_CURVE('',#968,#965,#380,.T.);
#1201=EDGE_CURVE('',#969,#968,#381,.T.);
#1202=EDGE_CURVE('',#969,#966,#382,.T.);
#1203=EDGE_CURVE('',#964,#970,#383,.T.);
#1204=EDGE_CURVE('',#971,#970,#846,.T.);
#1205=EDGE_CURVE('',#971,#972,#384,.T.);
#1206=EDGE_CURVE('',#973,#972,#847,.T.);
#1207=EDGE_CURVE('',#973,#974,#385,.T.);
#1208=EDGE_CURVE('',#968,#974,#848,.T.);
#1209=EDGE_CURVE('',#974,#975,#386,.T.);
#1210=EDGE_CURVE('',#975,#969,#849,.F.);
#1211=EDGE_CURVE('',#976,#973,#387,.T.);
#1212=EDGE_CURVE('',#976,#975,#388,.T.);
#1213=EDGE_CURVE('',#970,#977,#389,.T.);
#1214=EDGE_CURVE('',#977,#978,#850,.F.);
#1215=EDGE_CURVE('',#978,#971,#390,.T.);
#1216=EDGE_CURVE('',#967,#977,#391,.T.);
#1217=EDGE_CURVE('',#972,#979,#392,.T.);
#1218=EDGE_CURVE('',#979,#976,#851,.F.);
#1219=EDGE_CURVE('',#980,#981,#852,.T.);
#1220=EDGE_CURVE('',#981,#982,#393,.T.);
#1221=EDGE_CURVE('',#982,#983,#853,.F.);
#1222=EDGE_CURVE('',#983,#980,#394,.T.);
#1223=EDGE_CURVE('',#984,#981,#395,.T.);
#1224=EDGE_CURVE('',#985,#984,#396,.T.);
#1225=EDGE_CURVE('',#985,#982,#397,.T.);
#1226=EDGE_CURVE('',#980,#986,#398,.T.);
#1227=EDGE_CURVE('',#987,#986,#854,.T.);
#1228=EDGE_CURVE('',#987,#988,#399,.T.);
#1229=EDGE_CURVE('',#989,#988,#855,.T.);
#1230=EDGE_CURVE('',#989,#990,#400,.T.);
#1231=EDGE_CURVE('',#984,#990,#856,.T.);
#1232=EDGE_CURVE('',#986,#991,#401,.T.);
#1233=EDGE_CURVE('',#991,#992,#857,.F.);
#1234=EDGE_CURVE('',#992,#987,#402,.T.);
#1235=EDGE_CURVE('',#992,#993,#403,.T.);
#1236=EDGE_CURVE('',#988,#993,#404,.T.);
#1237=EDGE_CURVE('',#993,#994,#858,.F.);
#1238=EDGE_CURVE('',#994,#989,#405,.T.);
#1239=EDGE_CURVE('',#990,#995,#406,.T.);
#1240=EDGE_CURVE('',#995,#985,#859,.F.);
#1241=EDGE_CURVE('',#960,#996,#407,.T.);
#1242=EDGE_CURVE('',#996,#947,#860,.F.);
#1243=EDGE_CURVE('',#997,#998,#861,.T.);
#1244=EDGE_CURVE('',#997,#959,#408,.T.);
#1245=EDGE_CURVE('',#958,#998,#409,.T.);
#1246=EDGE_CURVE('',#997,#996,#410,.T.);
#1247=EDGE_CURVE('',#963,#999,#862,.F.);
#1248=EDGE_CURVE('',#999,#957,#411,.T.);
#1249=EDGE_CURVE('',#952,#1000,#412,.T.);
#1250=EDGE_CURVE('',#1000,#1001,#863,.F.);
#1251=EDGE_CURVE('',#1001,#953,#413,.T.);
#1252=EDGE_CURVE('',#1002,#951,#414,.T.);
#1253=EDGE_CURVE('',#1002,#1000,#415,.T.);
#1254=EDGE_CURVE('',#1002,#1003,#864,.T.);
#1255=EDGE_CURVE('',#950,#1003,#416,.T.);
#1256=EDGE_CURVE('',#1004,#1005,#865,.T.);
#1257=EDGE_CURVE('',#1006,#1005,#417,.T.);
#1258=EDGE_CURVE('',#1007,#1006,#866,.F.);
#1259=EDGE_CURVE('',#1008,#1007,#418,.T.);
#1260=EDGE_CURVE('',#1009,#1008,#419,.T.);
#1261=EDGE_CURVE('',#1010,#1009,#420,.T.);
#1262=EDGE_CURVE('',#1011,#1010,#867,.F.);
#1263=EDGE_CURVE('',#1012,#1011,#421,.T.);
#1264=EDGE_CURVE('',#1012,#1013,#868,.T.);
#1265=EDGE_CURVE('',#1014,#1013,#422,.T.);
#1266=EDGE_CURVE('',#1015,#1014,#869,.F.);
#1267=EDGE_CURVE('',#1016,#1015,#423,.T.);
#1268=EDGE_CURVE('',#1017,#1016,#424,.T.);
#1269=EDGE_CURVE('',#1018,#1017,#425,.T.);
#1270=EDGE_CURVE('',#1019,#1018,#870,.F.);
#1271=EDGE_CURVE('',#1020,#1019,#426,.T.);
#1272=EDGE_CURVE('',#1020,#1021,#871,.T.);
#1273=EDGE_CURVE('',#1022,#1021,#427,.T.);
#1274=EDGE_CURVE('',#1023,#1022,#872,.F.);
#1275=EDGE_CURVE('',#1024,#1023,#428,.T.);
#1276=EDGE_CURVE('',#1025,#1024,#429,.T.);
#1277=EDGE_CURVE('',#1026,#1025,#430,.T.);
#1278=EDGE_CURVE('',#1027,#1026,#873,.F.);
#1279=EDGE_CURVE('',#1028,#1027,#431,.T.);
#1280=EDGE_CURVE('',#1028,#1029,#874,.T.);
#1281=EDGE_CURVE('',#1030,#1029,#432,.T.);
#1282=EDGE_CURVE('',#1031,#1030,#875,.F.);
#1283=EDGE_CURVE('',#1032,#1031,#433,.T.);
#1284=EDGE_CURVE('',#1033,#1032,#434,.T.);
#1285=EDGE_CURVE('',#1034,#1033,#435,.T.);
#1286=EDGE_CURVE('',#1035,#1034,#876,.F.);
#1287=EDGE_CURVE('',#1004,#1035,#436,.T.);
#1288=EDGE_CURVE('',#999,#998,#437,.T.);
#1289=EDGE_CURVE('',#1001,#961,#438,.T.);
#1290=EDGE_CURVE('',#1036,#1003,#439,.T.);
#1291=EDGE_CURVE('',#1037,#1036,#877,.F.);
#1292=EDGE_CURVE('',#945,#1037,#440,.T.);
#1293=EDGE_CURVE('',#994,#995,#441,.T.);
#1294=EDGE_CURVE('',#983,#991,#442,.T.);
#1295=EDGE_CURVE('',#978,#979,#443,.T.);
#1296=EDGE_CURVE('',#1038,#1039,#878,.T.);
#1297=EDGE_CURVE('',#1040,#1039,#444,.T.);
#1298=EDGE_CURVE('',#1041,#1040,#879,.F.);
#1299=EDGE_CURVE('',#1042,#1041,#445,.T.);
#1300=EDGE_CURVE('',#1043,#1042,#880,.F.);
#1301=EDGE_CURVE('',#1044,#1043,#446,.T.);
#1302=EDGE_CURVE('',#1045,#1044,#881,.F.);
#1303=EDGE_CURVE('',#1046,#1045,#447,.T.);
#1304=EDGE_CURVE('',#1047,#1046,#882,.F.);
#1305=EDGE_CURVE('',#1048,#1047,#448,.T.);
#1306=EDGE_CURVE('',#1049,#1048,#883,.F.);
#1307=EDGE_CURVE('',#1038,#1049,#449,.T.);
#1308=EDGE_CURVE('',#1050,#1051,#884,.T.);
#1309=EDGE_CURVE('',#1052,#1051,#450,.T.);
#1310=EDGE_CURVE('',#1053,#1052,#885,.F.);
#1311=EDGE_CURVE('',#1054,#1053,#451,.T.);
#1312=EDGE_CURVE('',#1055,#1054,#886,.F.);
#1313=EDGE_CURVE('',#1056,#1055,#452,.T.);
#1314=EDGE_CURVE('',#1057,#1056,#887,.F.);
#1315=EDGE_CURVE('',#1058,#1057,#453,.T.);
#1316=EDGE_CURVE('',#1059,#1058,#888,.F.);
#1317=EDGE_CURVE('',#1060,#1059,#454,.T.);
#1318=EDGE_CURVE('',#1061,#1060,#889,.F.);
#1319=EDGE_CURVE('',#1050,#1061,#455,.T.);
#1320=EDGE_CURVE('',#1036,#949,#456,.T.);
#1321=EDGE_CURVE('',#948,#1037,#457,.T.);
#1322=EDGE_CURVE('',#1062,#1063,#890,.T.);
#1323=EDGE_CURVE('',#1063,#1035,#458,.T.);
#1324=EDGE_CURVE('',#1034,#1062,#459,.T.);
#1325=EDGE_CURVE('',#1064,#1063,#460,.T.);
#1326=EDGE_CURVE('',#1004,#1064,#461,.T.);
#1327=EDGE_CURVE('',#1062,#1065,#462,.T.);
#1328=EDGE_CURVE('',#1065,#1066,#463,.T.);
#1329=EDGE_CURVE('',#1066,#1067,#464,.T.);
#1330=EDGE_CURVE('',#1068,#1067,#891,.T.);
#1331=EDGE_CURVE('',#1068,#1069,#465,.T.);
#1332=EDGE_CURVE('',#1064,#1069,#892,.T.);
#1333=EDGE_CURVE('',#1069,#1005,#466,.T.);
#1334=EDGE_CURVE('',#1006,#1068,#467,.T.);
#1335=EDGE_CURVE('',#1067,#1007,#468,.T.);
#1336=EDGE_CURVE('',#1070,#1071,#893,.T.);
#1337=EDGE_CURVE('',#1071,#1019,#469,.T.);
#1338=EDGE_CURVE('',#1018,#1070,#470,.T.);
#1339=EDGE_CURVE('',#1072,#1071,#471,.T.);
#1340=EDGE_CURVE('',#1020,#1072,#472,.T.);
#1341=EDGE_CURVE('',#1070,#1073,#473,.T.);
#1342=EDGE_CURVE('',#1073,#1074,#474,.T.);
#1343=EDGE_CURVE('',#1074,#1075,#475,.T.);
#1344=EDGE_CURVE('',#1076,#1075,#894,.T.);
#1345=EDGE_CURVE('',#1076,#1077,#476,.T.);
#1346=EDGE_CURVE('',#1072,#1077,#895,.T.);
#1347=EDGE_CURVE('',#1077,#1021,#477,.T.);
#1348=EDGE_CURVE('',#1022,#1076,#478,.T.);
#1349=EDGE_CURVE('',#1075,#1023,#479,.T.);
#1350=EDGE_CURVE('',#1078,#1079,#896,.T.);
#1351=EDGE_CURVE('',#1079,#1061,#480,.T.);
#1352=EDGE_CURVE('',#1060,#1078,#481,.T.);
#1353=EDGE_CURVE('',#1080,#1059,#482,.T.);
#1354=EDGE_CURVE('',#1078,#1080,#483,.T.);
#1355=EDGE_CURVE('',#1050,#1081,#484,.T.);
#1356=EDGE_CURVE('',#1081,#1082,#897,.T.);
#1357=EDGE_CURVE('',#1082,#1051,#485,.T.);
#1358=EDGE_CURVE('',#1081,#1079,#486,.T.);
#1359=EDGE_CURVE('',#1083,#1084,#898,.T.);
#1360=EDGE_CURVE('',#1084,#1053,#487,.T.);
#1361=EDGE_CURVE('',#1052,#1083,#488,.T.);
#1362=EDGE_CURVE('',#1085,#1084,#489,.T.);
#1363=EDGE_CURVE('',#1054,#1085,#490,.T.);
#1364=EDGE_CURVE('',#1086,#1080,#899,.T.);
#1365=EDGE_CURVE('',#1086,#1087,#491,.T.);
#1366=EDGE_CURVE('',#1088,#1087,#900,.T.);
#1367=EDGE_CURVE('',#1088,#1089,#492,.T.);
#1368=EDGE_CURVE('',#1085,#1089,#901,.T.);
#1369=EDGE_CURVE('',#1083,#1082,#493,.T.);
#1370=EDGE_CURVE('',#1090,#1091,#902,.T.);
#1371=EDGE_CURVE('',#1091,#1015,#494,.T.);
#1372=EDGE_CURVE('',#1014,#1090,#495,.T.);
#1373=EDGE_CURVE('',#1092,#1091,#496,.T.);
#1374=EDGE_CURVE('',#1016,#1092,#497,.T.);
#1375=EDGE_CURVE('',#1090,#1093,#498,.T.);
#1376=EDGE_CURVE('',#1094,#1093,#903,.T.);
#1377=EDGE_CURVE('',#1094,#1095,#499,.T.);
#1378=EDGE_CURVE('',#1096,#1095,#904,.T.);
#1379=EDGE_CURVE('',#1096,#1097,#500,.T.);
#1380=EDGE_CURVE('',#1097,#1098,#501,.T.);
#1381=EDGE_CURVE('',#1098,#1099,#502,.T.);
#1382=EDGE_CURVE('',#1099,#1100,#503,.T.);
#1383=EDGE_CURVE('',#1100,#1101,#504,.T.);
#1384=EDGE_CURVE('',#1101,#1092,#505,.T.);
#1385=EDGE_CURVE('',#1012,#1094,#506,.T.);
#1386=EDGE_CURVE('',#1093,#1013,#507,.T.);
#1387=EDGE_CURVE('',#1095,#1011,#508,.T.);
#1388=EDGE_CURVE('',#1010,#1096,#509,.T.);
#1389=EDGE_CURVE('',#1097,#1009,#510,.T.);
#1390=EDGE_CURVE('',#1058,#1086,#511,.T.);
#1391=EDGE_CURVE('',#1087,#1057,#512,.T.);
#1392=EDGE_CURVE('',#1056,#1088,#513,.T.);
#1393=EDGE_CURVE('',#1089,#1055,#514,.T.);
#1394=EDGE_CURVE('',#1102,#1103,#905,.T.);
#1395=EDGE_CURVE('',#1103,#1031,#515,.T.);
#1396=EDGE_CURVE('',#1030,#1102,#516,.T.);
#1397=EDGE_CURVE('',#1104,#1103,#517,.T.);
#1398=EDGE_CURVE('',#1032,#1104,#518,.T.);
#1399=EDGE_CURVE('',#1102,#1105,#519,.T.);
#1400=EDGE_CURVE('',#1106,#1105,#906,.T.);
#1401=EDGE_CURVE('',#1106,#1107,#520,.T.);
#1402=EDGE_CURVE('',#1108,#1107,#907,.T.);
#1403=EDGE_CURVE('',#1108,#1109,#521,.T.);
#1404=EDGE_CURVE('',#1109,#1110,#522,.T.);
#1405=EDGE_CURVE('',#1110,#1111,#523,.T.);
#1406=EDGE_CURVE('',#1111,#1112,#524,.T.);
#1407=EDGE_CURVE('',#1112,#1113,#525,.T.);
#1408=EDGE_CURVE('',#1113,#1104,#526,.T.);
#1409=EDGE_CURVE('',#1114,#1115,#908,.T.);
#1410=EDGE_CURVE('',#1115,#1043,#527,.T.);
#1411=EDGE_CURVE('',#1042,#1114,#528,.T.);
#1412=EDGE_CURVE('',#1114,#1116,#529,.T.);
#1413=EDGE_CURVE('',#1117,#1116,#909,.T.);
#1414=EDGE_CURVE('',#1117,#1118,#530,.T.);
#1415=EDGE_CURVE('',#1119,#1118,#910,.T.);
#1416=EDGE_CURVE('',#1119,#1120,#531,.T.);
#1417=EDGE_CURVE('',#1121,#1120,#911,.T.);
#1418=EDGE_CURVE('',#1121,#1122,#532,.T.);
#1419=EDGE_CURVE('',#1123,#1122,#912,.T.);
#1420=EDGE_CURVE('',#1123,#1124,#533,.T.);
#1421=EDGE_CURVE('',#1125,#1124,#913,.T.);
#1422=EDGE_CURVE('',#1125,#1115,#534,.T.);
#1423=EDGE_CURVE('',#1116,#1041,#535,.T.);
#1424=EDGE_CURVE('',#1040,#1117,#536,.T.);
#1425=EDGE_CURVE('',#1038,#1119,#537,.T.);
#1426=EDGE_CURVE('',#1118,#1039,#538,.T.);
#1427=EDGE_CURVE('',#1120,#1049,#539,.T.);
#1428=EDGE_CURVE('',#1048,#1121,#540,.T.);
#1429=EDGE_CURVE('',#1122,#1047,#541,.T.);
#1430=EDGE_CURVE('',#1046,#1123,#542,.T.);
#1431=EDGE_CURVE('',#1107,#1027,#543,.T.);
#1432=EDGE_CURVE('',#1026,#1108,#544,.T.);
#1433=EDGE_CURVE('',#1109,#1025,#545,.T.);
#1434=EDGE_CURVE('',#1124,#1045,#546,.T.);
#1435=EDGE_CURVE('',#1044,#1125,#547,.T.);
#1436=EDGE_CURVE('',#1028,#1106,#548,.T.);
#1437=EDGE_CURVE('',#1105,#1029,#549,.T.);
#1438=EDGE_CURVE('',#1126,#1112,#550,.T.);
#1439=EDGE_CURVE('',#1126,#1127,#551,.T.);
#1440=EDGE_CURVE('',#1113,#1127,#552,.T.);
#1441=EDGE_CURVE('',#1128,#1126,#553,.T.);
#1442=EDGE_CURVE('',#1129,#1128,#914,.T.);
#1443=EDGE_CURVE('',#1127,#1129,#554,.T.);
#1444=EDGE_CURVE('',#1130,#1098,#555,.T.);
#1445=EDGE_CURVE('',#1130,#1131,#556,.T.);
#1446=EDGE_CURVE('',#1099,#1131,#557,.T.);
#1447=EDGE_CURVE('',#1131,#1132,#558,.T.);
#1448=EDGE_CURVE('',#1133,#1130,#559,.T.);
#1449=EDGE_CURVE('',#1132,#1133,#915,.T.);
#1450=EDGE_CURVE('',#1134,#1100,#560,.T.);
#1451=EDGE_CURVE('',#1134,#1135,#561,.T.);
#1452=EDGE_CURVE('',#1101,#1135,#562,.T.);
#1453=EDGE_CURVE('',#1136,#1134,#563,.T.);
#1454=EDGE_CURVE('',#1137,#1136,#916,.T.);
#1455=EDGE_CURVE('',#1135,#1137,#564,.T.);
#1456=EDGE_CURVE('',#1138,#1110,#565,.T.);
#1457=EDGE_CURVE('',#1138,#1139,#566,.T.);
#1458=EDGE_CURVE('',#1111,#1139,#567,.T.);
#1459=EDGE_CURVE('',#1140,#1141,#917,.T.);
#1460=EDGE_CURVE('',#1139,#1140,#568,.T.);
#1461=EDGE_CURVE('',#1141,#1138,#569,.T.);
#1462=EDGE_CURVE('',#1065,#1033,#570,.T.);
#1463=EDGE_CURVE('',#1008,#1066,#571,.T.);
#1464=EDGE_CURVE('',#1073,#1017,#572,.T.);
#1465=EDGE_CURVE('',#1024,#1074,#573,.T.);
#1466=EDGE_CURVE('',#1128,#1142,#574,.T.);
#1467=EDGE_CURVE('',#1142,#1143,#918,.F.);
#1468=EDGE_CURVE('',#1143,#1129,#575,.T.);
#1469=EDGE_CURVE('',#1144,#1132,#576,.T.);
#1470=EDGE_CURVE('',#1145,#1144,#577,.T.);
#1471=EDGE_CURVE('',#1136,#1145,#578,.T.);
#1472=EDGE_CURVE('',#1146,#1140,#579,.T.);
#1473=EDGE_CURVE('',#1142,#1146,#580,.T.);
#1474=EDGE_CURVE('',#1141,#1147,#581,.T.);
#1475=EDGE_CURVE('',#1147,#1146,#919,.F.);
#1476=EDGE_CURVE('',#1148,#1137,#582,.T.);
#1477=EDGE_CURVE('',#1147,#1148,#583,.T.);
#1478=EDGE_CURVE('',#1148,#1149,#920,.T.);
#1479=EDGE_CURVE('',#1145,#1148,#921,.F.);
#1480=EDGE_CURVE('',#1150,#1145,#922,.T.);
#1481=EDGE_CURVE('',#1150,#1149,#923,.T.);
#1482=EDGE_CURVE('',#1144,#1151,#924,.T.);
#1483=EDGE_CURVE('',#1152,#1144,#925,.F.);
#1484=EDGE_CURVE('',#1153,#1152,#926,.T.);
#1485=EDGE_CURVE('',#1153,#1151,#927,.T.);
#1486=EDGE_CURVE('',#1133,#1152,#584,.T.);
#1487=EDGE_CURVE('',#1146,#1154,#928,.T.);
#1488=EDGE_CURVE('',#1155,#1147,#929,.T.);
#1489=EDGE_CURVE('',#1155,#1154,#930,.T.);
#1490=EDGE_CURVE('',#1149,#1155,#585,.T.);
#1491=EDGE_CURVE('',#1143,#1156,#931,.T.);
#1492=EDGE_CURVE('',#1157,#1142,#932,.T.);
#1493=EDGE_CURVE('',#1157,#1156,#933,.T.);
#1494=EDGE_CURVE('',#1154,#1157,#586,.T.);
#1495=EDGE_CURVE('',#1156,#1153,#587,.T.);
#1496=EDGE_CURVE('',#1152,#1143,#588,.T.);
#1497=EDGE_CURVE('',#1151,#1150,#589,.T.);
#1498=EDGE_CURVE('',#1158,#1158,#934,.T.);
#1499=EDGE_CURVE('',#1159,#1159,#935,.T.);
#1500=EDGE_CURVE('',#1160,#1160,#936,.T.);
#1501=EDGE_CURVE('',#1161,#1161,#937,.T.);
#1502=EDGE_CURVE('',#1162,#1162,#938,.T.);
#1503=EDGE_CURVE('',#1162,#1163,#590,.T.);
#1504=EDGE_CURVE('',#1161,#1162,#591,.T.);
#1505=EDGE_CURVE('',#1164,#1164,#939,.T.);
#1506=EDGE_CURVE('',#1164,#1165,#592,.T.);
#1507=EDGE_CURVE('',#1160,#1164,#593,.T.);
#1508=EDGE_CURVE('',#1166,#1166,#940,.T.);
#1509=EDGE_CURVE('',#1166,#1167,#594,.T.);
#1510=EDGE_CURVE('',#1159,#1166,#595,.T.);
#1511=EDGE_CURVE('',#1168,#1168,#941,.T.);
#1512=EDGE_CURVE('',#1168,#1169,#596,.T.);
#1513=EDGE_CURVE('',#1158,#1168,#597,.T.);
#1514=ORIENTED_EDGE('',*,*,#1170,.T.);
#1515=ORIENTED_EDGE('',*,*,#1171,.T.);
#1516=ORIENTED_EDGE('',*,*,#1172,.T.);
#1517=ORIENTED_EDGE('',*,*,#1173,.T.);
#1518=ORIENTED_EDGE('',*,*,#1171,.F.);
#1519=ORIENTED_EDGE('',*,*,#1174,.F.);
#1520=ORIENTED_EDGE('',*,*,#1175,.F.);
#1521=ORIENTED_EDGE('',*,*,#1176,.T.);
#1522=ORIENTED_EDGE('',*,*,#1170,.F.);
#1523=ORIENTED_EDGE('',*,*,#1177,.T.);
#1524=ORIENTED_EDGE('',*,*,#1178,.F.);
#1525=ORIENTED_EDGE('',*,*,#1179,.T.);
#1526=ORIENTED_EDGE('',*,*,#1180,.F.);
#1527=ORIENTED_EDGE('',*,*,#1181,.T.);
#1528=ORIENTED_EDGE('',*,*,#1182,.F.);
#1529=ORIENTED_EDGE('',*,*,#1183,.T.);
#1530=ORIENTED_EDGE('',*,*,#1184,.F.);
#1531=ORIENTED_EDGE('',*,*,#1185,.T.);
#1532=ORIENTED_EDGE('',*,*,#1186,.F.);
#1533=ORIENTED_EDGE('',*,*,#1187,.T.);
#1534=ORIENTED_EDGE('',*,*,#1188,.F.);
#1535=ORIENTED_EDGE('',*,*,#1189,.T.);
#1536=ORIENTED_EDGE('',*,*,#1190,.F.);
#1537=ORIENTED_EDGE('',*,*,#1174,.T.);
#1538=ORIENTED_EDGE('',*,*,#1184,.T.);
#1539=ORIENTED_EDGE('',*,*,#1191,.T.);
#1540=ORIENTED_EDGE('',*,*,#1192,.T.);
#1541=ORIENTED_EDGE('',*,*,#1193,.T.);
#1542=ORIENTED_EDGE('',*,*,#1193,.F.);
#1543=ORIENTED_EDGE('',*,*,#1194,.T.);
#1544=ORIENTED_EDGE('',*,*,#1195,.F.);
#1545=ORIENTED_EDGE('',*,*,#1185,.F.);
#1546=ORIENTED_EDGE('',*,*,#1196,.T.);
#1547=ORIENTED_EDGE('',*,*,#1197,.T.);
#1548=ORIENTED_EDGE('',*,*,#1198,.T.);
#1549=ORIENTED_EDGE('',*,*,#1199,.T.);
#1550=ORIENTED_EDGE('',*,*,#1197,.F.);
#1551=ORIENTED_EDGE('',*,*,#1200,.F.);
#1552=ORIENTED_EDGE('',*,*,#1201,.F.);
#1553=ORIENTED_EDGE('',*,*,#1202,.T.);
#1554=ORIENTED_EDGE('',*,*,#1196,.F.);
#1555=ORIENTED_EDGE('',*,*,#1203,.T.);
#1556=ORIENTED_EDGE('',*,*,#1204,.F.);
#1557=ORIENTED_EDGE('',*,*,#1205,.T.);
#1558=ORIENTED_EDGE('',*,*,#1206,.F.);
#1559=ORIENTED_EDGE('',*,*,#1207,.T.);
#1560=ORIENTED_EDGE('',*,*,#1208,.F.);
#1561=ORIENTED_EDGE('',*,*,#1200,.T.);
#1562=ORIENTED_EDGE('',*,*,#1208,.T.);
#1563=ORIENTED_EDGE('',*,*,#1209,.T.);
#1564=ORIENTED_EDGE('',*,*,#1210,.T.);
#1565=ORIENTED_EDGE('',*,*,#1201,.T.);
#1566=ORIENTED_EDGE('',*,*,#1209,.F.);
#1567=ORIENTED_EDGE('',*,*,#1207,.F.);
#1568=ORIENTED_EDGE('',*,*,#1211,.F.);
#1569=ORIENTED_EDGE('',*,*,#1212,.T.);
#1570=ORIENTED_EDGE('',*,*,#1204,.T.);
#1571=ORIENTED_EDGE('',*,*,#1213,.T.);
#1572=ORIENTED_EDGE('',*,*,#1214,.T.);
#1573=ORIENTED_EDGE('',*,*,#1215,.T.);
#1574=ORIENTED_EDGE('',*,*,#1199,.F.);
#1575=ORIENTED_EDGE('',*,*,#1216,.T.);
#1576=ORIENTED_EDGE('',*,*,#1213,.F.);
#1577=ORIENTED_EDGE('',*,*,#1203,.F.);
#1578=ORIENTED_EDGE('',*,*,#1206,.T.);
#1579=ORIENTED_EDGE('',*,*,#1217,.T.);
#1580=ORIENTED_EDGE('',*,*,#1218,.T.);
#1581=ORIENTED_EDGE('',*,*,#1211,.T.);
#1582=ORIENTED_EDGE('',*,*,#1219,.T.);
#1583=ORIENTED_EDGE('',*,*,#1220,.T.);
#1584=ORIENTED_EDGE('',*,*,#1221,.T.);
#1585=ORIENTED_EDGE('',*,*,#1222,.T.);
#1586=ORIENTED_EDGE('',*,*,#1220,.F.);
#1587=ORIENTED_EDGE('',*,*,#1223,.F.);
#1588=ORIENTED_EDGE('',*,*,#1224,.F.);
#1589=ORIENTED_EDGE('',*,*,#1225,.T.);
#1590=ORIENTED_EDGE('',*,*,#1219,.F.);
#1591=ORIENTED_EDGE('',*,*,#1226,.T.);
#1592=ORIENTED_EDGE('',*,*,#1227,.F.);
#1593=ORIENTED_EDGE('',*,*,#1228,.T.);
#1594=ORIENTED_EDGE('',*,*,#1229,.F.);
#1595=ORIENTED_EDGE('',*,*,#1230,.T.);
#1596=ORIENTED_EDGE('',*,*,#1231,.F.);
#1597=ORIENTED_EDGE('',*,*,#1223,.T.);
#1598=ORIENTED_EDGE('',*,*,#1227,.T.);
#1599=ORIENTED_EDGE('',*,*,#1232,.T.);
#1600=ORIENTED_EDGE('',*,*,#1233,.T.);
#1601=ORIENTED_EDGE('',*,*,#1234,.T.);
#1602=ORIENTED_EDGE('',*,*,#1234,.F.);
#1603=ORIENTED_EDGE('',*,*,#1235,.T.);
#1604=ORIENTED_EDGE('',*,*,#1236,.F.);
#1605=ORIENTED_EDGE('',*,*,#1228,.F.);
#1606=ORIENTED_EDGE('',*,*,#1229,.T.);
#1607=ORIENTED_EDGE('',*,*,#1236,.T.);
#1608=ORIENTED_EDGE('',*,*,#1237,.T.);
#1609=ORIENTED_EDGE('',*,*,#1238,.T.);
#1610=ORIENTED_EDGE('',*,*,#1231,.T.);
#1611=ORIENTED_EDGE('',*,*,#1239,.T.);
#1612=ORIENTED_EDGE('',*,*,#1240,.T.);
#1613=ORIENTED_EDGE('',*,*,#1224,.T.);
#1614=ORIENTED_EDGE('',*,*,#1190,.T.);
#1615=ORIENTED_EDGE('',*,*,#1241,.T.);
#1616=ORIENTED_EDGE('',*,*,#1242,.T.);
#1617=ORIENTED_EDGE('',*,*,#1175,.T.);
#1618=ORIENTED_EDGE('',*,*,#1243,.F.);
#1619=ORIENTED_EDGE('',*,*,#1244,.T.);
#1620=ORIENTED_EDGE('',*,*,#1188,.T.);
#1621=ORIENTED_EDGE('',*,*,#1245,.T.);
#1622=ORIENTED_EDGE('',*,*,#1241,.F.);
#1623=ORIENTED_EDGE('',*,*,#1189,.F.);
#1624=ORIENTED_EDGE('',*,*,#1244,.F.);
#1625=ORIENTED_EDGE('',*,*,#1246,.T.);
#1626=ORIENTED_EDGE('',*,*,#1186,.T.);
#1627=ORIENTED_EDGE('',*,*,#1195,.T.);
#1628=ORIENTED_EDGE('',*,*,#1247,.T.);
#1629=ORIENTED_EDGE('',*,*,#1248,.T.);
#1630=ORIENTED_EDGE('',*,*,#1182,.T.);
#1631=ORIENTED_EDGE('',*,*,#1249,.T.);
#1632=ORIENTED_EDGE('',*,*,#1250,.T.);
#1633=ORIENTED_EDGE('',*,*,#1251,.T.);
#1634=ORIENTED_EDGE('',*,*,#1249,.F.);
#1635=ORIENTED_EDGE('',*,*,#1181,.F.);
#1636=ORIENTED_EDGE('',*,*,#1252,.F.);
#1637=ORIENTED_EDGE('',*,*,#1253,.T.);
#1638=ORIENTED_EDGE('',*,*,#1254,.F.);
#1639=ORIENTED_EDGE('',*,*,#1252,.T.);
#1640=ORIENTED_EDGE('',*,*,#1180,.T.);
#1641=ORIENTED_EDGE('',*,*,#1255,.T.);
#1642=ORIENTED_EDGE('',*,*,#1256,.T.);
#1643=ORIENTED_EDGE('',*,*,#1257,.F.);
#1644=ORIENTED_EDGE('',*,*,#1258,.F.);
#1645=ORIENTED_EDGE('',*,*,#1259,.F.);
#1646=ORIENTED_EDGE('',*,*,#1260,.F.);
#1647=ORIENTED_EDGE('',*,*,#1261,.F.);
#1648=ORIENTED_EDGE('',*,*,#1262,.F.);
#1649=ORIENTED_EDGE('',*,*,#1263,.F.);
#1650=ORIENTED_EDGE('',*,*,#1264,.T.);
#1651=ORIENTED_EDGE('',*,*,#1265,.F.);
#1652=ORIENTED_EDGE('',*,*,#1266,.F.);
#1653=ORIENTED_EDGE('',*,*,#1267,.F.);
#1654=ORIENTED_EDGE('',*,*,#1268,.F.);
#1655=ORIENTED_EDGE('',*,*,#1269,.F.);
#1656=ORIENTED_EDGE('',*,*,#1270,.F.);
#1657=ORIENTED_EDGE('',*,*,#1271,.F.);
#1658=ORIENTED_EDGE('',*,*,#1272,.T.);
#1659=ORIENTED_EDGE('',*,*,#1273,.F.);
#1660=ORIENTED_EDGE('',*,*,#1274,.F.);
#1661=ORIENTED_EDGE('',*,*,#1275,.F.);
#1662=ORIENTED_EDGE('',*,*,#1276,.F.);
#1663=ORIENTED_EDGE('',*,*,#1277,.F.);
#1664=ORIENTED_EDGE('',*,*,#1278,.F.);
#1665=ORIENTED_EDGE('',*,*,#1279,.F.);
#1666=ORIENTED_EDGE('',*,*,#1280,.T.);
#1667=ORIENTED_EDGE('',*,*,#1281,.F.);
#1668=ORIENTED_EDGE('',*,*,#1282,.F.);
#1669=ORIENTED_EDGE('',*,*,#1283,.F.);
#1670=ORIENTED_EDGE('',*,*,#1284,.F.);
#1671=ORIENTED_EDGE('',*,*,#1285,.F.);
#1672=ORIENTED_EDGE('',*,*,#1286,.F.);
#1673=ORIENTED_EDGE('',*,*,#1287,.F.);
#1674=ORIENTED_EDGE('',*,*,#1243,.T.);
#1675=ORIENTED_EDGE('',*,*,#1288,.F.);
#1676=ORIENTED_EDGE('',*,*,#1247,.F.);
#1677=ORIENTED_EDGE('',*,*,#1194,.F.);
#1678=ORIENTED_EDGE('',*,*,#1192,.F.);
#1679=ORIENTED_EDGE('',*,*,#1289,.F.);
#1680=ORIENTED_EDGE('',*,*,#1250,.F.);
#1681=ORIENTED_EDGE('',*,*,#1253,.F.);
#1682=ORIENTED_EDGE('',*,*,#1254,.T.);
#1683=ORIENTED_EDGE('',*,*,#1290,.F.);
#1684=ORIENTED_EDGE('',*,*,#1291,.F.);
#1685=ORIENTED_EDGE('',*,*,#1292,.F.);
#1686=ORIENTED_EDGE('',*,*,#1172,.F.);
#1687=ORIENTED_EDGE('',*,*,#1176,.F.);
#1688=ORIENTED_EDGE('',*,*,#1242,.F.);
#1689=ORIENTED_EDGE('',*,*,#1246,.F.);
#1690=ORIENTED_EDGE('',*,*,#1225,.F.);
#1691=ORIENTED_EDGE('',*,*,#1240,.F.);
#1692=ORIENTED_EDGE('',*,*,#1293,.F.);
#1693=ORIENTED_EDGE('',*,*,#1237,.F.);
#1694=ORIENTED_EDGE('',*,*,#1235,.F.);
#1695=ORIENTED_EDGE('',*,*,#1233,.F.);
#1696=ORIENTED_EDGE('',*,*,#1294,.F.);
#1697=ORIENTED_EDGE('',*,*,#1221,.F.);
#1698=ORIENTED_EDGE('',*,*,#1202,.F.);
#1699=ORIENTED_EDGE('',*,*,#1210,.F.);
#1700=ORIENTED_EDGE('',*,*,#1212,.F.);
#1701=ORIENTED_EDGE('',*,*,#1218,.F.);
#1702=ORIENTED_EDGE('',*,*,#1295,.F.);
#1703=ORIENTED_EDGE('',*,*,#1214,.F.);
#1704=ORIENTED_EDGE('',*,*,#1216,.F.);
#1705=ORIENTED_EDGE('',*,*,#1198,.F.);
#1706=ORIENTED_EDGE('',*,*,#1296,.T.);
#1707=ORIENTED_EDGE('',*,*,#1297,.F.);
#1708=ORIENTED_EDGE('',*,*,#1298,.F.);
#1709=ORIENTED_EDGE('',*,*,#1299,.F.);
#1710=ORIENTED_EDGE('',*,*,#1300,.F.);
#1711=ORIENTED_EDGE('',*,*,#1301,.F.);
#1712=ORIENTED_EDGE('',*,*,#1302,.F.);
#1713=ORIENTED_EDGE('',*,*,#1303,.F.);
#1714=ORIENTED_EDGE('',*,*,#1304,.F.);
#1715=ORIENTED_EDGE('',*,*,#1305,.F.);
#1716=ORIENTED_EDGE('',*,*,#1306,.F.);
#1717=ORIENTED_EDGE('',*,*,#1307,.F.);
#1718=ORIENTED_EDGE('',*,*,#1308,.T.);
#1719=ORIENTED_EDGE('',*,*,#1309,.F.);
#1720=ORIENTED_EDGE('',*,*,#1310,.F.);
#1721=ORIENTED_EDGE('',*,*,#1311,.F.);
#1722=ORIENTED_EDGE('',*,*,#1312,.F.);
#1723=ORIENTED_EDGE('',*,*,#1313,.F.);
#1724=ORIENTED_EDGE('',*,*,#1314,.F.);
#1725=ORIENTED_EDGE('',*,*,#1315,.F.);
#1726=ORIENTED_EDGE('',*,*,#1316,.F.);
#1727=ORIENTED_EDGE('',*,*,#1317,.F.);
#1728=ORIENTED_EDGE('',*,*,#1318,.F.);
#1729=ORIENTED_EDGE('',*,*,#1319,.F.);
#1730=ORIENTED_EDGE('',*,*,#1255,.F.);
#1731=ORIENTED_EDGE('',*,*,#1179,.F.);
#1732=ORIENTED_EDGE('',*,*,#1320,.F.);
#1733=ORIENTED_EDGE('',*,*,#1290,.T.);
#1734=ORIENTED_EDGE('',*,*,#1178,.T.);
#1735=ORIENTED_EDGE('',*,*,#1321,.T.);
#1736=ORIENTED_EDGE('',*,*,#1291,.T.);
#1737=ORIENTED_EDGE('',*,*,#1320,.T.);
#1738=ORIENTED_EDGE('',*,*,#1322,.T.);
#1739=ORIENTED_EDGE('',*,*,#1323,.T.);
#1740=ORIENTED_EDGE('',*,*,#1286,.T.);
#1741=ORIENTED_EDGE('',*,*,#1324,.T.);
#1742=ORIENTED_EDGE('',*,*,#1323,.F.);
#1743=ORIENTED_EDGE('',*,*,#1325,.F.);
#1744=ORIENTED_EDGE('',*,*,#1326,.F.);
#1745=ORIENTED_EDGE('',*,*,#1287,.T.);
#1746=ORIENTED_EDGE('',*,*,#1322,.F.);
#1747=ORIENTED_EDGE('',*,*,#1327,.T.);
#1748=ORIENTED_EDGE('',*,*,#1328,.T.);
#1749=ORIENTED_EDGE('',*,*,#1329,.T.);
#1750=ORIENTED_EDGE('',*,*,#1330,.F.);
#1751=ORIENTED_EDGE('',*,*,#1331,.T.);
#1752=ORIENTED_EDGE('',*,*,#1332,.F.);
#1753=ORIENTED_EDGE('',*,*,#1325,.T.);
#1754=ORIENTED_EDGE('',*,*,#1256,.F.);
#1755=ORIENTED_EDGE('',*,*,#1326,.T.);
#1756=ORIENTED_EDGE('',*,*,#1332,.T.);
#1757=ORIENTED_EDGE('',*,*,#1333,.T.);
#1758=ORIENTED_EDGE('',*,*,#1333,.F.);
#1759=ORIENTED_EDGE('',*,*,#1331,.F.);
#1760=ORIENTED_EDGE('',*,*,#1334,.F.);
#1761=ORIENTED_EDGE('',*,*,#1257,.T.);
#1762=ORIENTED_EDGE('',*,*,#1330,.T.);
#1763=ORIENTED_EDGE('',*,*,#1335,.T.);
#1764=ORIENTED_EDGE('',*,*,#1258,.T.);
#1765=ORIENTED_EDGE('',*,*,#1334,.T.);
#1766=ORIENTED_EDGE('',*,*,#1336,.T.);
#1767=ORIENTED_EDGE('',*,*,#1337,.T.);
#1768=ORIENTED_EDGE('',*,*,#1270,.T.);
#1769=ORIENTED_EDGE('',*,*,#1338,.T.);
#1770=ORIENTED_EDGE('',*,*,#1337,.F.);
#1771=ORIENTED_EDGE('',*,*,#1339,.F.);
#1772=ORIENTED_EDGE('',*,*,#1340,.F.);
#1773=ORIENTED_EDGE('',*,*,#1271,.T.);
#1774=ORIENTED_EDGE('',*,*,#1336,.F.);
#1775=ORIENTED_EDGE('',*,*,#1341,.T.);
#1776=ORIENTED_EDGE('',*,*,#1342,.T.);
#1777=ORIENTED_EDGE('',*,*,#1343,.T.);
#1778=ORIENTED_EDGE('',*,*,#1344,.F.);
#1779=ORIENTED_EDGE('',*,*,#1345,.T.);
#1780=ORIENTED_EDGE('',*,*,#1346,.F.);
#1781=ORIENTED_EDGE('',*,*,#1339,.T.);
#1782=ORIENTED_EDGE('',*,*,#1272,.F.);
#1783=ORIENTED_EDGE('',*,*,#1340,.T.);
#1784=ORIENTED_EDGE('',*,*,#1346,.T.);
#1785=ORIENTED_EDGE('',*,*,#1347,.T.);
#1786=ORIENTED_EDGE('',*,*,#1347,.F.);
#1787=ORIENTED_EDGE('',*,*,#1345,.F.);
#1788=ORIENTED_EDGE('',*,*,#1348,.F.);
#1789=ORIENTED_EDGE('',*,*,#1273,.T.);
#1790=ORIENTED_EDGE('',*,*,#1344,.T.);
#1791=ORIENTED_EDGE('',*,*,#1349,.T.);
#1792=ORIENTED_EDGE('',*,*,#1274,.T.);
#1793=ORIENTED_EDGE('',*,*,#1348,.T.);
#1794=ORIENTED_EDGE('',*,*,#1350,.T.);
#1795=ORIENTED_EDGE('',*,*,#1351,.T.);
#1796=ORIENTED_EDGE('',*,*,#1318,.T.);
#1797=ORIENTED_EDGE('',*,*,#1352,.T.);
#1798=ORIENTED_EDGE('',*,*,#1352,.F.);
#1799=ORIENTED_EDGE('',*,*,#1317,.T.);
#1800=ORIENTED_EDGE('',*,*,#1353,.F.);
#1801=ORIENTED_EDGE('',*,*,#1354,.F.);
#1802=ORIENTED_EDGE('',*,*,#1308,.F.);
#1803=ORIENTED_EDGE('',*,*,#1355,.T.);
#1804=ORIENTED_EDGE('',*,*,#1356,.T.);
#1805=ORIENTED_EDGE('',*,*,#1357,.T.);
#1806=ORIENTED_EDGE('',*,*,#1351,.F.);
#1807=ORIENTED_EDGE('',*,*,#1358,.F.);
#1808=ORIENTED_EDGE('',*,*,#1355,.F.);
#1809=ORIENTED_EDGE('',*,*,#1319,.T.);
#1810=ORIENTED_EDGE('',*,*,#1359,.T.);
#1811=ORIENTED_EDGE('',*,*,#1360,.T.);
#1812=ORIENTED_EDGE('',*,*,#1310,.T.);
#1813=ORIENTED_EDGE('',*,*,#1361,.T.);
#1814=ORIENTED_EDGE('',*,*,#1360,.F.);
#1815=ORIENTED_EDGE('',*,*,#1362,.F.);
#1816=ORIENTED_EDGE('',*,*,#1363,.F.);
#1817=ORIENTED_EDGE('',*,*,#1311,.T.);
#1818=ORIENTED_EDGE('',*,*,#1350,.F.);
#1819=ORIENTED_EDGE('',*,*,#1354,.T.);
#1820=ORIENTED_EDGE('',*,*,#1364,.F.);
#1821=ORIENTED_EDGE('',*,*,#1365,.T.);
#1822=ORIENTED_EDGE('',*,*,#1366,.F.);
#1823=ORIENTED_EDGE('',*,*,#1367,.T.);
#1824=ORIENTED_EDGE('',*,*,#1368,.F.);
#1825=ORIENTED_EDGE('',*,*,#1362,.T.);
#1826=ORIENTED_EDGE('',*,*,#1359,.F.);
#1827=ORIENTED_EDGE('',*,*,#1369,.T.);
#1828=ORIENTED_EDGE('',*,*,#1356,.F.);
#1829=ORIENTED_EDGE('',*,*,#1358,.T.);
#1830=ORIENTED_EDGE('',*,*,#1370,.T.);
#1831=ORIENTED_EDGE('',*,*,#1371,.T.);
#1832=ORIENTED_EDGE('',*,*,#1266,.T.);
#1833=ORIENTED_EDGE('',*,*,#1372,.T.);
#1834=ORIENTED_EDGE('',*,*,#1371,.F.);
#1835=ORIENTED_EDGE('',*,*,#1373,.F.);
#1836=ORIENTED_EDGE('',*,*,#1374,.F.);
#1837=ORIENTED_EDGE('',*,*,#1267,.T.);
#1838=ORIENTED_EDGE('',*,*,#1370,.F.);
#1839=ORIENTED_EDGE('',*,*,#1375,.T.);
#1840=ORIENTED_EDGE('',*,*,#1376,.F.);
#1841=ORIENTED_EDGE('',*,*,#1377,.T.);
#1842=ORIENTED_EDGE('',*,*,#1378,.F.);
#1843=ORIENTED_EDGE('',*,*,#1379,.T.);
#1844=ORIENTED_EDGE('',*,*,#1380,.T.);
#1845=ORIENTED_EDGE('',*,*,#1381,.T.);
#1846=ORIENTED_EDGE('',*,*,#1382,.T.);
#1847=ORIENTED_EDGE('',*,*,#1383,.T.);
#1848=ORIENTED_EDGE('',*,*,#1384,.T.);
#1849=ORIENTED_EDGE('',*,*,#1373,.T.);
#1850=ORIENTED_EDGE('',*,*,#1264,.F.);
#1851=ORIENTED_EDGE('',*,*,#1385,.T.);
#1852=ORIENTED_EDGE('',*,*,#1376,.T.);
#1853=ORIENTED_EDGE('',*,*,#1386,.T.);
#1854=ORIENTED_EDGE('',*,*,#1385,.F.);
#1855=ORIENTED_EDGE('',*,*,#1263,.T.);
#1856=ORIENTED_EDGE('',*,*,#1387,.F.);
#1857=ORIENTED_EDGE('',*,*,#1377,.F.);
#1858=ORIENTED_EDGE('',*,*,#1378,.T.);
#1859=ORIENTED_EDGE('',*,*,#1387,.T.);
#1860=ORIENTED_EDGE('',*,*,#1262,.T.);
#1861=ORIENTED_EDGE('',*,*,#1388,.T.);
#1862=ORIENTED_EDGE('',*,*,#1388,.F.);
#1863=ORIENTED_EDGE('',*,*,#1261,.T.);
#1864=ORIENTED_EDGE('',*,*,#1389,.F.);
#1865=ORIENTED_EDGE('',*,*,#1379,.F.);
#1866=ORIENTED_EDGE('',*,*,#1364,.T.);
#1867=ORIENTED_EDGE('',*,*,#1353,.T.);
#1868=ORIENTED_EDGE('',*,*,#1316,.T.);
#1869=ORIENTED_EDGE('',*,*,#1390,.T.);
#1870=ORIENTED_EDGE('',*,*,#1390,.F.);
#1871=ORIENTED_EDGE('',*,*,#1315,.T.);
#1872=ORIENTED_EDGE('',*,*,#1391,.F.);
#1873=ORIENTED_EDGE('',*,*,#1365,.F.);
#1874=ORIENTED_EDGE('',*,*,#1366,.T.);
#1875=ORIENTED_EDGE('',*,*,#1391,.T.);
#1876=ORIENTED_EDGE('',*,*,#1314,.T.);
#1877=ORIENTED_EDGE('',*,*,#1392,.T.);
#1878=ORIENTED_EDGE('',*,*,#1368,.T.);
#1879=ORIENTED_EDGE('',*,*,#1393,.T.);
#1880=ORIENTED_EDGE('',*,*,#1312,.T.);
#1881=ORIENTED_EDGE('',*,*,#1363,.T.);
#1882=ORIENTED_EDGE('',*,*,#1394,.T.);
#1883=ORIENTED_EDGE('',*,*,#1395,.T.);
#1884=ORIENTED_EDGE('',*,*,#1282,.T.);
#1885=ORIENTED_EDGE('',*,*,#1396,.T.);
#1886=ORIENTED_EDGE('',*,*,#1395,.F.);
#1887=ORIENTED_EDGE('',*,*,#1397,.F.);
#1888=ORIENTED_EDGE('',*,*,#1398,.F.);
#1889=ORIENTED_EDGE('',*,*,#1283,.T.);
#1890=ORIENTED_EDGE('',*,*,#1394,.F.);
#1891=ORIENTED_EDGE('',*,*,#1399,.T.);
#1892=ORIENTED_EDGE('',*,*,#1400,.F.);
#1893=ORIENTED_EDGE('',*,*,#1401,.T.);
#1894=ORIENTED_EDGE('',*,*,#1402,.F.);
#1895=ORIENTED_EDGE('',*,*,#1403,.T.);
#1896=ORIENTED_EDGE('',*,*,#1404,.T.);
#1897=ORIENTED_EDGE('',*,*,#1405,.T.);
#1898=ORIENTED_EDGE('',*,*,#1406,.T.);
#1899=ORIENTED_EDGE('',*,*,#1407,.T.);
#1900=ORIENTED_EDGE('',*,*,#1408,.T.);
#1901=ORIENTED_EDGE('',*,*,#1397,.T.);
#1902=ORIENTED_EDGE('',*,*,#1409,.T.);
#1903=ORIENTED_EDGE('',*,*,#1410,.T.);
#1904=ORIENTED_EDGE('',*,*,#1300,.T.);
#1905=ORIENTED_EDGE('',*,*,#1411,.T.);
#1906=ORIENTED_EDGE('',*,*,#1409,.F.);
#1907=ORIENTED_EDGE('',*,*,#1412,.T.);
#1908=ORIENTED_EDGE('',*,*,#1413,.F.);
#1909=ORIENTED_EDGE('',*,*,#1414,.T.);
#1910=ORIENTED_EDGE('',*,*,#1415,.F.);
#1911=ORIENTED_EDGE('',*,*,#1416,.T.);
#1912=ORIENTED_EDGE('',*,*,#1417,.F.);
#1913=ORIENTED_EDGE('',*,*,#1418,.T.);
#1914=ORIENTED_EDGE('',*,*,#1419,.F.);
#1915=ORIENTED_EDGE('',*,*,#1420,.T.);
#1916=ORIENTED_EDGE('',*,*,#1421,.F.);
#1917=ORIENTED_EDGE('',*,*,#1422,.T.);
#1918=ORIENTED_EDGE('',*,*,#1411,.F.);
#1919=ORIENTED_EDGE('',*,*,#1299,.T.);
#1920=ORIENTED_EDGE('',*,*,#1423,.F.);
#1921=ORIENTED_EDGE('',*,*,#1412,.F.);
#1922=ORIENTED_EDGE('',*,*,#1413,.T.);
#1923=ORIENTED_EDGE('',*,*,#1423,.T.);
#1924=ORIENTED_EDGE('',*,*,#1298,.T.);
#1925=ORIENTED_EDGE('',*,*,#1424,.T.);
#1926=ORIENTED_EDGE('',*,*,#1296,.F.);
#1927=ORIENTED_EDGE('',*,*,#1425,.T.);
#1928=ORIENTED_EDGE('',*,*,#1415,.T.);
#1929=ORIENTED_EDGE('',*,*,#1426,.T.);
#1930=ORIENTED_EDGE('',*,*,#1425,.F.);
#1931=ORIENTED_EDGE('',*,*,#1307,.T.);
#1932=ORIENTED_EDGE('',*,*,#1427,.F.);
#1933=ORIENTED_EDGE('',*,*,#1416,.F.);
#1934=ORIENTED_EDGE('',*,*,#1417,.T.);
#1935=ORIENTED_EDGE('',*,*,#1427,.T.);
#1936=ORIENTED_EDGE('',*,*,#1306,.T.);
#1937=ORIENTED_EDGE('',*,*,#1428,.T.);
#1938=ORIENTED_EDGE('',*,*,#1428,.F.);
#1939=ORIENTED_EDGE('',*,*,#1305,.T.);
#1940=ORIENTED_EDGE('',*,*,#1429,.F.);
#1941=ORIENTED_EDGE('',*,*,#1418,.F.);
#1942=ORIENTED_EDGE('',*,*,#1419,.T.);
#1943=ORIENTED_EDGE('',*,*,#1429,.T.);
#1944=ORIENTED_EDGE('',*,*,#1304,.T.);
#1945=ORIENTED_EDGE('',*,*,#1430,.T.);
#1946=ORIENTED_EDGE('',*,*,#1402,.T.);
#1947=ORIENTED_EDGE('',*,*,#1431,.T.);
#1948=ORIENTED_EDGE('',*,*,#1278,.T.);
#1949=ORIENTED_EDGE('',*,*,#1432,.T.);
#1950=ORIENTED_EDGE('',*,*,#1432,.F.);
#1951=ORIENTED_EDGE('',*,*,#1277,.T.);
#1952=ORIENTED_EDGE('',*,*,#1433,.F.);
#1953=ORIENTED_EDGE('',*,*,#1403,.F.);
#1954=ORIENTED_EDGE('',*,*,#1421,.T.);
#1955=ORIENTED_EDGE('',*,*,#1434,.T.);
#1956=ORIENTED_EDGE('',*,*,#1302,.T.);
#1957=ORIENTED_EDGE('',*,*,#1435,.T.);
#1958=ORIENTED_EDGE('',*,*,#1410,.F.);
#1959=ORIENTED_EDGE('',*,*,#1422,.F.);
#1960=ORIENTED_EDGE('',*,*,#1435,.F.);
#1961=ORIENTED_EDGE('',*,*,#1301,.T.);
#1962=ORIENTED_EDGE('',*,*,#1280,.F.);
#1963=ORIENTED_EDGE('',*,*,#1436,.T.);
#1964=ORIENTED_EDGE('',*,*,#1400,.T.);
#1965=ORIENTED_EDGE('',*,*,#1437,.T.);
#1966=ORIENTED_EDGE('',*,*,#1396,.F.);
#1967=ORIENTED_EDGE('',*,*,#1281,.T.);
#1968=ORIENTED_EDGE('',*,*,#1437,.F.);
#1969=ORIENTED_EDGE('',*,*,#1399,.F.);
#1970=ORIENTED_EDGE('',*,*,#1407,.F.);
#1971=ORIENTED_EDGE('',*,*,#1438,.F.);
#1972=ORIENTED_EDGE('',*,*,#1439,.T.);
#1973=ORIENTED_EDGE('',*,*,#1440,.F.);
#1974=ORIENTED_EDGE('',*,*,#1441,.F.);
#1975=ORIENTED_EDGE('',*,*,#1442,.F.);
#1976=ORIENTED_EDGE('',*,*,#1443,.F.);
#1977=ORIENTED_EDGE('',*,*,#1439,.F.);
#1978=ORIENTED_EDGE('',*,*,#1381,.F.);
#1979=ORIENTED_EDGE('',*,*,#1444,.F.);
#1980=ORIENTED_EDGE('',*,*,#1445,.T.);
#1981=ORIENTED_EDGE('',*,*,#1446,.F.);
#1982=ORIENTED_EDGE('',*,*,#1447,.F.);
#1983=ORIENTED_EDGE('',*,*,#1445,.F.);
#1984=ORIENTED_EDGE('',*,*,#1448,.F.);
#1985=ORIENTED_EDGE('',*,*,#1449,.F.);
#1986=ORIENTED_EDGE('',*,*,#1383,.F.);
#1987=ORIENTED_EDGE('',*,*,#1450,.F.);
#1988=ORIENTED_EDGE('',*,*,#1451,.T.);
#1989=ORIENTED_EDGE('',*,*,#1452,.F.);
#1990=ORIENTED_EDGE('',*,*,#1451,.F.);
#1991=ORIENTED_EDGE('',*,*,#1453,.F.);
#1992=ORIENTED_EDGE('',*,*,#1454,.F.);
#1993=ORIENTED_EDGE('',*,*,#1455,.F.);
#1994=ORIENTED_EDGE('',*,*,#1405,.F.);
#1995=ORIENTED_EDGE('',*,*,#1456,.F.);
#1996=ORIENTED_EDGE('',*,*,#1457,.T.);
#1997=ORIENTED_EDGE('',*,*,#1458,.F.);
#1998=ORIENTED_EDGE('',*,*,#1459,.F.);
#1999=ORIENTED_EDGE('',*,*,#1460,.F.);
#2000=ORIENTED_EDGE('',*,*,#1457,.F.);
#2001=ORIENTED_EDGE('',*,*,#1461,.F.);
#2002=ORIENTED_EDGE('',*,*,#1392,.F.);
#2003=ORIENTED_EDGE('',*,*,#1313,.T.);
#2004=ORIENTED_EDGE('',*,*,#1393,.F.);
#2005=ORIENTED_EDGE('',*,*,#1367,.F.);
#2006=ORIENTED_EDGE('',*,*,#1357,.F.);
#2007=ORIENTED_EDGE('',*,*,#1369,.F.);
#2008=ORIENTED_EDGE('',*,*,#1361,.F.);
#2009=ORIENTED_EDGE('',*,*,#1309,.T.);
#2010=ORIENTED_EDGE('',*,*,#1191,.F.);
#2011=ORIENTED_EDGE('',*,*,#1183,.F.);
#2012=ORIENTED_EDGE('',*,*,#1251,.F.);
#2013=ORIENTED_EDGE('',*,*,#1289,.T.);
#2014=ORIENTED_EDGE('',*,*,#1173,.F.);
#2015=ORIENTED_EDGE('',*,*,#1292,.T.);
#2016=ORIENTED_EDGE('',*,*,#1321,.F.);
#2017=ORIENTED_EDGE('',*,*,#1177,.F.);
#2018=ORIENTED_EDGE('',*,*,#1245,.F.);
#2019=ORIENTED_EDGE('',*,*,#1187,.F.);
#2020=ORIENTED_EDGE('',*,*,#1248,.F.);
#2021=ORIENTED_EDGE('',*,*,#1288,.T.);
#2022=ORIENTED_EDGE('',*,*,#1430,.F.);
#2023=ORIENTED_EDGE('',*,*,#1303,.T.);
#2024=ORIENTED_EDGE('',*,*,#1434,.F.);
#2025=ORIENTED_EDGE('',*,*,#1420,.F.);
#2026=ORIENTED_EDGE('',*,*,#1424,.F.);
#2027=ORIENTED_EDGE('',*,*,#1297,.T.);
#2028=ORIENTED_EDGE('',*,*,#1426,.F.);
#2029=ORIENTED_EDGE('',*,*,#1414,.F.);
#2030=ORIENTED_EDGE('',*,*,#1215,.F.);
#2031=ORIENTED_EDGE('',*,*,#1295,.T.);
#2032=ORIENTED_EDGE('',*,*,#1217,.F.);
#2033=ORIENTED_EDGE('',*,*,#1205,.F.);
#2034=ORIENTED_EDGE('',*,*,#1222,.F.);
#2035=ORIENTED_EDGE('',*,*,#1294,.T.);
#2036=ORIENTED_EDGE('',*,*,#1232,.F.);
#2037=ORIENTED_EDGE('',*,*,#1226,.F.);
#2038=ORIENTED_EDGE('',*,*,#1238,.F.);
#2039=ORIENTED_EDGE('',*,*,#1293,.T.);
#2040=ORIENTED_EDGE('',*,*,#1239,.F.);
#2041=ORIENTED_EDGE('',*,*,#1230,.F.);
#2042=ORIENTED_EDGE('',*,*,#1324,.F.);
#2043=ORIENTED_EDGE('',*,*,#1285,.T.);
#2044=ORIENTED_EDGE('',*,*,#1462,.F.);
#2045=ORIENTED_EDGE('',*,*,#1327,.F.);
#2046=ORIENTED_EDGE('',*,*,#1335,.F.);
#2047=ORIENTED_EDGE('',*,*,#1329,.F.);
#2048=ORIENTED_EDGE('',*,*,#1463,.F.);
#2049=ORIENTED_EDGE('',*,*,#1259,.T.);
#2050=ORIENTED_EDGE('',*,*,#1372,.F.);
#2051=ORIENTED_EDGE('',*,*,#1265,.T.);
#2052=ORIENTED_EDGE('',*,*,#1386,.F.);
#2053=ORIENTED_EDGE('',*,*,#1375,.F.);
#2054=ORIENTED_EDGE('',*,*,#1338,.F.);
#2055=ORIENTED_EDGE('',*,*,#1269,.T.);
#2056=ORIENTED_EDGE('',*,*,#1464,.F.);
#2057=ORIENTED_EDGE('',*,*,#1341,.F.);
#2058=ORIENTED_EDGE('',*,*,#1349,.F.);
#2059=ORIENTED_EDGE('',*,*,#1343,.F.);
#2060=ORIENTED_EDGE('',*,*,#1465,.F.);
#2061=ORIENTED_EDGE('',*,*,#1275,.T.);
#2062=ORIENTED_EDGE('',*,*,#1431,.F.);
#2063=ORIENTED_EDGE('',*,*,#1401,.F.);
#2064=ORIENTED_EDGE('',*,*,#1436,.F.);
#2065=ORIENTED_EDGE('',*,*,#1279,.T.);
#2066=ORIENTED_EDGE('',*,*,#1442,.T.);
#2067=ORIENTED_EDGE('',*,*,#1466,.T.);
#2068=ORIENTED_EDGE('',*,*,#1467,.T.);
#2069=ORIENTED_EDGE('',*,*,#1468,.T.);
#2070=ORIENTED_EDGE('',*,*,#1446,.T.);
#2071=ORIENTED_EDGE('',*,*,#1447,.T.);
#2072=ORIENTED_EDGE('',*,*,#1469,.F.);
#2073=ORIENTED_EDGE('',*,*,#1470,.F.);
#2074=ORIENTED_EDGE('',*,*,#1471,.F.);
#2075=ORIENTED_EDGE('',*,*,#1453,.T.);
#2076=ORIENTED_EDGE('',*,*,#1450,.T.);
#2077=ORIENTED_EDGE('',*,*,#1382,.F.);
#2078=ORIENTED_EDGE('',*,*,#1441,.T.);
#2079=ORIENTED_EDGE('',*,*,#1438,.T.);
#2080=ORIENTED_EDGE('',*,*,#1406,.F.);
#2081=ORIENTED_EDGE('',*,*,#1458,.T.);
#2082=ORIENTED_EDGE('',*,*,#1460,.T.);
#2083=ORIENTED_EDGE('',*,*,#1472,.F.);
#2084=ORIENTED_EDGE('',*,*,#1473,.F.);
#2085=ORIENTED_EDGE('',*,*,#1466,.F.);
#2086=ORIENTED_EDGE('',*,*,#1459,.T.);
#2087=ORIENTED_EDGE('',*,*,#1474,.T.);
#2088=ORIENTED_EDGE('',*,*,#1475,.T.);
#2089=ORIENTED_EDGE('',*,*,#1472,.T.);
#2090=ORIENTED_EDGE('',*,*,#1452,.T.);
#2091=ORIENTED_EDGE('',*,*,#1455,.T.);
#2092=ORIENTED_EDGE('',*,*,#1476,.F.);
#2093=ORIENTED_EDGE('',*,*,#1477,.F.);
#2094=ORIENTED_EDGE('',*,*,#1474,.F.);
#2095=ORIENTED_EDGE('',*,*,#1461,.T.);
#2096=ORIENTED_EDGE('',*,*,#1456,.T.);
#2097=ORIENTED_EDGE('',*,*,#1404,.F.);
#2098=ORIENTED_EDGE('',*,*,#1433,.T.);
#2099=ORIENTED_EDGE('',*,*,#1276,.T.);
#2100=ORIENTED_EDGE('',*,*,#1465,.T.);
#2101=ORIENTED_EDGE('',*,*,#1342,.F.);
#2102=ORIENTED_EDGE('',*,*,#1464,.T.);
#2103=ORIENTED_EDGE('',*,*,#1268,.T.);
#2104=ORIENTED_EDGE('',*,*,#1374,.T.);
#2105=ORIENTED_EDGE('',*,*,#1384,.F.);
#2106=ORIENTED_EDGE('',*,*,#1478,.F.);
#2107=ORIENTED_EDGE('',*,*,#1479,.F.);
#2108=ORIENTED_EDGE('',*,*,#1480,.F.);
#2109=ORIENTED_EDGE('',*,*,#1481,.T.);
#2110=ORIENTED_EDGE('',*,*,#1454,.T.);
#2111=ORIENTED_EDGE('',*,*,#1471,.T.);
#2112=ORIENTED_EDGE('',*,*,#1479,.T.);
#2113=ORIENTED_EDGE('',*,*,#1476,.T.);
#2114=ORIENTED_EDGE('',*,*,#1482,.F.);
#2115=ORIENTED_EDGE('',*,*,#1483,.F.);
#2116=ORIENTED_EDGE('',*,*,#1484,.F.);
#2117=ORIENTED_EDGE('',*,*,#1485,.T.);
#2118=ORIENTED_EDGE('',*,*,#1449,.T.);
#2119=ORIENTED_EDGE('',*,*,#1486,.T.);
#2120=ORIENTED_EDGE('',*,*,#1483,.T.);
#2121=ORIENTED_EDGE('',*,*,#1469,.T.);
#2122=ORIENTED_EDGE('',*,*,#1487,.F.);
#2123=ORIENTED_EDGE('',*,*,#1475,.F.);
#2124=ORIENTED_EDGE('',*,*,#1488,.F.);
#2125=ORIENTED_EDGE('',*,*,#1489,.T.);
#2126=ORIENTED_EDGE('',*,*,#1478,.T.);
#2127=ORIENTED_EDGE('',*,*,#1490,.T.);
#2128=ORIENTED_EDGE('',*,*,#1488,.T.);
#2129=ORIENTED_EDGE('',*,*,#1477,.T.);
#2130=ORIENTED_EDGE('',*,*,#1491,.F.);
#2131=ORIENTED_EDGE('',*,*,#1467,.F.);
#2132=ORIENTED_EDGE('',*,*,#1492,.F.);
#2133=ORIENTED_EDGE('',*,*,#1493,.T.);
#2134=ORIENTED_EDGE('',*,*,#1487,.T.);
#2135=ORIENTED_EDGE('',*,*,#1494,.T.);
#2136=ORIENTED_EDGE('',*,*,#1492,.T.);
#2137=ORIENTED_EDGE('',*,*,#1473,.T.);
#2138=ORIENTED_EDGE('',*,*,#1491,.T.);
#2139=ORIENTED_EDGE('',*,*,#1495,.T.);
#2140=ORIENTED_EDGE('',*,*,#1484,.T.);
#2141=ORIENTED_EDGE('',*,*,#1496,.T.);
#2142=ORIENTED_EDGE('',*,*,#1482,.T.);
#2143=ORIENTED_EDGE('',*,*,#1497,.T.);
#2144=ORIENTED_EDGE('',*,*,#1480,.T.);
#2145=ORIENTED_EDGE('',*,*,#1470,.T.);
#2146=ORIENTED_EDGE('',*,*,#1493,.F.);
#2147=ORIENTED_EDGE('',*,*,#1494,.F.);
#2148=ORIENTED_EDGE('',*,*,#1489,.F.);
#2149=ORIENTED_EDGE('',*,*,#1490,.F.);
#2150=ORIENTED_EDGE('',*,*,#1481,.F.);
#2151=ORIENTED_EDGE('',*,*,#1497,.F.);
#2152=ORIENTED_EDGE('',*,*,#1485,.F.);
#2153=ORIENTED_EDGE('',*,*,#1495,.F.);
#2154=ORIENTED_EDGE('',*,*,#1498,.T.);
#2155=ORIENTED_EDGE('',*,*,#1499,.T.);
#2156=ORIENTED_EDGE('',*,*,#1500,.T.);
#2157=ORIENTED_EDGE('',*,*,#1501,.T.);
#2158=ORIENTED_EDGE('',*,*,#1502,.F.);
#2159=ORIENTED_EDGE('',*,*,#1503,.T.);
#2160=ORIENTED_EDGE('',*,*,#1503,.F.);
#2161=ORIENTED_EDGE('',*,*,#1501,.F.);
#2162=ORIENTED_EDGE('',*,*,#1504,.T.);
#2163=ORIENTED_EDGE('',*,*,#1502,.T.);
#2164=ORIENTED_EDGE('',*,*,#1504,.F.);
#2165=ORIENTED_EDGE('',*,*,#1505,.F.);
#2166=ORIENTED_EDGE('',*,*,#1506,.T.);
#2167=ORIENTED_EDGE('',*,*,#1506,.F.);
#2168=ORIENTED_EDGE('',*,*,#1500,.F.);
#2169=ORIENTED_EDGE('',*,*,#1507,.T.);
#2170=ORIENTED_EDGE('',*,*,#1505,.T.);
#2171=ORIENTED_EDGE('',*,*,#1507,.F.);
#2172=ORIENTED_EDGE('',*,*,#1508,.F.);
#2173=ORIENTED_EDGE('',*,*,#1509,.T.);
#2174=ORIENTED_EDGE('',*,*,#1509,.F.);
#2175=ORIENTED_EDGE('',*,*,#1499,.F.);
#2176=ORIENTED_EDGE('',*,*,#1510,.T.);
#2177=ORIENTED_EDGE('',*,*,#1508,.T.);
#2178=ORIENTED_EDGE('',*,*,#1510,.F.);
#2179=ORIENTED_EDGE('',*,*,#1511,.F.);
#2180=ORIENTED_EDGE('',*,*,#1512,.T.);
#2181=ORIENTED_EDGE('',*,*,#1512,.F.);
#2182=ORIENTED_EDGE('',*,*,#1498,.F.);
#2183=ORIENTED_EDGE('',*,*,#1513,.T.);
#2184=ORIENTED_EDGE('',*,*,#1511,.T.);
#2185=ORIENTED_EDGE('',*,*,#1513,.F.);
#2186=ORIENTED_EDGE('',*,*,#1443,.T.);
#2187=ORIENTED_EDGE('',*,*,#1468,.F.);
#2188=ORIENTED_EDGE('',*,*,#1496,.F.);
#2189=ORIENTED_EDGE('',*,*,#1486,.F.);
#2190=ORIENTED_EDGE('',*,*,#1448,.T.);
#2191=ORIENTED_EDGE('',*,*,#1444,.T.);
#2192=ORIENTED_EDGE('',*,*,#1380,.F.);
#2193=ORIENTED_EDGE('',*,*,#1389,.T.);
#2194=ORIENTED_EDGE('',*,*,#1260,.T.);
#2195=ORIENTED_EDGE('',*,*,#1463,.T.);
#2196=ORIENTED_EDGE('',*,*,#1328,.F.);
#2197=ORIENTED_EDGE('',*,*,#1462,.T.);
#2198=ORIENTED_EDGE('',*,*,#1284,.T.);
#2199=ORIENTED_EDGE('',*,*,#1398,.T.);
#2200=ORIENTED_EDGE('',*,*,#1408,.F.);
#2201=ORIENTED_EDGE('',*,*,#1440,.T.);
#2202=CYLINDRICAL_SURFACE('',#2395,0.5);
#2203=CYLINDRICAL_SURFACE('',#2407,0.5);
#2204=CYLINDRICAL_SURFACE('',#2410,0.5);
#2205=CYLINDRICAL_SURFACE('',#2418,0.5);
#2206=CYLINDRICAL_SURFACE('',#2421,0.5);
#2207=CYLINDRICAL_SURFACE('',#2424,0.5);
#2208=CYLINDRICAL_SURFACE('',#2426,0.5);
#2209=CYLINDRICAL_SURFACE('',#2434,0.5);
#2210=CYLINDRICAL_SURFACE('',#2437,0.5);
#2211=CYLINDRICAL_SURFACE('',#2439,0.5);
#2212=CYLINDRICAL_SURFACE('',#2441,0.5);
#2213=CYLINDRICAL_SURFACE('',#2443,0.5);
#2214=CYLINDRICAL_SURFACE('',#2446,0.5);
#2215=CYLINDRICAL_SURFACE('',#2448,0.5);
#2216=CYLINDRICAL_SURFACE('',#2451,0.5);
#2217=CYLINDRICAL_SURFACE('',#2480,0.5);
#2218=CYLINDRICAL_SURFACE('',#2481,1.);
#2219=CYLINDRICAL_SURFACE('',#2487,1.);
#2220=CYLINDRICAL_SURFACE('',#2489,1.);
#2221=CYLINDRICAL_SURFACE('',#2490,1.);
#2222=CYLINDRICAL_SURFACE('',#2496,1.);
#2223=CYLINDRICAL_SURFACE('',#2498,1.);
#2224=CYLINDRICAL_SURFACE('',#2499,1.);
#2225=CYLINDRICAL_SURFACE('',#2502,1.);
#2226=CYLINDRICAL_SURFACE('',#2505,1.);
#2227=CYLINDRICAL_SURFACE('',#2512,1.);
#2228=CYLINDRICAL_SURFACE('',#2518,1.);
#2229=CYLINDRICAL_SURFACE('',#2520,1.);
#2230=CYLINDRICAL_SURFACE('',#2522,1.);
#2231=CYLINDRICAL_SURFACE('',#2524,1.);
#2232=CYLINDRICAL_SURFACE('',#2525,1.);
#2233=CYLINDRICAL_SURFACE('',#2526,1.);
#2234=CYLINDRICAL_SURFACE('',#2532,1.);
#2235=CYLINDRICAL_SURFACE('',#2541,1.);
#2236=CYLINDRICAL_SURFACE('',#2542,1.);
#2237=CYLINDRICAL_SURFACE('',#2544,1.);
#2238=CYLINDRICAL_SURFACE('',#2546,1.);
#2239=CYLINDRICAL_SURFACE('',#2547,1.);
#2240=CYLINDRICAL_SURFACE('',#2549,1.);
#2241=CYLINDRICAL_SURFACE('',#2551,1.);
#2242=CYLINDRICAL_SURFACE('',#2581,2.);
#2243=CYLINDRICAL_SURFACE('',#2585,2.);
#2244=CYLINDRICAL_SURFACE('',#2592,2.);
#2245=CYLINDRICAL_SURFACE('',#2597,2.);
#2246=CYLINDRICAL_SURFACE('',#2601,1.);
#2247=CYLINDRICAL_SURFACE('',#2605,1.);
#2248=CYLINDRICAL_SURFACE('',#2606,1.);
#2249=CYLINDRICAL_SURFACE('',#2607,1.);
#2250=CYLINDRICAL_SURFACE('',#2615,0.8115);
#2251=CYLINDRICAL_SURFACE('',#2618,0.8115);
#2252=CYLINDRICAL_SURFACE('',#2621,0.8115);
#2253=CYLINDRICAL_SURFACE('',#2624,0.8115);
#2254=ADVANCED_FACE('',(#99),#2202,.T.);
#2255=ADVANCED_FACE('',(#100),#32,.F.);
#2256=ADVANCED_FACE('',(#101),#33,.F.);
#2257=ADVANCED_FACE('',(#102),#2203,.T.);
#2258=ADVANCED_FACE('',(#103),#34,.F.);
#2259=ADVANCED_FACE('',(#104),#2204,.T.);
#2260=ADVANCED_FACE('',(#105),#35,.F.);
#2261=ADVANCED_FACE('',(#106),#36,.F.);
#2262=ADVANCED_FACE('',(#107),#2205,.T.);
#2263=ADVANCED_FACE('',(#108),#37,.F.);
#2264=ADVANCED_FACE('',(#109),#2206,.T.);
#2265=ADVANCED_FACE('',(#110),#38,.F.);
#2266=ADVANCED_FACE('',(#111),#2207,.T.);
#2267=ADVANCED_FACE('',(#112),#2208,.T.);
#2268=ADVANCED_FACE('',(#113),#39,.F.);
#2269=ADVANCED_FACE('',(#114),#40,.F.);
#2270=ADVANCED_FACE('',(#115),#2209,.T.);
#2271=ADVANCED_FACE('',(#116),#41,.F.);
#2272=ADVANCED_FACE('',(#117),#2210,.T.);
#2273=ADVANCED_FACE('',(#118),#2211,.T.);
#2274=ADVANCED_FACE('',(#119),#2212,.T.);
#2275=ADVANCED_FACE('',(#120),#2213,.F.);
#2276=ADVANCED_FACE('',(#121),#42,.F.);
#2277=ADVANCED_FACE('',(#122),#2214,.T.);
#2278=ADVANCED_FACE('',(#123),#2215,.T.);
#2279=ADVANCED_FACE('',(#124),#43,.F.);
#2280=ADVANCED_FACE('',(#125),#2216,.F.);
#2281=ADVANCED_FACE('',(#126,#23,#24,#25,#26,#27),#44,.F.);
#2282=ADVANCED_FACE('',(#127),#45,.F.);
#2283=ADVANCED_FACE('',(#128),#2217,.T.);
#2284=ADVANCED_FACE('',(#129),#2218,.T.);
#2285=ADVANCED_FACE('',(#130),#46,.F.);
#2286=ADVANCED_FACE('',(#131),#47,.F.);
#2287=ADVANCED_FACE('',(#132),#2219,.F.);
#2288=ADVANCED_FACE('',(#133),#48,.F.);
#2289=ADVANCED_FACE('',(#134),#2220,.T.);
#2290=ADVANCED_FACE('',(#135),#2221,.T.);
#2291=ADVANCED_FACE('',(#136),#49,.F.);
#2292=ADVANCED_FACE('',(#137),#50,.F.);
#2293=ADVANCED_FACE('',(#138),#2222,.F.);
#2294=ADVANCED_FACE('',(#139),#51,.F.);
#2295=ADVANCED_FACE('',(#140),#2223,.T.);
#2296=ADVANCED_FACE('',(#141),#2224,.T.);
#2297=ADVANCED_FACE('',(#142),#52,.F.);
#2298=ADVANCED_FACE('',(#143),#2225,.F.);
#2299=ADVANCED_FACE('',(#144),#53,.F.);
#2300=ADVANCED_FACE('',(#145),#2226,.T.);
#2301=ADVANCED_FACE('',(#146),#54,.F.);
#2302=ADVANCED_FACE('',(#147),#55,.F.);
#2303=ADVANCED_FACE('',(#148),#2227,.T.);
#2304=ADVANCED_FACE('',(#149),#56,.F.);
#2305=ADVANCED_FACE('',(#150),#57,.F.);
#2306=ADVANCED_FACE('',(#151),#2228,.F.);
#2307=ADVANCED_FACE('',(#152),#58,.F.);
#2308=ADVANCED_FACE('',(#153),#2229,.T.);
#2309=ADVANCED_FACE('',(#154),#59,.F.);
#2310=ADVANCED_FACE('',(#155),#2230,.T.);
#2311=ADVANCED_FACE('',(#156),#60,.F.);
#2312=ADVANCED_FACE('',(#157),#2231,.T.);
#2313=ADVANCED_FACE('',(#158),#2232,.T.);
#2314=ADVANCED_FACE('',(#159),#2233,.T.);
#2315=ADVANCED_FACE('',(#160),#61,.F.);
#2316=ADVANCED_FACE('',(#161),#62,.F.);
#2317=ADVANCED_FACE('',(#162),#2234,.T.);
#2318=ADVANCED_FACE('',(#163),#63,.F.);
#2319=ADVANCED_FACE('',(#164),#64,.F.);
#2320=ADVANCED_FACE('',(#165),#2235,.T.);
#2321=ADVANCED_FACE('',(#166),#2236,.F.);
#2322=ADVANCED_FACE('',(#167),#65,.F.);
#2323=ADVANCED_FACE('',(#168),#2237,.T.);
#2324=ADVANCED_FACE('',(#169),#66,.F.);
#2325=ADVANCED_FACE('',(#170),#2238,.T.);
#2326=ADVANCED_FACE('',(#171),#2239,.T.);
#2327=ADVANCED_FACE('',(#172),#67,.F.);
#2328=ADVANCED_FACE('',(#173),#2240,.T.);
#2329=ADVANCED_FACE('',(#174),#68,.F.);
#2330=ADVANCED_FACE('',(#175),#2241,.F.);
#2331=ADVANCED_FACE('',(#176),#69,.F.);
#2332=ADVANCED_FACE('',(#177),#70,.F.);
#2333=ADVANCED_FACE('',(#178),#71,.T.);
#2334=ADVANCED_FACE('',(#179),#72,.F.);
#2335=ADVANCED_FACE('',(#180),#73,.T.);
#2336=ADVANCED_FACE('',(#181),#74,.F.);
#2337=ADVANCED_FACE('',(#182),#75,.T.);
#2338=ADVANCED_FACE('',(#183),#76,.F.);
#2339=ADVANCED_FACE('',(#184),#77,.T.);
#2340=ADVANCED_FACE('',(#185),#78,.F.);
#2341=ADVANCED_FACE('',(#186),#79,.F.);
#2342=ADVANCED_FACE('',(#187),#80,.F.);
#2343=ADVANCED_FACE('',(#188),#81,.F.);
#2344=ADVANCED_FACE('',(#189),#82,.F.);
#2345=ADVANCED_FACE('',(#190),#83,.F.);
#2346=ADVANCED_FACE('',(#191),#84,.F.);
#2347=ADVANCED_FACE('',(#192),#85,.F.);
#2348=ADVANCED_FACE('',(#193),#86,.F.);
#2349=ADVANCED_FACE('',(#194),#87,.F.);
#2350=ADVANCED_FACE('',(#195),#88,.F.);
#2351=ADVANCED_FACE('',(#196),#89,.F.);
#2352=ADVANCED_FACE('',(#197),#90,.F.);
#2353=ADVANCED_FACE('',(#198),#91,.F.);
#2354=ADVANCED_FACE('',(#199),#92,.F.);
#2355=ADVANCED_FACE('',(#200),#93,.F.);
#2356=ADVANCED_FACE('',(#201),#2242,.T.);
#2357=ADVANCED_FACE('',(#202),#94,.T.);
#2358=ADVANCED_FACE('',(#203),#95,.T.);
#2359=ADVANCED_FACE('',(#204),#2243,.T.);
#2360=ADVANCED_FACE('',(#205),#96,.T.);
#2361=ADVANCED_FACE('',(#206),#19,.F.);
#2362=ADVANCED_FACE('',(#207),#2244,.T.);
#2363=ADVANCED_FACE('',(#208),#20,.F.);
#2364=ADVANCED_FACE('',(#209),#2245,.T.);
#2365=ADVANCED_FACE('',(#210),#21,.F.);
#2366=ADVANCED_FACE('',(#211),#2246,.T.);
#2367=ADVANCED_FACE('',(#212),#22,.F.);
#2368=ADVANCED_FACE('',(#213),#2247,.T.);
#2369=ADVANCED_FACE('',(#214),#2248,.T.);
#2370=ADVANCED_FACE('',(#215),#2249,.T.);
#2371=ADVANCED_FACE('',(#216,#28,#29,#30,#31),#97,.T.);
#2372=ADVANCED_FACE('',(#217),#15,.F.);
#2373=ADVANCED_FACE('',(#218),#2250,.F.);
#2374=ADVANCED_FACE('',(#219),#16,.F.);
#2375=ADVANCED_FACE('',(#220),#2251,.F.);
#2376=ADVANCED_FACE('',(#221),#17,.F.);
#2377=ADVANCED_FACE('',(#222),#2252,.F.);
#2378=ADVANCED_FACE('',(#223),#18,.F.);
#2379=ADVANCED_FACE('',(#224),#2253,.F.);
#2380=ADVANCED_FACE('',(#225),#98,.T.);
#2381=CLOSED_SHELL('',(#2254,#2255,#2256,#2257,#2258,#2259,#2260,#2261,
#2262,#2263,#2264,#2265,#2266,#2267,#2268,#2269,#2270,#2271,#2272,#2273,
#2274,#2275,#2276,#2277,#2278,#2279,#2280,#2281,#2282,#2283,#2284,#2285,
#2286,#2287,#2288,#2289,#2290,#2291,#2292,#2293,#2294,#2295,#2296,#2297,
#2298,#2299,#2300,#2301,#2302,#2303,#2304,#2305,#2306,#2307,#2308,#2309,
#2310,#2311,#2312,#2313,#2314,#2315,#2316,#2317,#2318,#2319,#2320,#2321,
#2322,#2323,#2324,#2325,#2326,#2327,#2328,#2329,#2330,#2331,#2332,#2333,
#2334,#2335,#2336,#2337,#2338,#2339,#2340,#2341,#2342,#2343,#2344,#2345,
#2346,#2347,#2348,#2349,#2350,#2351,#2352,#2353,#2354,#2355,#2356,#2357,
#2358,#2359,#2360,#2361,#2362,#2363,#2364,#2365,#2366,#2367,#2368,#2369,
#2370,#2371,#2372,#2373,#2374,#2375,#2376,#2377,#2378,#2379,#2380));
#2382=DERIVED_UNIT_ELEMENT(#2384,1.);
#2383=DERIVED_UNIT_ELEMENT(#4063,-3.);
#2384=(
MASS_UNIT()
NAMED_UNIT(*)
SI_UNIT(.KILO.,.GRAM.)
);
#2385=DERIVED_UNIT((#2382,#2383));
#2386=MEASURE_REPRESENTATION_ITEM('density measure',
POSITIVE_RATIO_MEASURE(7850.),#2385);
#2387=PROPERTY_DEFINITION_REPRESENTATION(#2392,#2389);
#2388=PROPERTY_DEFINITION_REPRESENTATION(#2393,#2390);
#2389=REPRESENTATION('material name',(#2391),#4060);
#2390=REPRESENTATION('density',(#2386),#4060);
#2391=DESCRIPTIVE_REPRESENTATION_ITEM('\X2\AC15CCA0\X0\','\X2\AC15CCA0\X0\');
#2392=PROPERTY_DEFINITION('material property','material name',#4070);
#2393=PROPERTY_DEFINITION('material property','density of part',#4070);
#2394=AXIS2_PLACEMENT_3D('',#3326,#2626,#2627);
#2395=AXIS2_PLACEMENT_3D('',#3327,#2628,#2629);
#2396=AXIS2_PLACEMENT_3D('',#3330,#2630,#2631);
#2397=AXIS2_PLACEMENT_3D('',#3334,#2633,#2634);
#2398=AXIS2_PLACEMENT_3D('',#3336,#2636,#2637);
#2399=AXIS2_PLACEMENT_3D('',#3342,#2641,#2642);
#2400=AXIS2_PLACEMENT_3D('',#3346,#2644,#2645);
#2401=AXIS2_PLACEMENT_3D('',#3350,#2647,#2648);
#2402=AXIS2_PLACEMENT_3D('',#3354,#2650,#2651);
#2403=AXIS2_PLACEMENT_3D('',#3358,#2653,#2654);
#2404=AXIS2_PLACEMENT_3D('',#3362,#2656,#2657);
#2405=AXIS2_PLACEMENT_3D('',#3366,#2659,#2660);
#2406=AXIS2_PLACEMENT_3D('',#3369,#2662,#2663);
#2407=AXIS2_PLACEMENT_3D('',#3370,#2664,#2665);
#2408=AXIS2_PLACEMENT_3D('',#3374,#2667,#2668);
#2409=AXIS2_PLACEMENT_3D('',#3376,#2670,#2671);
#2410=AXIS2_PLACEMENT_3D('',#3380,#2674,#2675);
#2411=AXIS2_PLACEMENT_3D('',#3383,#2676,#2677);
#2412=AXIS2_PLACEMENT_3D('',#3387,#2679,#2680);
#2413=AXIS2_PLACEMENT_3D('',#3389,#2682,#2683);
#2414=AXIS2_PLACEMENT_3D('',#3395,#2687,#2688);
#2415=AXIS2_PLACEMENT_3D('',#3399,#2690,#2691);
#2416=AXIS2_PLACEMENT_3D('',#3403,#2693,#2694);
#2417=AXIS2_PLACEMENT_3D('',#3406,#2696,#2697);
#2418=AXIS2_PLACEMENT_3D('',#3407,#2698,#2699);
#2419=AXIS2_PLACEMENT_3D('',#3410,#2701,#2702);
#2420=AXIS2_PLACEMENT_3D('',#3411,#2703,#2704);
#2421=AXIS2_PLACEMENT_3D('',#3415,#2707,#2708);
#2422=AXIS2_PLACEMENT_3D('',#3419,#2710,#2711);
#2423=AXIS2_PLACEMENT_3D('',#3421,#2713,#2714);
#2424=AXIS2_PLACEMENT_3D('',#3423,#2716,#2717);
#2425=AXIS2_PLACEMENT_3D('',#3426,#2719,#2720);
#2426=AXIS2_PLACEMENT_3D('',#3427,#2721,#2722);
#2427=AXIS2_PLACEMENT_3D('',#3430,#2723,#2724);
#2428=AXIS2_PLACEMENT_3D('',#3434,#2726,#2727);
#2429=AXIS2_PLACEMENT_3D('',#3436,#2729,#2730);
#2430=AXIS2_PLACEMENT_3D('',#3442,#2734,#2735);
#2431=AXIS2_PLACEMENT_3D('',#3446,#2737,#2738);
#2432=AXIS2_PLACEMENT_3D('',#3450,#2740,#2741);
#2433=AXIS2_PLACEMENT_3D('',#3453,#2743,#2744);
#2434=AXIS2_PLACEMENT_3D('',#3454,#2745,#2746);
#2435=AXIS2_PLACEMENT_3D('',#3458,#2748,#2749);
#2436=AXIS2_PLACEMENT_3D('',#3460,#2751,#2752);
#2437=AXIS2_PLACEMENT_3D('',#3464,#2755,#2756);
#2438=AXIS2_PLACEMENT_3D('',#3466,#2757,#2758);
#2439=AXIS2_PLACEMENT_3D('',#3468,#2760,#2761);
#2440=AXIS2_PLACEMENT_3D('',#3471,#2763,#2764);
#2441=AXIS2_PLACEMENT_3D('',#3472,#2765,#2766);
#2442=AXIS2_PLACEMENT_3D('',#3475,#2768,#2769);
#2443=AXIS2_PLACEMENT_3D('',#3476,#2770,#2771);
#2444=AXIS2_PLACEMENT_3D('',#3479,#2772,#2773);
#2445=AXIS2_PLACEMENT_3D('',#3482,#2776,#2777);
#2446=AXIS2_PLACEMENT_3D('',#3484,#2779,#2780);
#2447=AXIS2_PLACEMENT_3D('',#3486,#2781,#2782);
#2448=AXIS2_PLACEMENT_3D('',#3488,#2784,#2785);
#2449=AXIS2_PLACEMENT_3D('',#3492,#2787,#2788);
#2450=AXIS2_PLACEMENT_3D('',#3494,#2790,#2791);
#2451=AXIS2_PLACEMENT_3D('',#3498,#2794,#2795);
#2452=AXIS2_PLACEMENT_3D('',#3500,#2796,#2797);
#2453=AXIS2_PLACEMENT_3D('',#3502,#2799,#2800);
#2454=AXIS2_PLACEMENT_3D('',#3505,#2801,#2802);
#2455=AXIS2_PLACEMENT_3D('',#3509,#2804,#2805);
#2456=AXIS2_PLACEMENT_3D('',#3517,#2809,#2810);
#2457=AXIS2_PLACEMENT_3D('',#3521,#2812,#2813);
#2458=AXIS2_PLACEMENT_3D('',#3525,#2815,#2816);
#2459=AXIS2_PLACEMENT_3D('',#3533,#2820,#2821);
#2460=AXIS2_PLACEMENT_3D('',#3537,#2823,#2824);
#2461=AXIS2_PLACEMENT_3D('',#3541,#2826,#2827);
#2462=AXIS2_PLACEMENT_3D('',#3549,#2831,#2832);
#2463=AXIS2_PLACEMENT_3D('',#3553,#2834,#2835);
#2464=AXIS2_PLACEMENT_3D('',#3557,#2837,#2838);
#2465=AXIS2_PLACEMENT_3D('',#3565,#2842,#2843);
#2466=AXIS2_PLACEMENT_3D('',#3572,#2848,#2849);
#2467=AXIS2_PLACEMENT_3D('',#3579,#2854,#2855);
#2468=AXIS2_PLACEMENT_3D('',#3583,#2857,#2858);
#2469=AXIS2_PLACEMENT_3D('',#3587,#2860,#2861);
#2470=AXIS2_PLACEMENT_3D('',#3591,#2863,#2864);
#2471=AXIS2_PLACEMENT_3D('',#3595,#2866,#2867);
#2472=AXIS2_PLACEMENT_3D('',#3599,#2869,#2870);
#2473=AXIS2_PLACEMENT_3D('',#3603,#2872,#2873);
#2474=AXIS2_PLACEMENT_3D('',#3607,#2875,#2876);
#2475=AXIS2_PLACEMENT_3D('',#3611,#2878,#2879);
#2476=AXIS2_PLACEMENT_3D('',#3615,#2881,#2882);
#2477=AXIS2_PLACEMENT_3D('',#3619,#2884,#2885);
#2478=AXIS2_PLACEMENT_3D('',#3623,#2887,#2888);
#2479=AXIS2_PLACEMENT_3D('',#3625,#2890,#2891);
#2480=AXIS2_PLACEMENT_3D('',#3627,#2893,#2894);
#2481=AXIS2_PLACEMENT_3D('',#3629,#2896,#2897);
#2482=AXIS2_PLACEMENT_3D('',#3632,#2898,#2899);
#2483=AXIS2_PLACEMENT_3D('',#3635,#2902,#2903);
#2484=AXIS2_PLACEMENT_3D('',#3639,#2906,#2907);
#2485=AXIS2_PLACEMENT_3D('',#3647,#2911,#2912);
#2486=AXIS2_PLACEMENT_3D('',#3650,#2914,#2915);
#2487=AXIS2_PLACEMENT_3D('',#3651,#2916,#2917);
#2488=AXIS2_PLACEMENT_3D('',#3653,#2919,#2920);
#2489=AXIS2_PLACEMENT_3D('',#3655,#2922,#2923);
#2490=AXIS2_PLACEMENT_3D('',#3657,#2925,#2926);
#2491=AXIS2_PLACEMENT_3D('',#3660,#2927,#2928);
#2492=AXIS2_PLACEMENT_3D('',#3663,#2931,#2932);
#2493=AXIS2_PLACEMENT_3D('',#3667,#2935,#2936);
#2494=AXIS2_PLACEMENT_3D('',#3675,#2940,#2941);
#2495=AXIS2_PLACEMENT_3D('',#3678,#2943,#2944);
#2496=AXIS2_PLACEMENT_3D('',#3679,#2945,#2946);
#2497=AXIS2_PLACEMENT_3D('',#3681,#2948,#2949);
#2498=AXIS2_PLACEMENT_3D('',#3683,#2951,#2952);
#2499=AXIS2_PLACEMENT_3D('',#3685,#2954,#2955);
#2500=AXIS2_PLACEMENT_3D('',#3688,#2956,#2957);
#2501=AXIS2_PLACEMENT_3D('',#3691,#2960,#2961);
#2502=AXIS2_PLACEMENT_3D('',#3695,#2964,#2965);
#2503=AXIS2_PLACEMENT_3D('',#3699,#2967,#2968);
#2504=AXIS2_PLACEMENT_3D('',#3701,#2970,#2971);
#2505=AXIS2_PLACEMENT_3D('',#3703,#2973,#2974);
#2506=AXIS2_PLACEMENT_3D('',#3706,#2975,#2976);
#2507=AXIS2_PLACEMENT_3D('',#3709,#2979,#2980);
#2508=AXIS2_PLACEMENT_3D('',#3713,#2983,#2984);
#2509=AXIS2_PLACEMENT_3D('',#3715,#2985,#2986);
#2510=AXIS2_PLACEMENT_3D('',#3719,#2988,#2989);
#2511=AXIS2_PLACEMENT_3D('',#3722,#2991,#2992);
#2512=AXIS2_PLACEMENT_3D('',#3724,#2994,#2995);
#2513=AXIS2_PLACEMENT_3D('',#3727,#2996,#2997);
#2514=AXIS2_PLACEMENT_3D('',#3730,#3000,#3001);
#2515=AXIS2_PLACEMENT_3D('',#3734,#3004,#3005);
#2516=AXIS2_PLACEMENT_3D('',#3738,#3007,#3008);
#2517=AXIS2_PLACEMENT_3D('',#3742,#3010,#3011);
#2518=AXIS2_PLACEMENT_3D('',#3754,#3018,#3019);
#2519=AXIS2_PLACEMENT_3D('',#3757,#3022,#3023);
#2520=AXIS2_PLACEMENT_3D('',#3759,#3025,#3026);
#2521=AXIS2_PLACEMENT_3D('',#3761,#3028,#3029);
#2522=AXIS2_PLACEMENT_3D('',#3763,#3031,#3032);
#2523=AXIS2_PLACEMENT_3D('',#3765,#3034,#3035);
#2524=AXIS2_PLACEMENT_3D('',#3767,#3037,#3038);
#2525=AXIS2_PLACEMENT_3D('',#3769,#3040,#3041);
#2526=AXIS2_PLACEMENT_3D('',#3771,#3043,#3044);
#2527=AXIS2_PLACEMENT_3D('',#3774,#3045,#3046);
#2528=AXIS2_PLACEMENT_3D('',#3777,#3049,#3050);
#2529=AXIS2_PLACEMENT_3D('',#3781,#3053,#3054);
#2530=AXIS2_PLACEMENT_3D('',#3785,#3056,#3057);
#2531=AXIS2_PLACEMENT_3D('',#3789,#3059,#3060);
#2532=AXIS2_PLACEMENT_3D('',#3801,#3067,#3068);
#2533=AXIS2_PLACEMENT_3D('',#3804,#3069,#3070);
#2534=AXIS2_PLACEMENT_3D('',#3807,#3073,#3074);
#2535=AXIS2_PLACEMENT_3D('',#3811,#3076,#3077);
#2536=AXIS2_PLACEMENT_3D('',#3815,#3079,#3080);
#2537=AXIS2_PLACEMENT_3D('',#3819,#3082,#3083);
#2538=AXIS2_PLACEMENT_3D('',#3823,#3085,#3086);
#2539=AXIS2_PLACEMENT_3D('',#3827,#3088,#3089);
#2540=AXIS2_PLACEMENT_3D('',#3829,#3091,#3092);
#2541=AXIS2_PLACEMENT_3D('',#3831,#3094,#3095);
#2542=AXIS2_PLACEMENT_3D('',#3833,#3097,#3098);
#2543=AXIS2_PLACEMENT_3D('',#3836,#3101,#3102);
#2544=AXIS2_PLACEMENT_3D('',#3838,#3104,#3105);
#2545=AXIS2_PLACEMENT_3D('',#3840,#3107,#3108);
#2546=AXIS2_PLACEMENT_3D('',#3842,#3110,#3111);
#2547=AXIS2_PLACEMENT_3D('',#3844,#3113,#3114);
#2548=AXIS2_PLACEMENT_3D('',#3847,#3117,#3118);
#2549=AXIS2_PLACEMENT_3D('',#3849,#3120,#3121);
#2550=AXIS2_PLACEMENT_3D('',#3852,#3124,#3125);
#2551=AXIS2_PLACEMENT_3D('',#3853,#3126,#3127);
#2552=AXIS2_PLACEMENT_3D('',#3856,#3130,#3131);
#2553=AXIS2_PLACEMENT_3D('',#3857,#3132,#3133);
#2554=AXIS2_PLACEMENT_3D('',#3863,#3137,#3138);
#2555=AXIS2_PLACEMENT_3D('',#3867,#3140,#3141);
#2556=AXIS2_PLACEMENT_3D('',#3869,#3143,#3144);
#2557=AXIS2_PLACEMENT_3D('',#3875,#3148,#3149);
#2558=AXIS2_PLACEMENT_3D('',#3880,#3152,#3153);
#2559=AXIS2_PLACEMENT_3D('',#3881,#3154,#3155);
#2560=AXIS2_PLACEMENT_3D('',#3887,#3159,#3160);
#2561=AXIS2_PLACEMENT_3D('',#3891,#3162,#3163);
#2562=AXIS2_PLACEMENT_3D('',#3893,#3165,#3166);
#2563=AXIS2_PLACEMENT_3D('',#3899,#3170,#3171);
#2564=AXIS2_PLACEMENT_3D('',#3902,#3172,#3173);
#2565=AXIS2_PLACEMENT_3D('',#3905,#3176,#3177);
#2566=AXIS2_PLACEMENT_3D('',#3906,#3178,#3179);
#2567=AXIS2_PLACEMENT_3D('',#3907,#3180,#3181);
#2568=AXIS2_PLACEMENT_3D('',#3908,#3182,#3183);
#2569=AXIS2_PLACEMENT_3D('',#3909,#3184,#3185);
#2570=AXIS2_PLACEMENT_3D('',#3910,#3186,#3187);
#2571=AXIS2_PLACEMENT_3D('',#3911,#3188,#3189);
#2572=AXIS2_PLACEMENT_3D('',#3912,#3190,#3191);
#2573=AXIS2_PLACEMENT_3D('',#3913,#3192,#3193);
#2574=AXIS2_PLACEMENT_3D('',#3914,#3194,#3195);
#2575=AXIS2_PLACEMENT_3D('',#3915,#3196,#3197);
#2576=AXIS2_PLACEMENT_3D('',#3917,#3199,#3200);
#2577=AXIS2_PLACEMENT_3D('',#3919,#3202,#3203);
#2578=AXIS2_PLACEMENT_3D('',#3920,#3204,#3205);
#2579=AXIS2_PLACEMENT_3D('',#3922,#3207,#3208);
#2580=AXIS2_PLACEMENT_3D('',#3924,#3210,#3211);
#2581=AXIS2_PLACEMENT_3D('',#3925,#3212,#3213);
#2582=AXIS2_PLACEMENT_3D('',#3929,#3215,#3216);
#2583=AXIS2_PLACEMENT_3D('',#3931,#3218,#3219);
#2584=AXIS2_PLACEMENT_3D('',#3937,#3223,#3224);
#2585=AXIS2_PLACEMENT_3D('',#3941,#3227,#3228);
#2586=AXIS2_PLACEMENT_3D('',#3944,#3230,#3231);
#2587=AXIS2_PLACEMENT_3D('',#3945,#3232,#3233);
#2588=AXIS2_PLACEMENT_3D('',#3959,#3236,#3237);
#2589=AXIS2_PLACEMENT_3D('',#3960,#3238,#3239);
#2590=AXIS2_PLACEMENT_3D('',#3962,#3240,#3241);
#2591=AXIS2_PLACEMENT_3D('',#3963,#3242,#3243);
#2592=AXIS2_PLACEMENT_3D('',#3964,#3244,#3245);
#2593=AXIS2_PLACEMENT_3D('',#3975,#3246,#3247);
#2594=AXIS2_PLACEMENT_3D('',#3977,#3248,#3249);
#2595=AXIS2_PLACEMENT_3D('',#3979,#3250,#3251);
#2596=AXIS2_PLACEMENT_3D('',#3980,#3252,#3253);
#2597=AXIS2_PLACEMENT_3D('',#3981,#3254,#3255);
#2598=AXIS2_PLACEMENT_3D('',#3993,#3257,#3258);
#2599=AXIS2_PLACEMENT_3D('',#3995,#3259,#3260);
#2600=AXIS2_PLACEMENT_3D('',#3996,#3261,#3262);
#2601=AXIS2_PLACEMENT_3D('',#3997,#3263,#3264);
#2602=AXIS2_PLACEMENT_3D('',#4009,#3266,#3267);
#2603=AXIS2_PLACEMENT_3D('',#4011,#3268,#3269);
#2604=AXIS2_PLACEMENT_3D('',#4012,#3270,#3271);
#2605=AXIS2_PLACEMENT_3D('',#4013,#3272,#3273);
#2606=AXIS2_PLACEMENT_3D('',#4015,#3275,#3276);
#2607=AXIS2_PLACEMENT_3D('',#4018,#3279,#3280);
#2608=AXIS2_PLACEMENT_3D('',#4020,#3282,#3283);
#2609=AXIS2_PLACEMENT_3D('',#4022,#3284,#3285);
#2610=AXIS2_PLACEMENT_3D('',#4024,#3286,#3287);
#2611=AXIS2_PLACEMENT_3D('',#4026,#3288,#3289);
#2612=AXIS2_PLACEMENT_3D('',#4028,#3290,#3291);
#2613=AXIS2_PLACEMENT_3D('',#4029,#3292,#3293);
#2614=AXIS2_PLACEMENT_3D('',#4031,#3294,#3295);
#2615=AXIS2_PLACEMENT_3D('',#4034,#3297,#3298);
#2616=AXIS2_PLACEMENT_3D('',#4036,#3300,#3301);
#2617=AXIS2_PLACEMENT_3D('',#4038,#3302,#3303);
#2618=AXIS2_PLACEMENT_3D('',#4041,#3305,#3306);
#2619=AXIS2_PLACEMENT_3D('',#4043,#3308,#3309);
#2620=AXIS2_PLACEMENT_3D('',#4045,#3310,#3311);
#2621=AXIS2_PLACEMENT_3D('',#4048,#3313,#3314);
#2622=AXIS2_PLACEMENT_3D('',#4050,#3316,#3317);
#2623=AXIS2_PLACEMENT_3D('',#4052,#3318,#3319);
#2624=AXIS2_PLACEMENT_3D('',#4055,#3321,#3322);
#2625=AXIS2_PLACEMENT_3D('',#4057,#3324,#3325);
#2626=DIRECTION('axis',(0.,0.,1.));
#2627=DIRECTION('refdir',(1.,0.,0.));
#2628=DIRECTION('center_axis',(0.,0.,1.));
#2629=DIRECTION('ref_axis',(-2.94392336003207E-16,1.,0.));
#2630=DIRECTION('center_axis',(0.,0.,1.));
#2631=DIRECTION('ref_axis',(-2.94392336003207E-16,1.,0.));
#2632=DIRECTION('',(0.,0.,1.));
#2633=DIRECTION('center_axis',(0.,0.,1.));
#2634=DIRECTION('ref_axis',(-2.94392336003207E-16,1.,0.));
#2635=DIRECTION('',(0.,0.,-1.));
#2636=DIRECTION('center_axis',(0.707106781186548,-0.707106781186547,0.));
#2637=DIRECTION('ref_axis',(0.707106781186547,0.707106781186548,0.));
#2638=DIRECTION('',(0.707106781186547,0.707106781186548,0.));
#2639=DIRECTION('',(0.,0.,-1.));
#2640=DIRECTION('',(0.707106781186547,0.707106781186548,0.));
#2641=DIRECTION('center_axis',(0.,0.,1.));
#2642=DIRECTION('ref_axis',(1.,0.,0.));
#2643=DIRECTION('',(0.707106781186547,-0.707106781186548,0.));
#2644=DIRECTION('center_axis',(0.,0.,1.));
#2645=DIRECTION('ref_axis',(1.,7.85046229341888E-16,0.));
#2646=DIRECTION('',(-0.707106781186547,-0.707106781186548,0.));
#2647=DIRECTION('center_axis',(0.,0.,-1.));
#2648=DIRECTION('ref_axis',(-1.,-3.92523114670944E-16,0.));
#2649=DIRECTION('',(0.707106781186547,-0.707106781186548,0.));
#2650=DIRECTION('center_axis',(0.,0.,1.));
#2651=DIRECTION('ref_axis',(1.,0.,0.));
#2652=DIRECTION('',(-0.707106781186548,-0.707106781186547,0.));
#2653=DIRECTION('center_axis',(0.,0.,1.));
#2654=DIRECTION('ref_axis',(2.94392336003207E-16,-1.,0.));
#2655=DIRECTION('',(-0.707106781186548,0.707106781186547,0.));
#2656=DIRECTION('center_axis',(0.,0.,1.));
#2657=DIRECTION('ref_axis',(-1.,0.,0.));
#2658=DIRECTION('',(0.707106781186547,0.707106781186548,0.));
#2659=DIRECTION('center_axis',(0.,0.,-1.));
#2660=DIRECTION('ref_axis',(1.,-9.81307786677359E-17,0.));
#2661=DIRECTION('',(-0.707106781186548,0.707106781186547,0.));
#2662=DIRECTION('center_axis',(0.,0.,1.));
#2663=DIRECTION('ref_axis',(-1.,0.,0.));
#2664=DIRECTION('center_axis',(0.,0.,1.));
#2665=DIRECTION('ref_axis',(2.94392336003207E-16,-1.,0.));
#2666=DIRECTION('',(0.,0.,1.));
#2667=DIRECTION('center_axis',(0.,0.,1.));
#2668=DIRECTION('ref_axis',(2.94392336003207E-16,-1.,0.));
#2669=DIRECTION('',(0.,0.,-1.));
#2670=DIRECTION('center_axis',(0.707106781186547,0.707106781186548,0.));
#2671=DIRECTION('ref_axis',(-0.707106781186548,0.707106781186547,0.));
#2672=DIRECTION('',(-0.707106781186548,0.707106781186547,0.));
#2673=DIRECTION('',(0.,0.,1.));
#2674=DIRECTION('center_axis',(0.,0.,1.));
#2675=DIRECTION('ref_axis',(-3.14018491736756E-15,-1.,0.));
#2676=DIRECTION('center_axis',(0.,0.,1.));
#2677=DIRECTION('ref_axis',(-3.14018491736756E-15,-1.,0.));
#2678=DIRECTION('',(0.,0.,1.));
#2679=DIRECTION('center_axis',(0.,0.,1.));
#2680=DIRECTION('ref_axis',(-3.14018491736756E-15,-1.,0.));
#2681=DIRECTION('',(0.,0.,-1.));
#2682=DIRECTION('center_axis',(-0.707106781186547,0.707106781186548,0.));
#2683=DIRECTION('ref_axis',(-0.707106781186548,-0.707106781186547,0.));
#2684=DIRECTION('',(-0.707106781186548,-0.707106781186547,0.));
#2685=DIRECTION('',(0.,0.,-1.));
#2686=DIRECTION('',(-0.707106781186548,-0.707106781186547,0.));
#2687=DIRECTION('center_axis',(0.,0.,1.));
#2688=DIRECTION('ref_axis',(1.,0.,0.));
#2689=DIRECTION('',(-0.707106781186543,0.707106781186552,0.));
#2690=DIRECTION('center_axis',(0.,0.,1.));
#2691=DIRECTION('ref_axis',(-1.,2.94392336003206E-16,0.));
#2692=DIRECTION('',(0.707106781186544,0.707106781186551,0.));
#2693=DIRECTION('center_axis',(0.,0.,1.));
#2694=DIRECTION('ref_axis',(-3.14018491736756E-15,1.,0.));
#2695=DIRECTION('',(0.707106781186547,-0.707106781186548,0.));
#2696=DIRECTION('center_axis',(0.,0.,1.));
#2697=DIRECTION('ref_axis',(1.,-2.94392336003207E-16,0.));
#2698=DIRECTION('center_axis',(0.,0.,1.));
#2699=DIRECTION('ref_axis',(1.,-2.94392336003207E-16,0.));
#2700=DIRECTION('',(0.,0.,1.));
#2701=DIRECTION('center_axis',(0.,0.,1.));
#2702=DIRECTION('ref_axis',(1.,-2.94392336003207E-16,0.));
#2703=DIRECTION('center_axis',(-0.707106781186548,-0.707106781186547,0.));
#2704=DIRECTION('ref_axis',(0.707106781186547,-0.707106781186548,0.));
#2705=DIRECTION('',(0.,0.,-1.));
#2706=DIRECTION('',(0.707106781186547,-0.707106781186548,0.));
#2707=DIRECTION('center_axis',(0.,0.,1.));
#2708=DIRECTION('ref_axis',(-1.,2.94392336003206E-16,0.));
#2709=DIRECTION('',(0.,0.,1.));
#2710=DIRECTION('center_axis',(0.,0.,1.));
#2711=DIRECTION('ref_axis',(-1.,2.94392336003206E-16,0.));
#2712=DIRECTION('',(0.,0.,-1.));
#2713=DIRECTION('center_axis',(0.707106781186552,0.707106781186543,0.));
#2714=DIRECTION('ref_axis',(-0.707106781186543,0.707106781186552,0.));
#2715=DIRECTION('',(-0.707106781186543,0.707106781186552,0.));
#2716=DIRECTION('center_axis',(0.,0.,1.));
#2717=DIRECTION('ref_axis',(-3.14018491736756E-15,1.,0.));
#2718=DIRECTION('',(0.,0.,1.));
#2719=DIRECTION('center_axis',(0.,0.,1.));
#2720=DIRECTION('ref_axis',(-3.14018491736756E-15,1.,0.));
#2721=DIRECTION('center_axis',(0.,0.,1.));
#2722=DIRECTION('ref_axis',(1.,-1.57009245868377E-15,0.));
#2723=DIRECTION('center_axis',(0.,0.,1.));
#2724=DIRECTION('ref_axis',(1.,-1.57009245868377E-15,0.));
#2725=DIRECTION('',(0.,0.,1.));
#2726=DIRECTION('center_axis',(0.,0.,1.));
#2727=DIRECTION('ref_axis',(1.,-1.57009245868377E-15,0.));
#2728=DIRECTION('',(0.,0.,-1.));
#2729=DIRECTION('center_axis',(-0.707106781186549,-0.707106781186546,0.));
#2730=DIRECTION('ref_axis',(0.707106781186546,-0.707106781186549,0.));
#2731=DIRECTION('',(0.707106781186546,-0.707106781186549,0.));
#2732=DIRECTION('',(0.,0.,-1.));
#2733=DIRECTION('',(0.707106781186546,-0.707106781186549,0.));
#2734=DIRECTION('center_axis',(0.,0.,1.));
#2735=DIRECTION('ref_axis',(1.,0.,0.));
#2736=DIRECTION('',(-0.707106781186549,-0.707106781186546,0.));
#2737=DIRECTION('center_axis',(0.,0.,1.));
#2738=DIRECTION('ref_axis',(0.,-1.,0.));
#2739=DIRECTION('',(-0.707106781186548,0.707106781186547,0.));
#2740=DIRECTION('center_axis',(0.,0.,1.));
#2741=DIRECTION('ref_axis',(-1.,-3.92523114670943E-16,0.));
#2742=DIRECTION('',(0.707106781186547,0.707106781186548,0.));
#2743=DIRECTION('center_axis',(0.,0.,1.));
#2744=DIRECTION('ref_axis',(3.14018491736755E-15,1.,0.));
#2745=DIRECTION('center_axis',(0.,0.,1.));
#2746=DIRECTION('ref_axis',(0.,-1.,0.));
#2747=DIRECTION('',(0.,0.,1.));
#2748=DIRECTION('center_axis',(0.,0.,1.));
#2749=DIRECTION('ref_axis',(0.,-1.,0.));
#2750=DIRECTION('',(0.,0.,-1.));
#2751=DIRECTION('center_axis',(0.707106781186547,0.707106781186548,0.));
#2752=DIRECTION('ref_axis',(-0.707106781186548,0.707106781186547,0.));
#2753=DIRECTION('',(-0.707106781186548,0.707106781186547,0.));
#2754=DIRECTION('',(0.,0.,1.));
#2755=DIRECTION('center_axis',(0.,0.,1.));
#2756=DIRECTION('ref_axis',(-1.,-3.92523114670943E-16,0.));
#2757=DIRECTION('center_axis',(0.,0.,1.));
#2758=DIRECTION('ref_axis',(-1.,-3.92523114670943E-16,0.));
#2759=DIRECTION('',(0.,0.,-1.));
#2760=DIRECTION('center_axis',(0.,0.,1.));
#2761=DIRECTION('ref_axis',(3.14018491736755E-15,1.,0.));
#2762=DIRECTION('',(0.,0.,1.));
#2763=DIRECTION('center_axis',(0.,0.,1.));
#2764=DIRECTION('ref_axis',(3.14018491736755E-15,1.,0.));
#2765=DIRECTION('center_axis',(0.,0.,1.));
#2766=DIRECTION('ref_axis',(-1.,0.,0.));
#2767=DIRECTION('',(0.,0.,1.));
#2768=DIRECTION('center_axis',(0.,0.,1.));
#2769=DIRECTION('ref_axis',(-1.,0.,0.));
#2770=DIRECTION('center_axis',(0.,0.,1.));
#2771=DIRECTION('ref_axis',(1.,-9.81307786677359E-17,0.));
#2772=DIRECTION('center_axis',(0.,0.,-1.));
#2773=DIRECTION('ref_axis',(1.,-9.81307786677359E-17,0.));
#2774=DIRECTION('',(0.,0.,-1.));
#2775=DIRECTION('',(0.,0.,1.));
#2776=DIRECTION('center_axis',(0.707106781186547,0.707106781186548,0.));
#2777=DIRECTION('ref_axis',(-0.707106781186548,0.707106781186547,0.));
#2778=DIRECTION('',(-0.707106781186548,0.707106781186547,0.));
#2779=DIRECTION('center_axis',(0.,0.,1.));
#2780=DIRECTION('ref_axis',(-1.,0.,0.));
#2781=DIRECTION('center_axis',(0.,0.,1.));
#2782=DIRECTION('ref_axis',(-1.,0.,0.));
#2783=DIRECTION('',(0.,0.,-1.));
#2784=DIRECTION('center_axis',(0.,0.,1.));
#2785=DIRECTION('ref_axis',(1.,0.,0.));
#2786=DIRECTION('',(0.,0.,1.));
#2787=DIRECTION('center_axis',(0.,0.,1.));
#2788=DIRECTION('ref_axis',(1.,0.,0.));
#2789=DIRECTION('',(0.,0.,-1.));
#2790=DIRECTION('center_axis',(-0.707106781186548,-0.707106781186547,0.));
#2791=DIRECTION('ref_axis',(0.707106781186547,-0.707106781186548,0.));
#2792=DIRECTION('',(0.,0.,-1.));
#2793=DIRECTION('',(0.707106781186547,-0.707106781186548,0.));
#2794=DIRECTION('center_axis',(0.,0.,1.));
#2795=DIRECTION('ref_axis',(-1.,-3.92523114670944E-16,0.));
#2796=DIRECTION('center_axis',(0.,0.,-1.));
#2797=DIRECTION('ref_axis',(-1.,-3.92523114670944E-16,0.));
#2798=DIRECTION('',(0.,0.,1.));
#2799=DIRECTION('center_axis',(0.,0.,1.));
#2800=DIRECTION('ref_axis',(1.,0.,0.));
#2801=DIRECTION('center_axis',(0.,0.,-1.));
#2802=DIRECTION('ref_axis',(-4.90653893338679E-16,1.,0.));
#2803=DIRECTION('',(-0.707106781186548,0.707106781186547,0.));
#2804=DIRECTION('center_axis',(0.,0.,1.));
#2805=DIRECTION('ref_axis',(1.57009245868378E-15,-1.,0.));
#2806=DIRECTION('',(-0.707106781186548,-0.707106781186547,0.));
#2807=DIRECTION('',(-1.,2.77555756156289E-17,0.));
#2808=DIRECTION('',(0.707106781186548,0.707106781186547,0.));
#2809=DIRECTION('center_axis',(0.,0.,1.));
#2810=DIRECTION('ref_axis',(-1.,6.28036983473509E-15,0.));
#2811=DIRECTION('',(-0.707106781186547,0.707106781186548,0.));
#2812=DIRECTION('center_axis',(0.,0.,-1.));
#2813=DIRECTION('ref_axis',(1.,4.90653893338681E-16,0.));
#2814=DIRECTION('',(0.707106781186547,0.707106781186548,0.));
#2815=DIRECTION('center_axis',(0.,0.,1.));
#2816=DIRECTION('ref_axis',(-1.,0.,0.));
#2817=DIRECTION('',(-0.707106781186548,0.707106781186547,0.));
#2818=DIRECTION('',(1.,0.,0.));
#2819=DIRECTION('',(0.707106781186548,-0.707106781186547,0.));
#2820=DIRECTION('center_axis',(0.,0.,1.));
#2821=DIRECTION('ref_axis',(-1.57009245868378E-15,1.,0.));
#2822=DIRECTION('',(0.707106781186547,0.707106781186548,0.));
#2823=DIRECTION('center_axis',(0.,0.,-1.));
#2824=DIRECTION('ref_axis',(1.96261557335472E-16,-1.,0.));
#2825=DIRECTION('',(0.707106781186547,-0.707106781186548,0.));
#2826=DIRECTION('center_axis',(0.,0.,1.));
#2827=DIRECTION('ref_axis',(-1.57009245868378E-15,1.,0.));
#2828=DIRECTION('',(0.707106781186548,0.707106781186548,0.));
#2829=DIRECTION('',(1.,0.,0.));
#2830=DIRECTION('',(-0.707106781186547,-0.707106781186548,0.));
#2831=DIRECTION('center_axis',(0.,0.,1.));
#2832=DIRECTION('ref_axis',(1.,-3.14018491736756E-15,0.));
#2833=DIRECTION('',(0.707106781186547,-0.707106781186548,0.));
#2834=DIRECTION('center_axis',(0.,0.,-1.));
#2835=DIRECTION('ref_axis',(-1.,1.86448479468697E-15,0.));
#2836=DIRECTION('',(-0.707106781186547,-0.707106781186548,0.));
#2837=DIRECTION('center_axis',(0.,0.,1.));
#2838=DIRECTION('ref_axis',(1.,-3.14018491736755E-15,0.));
#2839=DIRECTION('',(0.707106781186548,-0.707106781186547,0.));
#2840=DIRECTION('',(-1.,2.77555756156289E-17,0.));
#2841=DIRECTION('',(-0.707106781186548,0.707106781186547,0.));
#2842=DIRECTION('center_axis',(0.,0.,1.));
#2843=DIRECTION('ref_axis',(0.,-1.,0.));
#2844=DIRECTION('',(-0.707106781186548,-0.707106781186547,0.));
#2845=DIRECTION('',(0.707106781186547,0.707106781186548,0.));
#2846=DIRECTION('',(-0.707106781186548,-0.707106781186547,0.));
#2847=DIRECTION('',(-0.707106781186547,-0.707106781186548,0.));
#2848=DIRECTION('center_axis',(0.,0.,1.));
#2849=DIRECTION('ref_axis',(1.,7.85046229341888E-16,0.));
#2850=DIRECTION('',(0.707106781186547,-0.707106781186548,0.));
#2851=DIRECTION('',(0.707106781186547,0.707106781186548,0.));
#2852=DIRECTION('',(-0.707106781186549,-0.707106781186546,0.));
#2853=DIRECTION('',(0.707106781186544,0.707106781186551,0.));
#2854=DIRECTION('center_axis',(0.,0.,-1.));
#2855=DIRECTION('ref_axis',(-1.,9.81307786677358E-17,0.));
#2856=DIRECTION('',(-0.707106781186548,-0.707106781186547,0.));
#2857=DIRECTION('center_axis',(0.,0.,1.));
#2858=DIRECTION('ref_axis',(1.,0.,0.));
#2859=DIRECTION('',(0.707106781186548,-0.707106781186547,0.));
#2860=DIRECTION('center_axis',(0.,0.,1.));
#2861=DIRECTION('ref_axis',(0.,1.,0.));
#2862=DIRECTION('',(0.707106781186548,0.707106781186547,0.));
#2863=DIRECTION('center_axis',(0.,0.,1.));
#2864=DIRECTION('ref_axis',(-1.,-2.94392336003208E-16,0.));
#2865=DIRECTION('',(-0.707106781186547,0.707106781186548,0.));
#2866=DIRECTION('center_axis',(0.,0.,1.));
#2867=DIRECTION('ref_axis',(3.14018491736755E-15,-1.,0.));
#2868=DIRECTION('',(-0.707106781186547,-0.707106781186548,0.));
#2869=DIRECTION('center_axis',(0.,0.,1.));
#2870=DIRECTION('ref_axis',(1.,0.,0.));
#2871=DIRECTION('',(0.707106781186547,-0.707106781186548,0.));
#2872=DIRECTION('center_axis',(0.,0.,-1.));
#2873=DIRECTION('ref_axis',(1.,6.86915450674153E-16,0.));
#2874=DIRECTION('',(0.707106781186547,0.707106781186548,0.));
#2875=DIRECTION('center_axis',(0.,0.,1.));
#2876=DIRECTION('ref_axis',(-1.,0.,0.));
#2877=DIRECTION('',(-0.707106781186548,0.707106781186547,0.));
#2878=DIRECTION('center_axis',(0.,0.,1.));
#2879=DIRECTION('ref_axis',(0.,-1.,0.));
#2880=DIRECTION('',(-0.707106781186547,-0.707106781186548,0.));
#2881=DIRECTION('center_axis',(0.,0.,1.));
#2882=DIRECTION('ref_axis',(1.,9.81307786677361E-17,0.));
#2883=DIRECTION('',(0.707106781186547,-0.707106781186548,0.));
#2884=DIRECTION('center_axis',(0.,0.,1.));
#2885=DIRECTION('ref_axis',(0.,1.,0.));
#2886=DIRECTION('',(0.707106781186548,0.707106781186547,0.));
#2887=DIRECTION('center_axis',(0.,0.,1.));
#2888=DIRECTION('ref_axis',(-1.,-1.57009245868378E-15,0.));
#2889=DIRECTION('',(-0.707106781186548,0.707106781186547,0.));
#2890=DIRECTION('center_axis',(-0.707106781186548,0.707106781186547,0.));
#2891=DIRECTION('ref_axis',(-0.707106781186547,-0.707106781186548,0.));
#2892=DIRECTION('',(0.,0.,-1.));
#2893=DIRECTION('center_axis',(0.,0.,1.));
#2894=DIRECTION('ref_axis',(1.,7.85046229341888E-16,0.));
#2895=DIRECTION('',(0.,0.,1.));
#2896=DIRECTION('center_axis',(0.,0.,1.));
#2897=DIRECTION('ref_axis',(0.,-1.,0.));
#2898=DIRECTION('center_axis',(0.,0.,1.));
#2899=DIRECTION('ref_axis',(0.,-1.,0.));
#2900=DIRECTION('',(0.,0.,1.));
#2901=DIRECTION('',(0.,0.,-1.));
#2902=DIRECTION('center_axis',(-0.707106781186547,0.707106781186548,0.));
#2903=DIRECTION('ref_axis',(-0.707106781186548,-0.707106781186547,0.));
#2904=DIRECTION('',(-0.707106781186548,-0.707106781186547,0.));
#2905=DIRECTION('',(0.,0.,-1.));
#2906=DIRECTION('center_axis',(0.,0.,1.));
#2907=DIRECTION('ref_axis',(1.,0.,0.));
#2908=DIRECTION('',(-0.707106781186548,0.707106781186547,0.));
#2909=DIRECTION('',(1.,-2.77555756156289E-17,0.));
#2910=DIRECTION('',(-0.707106781186548,-0.707106781186547,0.));
#2911=DIRECTION('center_axis',(0.,0.,1.));
#2912=DIRECTION('ref_axis',(1.57009245868378E-15,-1.,0.));
#2913=DIRECTION('',(-0.707106781186548,0.707106781186547,0.));
#2914=DIRECTION('center_axis',(0.,0.,-1.));
#2915=DIRECTION('ref_axis',(-4.90653893338679E-16,1.,0.));
#2916=DIRECTION('center_axis',(0.,0.,1.));
#2917=DIRECTION('ref_axis',(-4.90653893338679E-16,1.,0.));
#2918=DIRECTION('',(0.,0.,1.));
#2919=DIRECTION('center_axis',(0.707106781186547,0.707106781186548,0.));
#2920=DIRECTION('ref_axis',(-0.707106781186548,0.707106781186547,0.));
#2921=DIRECTION('',(0.,0.,-1.));
#2922=DIRECTION('center_axis',(0.,0.,1.));
#2923=DIRECTION('ref_axis',(1.57009245868378E-15,-1.,0.));
#2924=DIRECTION('',(0.,0.,1.));
#2925=DIRECTION('center_axis',(0.,0.,1.));
#2926=DIRECTION('ref_axis',(-1.57009245868378E-15,1.,0.));
#2927=DIRECTION('center_axis',(0.,0.,1.));
#2928=DIRECTION('ref_axis',(-1.57009245868378E-15,1.,0.));
#2929=DIRECTION('',(0.,0.,1.));
#2930=DIRECTION('',(0.,0.,-1.));
#2931=DIRECTION('center_axis',(0.707106781186548,-0.707106781186547,0.));
#2932=DIRECTION('ref_axis',(0.707106781186547,0.707106781186548,0.));
#2933=DIRECTION('',(0.707106781186547,0.707106781186548,0.));
#2934=DIRECTION('',(0.,0.,-1.));
#2935=DIRECTION('center_axis',(0.,0.,1.));
#2936=DIRECTION('ref_axis',(1.,0.,0.));
#2937=DIRECTION('',(0.707106781186548,-0.707106781186547,0.));
#2938=DIRECTION('',(-1.,0.,0.));
#2939=DIRECTION('',(0.707106781186548,0.707106781186548,0.));
#2940=DIRECTION('center_axis',(0.,0.,1.));
#2941=DIRECTION('ref_axis',(-1.57009245868378E-15,1.,0.));
#2942=DIRECTION('',(0.707106781186547,-0.707106781186548,0.));
#2943=DIRECTION('center_axis',(0.,0.,-1.));
#2944=DIRECTION('ref_axis',(1.96261557335472E-16,-1.,0.));
#2945=DIRECTION('center_axis',(0.,0.,1.));
#2946=DIRECTION('ref_axis',(1.96261557335472E-16,-1.,0.));
#2947=DIRECTION('',(0.,0.,1.));
#2948=DIRECTION('center_axis',(-0.707106781186548,-0.707106781186547,0.));
#2949=DIRECTION('ref_axis',(0.707106781186547,-0.707106781186548,0.));
#2950=DIRECTION('',(0.,0.,-1.));
#2951=DIRECTION('center_axis',(0.,0.,1.));
#2952=DIRECTION('ref_axis',(-1.57009245868378E-15,1.,0.));
#2953=DIRECTION('',(0.,0.,1.));
#2954=DIRECTION('center_axis',(0.,0.,1.));
#2955=DIRECTION('ref_axis',(-1.,-1.57009245868378E-15,0.));
#2956=DIRECTION('center_axis',(0.,0.,1.));
#2957=DIRECTION('ref_axis',(-1.,-1.57009245868378E-15,0.));
#2958=DIRECTION('',(0.,0.,1.));
#2959=DIRECTION('',(0.,0.,-1.));
#2960=DIRECTION('center_axis',(0.707106781186547,-0.707106781186548,0.));
#2961=DIRECTION('ref_axis',(0.707106781186548,0.707106781186547,0.));
#2962=DIRECTION('',(0.,0.,1.));
#2963=DIRECTION('',(0.707106781186548,0.707106781186547,0.));
#2964=DIRECTION('center_axis',(0.,0.,1.));
#2965=DIRECTION('ref_axis',(1.,6.86915450674153E-16,0.));
#2966=DIRECTION('',(0.,0.,-1.));
#2967=DIRECTION('center_axis',(0.,0.,-1.));
#2968=DIRECTION('ref_axis',(1.,6.86915450674153E-16,0.));
#2969=DIRECTION('',(0.,0.,1.));
#2970=DIRECTION('center_axis',(0.707106781186547,0.707106781186548,0.));
#2971=DIRECTION('ref_axis',(-0.707106781186548,0.707106781186547,0.));
#2972=DIRECTION('',(-0.707106781186548,0.707106781186547,0.));
#2973=DIRECTION('center_axis',(0.,0.,1.));
#2974=DIRECTION('ref_axis',(-1.,0.,0.));
#2975=DIRECTION('center_axis',(0.,0.,1.));
#2976=DIRECTION('ref_axis',(-1.,0.,0.));
#2977=DIRECTION('',(0.,0.,1.));
#2978=DIRECTION('',(0.,0.,-1.));
#2979=DIRECTION('center_axis',(0.707106781186547,0.707106781186548,0.));
#2980=DIRECTION('ref_axis',(-0.707106781186548,0.707106781186547,0.));
#2981=DIRECTION('',(-0.707106781186548,0.707106781186547,0.));
#2982=DIRECTION('',(0.,0.,-1.));
#2983=DIRECTION('center_axis',(0.,0.,1.));
#2984=DIRECTION('ref_axis',(1.,0.,0.));
#2985=DIRECTION('center_axis',(0.,0.,1.));
#2986=DIRECTION('ref_axis',(0.,1.,0.));
#2987=DIRECTION('',(0.707106781186547,-0.707106781186548,0.));
#2988=DIRECTION('center_axis',(0.,0.,1.));
#2989=DIRECTION('ref_axis',(1.,9.81307786677361E-17,0.));
#2990=DIRECTION('',(-0.707106781186547,-0.707106781186548,0.));
#2991=DIRECTION('center_axis',(0.,0.,1.));
#2992=DIRECTION('ref_axis',(0.,-1.,0.));
#2993=DIRECTION('',(0.707106781186547,0.707106781186548,0.));
#2994=DIRECTION('center_axis',(0.,0.,1.));
#2995=DIRECTION('ref_axis',(-1.,0.,0.));
#2996=DIRECTION('center_axis',(0.,0.,1.));
#2997=DIRECTION('ref_axis',(-1.,0.,0.));
#2998=DIRECTION('',(0.,0.,1.));
#2999=DIRECTION('',(0.,0.,-1.));
#3000=DIRECTION('center_axis',(0.707106781186547,0.707106781186548,0.));
#3001=DIRECTION('ref_axis',(-0.707106781186548,0.707106781186547,0.));
#3002=DIRECTION('',(-0.707106781186548,0.707106781186547,0.));
#3003=DIRECTION('',(0.,0.,-1.));
#3004=DIRECTION('center_axis',(0.,0.,1.));
#3005=DIRECTION('ref_axis',(1.,0.,0.));
#3006=DIRECTION('',(0.707106781186547,0.707106781186548,0.));
#3007=DIRECTION('center_axis',(0.,0.,-1.));
#3008=DIRECTION('ref_axis',(1.,4.90653893338681E-16,0.));
#3009=DIRECTION('',(-0.707106781186547,0.707106781186548,0.));
#3010=DIRECTION('center_axis',(0.,0.,1.));
#3011=DIRECTION('ref_axis',(-1.,6.28036983473509E-15,0.));
#3012=DIRECTION('',(0.707106781186548,0.707106781186547,0.));
#3013=DIRECTION('',(1.,-2.77555756156289E-17,0.));
#3014=DIRECTION('',(0.707106781186548,-0.707106781186547,0.));
#3015=DIRECTION('',(1.11022302462516E-16,-1.,0.));
#3016=DIRECTION('',(-0.707106781186547,-0.707106781186548,0.));
#3017=DIRECTION('',(-1.,0.,0.));
#3018=DIRECTION('center_axis',(0.,0.,1.));
#3019=DIRECTION('ref_axis',(1.,4.90653893338681E-16,0.));
#3020=DIRECTION('',(0.,0.,-1.));
#3021=DIRECTION('',(0.,0.,1.));
#3022=DIRECTION('center_axis',(0.707106781186548,0.707106781186547,0.));
#3023=DIRECTION('ref_axis',(-0.707106781186547,0.707106781186548,0.));
#3024=DIRECTION('',(0.,0.,1.));
#3025=DIRECTION('center_axis',(0.,0.,1.));
#3026=DIRECTION('ref_axis',(-1.,6.28036983473509E-15,0.));
#3027=DIRECTION('',(0.,0.,-1.));
#3028=DIRECTION('center_axis',(0.707106781186547,-0.707106781186548,0.));
#3029=DIRECTION('ref_axis',(0.707106781186548,0.707106781186547,0.));
#3030=DIRECTION('',(0.,0.,1.));
#3031=DIRECTION('center_axis',(0.,0.,1.));
#3032=DIRECTION('ref_axis',(0.,1.,0.));
#3033=DIRECTION('',(0.,0.,-1.));
#3034=DIRECTION('center_axis',(-0.707106781186548,-0.707106781186547,0.));
#3035=DIRECTION('ref_axis',(0.707106781186547,-0.707106781186548,0.));
#3036=DIRECTION('',(0.,0.,1.));
#3037=DIRECTION('center_axis',(0.,0.,1.));
#3038=DIRECTION('ref_axis',(1.,9.81307786677361E-17,0.));
#3039=DIRECTION('',(0.,0.,-1.));
#3040=DIRECTION('center_axis',(0.,0.,1.));
#3041=DIRECTION('ref_axis',(0.,-1.,0.));
#3042=DIRECTION('',(0.,0.,1.));
#3043=DIRECTION('center_axis',(0.,0.,1.));
#3044=DIRECTION('ref_axis',(1.,-3.14018491736755E-15,0.));
#3045=DIRECTION('center_axis',(0.,0.,1.));
#3046=DIRECTION('ref_axis',(1.,-3.14018491736755E-15,0.));
#3047=DIRECTION('',(0.,0.,1.));
#3048=DIRECTION('',(0.,0.,-1.));
#3049=DIRECTION('center_axis',(-0.707106781186547,-0.707106781186548,0.));
#3050=DIRECTION('ref_axis',(0.707106781186548,-0.707106781186547,0.));
#3051=DIRECTION('',(0.707106781186548,-0.707106781186547,0.));
#3052=DIRECTION('',(0.,0.,-1.));
#3053=DIRECTION('center_axis',(0.,0.,1.));
#3054=DIRECTION('ref_axis',(1.,0.,0.));
#3055=DIRECTION('',(-0.707106781186547,-0.707106781186548,0.));
#3056=DIRECTION('center_axis',(0.,0.,-1.));
#3057=DIRECTION('ref_axis',(-1.,1.86448479468697E-15,0.));
#3058=DIRECTION('',(0.707106781186547,-0.707106781186548,0.));
#3059=DIRECTION('center_axis',(0.,0.,1.));
#3060=DIRECTION('ref_axis',(1.,-3.14018491736756E-15,0.));
#3061=DIRECTION('',(-0.707106781186547,-0.707106781186548,0.));
#3062=DIRECTION('',(-1.,0.,0.));
#3063=DIRECTION('',(-0.707106781186548,0.707106781186548,0.));
#3064=DIRECTION('',(-1.11022302462516E-16,1.,0.));
#3065=DIRECTION('',(0.707106781186548,0.707106781186547,0.));
#3066=DIRECTION('',(1.,-2.77555756156289E-17,0.));
#3067=DIRECTION('center_axis',(0.,0.,1.));
#3068=DIRECTION('ref_axis',(0.,1.,0.));
#3069=DIRECTION('center_axis',(0.,0.,1.));
#3070=DIRECTION('ref_axis',(0.,1.,0.));
#3071=DIRECTION('',(0.,0.,1.));
#3072=DIRECTION('',(0.,0.,-1.));
#3073=DIRECTION('center_axis',(0.,0.,1.));
#3074=DIRECTION('ref_axis',(1.,0.,0.));
#3075=DIRECTION('',(0.707106781186548,-0.707106781186547,0.));
#3076=DIRECTION('center_axis',(0.,0.,1.));
#3077=DIRECTION('ref_axis',(1.,0.,0.));
#3078=DIRECTION('',(-0.707106781186548,-0.707106781186547,0.));
#3079=DIRECTION('center_axis',(0.,0.,-1.));
#3080=DIRECTION('ref_axis',(-1.,9.81307786677358E-17,0.));
#3081=DIRECTION('',(0.707106781186547,-0.707106781186548,0.));
#3082=DIRECTION('center_axis',(0.,0.,1.));
#3083=DIRECTION('ref_axis',(1.,0.,0.));
#3084=DIRECTION('',(-0.707106781186547,-0.707106781186548,0.));
#3085=DIRECTION('center_axis',(0.,0.,1.));
#3086=DIRECTION('ref_axis',(3.14018491736755E-15,-1.,0.));
#3087=DIRECTION('',(-0.707106781186547,0.707106781186548,0.));
#3088=DIRECTION('center_axis',(0.,0.,1.));
#3089=DIRECTION('ref_axis',(-1.,-2.94392336003208E-16,0.));
#3090=DIRECTION('',(0.707106781186548,0.707106781186547,0.));
#3091=DIRECTION('center_axis',(-0.707106781186547,-0.707106781186548,0.));
#3092=DIRECTION('ref_axis',(0.707106781186548,-0.707106781186547,0.));
#3093=DIRECTION('',(0.,0.,1.));
#3094=DIRECTION('center_axis',(0.,0.,1.));
#3095=DIRECTION('ref_axis',(1.,0.,0.));
#3096=DIRECTION('',(0.,0.,-1.));
#3097=DIRECTION('center_axis',(0.,0.,1.));
#3098=DIRECTION('ref_axis',(-1.,9.81307786677358E-17,0.));
#3099=DIRECTION('',(0.,0.,-1.));
#3100=DIRECTION('',(0.,0.,1.));
#3101=DIRECTION('center_axis',(-0.707106781186548,-0.707106781186547,0.));
#3102=DIRECTION('ref_axis',(0.707106781186547,-0.707106781186548,0.));
#3103=DIRECTION('',(0.,0.,1.));
#3104=DIRECTION('center_axis',(0.,0.,1.));
#3105=DIRECTION('ref_axis',(1.,0.,0.));
#3106=DIRECTION('',(0.,0.,-1.));
#3107=DIRECTION('center_axis',(-0.707106781186548,0.707106781186547,0.));
#3108=DIRECTION('ref_axis',(-0.707106781186547,-0.707106781186548,0.));
#3109=DIRECTION('',(0.,0.,1.));
#3110=DIRECTION('center_axis',(0.,0.,1.));
#3111=DIRECTION('ref_axis',(3.14018491736755E-15,-1.,0.));
#3112=DIRECTION('',(0.,0.,-1.));
#3113=DIRECTION('center_axis',(0.,0.,1.));
#3114=DIRECTION('ref_axis',(1.,-3.14018491736756E-15,0.));
#3115=DIRECTION('',(0.,0.,1.));
#3116=DIRECTION('',(0.,0.,-1.));
#3117=DIRECTION('center_axis',(-0.707106781186548,0.707106781186547,0.));
#3118=DIRECTION('ref_axis',(-0.707106781186547,-0.707106781186548,0.));
#3119=DIRECTION('',(0.,0.,1.));
#3120=DIRECTION('center_axis',(0.,0.,1.));
#3121=DIRECTION('ref_axis',(-1.,-2.94392336003208E-16,0.));
#3122=DIRECTION('',(0.,0.,1.));
#3123=DIRECTION('',(0.,0.,-1.));
#3124=DIRECTION('center_axis',(0.707106781186547,-0.707106781186548,0.));
#3125=DIRECTION('ref_axis',(0.707106781186548,0.707106781186547,0.));
#3126=DIRECTION('center_axis',(0.,0.,1.));
#3127=DIRECTION('ref_axis',(-1.,1.86448479468697E-15,0.));
#3128=DIRECTION('',(0.,0.,-1.));
#3129=DIRECTION('',(0.,0.,1.));
#3130=DIRECTION('center_axis',(-0.707106781186548,0.707106781186547,0.));
#3131=DIRECTION('ref_axis',(-0.707106781186547,-0.707106781186548,0.));
#3132=DIRECTION('center_axis',(0.707106781186547,-0.707106781186548,0.));
#3133=DIRECTION('ref_axis',(0.707106781186548,0.707106781186547,0.));
#3134=DIRECTION('',(0.,0.,-1.));
#3135=DIRECTION('',(0.707106781186548,0.707106781186547,0.));
#3136=DIRECTION('',(0.,0.,1.));
#3137=DIRECTION('center_axis',(0.,0.,-1.));
#3138=DIRECTION('ref_axis',(1.,0.,0.));
#3139=DIRECTION('',(1.11022302462516E-16,-1.,0.));
#3140=DIRECTION('center_axis',(0.,0.,1.));
#3141=DIRECTION('ref_axis',(-0.707106781186548,0.707106781186548,0.));
#3142=DIRECTION('',(-1.,2.77555756156289E-17,0.));
#3143=DIRECTION('center_axis',(-0.707106781186547,-0.707106781186548,0.));
#3144=DIRECTION('ref_axis',(0.707106781186548,-0.707106781186547,0.));
#3145=DIRECTION('',(0.,0.,-1.));
#3146=DIRECTION('',(0.707106781186548,-0.707106781186547,0.));
#3147=DIRECTION('',(0.,0.,1.));
#3148=DIRECTION('center_axis',(0.,0.,-1.));
#3149=DIRECTION('ref_axis',(1.,0.,0.));
#3150=DIRECTION('',(-1.11022302462516E-16,1.,0.));
#3151=DIRECTION('',(-1.,2.77555756156289E-17,0.));
#3152=DIRECTION('center_axis',(0.,0.,1.));
#3153=DIRECTION('ref_axis',(0.707106781186546,0.707106781186549,0.));
#3154=DIRECTION('center_axis',(-0.707106781186548,0.707106781186547,0.));
#3155=DIRECTION('ref_axis',(-0.707106781186547,-0.707106781186548,0.));
#3156=DIRECTION('',(0.,0.,-1.));
#3157=DIRECTION('',(-0.707106781186547,-0.707106781186548,0.));
#3158=DIRECTION('',(0.,0.,1.));
#3159=DIRECTION('center_axis',(0.,0.,-1.));
#3160=DIRECTION('ref_axis',(1.,0.,0.));
#3161=DIRECTION('',(-1.11022302462516E-16,1.,0.));
#3162=DIRECTION('center_axis',(0.,0.,1.));
#3163=DIRECTION('ref_axis',(0.707106781186548,-0.707106781186548,0.));
#3164=DIRECTION('',(1.,0.,0.));
#3165=DIRECTION('center_axis',(0.707106781186548,0.707106781186548,0.));
#3166=DIRECTION('ref_axis',(-0.707106781186548,0.707106781186548,0.));
#3167=DIRECTION('',(0.,0.,-1.));
#3168=DIRECTION('',(-0.707106781186547,0.707106781186547,0.));
#3169=DIRECTION('',(0.,0.,1.));
#3170=DIRECTION('center_axis',(0.,0.,-1.));
#3171=DIRECTION('ref_axis',(1.,0.,0.));
#3172=DIRECTION('center_axis',(0.,0.,1.));
#3173=DIRECTION('ref_axis',(-0.707106781186547,-0.707106781186548,0.));
#3174=DIRECTION('',(1.11022302462516E-16,-1.,0.));
#3175=DIRECTION('',(1.,0.,0.));
#3176=DIRECTION('center_axis',(-0.707106781186548,0.707106781186547,0.));
#3177=DIRECTION('ref_axis',(-0.707106781186547,-0.707106781186548,0.));
#3178=DIRECTION('center_axis',(0.707106781186548,-0.707106781186547,0.));
#3179=DIRECTION('ref_axis',(0.707106781186547,0.707106781186548,0.));
#3180=DIRECTION('center_axis',(-0.707106781186547,0.707106781186548,0.));
#3181=DIRECTION('ref_axis',(-0.707106781186548,-0.707106781186547,0.));
#3182=DIRECTION('center_axis',(-0.707106781186548,-0.707106781186547,0.));
#3183=DIRECTION('ref_axis',(0.707106781186547,-0.707106781186548,0.));
#3184=DIRECTION('center_axis',(0.707106781186548,-0.707106781186547,0.));
#3185=DIRECTION('ref_axis',(0.707106781186547,0.707106781186548,0.));
#3186=DIRECTION('center_axis',(0.707106781186548,0.707106781186547,0.));
#3187=DIRECTION('ref_axis',(-0.707106781186547,0.707106781186548,0.));
#3188=DIRECTION('center_axis',(-0.707106781186547,0.707106781186548,0.));
#3189=DIRECTION('ref_axis',(-0.707106781186548,-0.707106781186547,0.));
#3190=DIRECTION('center_axis',(0.707106781186551,-0.707106781186544,0.));
#3191=DIRECTION('ref_axis',(0.707106781186544,0.707106781186551,0.));
#3192=DIRECTION('center_axis',(-0.707106781186546,0.707106781186549,0.));
#3193=DIRECTION('ref_axis',(-0.707106781186549,-0.707106781186546,0.));
#3194=DIRECTION('center_axis',(0.707106781186548,-0.707106781186547,0.));
#3195=DIRECTION('ref_axis',(0.707106781186547,0.707106781186548,0.));
#3196=DIRECTION('center_axis',(0.707106781186547,0.707106781186548,0.));
#3197=DIRECTION('ref_axis',(-0.707106781186548,0.707106781186547,0.));
#3198=DIRECTION('',(0.,0.,1.));
#3199=DIRECTION('center_axis',(-0.707106781186547,0.707106781186548,0.));
#3200=DIRECTION('ref_axis',(-0.707106781186548,-0.707106781186547,0.));
#3201=DIRECTION('',(0.,0.,-1.));
#3202=DIRECTION('center_axis',(0.707106781186548,-0.707106781186547,0.));
#3203=DIRECTION('ref_axis',(0.707106781186547,0.707106781186548,0.));
#3204=DIRECTION('center_axis',(-0.707106781186547,-0.707106781186548,0.));
#3205=DIRECTION('ref_axis',(0.707106781186548,-0.707106781186547,0.));
#3206=DIRECTION('',(0.,0.,1.));
#3207=DIRECTION('center_axis',(0.707106781186548,-0.707106781186548,0.));
#3208=DIRECTION('ref_axis',(0.707106781186548,0.707106781186548,0.));
#3209=DIRECTION('',(0.,0.,-1.));
#3210=DIRECTION('center_axis',(-0.707106781186548,-0.707106781186547,0.));
#3211=DIRECTION('ref_axis',(0.707106781186547,-0.707106781186548,0.));
#3212=DIRECTION('center_axis',(0.,0.,1.));
#3213=DIRECTION('ref_axis',(-0.707106781186548,0.707106781186548,0.));
#3214=DIRECTION('',(0.,0.,1.));
#3215=DIRECTION('center_axis',(0.,0.,1.));
#3216=DIRECTION('ref_axis',(-1.,0.,0.));
#3217=DIRECTION('',(0.,0.,-1.));
#3218=DIRECTION('center_axis',(1.,1.11022302462516E-16,0.));
#3219=DIRECTION('ref_axis',(-1.11022302462516E-16,1.,0.));
#3220=DIRECTION('',(0.,0.,-1.));
#3221=DIRECTION('',(-1.11022302462516E-16,1.,0.));
#3222=DIRECTION('',(0.,0.,1.));
#3223=DIRECTION('center_axis',(-1.,-1.11022302462516E-16,0.));
#3224=DIRECTION('ref_axis',(1.11022302462516E-16,-1.,0.));
#3225=DIRECTION('',(0.,0.,-1.));
#3226=DIRECTION('',(1.11022302462516E-16,-1.,0.));
#3227=DIRECTION('center_axis',(0.,0.,1.));
#3228=DIRECTION('ref_axis',(-0.707106781186547,-0.707106781186548,0.));
#3229=DIRECTION('',(0.,0.,1.));
#3230=DIRECTION('center_axis',(0.,0.,1.));
#3231=DIRECTION('ref_axis',(0.,-1.,0.));
#3232=DIRECTION('center_axis',(0.,-1.,0.));
#3233=DIRECTION('ref_axis',(1.,0.,0.));
#3234=DIRECTION('',(0.,0.,-1.));
#3235=DIRECTION('',(1.,0.,0.));
#3236=DIRECTION('center_axis',(-1.,0.,0.));
#3237=DIRECTION('ref_axis',(0.,-1.,0.));
#3238=DIRECTION('center_axis',(0.,0.,1.));
#3239=DIRECTION('ref_axis',(1.,0.,0.));
#3240=DIRECTION('center_axis',(0.,1.,0.));
#3241=DIRECTION('ref_axis',(0.,0.,1.));
#3242=DIRECTION('center_axis',(0.,0.,-1.));
#3243=DIRECTION('ref_axis',(0.707106781186546,-0.707106781186549,0.));
#3244=DIRECTION('center_axis',(0.,0.,1.));
#3245=DIRECTION('ref_axis',(0.707106781186548,-0.707106781186548,0.));
#3246=DIRECTION('center_axis',(0.,-1.,0.));
#3247=DIRECTION('ref_axis',(1.,0.,0.));
#3248=DIRECTION('center_axis',(0.,0.,1.));
#3249=DIRECTION('ref_axis',(0.,1.,0.));
#3250=DIRECTION('center_axis',(-1.,0.,0.));
#3251=DIRECTION('ref_axis',(0.,0.,1.));
#3252=DIRECTION('center_axis',(0.,0.,-1.));
#3253=DIRECTION('ref_axis',(0.707106781186546,0.707106781186549,0.));
#3254=DIRECTION('center_axis',(0.,0.,1.));
#3255=DIRECTION('ref_axis',(0.707106781186546,0.707106781186549,0.));
#3256=DIRECTION('',(0.,0.,1.));
#3257=DIRECTION('center_axis',(0.,1.,0.));
#3258=DIRECTION('ref_axis',(-1.,0.,0.));
#3259=DIRECTION('center_axis',(1.,0.,0.));
#3260=DIRECTION('ref_axis',(0.,0.,1.));
#3261=DIRECTION('center_axis',(0.,0.,-1.));
#3262=DIRECTION('ref_axis',(-0.707106781186546,-0.707106781186549,0.));
#3263=DIRECTION('center_axis',(1.,0.,0.));
#3264=DIRECTION('ref_axis',(0.,-0.707106781186548,0.707106781186547));
#3265=DIRECTION('',(-1.,0.,0.));
#3266=DIRECTION('center_axis',(1.,0.,0.));
#3267=DIRECTION('ref_axis',(0.,1.,0.));
#3268=DIRECTION('center_axis',(0.,-1.,0.));
#3269=DIRECTION('ref_axis',(0.,0.,1.));
#3270=DIRECTION('center_axis',(0.,0.,-1.));
#3271=DIRECTION('ref_axis',(-0.707106781186544,0.707106781186551,0.));
#3272=DIRECTION('center_axis',(1.11022302462516E-16,-1.,0.));
#3273=DIRECTION('ref_axis',(-0.707106781186549,0.,0.707106781186546));
#3274=DIRECTION('',(-1.11022302462516E-16,1.,0.));
#3275=DIRECTION('center_axis',(-1.,2.77555756156289E-17,0.));
#3276=DIRECTION('ref_axis',(0.,0.707106781186546,0.707106781186549));
#3277=DIRECTION('',(1.,-2.77555756156289E-17,0.));
#3278=DIRECTION('',(-1.,2.77555756156289E-17,0.));
#3279=DIRECTION('center_axis',(-1.11022302462516E-16,1.,0.));
#3280=DIRECTION('ref_axis',(0.707106781186549,0.,0.707106781186546));
#3281=DIRECTION('',(1.11022302462516E-16,-1.,0.));
#3282=DIRECTION('center_axis',(0.,0.,1.));
#3283=DIRECTION('ref_axis',(1.,0.,0.));
#3284=DIRECTION('center_axis',(0.,0.,-1.));
#3285=DIRECTION('ref_axis',(1.,0.,0.));
#3286=DIRECTION('center_axis',(0.,0.,-1.));
#3287=DIRECTION('ref_axis',(1.,0.,0.));
#3288=DIRECTION('center_axis',(0.,0.,-1.));
#3289=DIRECTION('ref_axis',(1.,0.,0.));
#3290=DIRECTION('center_axis',(0.,0.,-1.));
#3291=DIRECTION('ref_axis',(1.,0.,0.));
#3292=DIRECTION('center_axis',(0.,0.,1.));
#3293=DIRECTION('ref_axis',(1.,0.,0.));
#3294=DIRECTION('center_axis',(0.,0.,-1.));
#3295=DIRECTION('ref_axis',(1.,0.,0.));
#3296=DIRECTION('',(0.857167300702112,-1.04972719113862E-16,-0.515038074910054));
#3297=DIRECTION('center_axis',(0.,0.,-1.));
#3298=DIRECTION('ref_axis',(1.,0.,0.));
#3299=DIRECTION('',(0.,0.,-1.));
#3300=DIRECTION('center_axis',(0.,0.,1.));
#3301=DIRECTION('ref_axis',(1.,0.,0.));
#3302=DIRECTION('center_axis',(0.,0.,-1.));
#3303=DIRECTION('ref_axis',(1.,0.,0.));
#3304=DIRECTION('',(0.857167300702112,-1.04972719113862E-16,-0.515038074910054));
#3305=DIRECTION('center_axis',(0.,0.,-1.));
#3306=DIRECTION('ref_axis',(1.,0.,0.));
#3307=DIRECTION('',(0.,0.,-1.));
#3308=DIRECTION('center_axis',(0.,0.,1.));
#3309=DIRECTION('ref_axis',(1.,0.,0.));
#3310=DIRECTION('center_axis',(0.,0.,-1.));
#3311=DIRECTION('ref_axis',(1.,0.,0.));
#3312=DIRECTION('',(0.857167300702112,-1.04972719113862E-16,-0.515038074910054));
#3313=DIRECTION('center_axis',(0.,0.,-1.));
#3314=DIRECTION('ref_axis',(1.,0.,0.));
#3315=DIRECTION('',(0.,0.,-1.));
#3316=DIRECTION('center_axis',(0.,0.,1.));
#3317=DIRECTION('ref_axis',(1.,0.,0.));
#3318=DIRECTION('center_axis',(0.,0.,-1.));
#3319=DIRECTION('ref_axis',(1.,0.,0.));
#3320=DIRECTION('',(0.857167300702112,-1.04972719113862E-16,-0.515038074910054));
#3321=DIRECTION('center_axis',(0.,0.,-1.));
#3322=DIRECTION('ref_axis',(1.,0.,0.));
#3323=DIRECTION('',(0.,0.,-1.));
#3324=DIRECTION('center_axis',(2.77555756156289E-17,1.,0.));
#3325=DIRECTION('ref_axis',(-1.,2.77555756156289E-17,0.));
#3326=CARTESIAN_POINT('',(0.,0.,0.));
#3327=CARTESIAN_POINT('Origin',(6.93889390390723E-17,6.36396103067893,0.));
#3328=CARTESIAN_POINT('',(0.353553390593274,6.71751442127221,0.));
#3329=CARTESIAN_POINT('',(-0.353553390593274,6.71751442127221,0.));
#3330=CARTESIAN_POINT('Origin',(6.93889390390723E-17,6.36396103067893,0.));
#3331=CARTESIAN_POINT('',(-0.353553390593273,6.71751442127221,0.5));
#3332=CARTESIAN_POINT('',(-0.353553390593274,6.71751442127221,0.));
#3333=CARTESIAN_POINT('',(0.353553390593273,6.71751442127221,0.5));
#3334=CARTESIAN_POINT('Origin',(6.93889390390723E-17,6.36396103067893,0.5));
#3335=CARTESIAN_POINT('',(0.353553390593274,6.71751442127221,0.));
#3336=CARTESIAN_POINT('Origin',(-4.59619407771257,2.4748737341529,0.));
#3337=CARTESIAN_POINT('',(-4.2426406871193,2.82842712474618,0.));
#3338=CARTESIAN_POINT('',(-4.06586399182266,3.00520382004282,0.));
#3339=CARTESIAN_POINT('',(-4.2426406871193,2.82842712474617,0.5));
#3340=CARTESIAN_POINT('',(-4.2426406871193,2.82842712474618,0.));
#3341=CARTESIAN_POINT('',(0.,7.07106781186548,0.5));
#3342=CARTESIAN_POINT('Origin',(0.,0.,0.));
#3343=CARTESIAN_POINT('',(4.24264068711927,2.82842712474621,0.));
#3344=CARTESIAN_POINT('',(1.76776695296637,5.30330085889911,0.));
#3345=CARTESIAN_POINT('',(4.24264068711927,2.12132034355966,0.));
#3346=CARTESIAN_POINT('Origin',(3.88908729652599,2.47487373415294,0.));
#3347=CARTESIAN_POINT('',(2.47487373415288,0.353553390593274,0.));
#3348=CARTESIAN_POINT('',(2.82842712474617,0.707106781186566,0.));
#3349=CARTESIAN_POINT('',(2.47487373415288,-0.353553390593274,0.));
#3350=CARTESIAN_POINT('Origin',(2.82842712474615,2.77555756156289E-16,0.));
#3351=CARTESIAN_POINT('',(4.24264068711926,-2.12132034355966,0.));
#3352=CARTESIAN_POINT('',(1.5909902576697,0.530330085889901,0.));
#3353=CARTESIAN_POINT('',(4.24264068711927,-2.82842712474621,0.));
#3354=CARTESIAN_POINT('Origin',(3.88908729652599,-2.47487373415293,0.));
#3355=CARTESIAN_POINT('',(0.353553390593274,-6.7175144212722,0.));
#3356=CARTESIAN_POINT('',(4.06586399182264,-3.00520382004284,0.));
#3357=CARTESIAN_POINT('',(-0.353553390593273,-6.7175144212722,0.));
#3358=CARTESIAN_POINT('Origin',(1.73472347597681E-16,-6.36396103067892,
0.));
#3359=CARTESIAN_POINT('',(-4.2426406871193,-2.82842712474618,0.));
#3360=CARTESIAN_POINT('',(-1.76776695296637,-5.3033008588991,0.));
#3361=CARTESIAN_POINT('',(-4.2426406871193,-2.12132034355963,0.));
#3362=CARTESIAN_POINT('Origin',(-3.88908729652602,-2.4748737341529,0.));
#3363=CARTESIAN_POINT('',(-2.47487373415294,-0.353553390593274,0.));
#3364=CARTESIAN_POINT('',(-2.8284271247462,-0.707106781186534,0.));
#3365=CARTESIAN_POINT('',(-2.47487373415294,0.353553390593273,0.));
#3366=CARTESIAN_POINT('Origin',(-2.82842712474622,-5.89805981832114E-16,
0.));
#3367=CARTESIAN_POINT('',(-4.2426406871193,2.12132034355963,0.));
#3368=CARTESIAN_POINT('',(-1.59099025766975,-0.530330085889918,0.));
#3369=CARTESIAN_POINT('Origin',(-3.88908729652603,2.4748737341529,0.));
#3370=CARTESIAN_POINT('Origin',(1.73472347597681E-16,-6.36396103067892,
0.));
#3371=CARTESIAN_POINT('',(0.353553390593274,-6.7175144212722,0.5));
#3372=CARTESIAN_POINT('',(0.353553390593274,-6.7175144212722,0.));
#3373=CARTESIAN_POINT('',(-0.353553390593272,-6.7175144212722,0.5));
#3374=CARTESIAN_POINT('Origin',(1.73472347597681E-16,-6.36396103067892,
0.5));
#3375=CARTESIAN_POINT('',(-0.353553390593274,-6.7175144212722,0.));
#3376=CARTESIAN_POINT('Origin',(0.,-7.07106781186547,0.));
#3377=CARTESIAN_POINT('',(-4.2426406871193,-2.82842712474618,0.5));
#3378=CARTESIAN_POINT('',(-7.07106781186547,0.,0.5));
#3379=CARTESIAN_POINT('',(-4.2426406871193,-2.82842712474618,0.));
#3380=CARTESIAN_POINT('Origin',(5.30330085889908,-1.06066017177985,0.));
#3381=CARTESIAN_POINT('',(4.9497474683058,-1.41421356237312,0.));
#3382=CARTESIAN_POINT('',(5.65685424949235,-1.41421356237312,0.));
#3383=CARTESIAN_POINT('Origin',(5.30330085889908,-1.06066017177985,0.));
#3384=CARTESIAN_POINT('',(5.65685424949235,-1.41421356237312,0.5));
#3385=CARTESIAN_POINT('',(5.65685424949235,-1.41421356237312,0.));
#3386=CARTESIAN_POINT('',(4.9497474683058,-1.41421356237312,0.5));
#3387=CARTESIAN_POINT('Origin',(5.30330085889908,-1.06066017177985,0.5));
#3388=CARTESIAN_POINT('',(4.9497474683058,-1.41421356237312,0.));
#3389=CARTESIAN_POINT('Origin',(7.07106781186547,0.,0.));
#3390=CARTESIAN_POINT('',(6.7175144212722,-0.353553390593274,0.));
#3391=CARTESIAN_POINT('',(5.3033008588991,-1.76776695296637,0.));
#3392=CARTESIAN_POINT('',(6.7175144212722,-0.353553390593274,0.5));
#3393=CARTESIAN_POINT('',(6.7175144212722,-0.353553390593274,0.));
#3394=CARTESIAN_POINT('',(0.,-7.07106781186547,0.5));
#3395=CARTESIAN_POINT('Origin',(0.,0.,0.));
#3396=CARTESIAN_POINT('',(3.88908729652597,-0.353553390593272,0.));
#3397=CARTESIAN_POINT('',(3.53553390593272,-2.42861286636753E-14,0.));
#3398=CARTESIAN_POINT('',(3.88908729652597,0.353553390593272,0.));
#3399=CARTESIAN_POINT('Origin',(4.24264068711924,0.,0.));
#3400=CARTESIAN_POINT('',(4.94974746830581,1.41421356237312,0.));
#3401=CARTESIAN_POINT('',(2.65165042944953,-0.883883476483175,0.));
#3402=CARTESIAN_POINT('',(5.65685424949235,1.41421356237312,0.));
#3403=CARTESIAN_POINT('Origin',(5.30330085889908,1.06066017177985,0.));
#3404=CARTESIAN_POINT('',(6.7175144212722,0.353553390593274,0.));
#3405=CARTESIAN_POINT('',(4.41941738241591,2.65165042944957,0.));
#3406=CARTESIAN_POINT('Origin',(6.36396103067893,-6.93889390390723E-17,
0.));
#3407=CARTESIAN_POINT('Origin',(6.36396103067893,-6.93889390390723E-17,
0.));
#3408=CARTESIAN_POINT('',(6.7175144212722,0.353553390593274,0.5));
#3409=CARTESIAN_POINT('',(6.7175144212722,0.353553390593274,0.));
#3410=CARTESIAN_POINT('Origin',(6.36396103067893,-6.93889390390723E-17,
0.5));
#3411=CARTESIAN_POINT('Origin',(5.30330085889908,1.7677669529664,0.));
#3412=CARTESIAN_POINT('',(5.65685424949235,1.41421356237312,0.5));
#3413=CARTESIAN_POINT('',(5.65685424949235,1.41421356237312,0.));
#3414=CARTESIAN_POINT('',(7.07106781186547,0.,0.5));
#3415=CARTESIAN_POINT('Origin',(4.24264068711924,0.,0.));
#3416=CARTESIAN_POINT('',(3.88908729652597,-0.353553390593272,0.5));
#3417=CARTESIAN_POINT('',(3.88908729652597,-0.353553390593272,0.));
#3418=CARTESIAN_POINT('',(3.88908729652597,0.353553390593271,0.5));
#3419=CARTESIAN_POINT('Origin',(4.24264068711924,0.,0.5));
#3420=CARTESIAN_POINT('',(3.88908729652597,0.353553390593272,0.));
#3421=CARTESIAN_POINT('Origin',(5.30330085889907,-1.7677669529664,0.));
#3422=CARTESIAN_POINT('',(3.5355339059327,2.5002103282329E-21,0.5));
#3423=CARTESIAN_POINT('Origin',(5.30330085889908,1.06066017177985,0.));
#3424=CARTESIAN_POINT('',(4.9497474683058,1.41421356237312,0.5));
#3425=CARTESIAN_POINT('',(4.9497474683058,1.41421356237312,0.));
#3426=CARTESIAN_POINT('Origin',(5.30330085889908,1.06066017177985,0.5));
#3427=CARTESIAN_POINT('Origin',(-4.24264068711929,9.0205620750794E-16,0.));
#3428=CARTESIAN_POINT('',(-3.88908729652602,-0.353553390593274,0.));
#3429=CARTESIAN_POINT('',(-3.88908729652602,0.353553390593274,0.));
#3430=CARTESIAN_POINT('Origin',(-4.24264068711929,9.0205620750794E-16,0.));
#3431=CARTESIAN_POINT('',(-3.88908729652602,0.353553390593274,0.5));
#3432=CARTESIAN_POINT('',(-3.88908729652602,0.353553390593274,0.));
#3433=CARTESIAN_POINT('',(-3.88908729652602,-0.353553390593273,0.5));
#3434=CARTESIAN_POINT('Origin',(-4.24264068711929,9.0205620750794E-16,0.5));
#3435=CARTESIAN_POINT('',(-3.88908729652602,-0.353553390593274,0.));
#3436=CARTESIAN_POINT('Origin',(-5.30330085889911,1.76776695296637,0.));
#3437=CARTESIAN_POINT('',(-4.94974746830583,1.41421356237309,0.));
#3438=CARTESIAN_POINT('',(-3.53553390593274,-2.22044604925031E-15,0.));
#3439=CARTESIAN_POINT('',(-4.94974746830583,1.41421356237309,0.5));
#3440=CARTESIAN_POINT('',(-4.94974746830583,1.41421356237309,0.));
#3441=CARTESIAN_POINT('',(-3.53553390593275,-6.11500507206353E-22,0.5));
#3442=CARTESIAN_POINT('Origin',(0.,0.,0.));
#3443=CARTESIAN_POINT('',(-4.94974746830584,-1.41421356237309,0.));
#3444=CARTESIAN_POINT('',(-2.65165042944956,0.883883476483187,0.));
#3445=CARTESIAN_POINT('',(-5.65685424949239,-1.41421356237309,0.));
#3446=CARTESIAN_POINT('Origin',(-5.30330085889911,-1.06066017177981,0.));
#3447=CARTESIAN_POINT('',(-6.7175144212722,-0.353553390593273,0.));
#3448=CARTESIAN_POINT('',(-4.41941738241592,-2.65165042944955,0.));
#3449=CARTESIAN_POINT('',(-6.7175144212722,0.353553390593273,0.));
#3450=CARTESIAN_POINT('Origin',(-6.36396103067893,4.85722573273506E-16,
0.));
#3451=CARTESIAN_POINT('',(-5.65685424949238,1.41421356237309,0.));
#3452=CARTESIAN_POINT('',(-5.30330085889911,1.76776695296637,0.));
#3453=CARTESIAN_POINT('Origin',(-5.30330085889911,1.06066017177982,0.));
#3454=CARTESIAN_POINT('Origin',(-5.30330085889911,-1.06066017177981,0.));
#3455=CARTESIAN_POINT('',(-4.94974746830584,-1.41421356237309,0.5));
#3456=CARTESIAN_POINT('',(-4.94974746830584,-1.41421356237309,0.));
#3457=CARTESIAN_POINT('',(-5.65685424949239,-1.41421356237309,0.5));
#3458=CARTESIAN_POINT('Origin',(-5.30330085889911,-1.06066017177981,0.5));
#3459=CARTESIAN_POINT('',(-5.65685424949239,-1.41421356237309,0.));
#3460=CARTESIAN_POINT('Origin',(-5.30330085889911,-1.76776695296636,0.));
#3461=CARTESIAN_POINT('',(-6.7175144212722,-0.353553390593274,0.5));
#3462=CARTESIAN_POINT('',(-7.07106781186547,0.,0.5));
#3463=CARTESIAN_POINT('',(-6.7175144212722,-0.353553390593273,0.));
#3464=CARTESIAN_POINT('Origin',(-6.36396103067893,4.85722573273506E-16,
0.));
#3465=CARTESIAN_POINT('',(-6.7175144212722,0.353553390593273,0.5));
#3466=CARTESIAN_POINT('Origin',(-6.36396103067893,4.85722573273506E-16,
0.5));
#3467=CARTESIAN_POINT('',(-6.7175144212722,0.353553390593274,0.));
#3468=CARTESIAN_POINT('Origin',(-5.30330085889911,1.06066017177982,0.));
#3469=CARTESIAN_POINT('',(-5.65685424949238,1.41421356237309,0.5));
#3470=CARTESIAN_POINT('',(-5.65685424949238,1.41421356237309,0.));
#3471=CARTESIAN_POINT('Origin',(-5.30330085889911,1.06066017177982,0.5));
#3472=CARTESIAN_POINT('Origin',(-3.88908729652603,2.4748737341529,0.));
#3473=CARTESIAN_POINT('',(-4.2426406871193,2.12132034355963,0.5));
#3474=CARTESIAN_POINT('',(-4.2426406871193,2.12132034355963,0.));
#3475=CARTESIAN_POINT('Origin',(-3.88908729652603,2.4748737341529,0.5));
#3476=CARTESIAN_POINT('Origin',(-2.82842712474622,-5.89805981832114E-16,
0.));
#3477=CARTESIAN_POINT('',(-2.47487373415294,0.353553390593273,0.5));
#3478=CARTESIAN_POINT('',(-2.47487373415294,-0.353553390593274,0.5));
#3479=CARTESIAN_POINT('Origin',(-2.82842712474622,-5.89805981832114E-16,
0.5));
#3480=CARTESIAN_POINT('',(-2.47487373415294,0.353553390593273,0.));
#3481=CARTESIAN_POINT('',(-2.47487373415294,-0.353553390593274,0.));
#3482=CARTESIAN_POINT('Origin',(-2.12132034355967,-6.32690686271723E-16,
0.));
#3483=CARTESIAN_POINT('',(-2.12132034355967,-6.32690686271723E-16,0.5));
#3484=CARTESIAN_POINT('Origin',(-3.88908729652602,-2.4748737341529,0.));
#3485=CARTESIAN_POINT('',(-4.2426406871193,-2.12132034355963,0.5));
#3486=CARTESIAN_POINT('Origin',(-3.88908729652602,-2.4748737341529,0.5));
#3487=CARTESIAN_POINT('',(-4.2426406871193,-2.12132034355963,0.));
#3488=CARTESIAN_POINT('Origin',(3.88908729652599,-2.47487373415293,0.));
#3489=CARTESIAN_POINT('',(4.24264068711927,-2.12132034355966,0.5));
#3490=CARTESIAN_POINT('',(4.24264068711927,-2.12132034355966,0.));
#3491=CARTESIAN_POINT('',(4.24264068711927,-2.82842712474621,0.5));
#3492=CARTESIAN_POINT('Origin',(3.88908729652599,-2.47487373415293,0.5));
#3493=CARTESIAN_POINT('',(4.24264068711927,-2.82842712474621,0.));
#3494=CARTESIAN_POINT('Origin',(2.12132034355961,0.,0.));
#3495=CARTESIAN_POINT('',(2.47487373415288,-0.353553390593273,0.5));
#3496=CARTESIAN_POINT('',(2.47487373415288,-0.353553390593274,0.));
#3497=CARTESIAN_POINT('',(4.59619407771254,-2.47487373415293,0.5));
#3498=CARTESIAN_POINT('Origin',(2.82842712474615,2.77555756156289E-16,0.));
#3499=CARTESIAN_POINT('',(2.47487373415288,0.353553390593274,0.5));
#3500=CARTESIAN_POINT('Origin',(2.82842712474615,2.77555756156289E-16,0.5));
#3501=CARTESIAN_POINT('',(2.47487373415288,0.353553390593274,0.));
#3502=CARTESIAN_POINT('Origin',(1.49011620820261E-7,-1.11022302462516E-15,
0.5));
#3503=CARTESIAN_POINT('',(-0.707106632174921,13.4350288425444,0.5));
#3504=CARTESIAN_POINT('',(0.707106930198174,13.4350288425444,0.5));
#3505=CARTESIAN_POINT('Origin',(1.4901162741221E-7,12.7279220613579,0.5));
#3506=CARTESIAN_POINT('',(5.65685431346147,8.4852814592811,0.5));
#3507=CARTESIAN_POINT('',(14.1421357727426,9.41612715870163E-15,0.5));
#3508=CARTESIAN_POINT('',(7.07106787583457,8.4852814592811,0.5));
#3509=CARTESIAN_POINT('Origin',(6.36396109464802,9.19238824046765,0.5));
#3510=CARTESIAN_POINT('',(18.5857864165535,20.,0.5));
#3511=CARTESIAN_POINT('',(6.36396109464802,7.77817467809455,0.5));
#3512=CARTESIAN_POINT('',(21.4142135623731,20.,0.5));
#3513=CARTESIAN_POINT('',(20.0000000745058,20.,0.5));
#3514=CARTESIAN_POINT('',(18.3847763853561,16.970562822983,0.5));
#3515=CARTESIAN_POINT('',(7.77817466755783,6.36396110518474,0.5));
#3516=CARTESIAN_POINT('',(18.3847763853561,15.5563492606099,0.5));
#3517=CARTESIAN_POINT('Origin',(19.0918831665426,16.2634560417964,0.5));
#3518=CARTESIAN_POINT('',(33.2340188647794,0.707106781186551,0.5));
#3519=CARTESIAN_POINT('',(33.9411256459659,4.4758226685739E-15,0.5));
#3520=CARTESIAN_POINT('',(33.2340188647794,-0.707106781186544,0.5));
#3521=CARTESIAN_POINT('Origin',(32.5269120835928,3.53883589099269E-15,0.5));
#3522=CARTESIAN_POINT('',(18.3847763853561,-15.5563492606099,0.5));
#3523=CARTESIAN_POINT('',(17.6776696041695,-16.2634560417964,0.5));
#3524=CARTESIAN_POINT('',(18.3847763853561,-16.970562822983,0.5));
#3525=CARTESIAN_POINT('Origin',(19.0918831665426,-16.2634560417964,0.5));
#3526=CARTESIAN_POINT('',(21.4142135623731,-20.,0.5));
#3527=CARTESIAN_POINT('',(7.77817466755783,-6.36396110518474,0.5));
#3528=CARTESIAN_POINT('',(18.5857864376269,-20.,0.5));
#3529=CARTESIAN_POINT('',(-19.9999999254942,-20.,0.5));
#3530=CARTESIAN_POINT('',(7.07106788637129,-8.48528144874438,0.5));
#3531=CARTESIAN_POINT('',(6.36396110518474,-7.77817466755783,0.5));
#3532=CARTESIAN_POINT('',(5.65685432399819,-8.48528144874438,0.5));
#3533=CARTESIAN_POINT('Origin',(6.36396110518474,-9.19238822993093,0.5));
#3534=CARTESIAN_POINT('',(0.707106930198171,-13.4350288425444,0.5));
#3535=CARTESIAN_POINT('',(6.03826799678912E-15,-14.1421357727426,0.5));
#3536=CARTESIAN_POINT('',(-0.707106632174923,-13.4350288425444,0.5));
#3537=CARTESIAN_POINT('Origin',(1.4901162415093E-7,-12.7279220613579,0.5));
#3538=CARTESIAN_POINT('',(-5.65685408994404,-8.48528138477528,0.5));
#3539=CARTESIAN_POINT('',(-14.1421354747193,9.86537420782511E-16,0.5));
#3540=CARTESIAN_POINT('',(-7.07106765231714,-8.48528138477528,0.5));
#3541=CARTESIAN_POINT('Origin',(-6.36396087113059,-9.19238816596183,0.5));
#3542=CARTESIAN_POINT('',(-18.5857862675419,-20.,0.5));
#3543=CARTESIAN_POINT('',(-6.36396095308698,-7.77817468554513,0.5));
#3544=CARTESIAN_POINT('',(-21.4142134133615,-20.,0.5));
#3545=CARTESIAN_POINT('',(-19.9999999254942,-20.,0.5));
#3546=CARTESIAN_POINT('',(-18.3847761618386,-16.9705627484771,0.5));
#3547=CARTESIAN_POINT('',(-7.77817451109562,-6.36396109773416,0.5));
#3548=CARTESIAN_POINT('',(-18.3847761618386,-15.556349186104,0.5));
#3549=CARTESIAN_POINT('Origin',(-19.0918829430252,-16.2634559672906,0.5));
#3550=CARTESIAN_POINT('',(-33.2340185667561,-0.707106781186544,0.5));
#3551=CARTESIAN_POINT('',(-17.6776693806521,-16.2634559672906,0.5));
#3552=CARTESIAN_POINT('',(-33.2340185667561,0.707106781186549,0.5));
#3553=CARTESIAN_POINT('Origin',(-32.5269117855696,-9.0205620750794E-16,
0.5));
#3554=CARTESIAN_POINT('',(-18.3847761723753,15.5563491755673,0.5));
#3555=CARTESIAN_POINT('',(-33.9411253479427,3.30705505663097E-15,0.5));
#3556=CARTESIAN_POINT('',(-18.3847761723753,16.9705627379404,0.5));
#3557=CARTESIAN_POINT('Origin',(-19.0918829535619,16.2634559567539,0.5));
#3558=CARTESIAN_POINT('',(-21.4142134344349,20.,0.5));
#3559=CARTESIAN_POINT('',(-7.77817452163235,6.36396108719746,0.5));
#3560=CARTESIAN_POINT('',(-18.5857862886153,20.,0.5));
#3561=CARTESIAN_POINT('',(20.0000000745058,20.,0.5));
#3562=CARTESIAN_POINT('',(-7.07106766285385,8.48528137423857,0.5));
#3563=CARTESIAN_POINT('',(-6.3639609636237,7.77817467500843,0.5));
#3564=CARTESIAN_POINT('',(-5.65685410048075,8.48528137423857,0.5));
#3565=CARTESIAN_POINT('Origin',(-6.3639608816673,9.19238815542512,0.5));
#3566=CARTESIAN_POINT('',(1.49011625261153E-7,14.1421356237309,0.5));
#3567=CARTESIAN_POINT('',(-4.59619407771257,-2.4748737341529,0.5));
#3568=CARTESIAN_POINT('',(0.,-7.07106781186547,0.5));
#3569=CARTESIAN_POINT('',(4.24264068711927,2.12132034355966,0.5));
#3570=CARTESIAN_POINT('',(2.12132034355961,0.,0.5));
#3571=CARTESIAN_POINT('',(4.24264068711927,2.82842712474621,0.5));
#3572=CARTESIAN_POINT('Origin',(3.88908729652599,2.47487373415294,0.5));
#3573=CARTESIAN_POINT('',(7.07106781186547,0.,0.5));
#3574=CARTESIAN_POINT('',(0.,7.07106781186548,0.5));
#3575=CARTESIAN_POINT('',(-7.07106781186549,-3.53553390593273,0.5));
#3576=CARTESIAN_POINT('',(7.0710678118654,3.53553390593274,0.5));
#3577=CARTESIAN_POINT('',(-13.4350286935328,-0.707106781186548,0.5));
#3578=CARTESIAN_POINT('',(-13.4350286935328,0.707106781186548,0.5));
#3579=CARTESIAN_POINT('Origin',(-12.7279219123462,2.08166817117217E-16,
0.5));
#3580=CARTESIAN_POINT('',(-8.48528123576365,5.65685423895567,0.5));
#3581=CARTESIAN_POINT('',(1.49011625261153E-7,14.1421356237309,0.5));
#3582=CARTESIAN_POINT('',(-8.48528123576365,7.07106780132876,0.5));
#3583=CARTESIAN_POINT('Origin',(-9.1923880169502,6.36396102014221,0.5));
#3584=CARTESIAN_POINT('',(-12.0208151416964,10.6066017072615,0.5));
#3585=CARTESIAN_POINT('',(-7.77817452163235,6.36396108719746,0.5));
#3586=CARTESIAN_POINT('',(-13.4350287040695,10.6066017072615,0.5));
#3587=CARTESIAN_POINT('Origin',(-12.7279219228829,9.89949492607495,0.5));
#3588=CARTESIAN_POINT('',(-23.3345236301444,0.707106781186547,0.5));
#3589=CARTESIAN_POINT('',(-24.041630411331,3.26208819136841E-16,0.5));
#3590=CARTESIAN_POINT('',(-23.3345236301444,-0.707106781186544,0.5));
#3591=CARTESIAN_POINT('Origin',(-22.6274168489579,6.24500451351651E-16,
0.5));
#3592=CARTESIAN_POINT('',(-13.4350286935328,-10.6066017177982,0.5));
#3593=CARTESIAN_POINT('',(-12.7279219123462,-11.3137084989848,0.5));
#3594=CARTESIAN_POINT('',(-12.0208151311597,-10.6066017177982,0.5));
#3595=CARTESIAN_POINT('Origin',(-12.7279219123462,-9.89949493661167,0.5));
#3596=CARTESIAN_POINT('',(-8.48528122522694,-7.07106781186548,0.5));
#3597=CARTESIAN_POINT('',(-7.77817451109562,-6.36396109773416,0.5));
#3598=CARTESIAN_POINT('',(-8.48528122522694,-5.65685424949238,0.5));
#3599=CARTESIAN_POINT('Origin',(-9.19238800641349,-6.36396103067893,0.5));
#3600=CARTESIAN_POINT('',(-14.1421354747193,9.86537420782511E-16,0.5));
#3601=CARTESIAN_POINT('',(13.435028991556,0.707106781186557,0.5));
#3602=CARTESIAN_POINT('',(13.435028991556,-0.707106781186537,0.5));
#3603=CARTESIAN_POINT('Origin',(12.7279222103695,8.95117313604032E-15,0.5));
#3604=CARTESIAN_POINT('',(8.48528144874438,-5.65685432399819,0.5));
#3605=CARTESIAN_POINT('',(6.03826799678912E-15,-14.1421357727426,0.5));
#3606=CARTESIAN_POINT('',(8.48528144874438,-7.07106788637128,0.5));
#3607=CARTESIAN_POINT('Origin',(9.19238822993093,-6.36396110518473,0.5));
#3608=CARTESIAN_POINT('',(12.0208153546771,-10.606601792304,0.5));
#3609=CARTESIAN_POINT('',(7.77817466755783,-6.36396110518474,0.5));
#3610=CARTESIAN_POINT('',(13.4350289170502,-10.606601792304,0.5));
#3611=CARTESIAN_POINT('Origin',(12.7279221358637,-9.89949501111748,0.5));
#3612=CARTESIAN_POINT('',(23.3345239281677,-0.707106781186542,0.5));
#3613=CARTESIAN_POINT('',(12.7279221358637,-11.3137085734906,0.5));
#3614=CARTESIAN_POINT('',(23.3345239281677,0.707106781186551,0.5));
#3615=CARTESIAN_POINT('Origin',(22.6274171469812,4.16333634234434E-15,0.5));
#3616=CARTESIAN_POINT('',(13.4350289170502,10.606601792304,0.5));
#3617=CARTESIAN_POINT('',(24.0416307093542,5.10191482166993E-15,0.5));
#3618=CARTESIAN_POINT('',(12.0208153546771,10.606601792304,0.5));
#3619=CARTESIAN_POINT('Origin',(12.7279221358637,9.89949501111749,0.5));
#3620=CARTESIAN_POINT('',(8.48528144874438,7.07106788637129,0.5));
#3621=CARTESIAN_POINT('',(7.77817466755783,6.36396110518474,0.5));
#3622=CARTESIAN_POINT('',(8.48528144874438,5.6568543239982,0.5));
#3623=CARTESIAN_POINT('Origin',(9.19238822993093,6.36396110518475,0.5));
#3624=CARTESIAN_POINT('',(14.1421357727426,9.41612715870163E-15,0.5));
#3625=CARTESIAN_POINT('Origin',(4.59619407771254,2.47487373415294,0.));
#3626=CARTESIAN_POINT('',(4.24264068711927,2.12132034355966,0.));
#3627=CARTESIAN_POINT('Origin',(3.88908729652599,2.47487373415294,0.));
#3628=CARTESIAN_POINT('',(4.24264068711927,2.82842712474621,0.));
#3629=CARTESIAN_POINT('Origin',(-6.3639608816673,9.19238815542512,0.));
#3630=CARTESIAN_POINT('',(-7.07106766285385,8.48528137423857,0.));
#3631=CARTESIAN_POINT('',(-5.65685410048075,8.48528137423857,0.));
#3632=CARTESIAN_POINT('Origin',(-6.3639608816673,9.19238815542512,0.));
#3633=CARTESIAN_POINT('',(-5.65685410048075,8.48528137423857,0.));
#3634=CARTESIAN_POINT('',(-7.07106766285385,8.48528137423857,0.));
#3635=CARTESIAN_POINT('Origin',(1.49011625261153E-7,14.1421356237309,0.));
#3636=CARTESIAN_POINT('',(-0.707106632174921,13.4350288425444,0.));
#3637=CARTESIAN_POINT('',(-3.53553379417402,10.6066016805453,0.));
#3638=CARTESIAN_POINT('',(-0.707106632174921,13.4350288425444,0.));
#3639=CARTESIAN_POINT('Origin',(0.,0.,0.));
#3640=CARTESIAN_POINT('',(-18.5857862886153,20.,0.));
#3641=CARTESIAN_POINT('',(-2.82842705396567,4.2426407653504,0.));
#3642=CARTESIAN_POINT('',(18.5857864165535,20.,0.));
#3643=CARTESIAN_POINT('',(-40.,20.,0.));
#3644=CARTESIAN_POINT('',(7.07106787583457,8.4852814592811,0.));
#3645=CARTESIAN_POINT('',(8.9393398124151,10.3535533958616,0.));
#3646=CARTESIAN_POINT('',(5.65685431346148,8.4852814592811,0.));
#3647=CARTESIAN_POINT('Origin',(6.36396109464802,9.19238824046765,0.));
#3648=CARTESIAN_POINT('',(0.707106930198175,13.4350288425444,0.));
#3649=CARTESIAN_POINT('',(6.71751449050966,7.42462128223292,0.));
#3650=CARTESIAN_POINT('Origin',(1.4901162741221E-7,12.7279220613579,0.));
#3651=CARTESIAN_POINT('Origin',(1.4901162741221E-7,12.7279220613579,0.));
#3652=CARTESIAN_POINT('',(0.707106930198175,13.4350288425444,0.));
#3653=CARTESIAN_POINT('Origin',(6.36396109464802,7.77817467809456,0.));
#3654=CARTESIAN_POINT('',(5.65685431346148,8.4852814592811,0.));
#3655=CARTESIAN_POINT('Origin',(6.36396109464802,9.19238824046765,0.));
#3656=CARTESIAN_POINT('',(7.07106787583457,8.4852814592811,0.));
#3657=CARTESIAN_POINT('Origin',(6.36396110518474,-9.19238822993093,0.));
#3658=CARTESIAN_POINT('',(7.07106788637129,-8.48528144874438,0.));
#3659=CARTESIAN_POINT('',(5.65685432399819,-8.48528144874438,0.));
#3660=CARTESIAN_POINT('Origin',(6.36396110518474,-9.19238822993093,0.));
#3661=CARTESIAN_POINT('',(5.65685432399819,-8.48528144874438,0.));
#3662=CARTESIAN_POINT('',(7.07106788637129,-8.48528144874438,0.));
#3663=CARTESIAN_POINT('Origin',(6.03826799678912E-15,-14.1421357727426,
0.));
#3664=CARTESIAN_POINT('',(0.707106930198171,-13.4350288425444,0.));
#3665=CARTESIAN_POINT('',(3.53553394318565,-10.6066018295569,0.));
#3666=CARTESIAN_POINT('',(0.707106930198172,-13.4350288425444,0.));
#3667=CARTESIAN_POINT('Origin',(0.,0.,0.));
#3668=CARTESIAN_POINT('',(18.5857864376269,-20.,0.));
#3669=CARTESIAN_POINT('',(2.82842716199909,-4.24264072437219,0.));
#3670=CARTESIAN_POINT('',(-18.5857862675419,-20.,0.));
#3671=CARTESIAN_POINT('',(40.,-20.,0.));
#3672=CARTESIAN_POINT('',(-7.07106765231714,-8.48528138477528,0.));
#3673=CARTESIAN_POINT('',(-8.93933970065639,-10.3535534331145,0.));
#3674=CARTESIAN_POINT('',(-5.65685408994404,-8.48528138477528,0.));
#3675=CARTESIAN_POINT('Origin',(-6.36396087113059,-9.19238816596183,0.));
#3676=CARTESIAN_POINT('',(-0.707106632174922,-13.4350288425444,0.));
#3677=CARTESIAN_POINT('',(-6.71751430424512,-7.4246211704742,0.));
#3678=CARTESIAN_POINT('Origin',(1.4901162415093E-7,-12.7279220613579,0.));
#3679=CARTESIAN_POINT('Origin',(1.4901162415093E-7,-12.7279220613579,0.));
#3680=CARTESIAN_POINT('',(-0.707106632174923,-13.4350288425444,0.));
#3681=CARTESIAN_POINT('Origin',(-6.36396087113059,-7.77817460358874,0.));
#3682=CARTESIAN_POINT('',(-5.65685408994404,-8.48528138477528,0.));
#3683=CARTESIAN_POINT('Origin',(-6.36396087113059,-9.19238816596183,0.));
#3684=CARTESIAN_POINT('',(-7.07106765231714,-8.48528138477528,0.));
#3685=CARTESIAN_POINT('Origin',(9.19238822993093,6.36396110518475,0.));
#3686=CARTESIAN_POINT('',(8.48528144874438,7.07106788637129,0.));
#3687=CARTESIAN_POINT('',(8.48528144874438,5.6568543239982,0.));
#3688=CARTESIAN_POINT('Origin',(9.19238822993093,6.36396110518475,0.));
#3689=CARTESIAN_POINT('',(8.48528144874438,5.6568543239982,0.));
#3690=CARTESIAN_POINT('',(8.48528144874438,7.07106788637129,0.));
#3691=CARTESIAN_POINT('Origin',(7.77817466755783,6.36396110518474,0.));
#3692=CARTESIAN_POINT('',(12.0208153546771,10.606601792304,0.));
#3693=CARTESIAN_POINT('',(12.0208153546771,10.606601792304,0.));
#3694=CARTESIAN_POINT('',(4.24264072437219,2.8284271619991,0.));
#3695=CARTESIAN_POINT('Origin',(12.7279222103695,8.95117313604032E-15,0.));
#3696=CARTESIAN_POINT('',(13.435028991556,0.707106781186557,0.));
#3697=CARTESIAN_POINT('',(13.435028991556,0.707106781186556,0.));
#3698=CARTESIAN_POINT('',(13.435028991556,-0.707106781186536,0.));
#3699=CARTESIAN_POINT('Origin',(12.7279222103695,8.95117313604032E-15,0.));
#3700=CARTESIAN_POINT('',(13.435028991556,-0.707106781186537,0.));
#3701=CARTESIAN_POINT('Origin',(14.1421357727426,9.41612715870163E-15,0.));
#3702=CARTESIAN_POINT('',(10.6066018295569,3.53553394318565,0.));
#3703=CARTESIAN_POINT('Origin',(9.19238822993093,-6.36396110518473,0.));
#3704=CARTESIAN_POINT('',(8.48528144874438,-5.65685432399819,0.));
#3705=CARTESIAN_POINT('',(8.48528144874438,-7.07106788637128,0.));
#3706=CARTESIAN_POINT('Origin',(9.19238822993093,-6.36396110518473,0.));
#3707=CARTESIAN_POINT('',(8.48528144874438,-7.07106788637128,0.));
#3708=CARTESIAN_POINT('',(8.48528144874438,-5.65685432399819,0.));
#3709=CARTESIAN_POINT('Origin',(12.7279221358637,-11.3137085734906,0.));
#3710=CARTESIAN_POINT('',(12.0208153546771,-10.606601792304,0.));
#3711=CARTESIAN_POINT('',(6.71751445852511,-5.30330089615201,0.));
#3712=CARTESIAN_POINT('',(12.0208153546771,-10.606601792304,0.));
#3713=CARTESIAN_POINT('Origin',(0.,0.,0.));
#3714=CARTESIAN_POINT('',(13.4350289170502,10.606601792304,0.));
#3715=CARTESIAN_POINT('Origin',(12.7279221358637,9.89949501111749,0.));
#3716=CARTESIAN_POINT('',(23.3345239281677,0.707106781186551,0.));
#3717=CARTESIAN_POINT('',(12.3743687452704,11.6672619640839,0.));
#3718=CARTESIAN_POINT('',(23.3345239281677,-0.707106781186542,0.));
#3719=CARTESIAN_POINT('Origin',(22.6274171469812,4.16333634234434E-15,0.));
#3720=CARTESIAN_POINT('',(13.4350289170502,-10.606601792304,0.));
#3721=CARTESIAN_POINT('',(18.0312230320157,-6.01040767733856,0.));
#3722=CARTESIAN_POINT('Origin',(12.7279221358637,-9.89949501111748,0.));
#3723=CARTESIAN_POINT('',(7.42462127696456,-6.71751449577801,0.));
#3724=CARTESIAN_POINT('Origin',(19.0918831665426,-16.2634560417964,0.));
#3725=CARTESIAN_POINT('',(18.3847763853561,-15.5563492606099,0.));
#3726=CARTESIAN_POINT('',(18.3847763853561,-16.970562822983,0.));
#3727=CARTESIAN_POINT('Origin',(19.0918831665426,-16.2634560417964,0.));
#3728=CARTESIAN_POINT('',(18.3847763853561,-16.970562822983,0.));
#3729=CARTESIAN_POINT('',(18.3847763853561,-15.5563492606099,0.));
#3730=CARTESIAN_POINT('Origin',(21.4142135623731,-20.,0.));
#3731=CARTESIAN_POINT('',(21.4142135623731,-20.,0.));
#3732=CARTESIAN_POINT('',(11.0606601717798,-9.64644660940673,0.));
#3733=CARTESIAN_POINT('',(21.4142135623731,-20.,0.));
#3734=CARTESIAN_POINT('Origin',(0.,0.,0.));
#3735=CARTESIAN_POINT('',(33.2340188647794,-0.707106781186542,0.));
#3736=CARTESIAN_POINT('',(17.3241162135762,-16.6170094323897,0.));
#3737=CARTESIAN_POINT('',(33.2340188647794,0.707106781186553,0.));
#3738=CARTESIAN_POINT('Origin',(32.5269120835928,3.53883589099269E-15,0.));
#3739=CARTESIAN_POINT('',(18.3847763853561,15.5563492606099,0.));
#3740=CARTESIAN_POINT('',(25.4558442344744,8.48528141149148,0.));
#3741=CARTESIAN_POINT('',(18.3847763853561,16.970562822983,0.));
#3742=CARTESIAN_POINT('Origin',(19.0918831665426,16.2634560417964,0.));
#3743=CARTESIAN_POINT('',(21.4142135623731,20.,0.));
#3744=CARTESIAN_POINT('',(9.19238819267803,7.77817463030494,0.));
#3745=CARTESIAN_POINT('',(23.8406205825776,20.,0.));
#3746=CARTESIAN_POINT('',(-40.,20.,0.));
#3747=CARTESIAN_POINT('',(40.,3.84062058257757,0.));
#3748=CARTESIAN_POINT('',(22.8804654369332,20.9601551456444,0.));
#3749=CARTESIAN_POINT('',(40.,-3.84062058257758,0.));
#3750=CARTESIAN_POINT('',(40.,20.,0.));
#3751=CARTESIAN_POINT('',(23.8406205825776,-20.,0.));
#3752=CARTESIAN_POINT('',(30.9601551456444,-12.8804654369332,0.));
#3753=CARTESIAN_POINT('',(40.,-20.,0.));
#3754=CARTESIAN_POINT('Origin',(32.5269120835928,3.53883589099269E-15,0.));
#3755=CARTESIAN_POINT('',(33.2340188647794,0.70710678118655,0.));
#3756=CARTESIAN_POINT('',(33.2340188647794,-0.707106781186543,0.));
#3757=CARTESIAN_POINT('Origin',(33.9411256459659,4.4758226685739E-15,0.));
#3758=CARTESIAN_POINT('',(18.3847763853561,15.5563492606099,0.));
#3759=CARTESIAN_POINT('Origin',(19.0918831665426,16.2634560417964,0.));
#3760=CARTESIAN_POINT('',(18.3847763853561,16.970562822983,0.));
#3761=CARTESIAN_POINT('Origin',(17.6776696041695,16.2634560417964,0.));
#3762=CARTESIAN_POINT('',(21.4142135623731,20.,0.));
#3763=CARTESIAN_POINT('Origin',(12.7279221358637,9.89949501111749,0.));
#3764=CARTESIAN_POINT('',(13.4350289170502,10.606601792304,0.));
#3765=CARTESIAN_POINT('Origin',(12.7279221358637,11.3137085734906,0.));
#3766=CARTESIAN_POINT('',(23.3345239281677,0.70710678118655,0.));
#3767=CARTESIAN_POINT('Origin',(22.6274171469812,4.16333634234434E-15,0.));
#3768=CARTESIAN_POINT('',(23.3345239281677,-0.707106781186542,0.));
#3769=CARTESIAN_POINT('Origin',(12.7279221358637,-9.89949501111748,0.));
#3770=CARTESIAN_POINT('',(13.4350289170502,-10.606601792304,0.));
#3771=CARTESIAN_POINT('Origin',(-19.0918829535619,16.2634559567539,0.));
#3772=CARTESIAN_POINT('',(-18.3847761723753,15.5563491755673,0.));
#3773=CARTESIAN_POINT('',(-18.3847761723753,16.9705627379404,0.));
#3774=CARTESIAN_POINT('Origin',(-19.0918829535619,16.2634559567539,0.));
#3775=CARTESIAN_POINT('',(-18.3847761723753,16.9705627379404,0.));
#3776=CARTESIAN_POINT('',(-18.3847761723753,15.5563491755673,0.));
#3777=CARTESIAN_POINT('Origin',(-21.4142134344349,20.,0.));
#3778=CARTESIAN_POINT('',(-21.4142134344349,20.,0.));
#3779=CARTESIAN_POINT('',(-11.0606600758262,9.64644664139128,0.));
#3780=CARTESIAN_POINT('',(-21.4142134344349,20.,0.));
#3781=CARTESIAN_POINT('Origin',(0.,0.,0.));
#3782=CARTESIAN_POINT('',(-33.2340185667561,0.707106781186551,0.));
#3783=CARTESIAN_POINT('',(-17.3241160325801,16.6170093153626,0.));
#3784=CARTESIAN_POINT('',(-33.2340185667561,-0.707106781186549,0.));
#3785=CARTESIAN_POINT('Origin',(-32.5269117855696,-9.0205620750794E-16,
0.));
#3786=CARTESIAN_POINT('',(-18.3847761618386,-15.5563491861041,0.));
#3787=CARTESIAN_POINT('',(-25.455844010957,-8.48528133698566,0.));
#3788=CARTESIAN_POINT('',(-18.3847761618386,-16.9705627484771,0.));
#3789=CARTESIAN_POINT('Origin',(-19.0918829430252,-16.2634559672906,0.));
#3790=CARTESIAN_POINT('',(-21.4142134133615,-20.,0.));
#3791=CARTESIAN_POINT('',(-9.1923880436664,-7.77817463030493,0.));
#3792=CARTESIAN_POINT('',(-23.8406204335659,-20.0000001490116,0.));
#3793=CARTESIAN_POINT('',(40.,-20.,0.));
#3794=CARTESIAN_POINT('',(-40.,-3.84062058257754,0.));
#3795=CARTESIAN_POINT('',(-22.8804653624274,-20.9601552201502,0.));
#3796=CARTESIAN_POINT('',(-40.,3.84062043356595,0.));
#3797=CARTESIAN_POINT('',(-40.,-20.,0.));
#3798=CARTESIAN_POINT('',(-23.840620433566,20.,0.));
#3799=CARTESIAN_POINT('',(-30.9601551083915,12.8804653251745,0.));
#3800=CARTESIAN_POINT('',(-40.,20.,0.));
#3801=CARTESIAN_POINT('Origin',(-12.7279219228829,9.89949492607495,0.));
#3802=CARTESIAN_POINT('',(-12.0208151416964,10.6066017072615,0.));
#3803=CARTESIAN_POINT('',(-13.4350287040695,10.6066017072615,0.));
#3804=CARTESIAN_POINT('Origin',(-12.7279219228829,9.89949492607495,0.));
#3805=CARTESIAN_POINT('',(-13.4350287040695,10.6066017072615,0.));
#3806=CARTESIAN_POINT('',(-12.0208151416964,10.6066017072615,0.));
#3807=CARTESIAN_POINT('Origin',(0.,0.,0.));
#3808=CARTESIAN_POINT('',(-8.48528123576365,7.07106780132876,0.));
#3809=CARTESIAN_POINT('',(-6.71751432005019,5.3033008856153,0.));
#3810=CARTESIAN_POINT('',(-8.48528123576366,5.65685423895567,0.));
#3811=CARTESIAN_POINT('Origin',(-9.1923880169502,6.36396102014221,0.));
#3812=CARTESIAN_POINT('',(-13.4350286935328,0.707106781186548,0.));
#3813=CARTESIAN_POINT('',(-7.42462109596838,6.71751437875094,0.));
#3814=CARTESIAN_POINT('',(-13.4350286935328,-0.707106781186547,0.));
#3815=CARTESIAN_POINT('Origin',(-12.7279219123462,2.08166817117217E-16,
0.));
#3816=CARTESIAN_POINT('',(-8.48528122522694,-5.65685424949238,0.));
#3817=CARTESIAN_POINT('',(-10.6066016060395,-3.53553386867983,0.));
#3818=CARTESIAN_POINT('',(-8.48528122522694,-7.07106781186548,0.));
#3819=CARTESIAN_POINT('Origin',(-9.19238800641349,-6.36396103067893,0.));
#3820=CARTESIAN_POINT('',(-12.0208151311597,-10.6066017177982,0.));
#3821=CARTESIAN_POINT('',(-4.24264060888818,-2.82842719552671,0.));
#3822=CARTESIAN_POINT('',(-13.4350286935328,-10.6066017177982,0.));
#3823=CARTESIAN_POINT('Origin',(-12.7279219123462,-9.89949493661167,0.));
#3824=CARTESIAN_POINT('',(-23.3345236301444,-0.707106781186548,0.));
#3825=CARTESIAN_POINT('',(-12.3743685590059,-11.6672618523251,0.));
#3826=CARTESIAN_POINT('',(-23.3345236301444,0.707106781186546,0.));
#3827=CARTESIAN_POINT('Origin',(-22.6274168489579,6.24500451351651E-16,
0.));
#3828=CARTESIAN_POINT('',(-18.0312228084982,6.01040760283275,0.));
#3829=CARTESIAN_POINT('Origin',(-12.7279219228829,11.313708488448,0.));
#3830=CARTESIAN_POINT('',(-8.48528123576365,7.07106780132876,0.));
#3831=CARTESIAN_POINT('Origin',(-9.1923880169502,6.36396102014221,0.));
#3832=CARTESIAN_POINT('',(-8.48528123576366,5.65685423895567,0.));
#3833=CARTESIAN_POINT('Origin',(-12.7279219123462,2.08166817117217E-16,
0.));
#3834=CARTESIAN_POINT('',(-13.4350286935328,-0.707106781186548,0.));
#3835=CARTESIAN_POINT('',(-13.4350286935328,0.707106781186548,0.));
#3836=CARTESIAN_POINT('Origin',(-14.1421354747193,9.86537420782511E-16,
0.));
#3837=CARTESIAN_POINT('',(-8.48528122522694,-5.65685424949238,0.));
#3838=CARTESIAN_POINT('Origin',(-9.19238800641349,-6.36396103067893,0.));
#3839=CARTESIAN_POINT('',(-8.48528122522694,-7.07106781186548,0.));
#3840=CARTESIAN_POINT('Origin',(-7.77817451109562,-6.36396109773416,0.));
#3841=CARTESIAN_POINT('',(-12.0208151311597,-10.6066017177982,0.));
#3842=CARTESIAN_POINT('Origin',(-12.7279219123462,-9.89949493661167,0.));
#3843=CARTESIAN_POINT('',(-13.4350286935328,-10.6066017177982,0.));
#3844=CARTESIAN_POINT('Origin',(-19.0918829430252,-16.2634559672906,0.));
#3845=CARTESIAN_POINT('',(-18.3847761618386,-15.556349186104,0.));
#3846=CARTESIAN_POINT('',(-18.3847761618386,-16.9705627484771,0.));
#3847=CARTESIAN_POINT('Origin',(-17.6776693806521,-16.2634559672906,0.));
#3848=CARTESIAN_POINT('',(-21.4142134133615,-20.,0.));
#3849=CARTESIAN_POINT('Origin',(-22.6274168489579,6.24500451351651E-16,
0.));
#3850=CARTESIAN_POINT('',(-23.3345236301444,-0.707106781186546,0.));
#3851=CARTESIAN_POINT('',(-23.3345236301444,0.707106781186547,0.));
#3852=CARTESIAN_POINT('Origin',(-24.041630411331,3.26208819136841E-16,0.));
#3853=CARTESIAN_POINT('Origin',(-32.5269117855696,-9.0205620750794E-16,
0.));
#3854=CARTESIAN_POINT('',(-33.2340185667561,-0.707106781186548,0.));
#3855=CARTESIAN_POINT('',(-33.2340185667561,0.707106781186549,0.));
#3856=CARTESIAN_POINT('Origin',(-17.6776693911888,16.2634559567539,0.));
#3857=CARTESIAN_POINT('Origin',(-40.,3.84062043356595,0.));
#3858=CARTESIAN_POINT('',(-40.,3.84062043356595,0.5));
#3859=CARTESIAN_POINT('',(-40.,3.84062043356595,0.));
#3860=CARTESIAN_POINT('',(-23.840620433566,20.,0.5));
#3861=CARTESIAN_POINT('',(-43.8406205080717,-7.45057926010799E-8,0.5));
#3862=CARTESIAN_POINT('',(-23.840620433566,20.,0.));
#3863=CARTESIAN_POINT('Origin',(-31.920310216783,11.920310216783,0.5));
#3864=CARTESIAN_POINT('',(-40.,18.,0.5));
#3865=CARTESIAN_POINT('',(-40.,15.9601551083915,0.5));
#3866=CARTESIAN_POINT('',(-38.,20.,0.5));
#3867=CARTESIAN_POINT('Origin',(-38.,18.,0.5));
#3868=CARTESIAN_POINT('',(4.03984489160851,20.,0.5));
#3869=CARTESIAN_POINT('Origin',(23.8406205825776,20.,0.));
#3870=CARTESIAN_POINT('',(23.8406205825776,20.,0.5));
#3871=CARTESIAN_POINT('',(23.8406205825776,20.,0.));
#3872=CARTESIAN_POINT('',(40.,3.84062058257757,0.5));
#3873=CARTESIAN_POINT('',(43.8406205825776,-6.36918644847415E-15,0.5));
#3874=CARTESIAN_POINT('',(40.,3.84062058257758,0.));
#3875=CARTESIAN_POINT('Origin',(31.9203102912888,11.9203102912888,0.5));
#3876=CARTESIAN_POINT('',(40.,18.,0.5));
#3877=CARTESIAN_POINT('',(40.,-4.03984485435561,0.5));
#3878=CARTESIAN_POINT('',(38.,20.,0.5));
#3879=CARTESIAN_POINT('',(35.9601551456444,20.,0.5));
#3880=CARTESIAN_POINT('Origin',(38.,18.,0.5));
#3881=CARTESIAN_POINT('Origin',(40.,-3.84062058257758,0.));
#3882=CARTESIAN_POINT('',(40.,-3.84062058257758,0.5));
#3883=CARTESIAN_POINT('',(40.,-3.84062058257758,0.));
#3884=CARTESIAN_POINT('',(23.8406205825776,-20.,0.5));
#3885=CARTESIAN_POINT('',(23.8406205825776,-20.,0.5));
#3886=CARTESIAN_POINT('',(23.8406205825776,-20.,0.));
#3887=CARTESIAN_POINT('Origin',(31.9203102912888,-11.9203102912888,0.5));
#3888=CARTESIAN_POINT('',(40.,-18.,0.5));
#3889=CARTESIAN_POINT('',(40.,-15.9601551456444,0.5));
#3890=CARTESIAN_POINT('',(38.,-20.,0.5));
#3891=CARTESIAN_POINT('Origin',(38.,-18.,0.5));
#3892=CARTESIAN_POINT('',(-4.0398448543556,-20.,0.5));
#3893=CARTESIAN_POINT('Origin',(-23.8406204335659,-20.0000001490116,0.));
#3894=CARTESIAN_POINT('',(-23.8406204335659,-20.0000001490116,0.5));
#3895=CARTESIAN_POINT('',(-23.8406205825775,-20.,0.));
#3896=CARTESIAN_POINT('',(-40.,-3.84062058257754,0.5));
#3897=CARTESIAN_POINT('',(-23.8406204335659,-20.0000001490116,0.5));
#3898=CARTESIAN_POINT('',(-40.,-3.84062058257754,0.));
#3899=CARTESIAN_POINT('Origin',(-31.920310216783,-11.9203103657946,0.5));
#3900=CARTESIAN_POINT('',(-40.,-18.,0.5));
#3901=CARTESIAN_POINT('',(-38.,-20.,0.5));
#3902=CARTESIAN_POINT('Origin',(-38.,-18.,0.5));
#3903=CARTESIAN_POINT('',(-40.,4.03984481710271,0.5));
#3904=CARTESIAN_POINT('',(-35.9601551083915,-20.,0.5));
#3905=CARTESIAN_POINT('Origin',(24.0416307093542,4.44089209850063E-15,0.));
#3906=CARTESIAN_POINT('Origin',(7.77817466755783,-6.36396110518473,0.));
#3907=CARTESIAN_POINT('Origin',(4.59619407771254,-2.47487373415293,0.));
#3908=CARTESIAN_POINT('Origin',(0.,7.07106781186548,0.));
#3909=CARTESIAN_POINT('Origin',(-4.59619407771257,-2.4748737341529,0.));
#3910=CARTESIAN_POINT('Origin',(-12.7279219123462,-11.3137084989848,0.));
#3911=CARTESIAN_POINT('Origin',(-7.77817445457711,6.36396102014222,0.));
#3912=CARTESIAN_POINT('Origin',(3.5355339059327,0.,0.));
#3913=CARTESIAN_POINT('Origin',(-3.53553390593275,0.,0.));
#3914=CARTESIAN_POINT('Origin',(-7.07106781186547,0.,0.));
#3915=CARTESIAN_POINT('Origin',(-6.3639609636237,7.77817467500843,0.));
#3916=CARTESIAN_POINT('',(-18.5857862886153,20.,0.));
#3917=CARTESIAN_POINT('Origin',(18.5857864165535,20.,0.));
#3918=CARTESIAN_POINT('',(18.5857864165535,20.,0.));
#3919=CARTESIAN_POINT('Origin',(17.6776696041695,-16.2634560417964,0.));
#3920=CARTESIAN_POINT('Origin',(6.36396110518474,-7.77817466755783,0.));
#3921=CARTESIAN_POINT('',(18.5857864376269,-20.,0.));
#3922=CARTESIAN_POINT('Origin',(-18.5857862675419,-20.,0.));
#3923=CARTESIAN_POINT('',(-18.5857862675418,-20.,0.));
#3924=CARTESIAN_POINT('Origin',(-33.9411253479427,2.22044604925031E-15,
0.));
#3925=CARTESIAN_POINT('Origin',(-38.,18.,0.));
#3926=CARTESIAN_POINT('',(-40.,18.,3.));
#3927=CARTESIAN_POINT('',(-40.,18.,0.));
#3928=CARTESIAN_POINT('',(-38.,20.,3.));
#3929=CARTESIAN_POINT('Origin',(-38.,18.,3.));
#3930=CARTESIAN_POINT('',(-38.,20.,0.));
#3931=CARTESIAN_POINT('Origin',(40.,-20.,0.));
#3932=CARTESIAN_POINT('',(40.,18.,3.));
#3933=CARTESIAN_POINT('',(40.,18.,0.));
#3934=CARTESIAN_POINT('',(40.,-18.,3.));
#3935=CARTESIAN_POINT('',(40.,-10.,3.));
#3936=CARTESIAN_POINT('',(40.,-18.,0.));
#3937=CARTESIAN_POINT('Origin',(-40.,20.,0.));
#3938=CARTESIAN_POINT('',(-40.,-18.,3.));
#3939=CARTESIAN_POINT('',(-40.,-18.,0.));
#3940=CARTESIAN_POINT('',(-40.,10.,3.));
#3941=CARTESIAN_POINT('Origin',(-38.,-18.,0.));
#3942=CARTESIAN_POINT('',(-38.,-20.,3.));
#3943=CARTESIAN_POINT('',(-38.,-20.,0.));
#3944=CARTESIAN_POINT('Origin',(-38.,-18.,3.));
#3945=CARTESIAN_POINT('Origin',(-40.,-20.,0.));
#3946=CARTESIAN_POINT('',(38.,-20.,3.));
#3947=CARTESIAN_POINT('',(38.,-20.,0.));
#3948=CARTESIAN_POINT('',(-20.,-20.,3.));
#3949=CARTESIAN_POINT('Ctrl Pts',(38.,-20.,3.));
#3950=CARTESIAN_POINT('Ctrl Pts',(40.,-20.,3.));
#3951=CARTESIAN_POINT('Ctrl Pts',(40.,-18.,3.));
#3952=CARTESIAN_POINT('Ctrl Pts',(38.,-20.,4.00000000000001));
#3953=CARTESIAN_POINT('Ctrl Pts',(40.,-20.,4.00000000000001));
#3954=CARTESIAN_POINT('Ctrl Pts',(40.,-18.,4.00000000000001));
#3955=CARTESIAN_POINT('Ctrl Pts',(38.,-19.,4.));
#3956=CARTESIAN_POINT('Ctrl Pts',(39.,-19.,4.));
#3957=CARTESIAN_POINT('Ctrl Pts',(39.,-18.,4.));
#3958=CARTESIAN_POINT('',(38.,-19.,4.));
#3959=CARTESIAN_POINT('Origin',(38.,-19.,3.));
#3960=CARTESIAN_POINT('Origin',(38.,-18.,3.));
#3961=CARTESIAN_POINT('',(39.,-18.,4.));
#3962=CARTESIAN_POINT('Origin',(39.,-18.,3.));
#3963=CARTESIAN_POINT('Origin',(38.,-18.,4.));
#3964=CARTESIAN_POINT('Origin',(38.,-18.,0.));
#3965=CARTESIAN_POINT('Ctrl Pts',(40.,18.,3.));
#3966=CARTESIAN_POINT('Ctrl Pts',(40.,20.,3.));
#3967=CARTESIAN_POINT('Ctrl Pts',(38.,20.,3.));
#3968=CARTESIAN_POINT('Ctrl Pts',(40.,18.,4.00000000000001));
#3969=CARTESIAN_POINT('Ctrl Pts',(40.,20.,4.00000000000001));
#3970=CARTESIAN_POINT('Ctrl Pts',(38.,20.,4.00000000000001));
#3971=CARTESIAN_POINT('Ctrl Pts',(39.,18.,4.00000000000001));
#3972=CARTESIAN_POINT('Ctrl Pts',(39.,19.,4.00000000000001));
#3973=CARTESIAN_POINT('Ctrl Pts',(38.,19.,4.00000000000001));
#3974=CARTESIAN_POINT('',(39.,18.,4.));
#3975=CARTESIAN_POINT('Origin',(39.,18.,3.));
#3976=CARTESIAN_POINT('',(38.,20.,3.));
#3977=CARTESIAN_POINT('Origin',(38.,18.,3.));
#3978=CARTESIAN_POINT('',(38.,19.,4.));
#3979=CARTESIAN_POINT('Origin',(38.,19.,3.));
#3980=CARTESIAN_POINT('Origin',(38.,18.,4.));
#3981=CARTESIAN_POINT('Origin',(38.,18.,0.));
#3982=CARTESIAN_POINT('',(38.,20.,0.));
#3983=CARTESIAN_POINT('Ctrl Pts',(-40.,-18.,3.));
#3984=CARTESIAN_POINT('Ctrl Pts',(-40.,-20.,3.));
#3985=CARTESIAN_POINT('Ctrl Pts',(-38.,-20.,3.));
#3986=CARTESIAN_POINT('Ctrl Pts',(-40.,-18.,4.00000000000001));
#3987=CARTESIAN_POINT('Ctrl Pts',(-40.,-20.,4.00000000000001));
#3988=CARTESIAN_POINT('Ctrl Pts',(-38.,-20.,4.00000000000001));
#3989=CARTESIAN_POINT('Ctrl Pts',(-39.,-18.,4.00000000000001));
#3990=CARTESIAN_POINT('Ctrl Pts',(-39.,-19.,4.00000000000001));
#3991=CARTESIAN_POINT('Ctrl Pts',(-38.,-19.,4.00000000000001));
#3992=CARTESIAN_POINT('',(-39.,-18.,4.));
#3993=CARTESIAN_POINT('Origin',(-39.,-18.,3.));
#3994=CARTESIAN_POINT('',(-38.,-19.,4.));
#3995=CARTESIAN_POINT('Origin',(-38.,-19.,3.));
#3996=CARTESIAN_POINT('Origin',(-38.,-18.,4.));
#3997=CARTESIAN_POINT('Origin',(-20.,-19.,3.));
#3998=CARTESIAN_POINT('',(-20.,-19.,4.));
#3999=CARTESIAN_POINT('Ctrl Pts',(-38.,20.,3.));
#4000=CARTESIAN_POINT('Ctrl Pts',(-40.,20.,3.));
#4001=CARTESIAN_POINT('Ctrl Pts',(-40.,18.,3.));
#4002=CARTESIAN_POINT('Ctrl Pts',(-38.,20.,4.00000000000001));
#4003=CARTESIAN_POINT('Ctrl Pts',(-40.,20.,4.00000000000001));
#4004=CARTESIAN_POINT('Ctrl Pts',(-40.,18.,4.00000000000001));
#4005=CARTESIAN_POINT('Ctrl Pts',(-38.,19.,4.));
#4006=CARTESIAN_POINT('Ctrl Pts',(-39.,19.,4.));
#4007=CARTESIAN_POINT('Ctrl Pts',(-39.,18.,4.));
#4008=CARTESIAN_POINT('',(-38.,19.,4.));
#4009=CARTESIAN_POINT('Origin',(-38.,19.,3.));
#4010=CARTESIAN_POINT('',(-39.,18.,4.));
#4011=CARTESIAN_POINT('Origin',(-39.,18.,3.));
#4012=CARTESIAN_POINT('Origin',(-38.,18.,4.));
#4013=CARTESIAN_POINT('Origin',(-39.,10.,3.));
#4014=CARTESIAN_POINT('',(-39.,10.,4.));
#4015=CARTESIAN_POINT('Origin',(20.,19.,3.));
#4016=CARTESIAN_POINT('',(20.,19.,4.));
#4017=CARTESIAN_POINT('',(20.,20.,3.));
#4018=CARTESIAN_POINT('Origin',(39.,-10.,3.));
#4019=CARTESIAN_POINT('',(39.,-10.,4.));
#4020=CARTESIAN_POINT('Origin',(0.,0.,4.));
#4021=CARTESIAN_POINT('',(-35.8115005215406,9.93800877508077E-17,4.));
#4022=CARTESIAN_POINT('Origin',(-35.0000005215406,0.,4.));
#4023=CARTESIAN_POINT('',(-0.8115,-17.,4.));
#4024=CARTESIAN_POINT('Origin',(0.,-17.,4.));
#4025=CARTESIAN_POINT('',(34.1885,9.93800877508077E-17,4.));
#4026=CARTESIAN_POINT('Origin',(35.,0.,4.));
#4027=CARTESIAN_POINT('',(-0.8115,17.,4.));
#4028=CARTESIAN_POINT('Origin',(0.,17.,4.));
#4029=CARTESIAN_POINT('Origin',(0.,17.,0.756200803829567));
#4030=CARTESIAN_POINT('',(-0.8115,17.,1.));
#4031=CARTESIAN_POINT('Origin',(0.,17.,1.));
#4032=CARTESIAN_POINT('',(0.,17.,0.512401607659134));
#4033=CARTESIAN_POINT('',(-0.40575,17.,0.756200803829567));
#4034=CARTESIAN_POINT('Origin',(0.,17.,2.5));
#4035=CARTESIAN_POINT('',(-0.8115,17.,2.5));
#4036=CARTESIAN_POINT('Origin',(35.,0.,0.756200803829567));
#4037=CARTESIAN_POINT('',(34.1885,9.93800877508078E-17,1.));
#4038=CARTESIAN_POINT('Origin',(35.,0.,1.));
#4039=CARTESIAN_POINT('',(35.,0.,0.512401607659134));
#4040=CARTESIAN_POINT('',(34.59425,4.96900438754039E-17,0.756200803829567));
#4041=CARTESIAN_POINT('Origin',(35.,0.,2.5));
#4042=CARTESIAN_POINT('',(34.1885,9.93800877508077E-17,2.5));
#4043=CARTESIAN_POINT('Origin',(0.,-17.,0.756200803829567));
#4044=CARTESIAN_POINT('',(-0.8115,-17.,1.));
#4045=CARTESIAN_POINT('Origin',(0.,-17.,1.));
#4046=CARTESIAN_POINT('',(0.,-17.,0.512401607659134));
#4047=CARTESIAN_POINT('',(-0.40575,-17.,0.756200803829567));
#4048=CARTESIAN_POINT('Origin',(0.,-17.,2.5));
#4049=CARTESIAN_POINT('',(-0.8115,-17.,2.5));
#4050=CARTESIAN_POINT('Origin',(-35.0000005215406,0.,0.756200803829567));
#4051=CARTESIAN_POINT('',(-35.8115005215406,9.93800877508078E-17,1.));
#4052=CARTESIAN_POINT('Origin',(-35.0000005215406,0.,1.));
#4053=CARTESIAN_POINT('',(-35.0000005215406,0.,0.512401607659134));
#4054=CARTESIAN_POINT('',(-35.4057505215406,4.96900438754039E-17,0.756200803829567));
#4055=CARTESIAN_POINT('Origin',(-35.0000005215406,0.,2.5));
#4056=CARTESIAN_POINT('',(-35.8115005215406,9.93800877508077E-17,2.5));
#4057=CARTESIAN_POINT('Origin',(40.,20.,0.));
#4058=UNCERTAINTY_MEASURE_WITH_UNIT(LENGTH_MEASURE(0.01),#4062,
'DISTANCE_ACCURACY_VALUE',
'Maximum model space distance between geometric entities at asserted c
onnectivities');
#4059=UNCERTAINTY_MEASURE_WITH_UNIT(LENGTH_MEASURE(0.01),#4062,
'DISTANCE_ACCURACY_VALUE',
'Maximum model space distance between geometric entities at asserted c
onnectivities');
#4060=(
GEOMETRIC_REPRESENTATION_CONTEXT(3)
GLOBAL_UNCERTAINTY_ASSIGNED_CONTEXT((#4058))
GLOBAL_UNIT_ASSIGNED_CONTEXT((#4062,#4064,#4065))
REPRESENTATION_CONTEXT('','3D')
);
#4061=(
GEOMETRIC_REPRESENTATION_CONTEXT(3)
GLOBAL_UNCERTAINTY_ASSIGNED_CONTEXT((#4059))
GLOBAL_UNIT_ASSIGNED_CONTEXT((#4062,#4064,#4065))
REPRESENTATION_CONTEXT('','3D')
);
#4062=(
LENGTH_UNIT()
NAMED_UNIT(*)
SI_UNIT(.MILLI.,.METRE.)
);
#4063=(
LENGTH_UNIT()
NAMED_UNIT(*)
SI_UNIT($,.METRE.)
);
#4064=(
NAMED_UNIT(*)
PLANE_ANGLE_UNIT()
SI_UNIT($,.RADIAN.)
);
#4065=(
NAMED_UNIT(*)
SI_UNIT($,.STERADIAN.)
SOLID_ANGLE_UNIT()
);
#4066=SHAPE_DEFINITION_REPRESENTATION(#4067,#4068);
#4067=PRODUCT_DEFINITION_SHAPE('',$,#4070);
#4068=SHAPE_REPRESENTATION('',(#2394),#4060);
#4069=PRODUCT_DEFINITION_CONTEXT('part definition',#4074,'design');
#4070=PRODUCT_DEFINITION('Counterweight','Counterweight v14',#4071,#4069);
#4071=PRODUCT_DEFINITION_FORMATION('',$,#4076);
#4072=PRODUCT_RELATED_PRODUCT_CATEGORY('Counterweight v14',
'Counterweight v14',(#4076));
#4073=APPLICATION_PROTOCOL_DEFINITION('international standard',
'ap242_managed_model_based_3d_engineering',2011,#4074);
#4074=APPLICATION_CONTEXT('Managed model based 3d engineering');
#4075=PRODUCT_CONTEXT('part definition',#4074,'mechanical');
#4076=PRODUCT('Counterweight','Counterweight v14',$,(#4075));
#4077=PRESENTATION_STYLE_ASSIGNMENT((#4079));
#4078=PRESENTATION_STYLE_ASSIGNMENT((#4080));
#4079=SURFACE_STYLE_USAGE(.BOTH.,#4081);
#4080=SURFACE_STYLE_USAGE(.BOTH.,#4082);
#4081=SURFACE_SIDE_STYLE('',(#4083));
#4082=SURFACE_SIDE_STYLE('',(#4084));
#4083=SURFACE_STYLE_FILL_AREA(#4085);
#4084=SURFACE_STYLE_FILL_AREA(#4086);
#4085=FILL_AREA_STYLE('\X2\AC15CCA0\X0\ - \X2\C0C8D2F4\X0\',(#4087));
#4086=FILL_AREA_STYLE('\X2\D669B3D9\X0\ - \X2\C5F0B9C8\X0\',(#4088));
#4087=FILL_AREA_STYLE_COLOUR('\X2\AC15CCA0\X0\ - \X2\C0C8D2F4\X0\',#4089);
#4088=FILL_AREA_STYLE_COLOUR('\X2\D669B3D9\X0\ - \X2\C5F0B9C8\X0\',#4090);
#4089=COLOUR_RGB('\X2\AC15CCA0\X0\ - \X2\C0C8D2F4\X0\',0.627450980392157,
0.627450980392157,0.627450980392157);
#4090=COLOUR_RGB('\X2\D669B3D9\X0\ - \X2\C5F0B9C8\X0\',0.952941176470588,
0.796078431372549,0.486274509803922);
ENDSEC;
END-ISO-10303-21;
