ISO-10303-21;
HEADER;
/* Generated by software containing ST-Developer
 * from STEP Tools, Inc. (www.steptools.com) 
 */

FILE_DESCRIPTION(
/* description */ ('',
'CAx-IF Rec.Pracs.---Representation and Presentation of Product Manufa
cturing Information (PMI)---4.0---2014-10-13'),
/* implementation_level */ '2;1');

FILE_NAME(
/* name */ 'top_right.step',
/* time_stamp */ '2025-03-18T11:00:24+09:00',
/* author */ (''),
/* organization */ (''),
/* preprocessor_version */ 'ST-DEVELOPER v20',
/* originating_system */ 'Autodesk Translation Framework v13.20.0.188',

/* authorisation */ '');

FILE_SCHEMA (('AP242_MANAGED_MODEL_BASED_3D_ENGINEERING_MIM_LF { 1 0 10303 442 1 1 4 }'));
ENDSEC;

DATA;
#10=MECHANICAL_DESIGN_GEOMETRIC_PRESENTATION_REPRESENTATION('',(#13),#8628);
#11=SHAPE_REPRESENTATION_RELATIONSHIP('SRR','None',#8635,#12);
#12=ADVANCED_BREP_SHAPE_REPRESENTATION('',(#14),#8627);
#13=STYLED_ITEM('',(#8645),#14);
#14=MANIFOLD_SOLID_BREP('\X2\BCF8CCB4\X0\2',#5096);
#15=B_SPLINE_CURVE_WITH_KNOTS('',3,(#7897,#7898,#7899,#7900,#7901,#7902,
#7903,#7904,#7905,#7906,#7907,#7908),.UNSPECIFIED.,.F.,.F.,(4,2,2,2,2,4),
(0.25380742093105,0.286230741017773,0.318654061104496,0.365894256293897,
0.413134451483298,0.5076148418621),.UNSPECIFIED.);
#16=B_SPLINE_CURVE_WITH_KNOTS('',3,(#7911,#7912,#7913,#7914,#7915,#7916,
#7917,#7918,#7919,#7920),.UNSPECIFIED.,.F.,.F.,(4,2,2,2,4),(0.303548406211139,
0.38471951653673,0.46589062686232,0.543893516409788,0.621896405957255),
 .UNSPECIFIED.);
#17=B_SPLINE_CURVE_WITH_KNOTS('',3,(#7922,#7923,#7924,#7925,#7926,#7927,
#7928,#7929),.UNSPECIFIED.,.F.,.F.,(4,2,2,4),(1.34752660718065,1.49813218186411,
1.64873775654757,1.70549106951669),.UNSPECIFIED.);
#18=(
BOUNDED_CURVE()
B_SPLINE_CURVE(2,(#7334,#7335,#7336),.UNSPECIFIED.,.F.,.F.)
B_SPLINE_CURVE_WITH_KNOTS((3,3),(0.,0.0304920468297204),.UNSPECIFIED.)
CURVE()
GEOMETRIC_REPRESENTATION_ITEM()
RATIONAL_B_SPLINE_CURVE((1.,1.,1.))
REPRESENTATION_ITEM('')
);
#19=FACE_BOUND('',#662,.T.);
#20=FACE_BOUND('',#663,.T.);
#21=FACE_BOUND('',#787,.T.);
#22=FACE_BOUND('',#798,.T.);
#23=FACE_BOUND('',#818,.T.);
#24=FACE_BOUND('',#821,.T.);
#25=FACE_BOUND('',#822,.T.);
#26=FACE_BOUND('',#830,.T.);
#27=FACE_BOUND('',#844,.T.);
#28=FACE_BOUND('',#845,.T.);
#29=FACE_BOUND('',#863,.T.);
#30=FACE_BOUND('',#930,.T.);
#31=FACE_BOUND('',#931,.T.);
#32=CYLINDRICAL_SURFACE('',#5126,1.);
#33=CYLINDRICAL_SURFACE('',#5129,1.);
#34=CYLINDRICAL_SURFACE('',#5240,2.);
#35=CYLINDRICAL_SURFACE('',#5244,2.);
#36=CYLINDRICAL_SURFACE('',#5247,2.);
#37=CYLINDRICAL_SURFACE('',#5251,2.);
#38=CYLINDRICAL_SURFACE('',#5255,2.);
#39=CYLINDRICAL_SURFACE('',#5259,2.);
#40=CYLINDRICAL_SURFACE('',#5262,2.);
#41=CYLINDRICAL_SURFACE('',#5266,2.);
#42=CYLINDRICAL_SURFACE('',#5270,2.);
#43=CYLINDRICAL_SURFACE('',#5274,2.);
#44=CYLINDRICAL_SURFACE('',#5277,2.);
#45=CYLINDRICAL_SURFACE('',#5281,2.);
#46=CYLINDRICAL_SURFACE('',#5285,2.);
#47=CYLINDRICAL_SURFACE('',#5288,2.);
#48=CYLINDRICAL_SURFACE('',#5292,2.);
#49=CYLINDRICAL_SURFACE('',#5297,2.);
#50=CYLINDRICAL_SURFACE('',#5330,4.);
#51=CYLINDRICAL_SURFACE('',#5334,4.);
#52=CYLINDRICAL_SURFACE('',#5337,4.);
#53=CYLINDRICAL_SURFACE('',#5340,4.);
#54=CYLINDRICAL_SURFACE('',#5343,4.);
#55=CYLINDRICAL_SURFACE('',#5346,5.);
#56=CYLINDRICAL_SURFACE('',#5350,2.75);
#57=CYLINDRICAL_SURFACE('',#5352,2.);
#58=CYLINDRICAL_SURFACE('',#5358,2.);
#59=CYLINDRICAL_SURFACE('',#5361,4.);
#60=CYLINDRICAL_SURFACE('',#5380,2.);
#61=CYLINDRICAL_SURFACE('',#5383,2.);
#62=CYLINDRICAL_SURFACE('',#5386,2.);
#63=CYLINDRICAL_SURFACE('',#5389,2.);
#64=CYLINDRICAL_SURFACE('',#5392,1.);
#65=CYLINDRICAL_SURFACE('',#5396,1.);
#66=CYLINDRICAL_SURFACE('',#5433,1.);
#67=CYLINDRICAL_SURFACE('',#5435,1.);
#68=CYLINDRICAL_SURFACE('',#5438,1.);
#69=CYLINDRICAL_SURFACE('',#5450,1.);
#70=CYLINDRICAL_SURFACE('',#5452,1.);
#71=CYLINDRICAL_SURFACE('',#5453,1.);
#72=CYLINDRICAL_SURFACE('',#5455,1.);
#73=CYLINDRICAL_SURFACE('',#5457,1.);
#74=CYLINDRICAL_SURFACE('',#5459,1.);
#75=CYLINDRICAL_SURFACE('',#5461,1.);
#76=CYLINDRICAL_SURFACE('',#5477,1.);
#77=CYLINDRICAL_SURFACE('',#5479,1.);
#78=CYLINDRICAL_SURFACE('',#5480,1.);
#79=CYLINDRICAL_SURFACE('',#5482,1.);
#80=CYLINDRICAL_SURFACE('',#5484,1.);
#81=CYLINDRICAL_SURFACE('',#5486,1.);
#82=CYLINDRICAL_SURFACE('',#5487,1.);
#83=CYLINDRICAL_SURFACE('',#5489,1.);
#84=CYLINDRICAL_SURFACE('',#5492,1.);
#85=CYLINDRICAL_SURFACE('',#5508,1.);
#86=CYLINDRICAL_SURFACE('',#5510,1.);
#87=CYLINDRICAL_SURFACE('',#5511,1.);
#88=CYLINDRICAL_SURFACE('',#5513,1.);
#89=CYLINDRICAL_SURFACE('',#5515,1.);
#90=CYLINDRICAL_SURFACE('',#5516,1.);
#91=CYLINDRICAL_SURFACE('',#5518,1.);
#92=CYLINDRICAL_SURFACE('',#5520,1.);
#93=CYLINDRICAL_SURFACE('',#5522,1.5);
#94=CYLINDRICAL_SURFACE('',#5525,1.5);
#95=CYLINDRICAL_SURFACE('',#5528,1.5);
#96=CYLINDRICAL_SURFACE('',#5531,1.5);
#97=CYLINDRICAL_SURFACE('',#5535,4.);
#98=CYLINDRICAL_SURFACE('',#5537,4.);
#99=CYLINDRICAL_SURFACE('',#5539,4.);
#100=CYLINDRICAL_SURFACE('',#5541,4.);
#101=CYLINDRICAL_SURFACE('',#5543,4.);
#102=CYLINDRICAL_SURFACE('',#5544,4.);
#103=CYLINDRICAL_SURFACE('',#5545,4.);
#104=CYLINDRICAL_SURFACE('',#5546,4.);
#105=CYLINDRICAL_SURFACE('',#5548,4.);
#106=CYLINDRICAL_SURFACE('',#5550,4.);
#107=CYLINDRICAL_SURFACE('',#5551,4.);
#108=CYLINDRICAL_SURFACE('',#5553,4.);
#109=CYLINDRICAL_SURFACE('',#5555,4.);
#110=CYLINDRICAL_SURFACE('',#5556,4.);
#111=CYLINDRICAL_SURFACE('',#5564,1.);
#112=CYLINDRICAL_SURFACE('',#5566,1.);
#113=CYLINDRICAL_SURFACE('',#5570,1.5);
#114=CYLINDRICAL_SURFACE('',#5574,1.5);
#115=CYLINDRICAL_SURFACE('',#5578,1.5);
#116=CYLINDRICAL_SURFACE('',#5582,1.5);
#117=CYLINDRICAL_SURFACE('',#5586,2.);
#118=CYLINDRICAL_SURFACE('',#5593,2.);
#119=CYLINDRICAL_SURFACE('',#5594,2.);
#120=CYLINDRICAL_SURFACE('',#5596,2.);
#121=CIRCLE('',#5112,1.3);
#122=CIRCLE('',#5113,1.);
#123=CIRCLE('',#5116,1.3);
#124=CIRCLE('',#5117,1.);
#125=CIRCLE('',#5120,1.3);
#126=CIRCLE('',#5121,1.);
#127=CIRCLE('',#5124,1.3);
#128=CIRCLE('',#5125,1.);
#129=CIRCLE('',#5127,1.);
#130=CIRCLE('',#5130,1.);
#131=CIRCLE('',#5133,3.7);
#132=CIRCLE('',#5134,3.7);
#133=CIRCLE('',#5135,3.7);
#134=CIRCLE('',#5136,3.7);
#135=CIRCLE('',#5137,4.30000000000001);
#136=CIRCLE('',#5138,3.7);
#137=CIRCLE('',#5139,3.70000000000001);
#138=CIRCLE('',#5140,3.70000000000001);
#139=CIRCLE('',#5141,4.3);
#140=CIRCLE('',#5142,3.7);
#141=CIRCLE('',#5143,2.3);
#142=CIRCLE('',#5144,2.3);
#143=CIRCLE('',#5145,2.3);
#144=CIRCLE('',#5146,2.3);
#145=CIRCLE('',#5147,2.3);
#146=CIRCLE('',#5148,2.3);
#147=CIRCLE('',#5149,2.3);
#148=CIRCLE('',#5150,2.3);
#149=CIRCLE('',#5151,2.3);
#150=CIRCLE('',#5152,2.3);
#151=CIRCLE('',#5153,2.3);
#152=CIRCLE('',#5154,2.3);
#153=CIRCLE('',#5155,2.3);
#154=CIRCLE('',#5156,2.3);
#155=CIRCLE('',#5157,2.3);
#156=CIRCLE('',#5158,2.3);
#157=CIRCLE('',#5159,2.3);
#158=CIRCLE('',#5160,2.3);
#159=CIRCLE('',#5161,2.29999999999999);
#160=CIRCLE('',#5162,2.29999999999999);
#161=CIRCLE('',#5165,2.);
#162=CIRCLE('',#5168,2.);
#163=CIRCLE('',#5171,2.);
#164=CIRCLE('',#5174,2.);
#165=CIRCLE('',#5177,2.);
#166=CIRCLE('',#5183,2.);
#167=CIRCLE('',#5186,2.);
#168=CIRCLE('',#5190,2.);
#169=CIRCLE('',#5194,2.);
#170=CIRCLE('',#5198,2.);
#171=CIRCLE('',#5201,2.);
#172=CIRCLE('',#5205,2.);
#173=CIRCLE('',#5209,2.);
#174=CIRCLE('',#5213,2.);
#175=CIRCLE('',#5216,2.);
#176=CIRCLE('',#5220,2.);
#177=CIRCLE('',#5224,2.);
#178=CIRCLE('',#5227,2.);
#179=CIRCLE('',#5231,2.);
#180=CIRCLE('',#5236,2.);
#181=CIRCLE('',#5241,2.);
#182=CIRCLE('',#5245,2.);
#183=CIRCLE('',#5248,2.);
#184=CIRCLE('',#5252,2.);
#185=CIRCLE('',#5256,2.);
#186=CIRCLE('',#5260,2.);
#187=CIRCLE('',#5263,2.);
#188=CIRCLE('',#5267,2.);
#189=CIRCLE('',#5271,2.);
#190=CIRCLE('',#5275,2.);
#191=CIRCLE('',#5278,2.);
#192=CIRCLE('',#5282,2.);
#193=CIRCLE('',#5286,2.);
#194=CIRCLE('',#5289,2.);
#195=CIRCLE('',#5293,2.);
#196=CIRCLE('',#5298,2.);
#197=CIRCLE('',#5302,4.);
#198=CIRCLE('',#5305,4.);
#199=CIRCLE('',#5308,4.);
#200=CIRCLE('',#5311,4.);
#201=CIRCLE('',#5314,4.);
#202=CIRCLE('',#5317,4.);
#203=CIRCLE('',#5320,4.);
#204=CIRCLE('',#5323,4.);
#205=CIRCLE('',#5326,4.);
#206=CIRCLE('',#5329,4.);
#207=CIRCLE('',#5331,4.);
#208=CIRCLE('',#5333,5.);
#209=CIRCLE('',#5335,4.);
#210=CIRCLE('',#5338,4.);
#211=CIRCLE('',#5341,4.);
#212=CIRCLE('',#5344,4.);
#213=CIRCLE('',#5347,5.);
#214=CIRCLE('',#5349,2.75);
#215=CIRCLE('',#5351,2.75);
#216=CIRCLE('',#5353,2.);
#217=CIRCLE('',#5354,2.);
#218=CIRCLE('',#5356,4.);
#219=CIRCLE('',#5357,4.);
#220=CIRCLE('',#5362,4.);
#221=CIRCLE('',#5363,4.);
#222=CIRCLE('',#5364,4.);
#223=CIRCLE('',#5367,4.);
#224=CIRCLE('',#5368,4.);
#225=CIRCLE('',#5369,4.);
#226=CIRCLE('',#5370,4.);
#227=CIRCLE('',#5371,4.);
#228=CIRCLE('',#5372,4.);
#229=CIRCLE('',#5373,4.);
#230=CIRCLE('',#5374,4.);
#231=CIRCLE('',#5375,4.);
#232=CIRCLE('',#5376,4.);
#233=CIRCLE('',#5377,4.);
#234=CIRCLE('',#5378,4.);
#235=CIRCLE('',#5379,4.);
#236=CIRCLE('',#5381,2.);
#237=CIRCLE('',#5384,2.);
#238=CIRCLE('',#5387,2.);
#239=CIRCLE('',#5390,2.);
#240=CIRCLE('',#5393,1.);
#241=CIRCLE('',#5394,1.);
#242=CIRCLE('',#5397,1.);
#243=CIRCLE('',#5398,1.);
#244=CIRCLE('',#5400,4.);
#245=CIRCLE('',#5401,1.);
#246=CIRCLE('',#5402,1.);
#247=CIRCLE('',#5403,1.);
#248=CIRCLE('',#5404,1.);
#249=CIRCLE('',#5405,1.);
#250=CIRCLE('',#5406,1.);
#251=CIRCLE('',#5407,1.);
#252=CIRCLE('',#5408,1.);
#253=CIRCLE('',#5409,1.);
#254=CIRCLE('',#5410,1.);
#255=CIRCLE('',#5411,1.);
#256=CIRCLE('',#5412,1.);
#257=CIRCLE('',#5413,1.);
#258=CIRCLE('',#5414,1.);
#259=CIRCLE('',#5415,1.);
#260=CIRCLE('',#5416,1.);
#261=CIRCLE('',#5417,1.);
#262=CIRCLE('',#5418,1.);
#263=CIRCLE('',#5419,1.);
#264=CIRCLE('',#5420,1.);
#265=CIRCLE('',#5421,1.);
#266=CIRCLE('',#5422,1.);
#267=CIRCLE('',#5423,1.);
#268=CIRCLE('',#5424,1.);
#269=CIRCLE('',#5425,1.);
#270=CIRCLE('',#5426,1.);
#271=CIRCLE('',#5427,1.);
#272=CIRCLE('',#5428,2.);
#273=CIRCLE('',#5429,2.);
#274=CIRCLE('',#5430,2.);
#275=CIRCLE('',#5431,2.);
#276=CIRCLE('',#5434,1.);
#277=CIRCLE('',#5436,1.);
#278=CIRCLE('',#5439,1.);
#279=CIRCLE('',#5442,1.);
#280=CIRCLE('',#5443,1.);
#281=CIRCLE('',#5444,1.);
#282=CIRCLE('',#5445,1.);
#283=CIRCLE('',#5446,1.);
#284=CIRCLE('',#5447,4.);
#285=CIRCLE('',#5448,4.);
#286=CIRCLE('',#5449,1.5);
#287=CIRCLE('',#5460,1.);
#288=CIRCLE('',#5462,1.);
#289=CIRCLE('',#5465,1.);
#290=CIRCLE('',#5466,1.);
#291=CIRCLE('',#5467,1.);
#292=CIRCLE('',#5468,1.);
#293=CIRCLE('',#5469,1.);
#294=CIRCLE('',#5470,1.);
#295=CIRCLE('',#5471,1.);
#296=CIRCLE('',#5472,4.);
#297=CIRCLE('',#5473,4.);
#298=CIRCLE('',#5474,4.);
#299=CIRCLE('',#5475,1.5);
#300=CIRCLE('',#5476,1.5);
#301=CIRCLE('',#5490,1.);
#302=CIRCLE('',#5493,1.);
#303=CIRCLE('',#5496,1.);
#304=CIRCLE('',#5497,1.);
#305=CIRCLE('',#5498,1.);
#306=CIRCLE('',#5499,1.);
#307=CIRCLE('',#5500,1.);
#308=CIRCLE('',#5501,1.);
#309=CIRCLE('',#5502,1.);
#310=CIRCLE('',#5503,1.);
#311=CIRCLE('',#5504,4.);
#312=CIRCLE('',#5505,4.);
#313=CIRCLE('',#5506,4.);
#314=CIRCLE('',#5507,1.5);
#315=CIRCLE('',#5523,1.5);
#316=CIRCLE('',#5526,1.5);
#317=CIRCLE('',#5529,1.5);
#318=CIRCLE('',#5532,1.5);
#319=CIRCLE('',#5565,1.);
#320=CIRCLE('',#5567,1.);
#321=CIRCLE('',#5571,1.5);
#322=CIRCLE('',#5572,1.5);
#323=CIRCLE('',#5575,1.5);
#324=CIRCLE('',#5576,1.5);
#325=CIRCLE('',#5579,1.5);
#326=CIRCLE('',#5580,1.5);
#327=CIRCLE('',#5583,1.5);
#328=CIRCLE('',#5584,1.5);
#329=CIRCLE('',#5587,2.);
#330=CIRCLE('',#5589,2.);
#331=CIRCLE('',#5590,2.);
#332=CIRCLE('',#5591,2.);
#333=CONICAL_SURFACE('',#5111,1.15,0.785398163397454);
#334=CONICAL_SURFACE('',#5115,1.15,0.785398163397454);
#335=CONICAL_SURFACE('',#5119,1.15,0.785398163397453);
#336=CONICAL_SURFACE('',#5123,1.15,0.78539816339745);
#337=CONICAL_SURFACE('',#5164,2.15,0.785398163397438);
#338=CONICAL_SURFACE('',#5167,2.15,0.785398163397438);
#339=CONICAL_SURFACE('',#5170,2.15,0.785398163397452);
#340=CONICAL_SURFACE('',#5173,2.15,0.785398163397451);
#341=CONICAL_SURFACE('',#5176,2.15,0.785398163397455);
#342=CONICAL_SURFACE('',#5182,2.15,0.78539816339745);
#343=CONICAL_SURFACE('',#5185,2.15,0.785398163397455);
#344=CONICAL_SURFACE('',#5189,2.15,0.78539816339745);
#345=CONICAL_SURFACE('',#5193,2.15,0.785398163397455);
#346=CONICAL_SURFACE('',#5197,2.15,0.785398163397455);
#347=CONICAL_SURFACE('',#5200,2.15,0.785398163397455);
#348=CONICAL_SURFACE('',#5204,2.15,0.785398163397444);
#349=CONICAL_SURFACE('',#5208,2.15,0.785398163397448);
#350=CONICAL_SURFACE('',#5212,2.15,0.785398163397454);
#351=CONICAL_SURFACE('',#5215,2.15,0.785398163397445);
#352=CONICAL_SURFACE('',#5219,2.15,0.785398163397452);
#353=CONICAL_SURFACE('',#5223,2.15,0.785398163397455);
#354=CONICAL_SURFACE('',#5226,2.15,0.78539816339745);
#355=CONICAL_SURFACE('',#5230,2.15,0.785398163397455);
#356=CONICAL_SURFACE('',#5235,2.15,0.785398163397455);
#357=CONICAL_SURFACE('',#5301,3.85,0.785398163397451);
#358=CONICAL_SURFACE('',#5304,4.15,0.785398163397453);
#359=CONICAL_SURFACE('',#5307,3.85,0.785398163397438);
#360=CONICAL_SURFACE('',#5310,3.85,0.785398163397436);
#361=CONICAL_SURFACE('',#5313,3.85,0.785398163397451);
#362=CONICAL_SURFACE('',#5316,4.15,0.78539816339746);
#363=CONICAL_SURFACE('',#5319,3.85,0.78539816339745);
#364=CONICAL_SURFACE('',#5322,3.85,0.785398163397451);
#365=CONICAL_SURFACE('',#5325,3.85,0.785398163397448);
#366=CONICAL_SURFACE('',#5328,3.85,0.785398163397445);
#367=FACE_OUTER_BOUND('',#649,.T.);
#368=FACE_OUTER_BOUND('',#650,.T.);
#369=FACE_OUTER_BOUND('',#651,.T.);
#370=FACE_OUTER_BOUND('',#652,.T.);
#371=FACE_OUTER_BOUND('',#653,.T.);
#372=FACE_OUTER_BOUND('',#654,.T.);
#373=FACE_OUTER_BOUND('',#655,.T.);
#374=FACE_OUTER_BOUND('',#656,.T.);
#375=FACE_OUTER_BOUND('',#657,.T.);
#376=FACE_OUTER_BOUND('',#658,.T.);
#377=FACE_OUTER_BOUND('',#659,.T.);
#378=FACE_OUTER_BOUND('',#660,.T.);
#379=FACE_OUTER_BOUND('',#661,.T.);
#380=FACE_OUTER_BOUND('',#664,.T.);
#381=FACE_OUTER_BOUND('',#665,.T.);
#382=FACE_OUTER_BOUND('',#666,.T.);
#383=FACE_OUTER_BOUND('',#667,.T.);
#384=FACE_OUTER_BOUND('',#668,.T.);
#385=FACE_OUTER_BOUND('',#669,.T.);
#386=FACE_OUTER_BOUND('',#670,.T.);
#387=FACE_OUTER_BOUND('',#671,.T.);
#388=FACE_OUTER_BOUND('',#672,.T.);
#389=FACE_OUTER_BOUND('',#673,.T.);
#390=FACE_OUTER_BOUND('',#674,.T.);
#391=FACE_OUTER_BOUND('',#675,.T.);
#392=FACE_OUTER_BOUND('',#676,.T.);
#393=FACE_OUTER_BOUND('',#677,.T.);
#394=FACE_OUTER_BOUND('',#678,.T.);
#395=FACE_OUTER_BOUND('',#679,.T.);
#396=FACE_OUTER_BOUND('',#680,.T.);
#397=FACE_OUTER_BOUND('',#681,.T.);
#398=FACE_OUTER_BOUND('',#682,.T.);
#399=FACE_OUTER_BOUND('',#683,.T.);
#400=FACE_OUTER_BOUND('',#684,.T.);
#401=FACE_OUTER_BOUND('',#685,.T.);
#402=FACE_OUTER_BOUND('',#686,.T.);
#403=FACE_OUTER_BOUND('',#687,.T.);
#404=FACE_OUTER_BOUND('',#688,.T.);
#405=FACE_OUTER_BOUND('',#689,.T.);
#406=FACE_OUTER_BOUND('',#690,.T.);
#407=FACE_OUTER_BOUND('',#691,.T.);
#408=FACE_OUTER_BOUND('',#692,.T.);
#409=FACE_OUTER_BOUND('',#693,.T.);
#410=FACE_OUTER_BOUND('',#694,.T.);
#411=FACE_OUTER_BOUND('',#695,.T.);
#412=FACE_OUTER_BOUND('',#696,.T.);
#413=FACE_OUTER_BOUND('',#697,.T.);
#414=FACE_OUTER_BOUND('',#698,.T.);
#415=FACE_OUTER_BOUND('',#699,.T.);
#416=FACE_OUTER_BOUND('',#700,.T.);
#417=FACE_OUTER_BOUND('',#701,.T.);
#418=FACE_OUTER_BOUND('',#702,.T.);
#419=FACE_OUTER_BOUND('',#703,.T.);
#420=FACE_OUTER_BOUND('',#704,.T.);
#421=FACE_OUTER_BOUND('',#705,.T.);
#422=FACE_OUTER_BOUND('',#706,.T.);
#423=FACE_OUTER_BOUND('',#707,.T.);
#424=FACE_OUTER_BOUND('',#708,.T.);
#425=FACE_OUTER_BOUND('',#709,.T.);
#426=FACE_OUTER_BOUND('',#710,.T.);
#427=FACE_OUTER_BOUND('',#711,.T.);
#428=FACE_OUTER_BOUND('',#712,.T.);
#429=FACE_OUTER_BOUND('',#713,.T.);
#430=FACE_OUTER_BOUND('',#714,.T.);
#431=FACE_OUTER_BOUND('',#715,.T.);
#432=FACE_OUTER_BOUND('',#716,.T.);
#433=FACE_OUTER_BOUND('',#717,.T.);
#434=FACE_OUTER_BOUND('',#718,.T.);
#435=FACE_OUTER_BOUND('',#719,.T.);
#436=FACE_OUTER_BOUND('',#720,.T.);
#437=FACE_OUTER_BOUND('',#721,.T.);
#438=FACE_OUTER_BOUND('',#722,.T.);
#439=FACE_OUTER_BOUND('',#723,.T.);
#440=FACE_OUTER_BOUND('',#724,.T.);
#441=FACE_OUTER_BOUND('',#725,.T.);
#442=FACE_OUTER_BOUND('',#726,.T.);
#443=FACE_OUTER_BOUND('',#727,.T.);
#444=FACE_OUTER_BOUND('',#728,.T.);
#445=FACE_OUTER_BOUND('',#729,.T.);
#446=FACE_OUTER_BOUND('',#730,.T.);
#447=FACE_OUTER_BOUND('',#731,.T.);
#448=FACE_OUTER_BOUND('',#732,.T.);
#449=FACE_OUTER_BOUND('',#733,.T.);
#450=FACE_OUTER_BOUND('',#734,.T.);
#451=FACE_OUTER_BOUND('',#735,.T.);
#452=FACE_OUTER_BOUND('',#736,.T.);
#453=FACE_OUTER_BOUND('',#737,.T.);
#454=FACE_OUTER_BOUND('',#738,.T.);
#455=FACE_OUTER_BOUND('',#739,.T.);
#456=FACE_OUTER_BOUND('',#740,.T.);
#457=FACE_OUTER_BOUND('',#741,.T.);
#458=FACE_OUTER_BOUND('',#742,.T.);
#459=FACE_OUTER_BOUND('',#743,.T.);
#460=FACE_OUTER_BOUND('',#744,.T.);
#461=FACE_OUTER_BOUND('',#745,.T.);
#462=FACE_OUTER_BOUND('',#746,.T.);
#463=FACE_OUTER_BOUND('',#747,.T.);
#464=FACE_OUTER_BOUND('',#748,.T.);
#465=FACE_OUTER_BOUND('',#749,.T.);
#466=FACE_OUTER_BOUND('',#750,.T.);
#467=FACE_OUTER_BOUND('',#751,.T.);
#468=FACE_OUTER_BOUND('',#752,.T.);
#469=FACE_OUTER_BOUND('',#753,.T.);
#470=FACE_OUTER_BOUND('',#754,.T.);
#471=FACE_OUTER_BOUND('',#755,.T.);
#472=FACE_OUTER_BOUND('',#756,.T.);
#473=FACE_OUTER_BOUND('',#757,.T.);
#474=FACE_OUTER_BOUND('',#758,.T.);
#475=FACE_OUTER_BOUND('',#759,.T.);
#476=FACE_OUTER_BOUND('',#760,.T.);
#477=FACE_OUTER_BOUND('',#761,.T.);
#478=FACE_OUTER_BOUND('',#762,.T.);
#479=FACE_OUTER_BOUND('',#763,.T.);
#480=FACE_OUTER_BOUND('',#764,.T.);
#481=FACE_OUTER_BOUND('',#765,.T.);
#482=FACE_OUTER_BOUND('',#766,.T.);
#483=FACE_OUTER_BOUND('',#767,.T.);
#484=FACE_OUTER_BOUND('',#768,.T.);
#485=FACE_OUTER_BOUND('',#769,.T.);
#486=FACE_OUTER_BOUND('',#770,.T.);
#487=FACE_OUTER_BOUND('',#771,.T.);
#488=FACE_OUTER_BOUND('',#772,.T.);
#489=FACE_OUTER_BOUND('',#773,.T.);
#490=FACE_OUTER_BOUND('',#774,.T.);
#491=FACE_OUTER_BOUND('',#775,.T.);
#492=FACE_OUTER_BOUND('',#776,.T.);
#493=FACE_OUTER_BOUND('',#777,.T.);
#494=FACE_OUTER_BOUND('',#778,.T.);
#495=FACE_OUTER_BOUND('',#779,.T.);
#496=FACE_OUTER_BOUND('',#780,.T.);
#497=FACE_OUTER_BOUND('',#781,.T.);
#498=FACE_OUTER_BOUND('',#782,.T.);
#499=FACE_OUTER_BOUND('',#783,.T.);
#500=FACE_OUTER_BOUND('',#784,.T.);
#501=FACE_OUTER_BOUND('',#785,.T.);
#502=FACE_OUTER_BOUND('',#786,.T.);
#503=FACE_OUTER_BOUND('',#788,.T.);
#504=FACE_OUTER_BOUND('',#789,.T.);
#505=FACE_OUTER_BOUND('',#790,.T.);
#506=FACE_OUTER_BOUND('',#791,.T.);
#507=FACE_OUTER_BOUND('',#792,.T.);
#508=FACE_OUTER_BOUND('',#793,.T.);
#509=FACE_OUTER_BOUND('',#794,.T.);
#510=FACE_OUTER_BOUND('',#795,.T.);
#511=FACE_OUTER_BOUND('',#796,.T.);
#512=FACE_OUTER_BOUND('',#797,.T.);
#513=FACE_OUTER_BOUND('',#799,.T.);
#514=FACE_OUTER_BOUND('',#800,.T.);
#515=FACE_OUTER_BOUND('',#801,.T.);
#516=FACE_OUTER_BOUND('',#802,.T.);
#517=FACE_OUTER_BOUND('',#803,.T.);
#518=FACE_OUTER_BOUND('',#804,.T.);
#519=FACE_OUTER_BOUND('',#805,.T.);
#520=FACE_OUTER_BOUND('',#806,.T.);
#521=FACE_OUTER_BOUND('',#807,.T.);
#522=FACE_OUTER_BOUND('',#808,.T.);
#523=FACE_OUTER_BOUND('',#809,.T.);
#524=FACE_OUTER_BOUND('',#810,.T.);
#525=FACE_OUTER_BOUND('',#811,.T.);
#526=FACE_OUTER_BOUND('',#812,.T.);
#527=FACE_OUTER_BOUND('',#813,.T.);
#528=FACE_OUTER_BOUND('',#814,.T.);
#529=FACE_OUTER_BOUND('',#815,.T.);
#530=FACE_OUTER_BOUND('',#816,.T.);
#531=FACE_OUTER_BOUND('',#817,.T.);
#532=FACE_OUTER_BOUND('',#819,.T.);
#533=FACE_OUTER_BOUND('',#820,.T.);
#534=FACE_OUTER_BOUND('',#823,.T.);
#535=FACE_OUTER_BOUND('',#824,.T.);
#536=FACE_OUTER_BOUND('',#825,.T.);
#537=FACE_OUTER_BOUND('',#826,.T.);
#538=FACE_OUTER_BOUND('',#827,.T.);
#539=FACE_OUTER_BOUND('',#828,.T.);
#540=FACE_OUTER_BOUND('',#829,.T.);
#541=FACE_OUTER_BOUND('',#831,.T.);
#542=FACE_OUTER_BOUND('',#832,.T.);
#543=FACE_OUTER_BOUND('',#833,.T.);
#544=FACE_OUTER_BOUND('',#834,.T.);
#545=FACE_OUTER_BOUND('',#835,.T.);
#546=FACE_OUTER_BOUND('',#836,.T.);
#547=FACE_OUTER_BOUND('',#837,.T.);
#548=FACE_OUTER_BOUND('',#838,.T.);
#549=FACE_OUTER_BOUND('',#839,.T.);
#550=FACE_OUTER_BOUND('',#840,.T.);
#551=FACE_OUTER_BOUND('',#841,.T.);
#552=FACE_OUTER_BOUND('',#842,.T.);
#553=FACE_OUTER_BOUND('',#843,.T.);
#554=FACE_OUTER_BOUND('',#846,.T.);
#555=FACE_OUTER_BOUND('',#847,.T.);
#556=FACE_OUTER_BOUND('',#848,.T.);
#557=FACE_OUTER_BOUND('',#849,.T.);
#558=FACE_OUTER_BOUND('',#850,.T.);
#559=FACE_OUTER_BOUND('',#851,.T.);
#560=FACE_OUTER_BOUND('',#852,.T.);
#561=FACE_OUTER_BOUND('',#853,.T.);
#562=FACE_OUTER_BOUND('',#854,.T.);
#563=FACE_OUTER_BOUND('',#855,.T.);
#564=FACE_OUTER_BOUND('',#856,.T.);
#565=FACE_OUTER_BOUND('',#857,.T.);
#566=FACE_OUTER_BOUND('',#858,.T.);
#567=FACE_OUTER_BOUND('',#859,.T.);
#568=FACE_OUTER_BOUND('',#860,.T.);
#569=FACE_OUTER_BOUND('',#861,.T.);
#570=FACE_OUTER_BOUND('',#862,.T.);
#571=FACE_OUTER_BOUND('',#864,.T.);
#572=FACE_OUTER_BOUND('',#865,.T.);
#573=FACE_OUTER_BOUND('',#866,.T.);
#574=FACE_OUTER_BOUND('',#867,.T.);
#575=FACE_OUTER_BOUND('',#868,.T.);
#576=FACE_OUTER_BOUND('',#869,.T.);
#577=FACE_OUTER_BOUND('',#870,.T.);
#578=FACE_OUTER_BOUND('',#871,.T.);
#579=FACE_OUTER_BOUND('',#872,.T.);
#580=FACE_OUTER_BOUND('',#873,.T.);
#581=FACE_OUTER_BOUND('',#874,.T.);
#582=FACE_OUTER_BOUND('',#875,.T.);
#583=FACE_OUTER_BOUND('',#876,.T.);
#584=FACE_OUTER_BOUND('',#877,.T.);
#585=FACE_OUTER_BOUND('',#878,.T.);
#586=FACE_OUTER_BOUND('',#879,.T.);
#587=FACE_OUTER_BOUND('',#880,.T.);
#588=FACE_OUTER_BOUND('',#881,.T.);
#589=FACE_OUTER_BOUND('',#882,.T.);
#590=FACE_OUTER_BOUND('',#883,.T.);
#591=FACE_OUTER_BOUND('',#884,.T.);
#592=FACE_OUTER_BOUND('',#885,.T.);
#593=FACE_OUTER_BOUND('',#886,.T.);
#594=FACE_OUTER_BOUND('',#887,.T.);
#595=FACE_OUTER_BOUND('',#888,.T.);
#596=FACE_OUTER_BOUND('',#889,.T.);
#597=FACE_OUTER_BOUND('',#890,.T.);
#598=FACE_OUTER_BOUND('',#891,.T.);
#599=FACE_OUTER_BOUND('',#892,.T.);
#600=FACE_OUTER_BOUND('',#893,.T.);
#601=FACE_OUTER_BOUND('',#894,.T.);
#602=FACE_OUTER_BOUND('',#895,.T.);
#603=FACE_OUTER_BOUND('',#896,.T.);
#604=FACE_OUTER_BOUND('',#897,.T.);
#605=FACE_OUTER_BOUND('',#898,.T.);
#606=FACE_OUTER_BOUND('',#899,.T.);
#607=FACE_OUTER_BOUND('',#900,.T.);
#608=FACE_OUTER_BOUND('',#901,.T.);
#609=FACE_OUTER_BOUND('',#902,.T.);
#610=FACE_OUTER_BOUND('',#903,.T.);
#611=FACE_OUTER_BOUND('',#904,.T.);
#612=FACE_OUTER_BOUND('',#905,.T.);
#613=FACE_OUTER_BOUND('',#906,.T.);
#614=FACE_OUTER_BOUND('',#907,.T.);
#615=FACE_OUTER_BOUND('',#908,.T.);
#616=FACE_OUTER_BOUND('',#909,.T.);
#617=FACE_OUTER_BOUND('',#910,.T.);
#618=FACE_OUTER_BOUND('',#911,.T.);
#619=FACE_OUTER_BOUND('',#912,.T.);
#620=FACE_OUTER_BOUND('',#913,.T.);
#621=FACE_OUTER_BOUND('',#914,.T.);
#622=FACE_OUTER_BOUND('',#915,.T.);
#623=FACE_OUTER_BOUND('',#916,.T.);
#624=FACE_OUTER_BOUND('',#917,.T.);
#625=FACE_OUTER_BOUND('',#918,.T.);
#626=FACE_OUTER_BOUND('',#919,.T.);
#627=FACE_OUTER_BOUND('',#920,.T.);
#628=FACE_OUTER_BOUND('',#921,.T.);
#629=FACE_OUTER_BOUND('',#922,.T.);
#630=FACE_OUTER_BOUND('',#923,.T.);
#631=FACE_OUTER_BOUND('',#924,.T.);
#632=FACE_OUTER_BOUND('',#925,.T.);
#633=FACE_OUTER_BOUND('',#926,.T.);
#634=FACE_OUTER_BOUND('',#927,.T.);
#635=FACE_OUTER_BOUND('',#928,.T.);
#636=FACE_OUTER_BOUND('',#929,.T.);
#637=FACE_OUTER_BOUND('',#932,.T.);
#638=FACE_OUTER_BOUND('',#933,.T.);
#639=FACE_OUTER_BOUND('',#934,.T.);
#640=FACE_OUTER_BOUND('',#935,.T.);
#641=FACE_OUTER_BOUND('',#936,.T.);
#642=FACE_OUTER_BOUND('',#937,.T.);
#643=FACE_OUTER_BOUND('',#938,.T.);
#644=FACE_OUTER_BOUND('',#939,.T.);
#645=FACE_OUTER_BOUND('',#940,.T.);
#646=FACE_OUTER_BOUND('',#941,.T.);
#647=FACE_OUTER_BOUND('',#942,.T.);
#648=FACE_OUTER_BOUND('',#943,.T.);
#649=EDGE_LOOP('',(#3183,#3184,#3185,#3186));
#650=EDGE_LOOP('',(#3187,#3188,#3189,#3190));
#651=EDGE_LOOP('',(#3191,#3192,#3193,#3194));
#652=EDGE_LOOP('',(#3195,#3196,#3197,#3198));
#653=EDGE_LOOP('',(#3199,#3200,#3201,#3202));
#654=EDGE_LOOP('',(#3203,#3204,#3205,#3206));
#655=EDGE_LOOP('',(#3207,#3208,#3209,#3210));
#656=EDGE_LOOP('',(#3211,#3212,#3213,#3214));
#657=EDGE_LOOP('',(#3215,#3216,#3217,#3218));
#658=EDGE_LOOP('',(#3219,#3220,#3221,#3222));
#659=EDGE_LOOP('',(#3223,#3224,#3225,#3226));
#660=EDGE_LOOP('',(#3227,#3228,#3229,#3230));
#661=EDGE_LOOP('',(#3231,#3232,#3233,#3234,#3235,#3236,#3237,#3238,#3239,
#3240,#3241,#3242,#3243,#3244,#3245,#3246,#3247,#3248,#3249,#3250));
#662=EDGE_LOOP('',(#3251,#3252,#3253,#3254,#3255,#3256,#3257,#3258,#3259,
#3260,#3261,#3262,#3263,#3264,#3265,#3266,#3267,#3268,#3269,#3270,#3271,
#3272,#3273,#3274,#3275,#3276,#3277,#3278,#3279,#3280,#3281,#3282,#3283,
#3284,#3285,#3286,#3287,#3288,#3289,#3290,#3291,#3292,#3293,#3294,#3295,
#3296,#3297,#3298,#3299,#3300,#3301,#3302,#3303,#3304));
#663=EDGE_LOOP('',(#3305,#3306,#3307,#3308,#3309,#3310,#3311,#3312));
#664=EDGE_LOOP('',(#3313,#3314,#3315,#3316,#3317));
#665=EDGE_LOOP('',(#3318,#3319,#3320,#3321));
#666=EDGE_LOOP('',(#3322,#3323,#3324,#3325));
#667=EDGE_LOOP('',(#3326,#3327,#3328,#3329));
#668=EDGE_LOOP('',(#3330,#3331,#3332,#3333));
#669=EDGE_LOOP('',(#3334,#3335,#3336,#3337));
#670=EDGE_LOOP('',(#3338,#3339,#3340,#3341));
#671=EDGE_LOOP('',(#3342,#3343,#3344,#3345));
#672=EDGE_LOOP('',(#3346,#3347,#3348,#3349));
#673=EDGE_LOOP('',(#3350,#3351,#3352,#3353,#3354));
#674=EDGE_LOOP('',(#3355,#3356,#3357,#3358));
#675=EDGE_LOOP('',(#3359,#3360,#3361,#3362));
#676=EDGE_LOOP('',(#3363,#3364,#3365));
#677=EDGE_LOOP('',(#3366,#3367,#3368,#3369));
#678=EDGE_LOOP('',(#3370,#3371,#3372,#3373));
#679=EDGE_LOOP('',(#3374,#3375,#3376,#3377));
#680=EDGE_LOOP('',(#3378,#3379,#3380,#3381));
#681=EDGE_LOOP('',(#3382,#3383,#3384,#3385));
#682=EDGE_LOOP('',(#3386,#3387,#3388,#3389));
#683=EDGE_LOOP('',(#3390,#3391,#3392,#3393));
#684=EDGE_LOOP('',(#3394,#3395,#3396,#3397));
#685=EDGE_LOOP('',(#3398,#3399,#3400,#3401));
#686=EDGE_LOOP('',(#3402,#3403,#3404,#3405));
#687=EDGE_LOOP('',(#3406,#3407,#3408,#3409));
#688=EDGE_LOOP('',(#3410,#3411,#3412,#3413));
#689=EDGE_LOOP('',(#3414,#3415,#3416,#3417));
#690=EDGE_LOOP('',(#3418,#3419,#3420,#3421));
#691=EDGE_LOOP('',(#3422,#3423,#3424,#3425));
#692=EDGE_LOOP('',(#3426,#3427,#3428,#3429));
#693=EDGE_LOOP('',(#3430,#3431,#3432,#3433));
#694=EDGE_LOOP('',(#3434,#3435,#3436,#3437));
#695=EDGE_LOOP('',(#3438,#3439,#3440,#3441));
#696=EDGE_LOOP('',(#3442,#3443,#3444,#3445));
#697=EDGE_LOOP('',(#3446,#3447,#3448,#3449));
#698=EDGE_LOOP('',(#3450,#3451,#3452,#3453));
#699=EDGE_LOOP('',(#3454,#3455,#3456,#3457));
#700=EDGE_LOOP('',(#3458,#3459,#3460,#3461));
#701=EDGE_LOOP('',(#3462,#3463,#3464,#3465));
#702=EDGE_LOOP('',(#3466,#3467,#3468,#3469));
#703=EDGE_LOOP('',(#3470,#3471,#3472,#3473));
#704=EDGE_LOOP('',(#3474,#3475,#3476,#3477));
#705=EDGE_LOOP('',(#3478,#3479,#3480,#3481));
#706=EDGE_LOOP('',(#3482,#3483,#3484,#3485));
#707=EDGE_LOOP('',(#3486,#3487,#3488,#3489));
#708=EDGE_LOOP('',(#3490,#3491,#3492,#3493));
#709=EDGE_LOOP('',(#3494,#3495,#3496,#3497));
#710=EDGE_LOOP('',(#3498,#3499,#3500,#3501));
#711=EDGE_LOOP('',(#3502,#3503,#3504,#3505));
#712=EDGE_LOOP('',(#3506,#3507,#3508,#3509));
#713=EDGE_LOOP('',(#3510,#3511,#3512,#3513));
#714=EDGE_LOOP('',(#3514,#3515,#3516,#3517));
#715=EDGE_LOOP('',(#3518,#3519,#3520,#3521));
#716=EDGE_LOOP('',(#3522,#3523,#3524,#3525));
#717=EDGE_LOOP('',(#3526,#3527,#3528,#3529));
#718=EDGE_LOOP('',(#3530,#3531,#3532,#3533));
#719=EDGE_LOOP('',(#3534,#3535,#3536,#3537));
#720=EDGE_LOOP('',(#3538,#3539,#3540,#3541));
#721=EDGE_LOOP('',(#3542,#3543,#3544,#3545));
#722=EDGE_LOOP('',(#3546,#3547,#3548,#3549));
#723=EDGE_LOOP('',(#3550,#3551,#3552,#3553));
#724=EDGE_LOOP('',(#3554,#3555,#3556,#3557));
#725=EDGE_LOOP('',(#3558,#3559,#3560,#3561));
#726=EDGE_LOOP('',(#3562,#3563,#3564,#3565));
#727=EDGE_LOOP('',(#3566,#3567,#3568,#3569));
#728=EDGE_LOOP('',(#3570,#3571,#3572,#3573));
#729=EDGE_LOOP('',(#3574,#3575,#3576,#3577));
#730=EDGE_LOOP('',(#3578,#3579,#3580,#3581));
#731=EDGE_LOOP('',(#3582,#3583,#3584,#3585));
#732=EDGE_LOOP('',(#3586,#3587,#3588,#3589));
#733=EDGE_LOOP('',(#3590,#3591,#3592,#3593));
#734=EDGE_LOOP('',(#3594,#3595,#3596,#3597));
#735=EDGE_LOOP('',(#3598,#3599,#3600,#3601));
#736=EDGE_LOOP('',(#3602,#3603,#3604,#3605));
#737=EDGE_LOOP('',(#3606,#3607,#3608,#3609));
#738=EDGE_LOOP('',(#3610,#3611,#3612,#3613));
#739=EDGE_LOOP('',(#3614,#3615,#3616,#3617));
#740=EDGE_LOOP('',(#3618,#3619,#3620,#3621));
#741=EDGE_LOOP('',(#3622,#3623,#3624,#3625));
#742=EDGE_LOOP('',(#3626,#3627,#3628,#3629));
#743=EDGE_LOOP('',(#3630,#3631,#3632,#3633));
#744=EDGE_LOOP('',(#3634,#3635,#3636,#3637));
#745=EDGE_LOOP('',(#3638,#3639,#3640,#3641));
#746=EDGE_LOOP('',(#3642,#3643,#3644,#3645));
#747=EDGE_LOOP('',(#3646,#3647,#3648,#3649));
#748=EDGE_LOOP('',(#3650,#3651,#3652,#3653));
#749=EDGE_LOOP('',(#3654,#3655,#3656,#3657));
#750=EDGE_LOOP('',(#3658,#3659,#3660,#3661));
#751=EDGE_LOOP('',(#3662,#3663,#3664,#3665));
#752=EDGE_LOOP('',(#3666,#3667,#3668,#3669));
#753=EDGE_LOOP('',(#3670,#3671,#3672,#3673));
#754=EDGE_LOOP('',(#3674,#3675,#3676,#3677));
#755=EDGE_LOOP('',(#3678,#3679,#3680,#3681));
#756=EDGE_LOOP('',(#3682,#3683,#3684,#3685));
#757=EDGE_LOOP('',(#3686,#3687,#3688,#3689));
#758=EDGE_LOOP('',(#3690,#3691,#3692,#3693));
#759=EDGE_LOOP('',(#3694,#3695,#3696,#3697));
#760=EDGE_LOOP('',(#3698,#3699,#3700,#3701));
#761=EDGE_LOOP('',(#3702,#3703,#3704,#3705));
#762=EDGE_LOOP('',(#3706,#3707,#3708,#3709));
#763=EDGE_LOOP('',(#3710,#3711,#3712,#3713));
#764=EDGE_LOOP('',(#3714,#3715,#3716,#3717));
#765=EDGE_LOOP('',(#3718,#3719,#3720,#3721));
#766=EDGE_LOOP('',(#3722,#3723,#3724,#3725));
#767=EDGE_LOOP('',(#3726,#3727,#3728,#3729));
#768=EDGE_LOOP('',(#3730,#3731,#3732,#3733));
#769=EDGE_LOOP('',(#3734,#3735,#3736,#3737));
#770=EDGE_LOOP('',(#3738,#3739,#3740,#3741));
#771=EDGE_LOOP('',(#3742,#3743,#3744,#3745));
#772=EDGE_LOOP('',(#3746,#3747,#3748,#3749));
#773=EDGE_LOOP('',(#3750,#3751,#3752,#3753));
#774=EDGE_LOOP('',(#3754,#3755,#3756,#3757));
#775=EDGE_LOOP('',(#3758,#3759,#3760,#3761));
#776=EDGE_LOOP('',(#3762,#3763,#3764,#3765));
#777=EDGE_LOOP('',(#3766,#3767,#3768,#3769));
#778=EDGE_LOOP('',(#3770,#3771,#3772,#3773));
#779=EDGE_LOOP('',(#3774,#3775,#3776,#3777));
#780=EDGE_LOOP('',(#3778,#3779,#3780,#3781));
#781=EDGE_LOOP('',(#3782,#3783,#3784,#3785));
#782=EDGE_LOOP('',(#3786,#3787,#3788,#3789));
#783=EDGE_LOOP('',(#3790,#3791,#3792,#3793));
#784=EDGE_LOOP('',(#3794,#3795,#3796,#3797));
#785=EDGE_LOOP('',(#3798,#3799,#3800,#3801));
#786=EDGE_LOOP('',(#3802,#3803,#3804,#3805));
#787=EDGE_LOOP('',(#3806));
#788=EDGE_LOOP('',(#3807,#3808,#3809,#3810));
#789=EDGE_LOOP('',(#3811,#3812,#3813,#3814));
#790=EDGE_LOOP('',(#3815,#3816,#3817,#3818));
#791=EDGE_LOOP('',(#3819,#3820,#3821,#3822));
#792=EDGE_LOOP('',(#3823,#3824,#3825,#3826));
#793=EDGE_LOOP('',(#3827,#3828,#3829,#3830));
#794=EDGE_LOOP('',(#3831,#3832,#3833,#3834));
#795=EDGE_LOOP('',(#3835,#3836,#3837,#3838));
#796=EDGE_LOOP('',(#3839,#3840,#3841,#3842));
#797=EDGE_LOOP('',(#3843));
#798=EDGE_LOOP('',(#3844));
#799=EDGE_LOOP('',(#3845,#3846,#3847,#3848));
#800=EDGE_LOOP('',(#3849,#3850,#3851,#3852));
#801=EDGE_LOOP('',(#3853,#3854,#3855,#3856,#3857,#3858));
#802=EDGE_LOOP('',(#3859,#3860,#3861,#3862,#3863,#3864));
#803=EDGE_LOOP('',(#3865,#3866,#3867,#3868));
#804=EDGE_LOOP('',(#3869,#3870,#3871,#3872));
#805=EDGE_LOOP('',(#3873,#3874,#3875,#3876,#3877,#3878,#3879,#3880,#3881));
#806=EDGE_LOOP('',(#3882,#3883,#3884,#3885,#3886,#3887,#3888));
#807=EDGE_LOOP('',(#3889,#3890,#3891,#3892,#3893,#3894,#3895,#3896,#3897,
#3898,#3899,#3900,#3901,#3902,#3903,#3904,#3905,#3906,#3907,#3908,#3909,
#3910,#3911,#3912,#3913,#3914,#3915,#3916,#3917,#3918,#3919,#3920,#3921,
#3922,#3923,#3924,#3925,#3926,#3927,#3928));
#808=EDGE_LOOP('',(#3929,#3930,#3931,#3932));
#809=EDGE_LOOP('',(#3933,#3934,#3935,#3936));
#810=EDGE_LOOP('',(#3937,#3938,#3939,#3940));
#811=EDGE_LOOP('',(#3941,#3942,#3943,#3944));
#812=EDGE_LOOP('',(#3945,#3946,#3947,#3948));
#813=EDGE_LOOP('',(#3949,#3950,#3951,#3952));
#814=EDGE_LOOP('',(#3953,#3954,#3955,#3956));
#815=EDGE_LOOP('',(#3957,#3958,#3959,#3960));
#816=EDGE_LOOP('',(#3961,#3962,#3963,#3964));
#817=EDGE_LOOP('',(#3965,#3966,#3967,#3968,#3969,#3970));
#818=EDGE_LOOP('',(#3971));
#819=EDGE_LOOP('',(#3972,#3973,#3974,#3975));
#820=EDGE_LOOP('',(#3976,#3977,#3978,#3979,#3980,#3981,#3982,#3983,#3984,
#3985,#3986,#3987,#3988,#3989,#3990,#3991,#3992,#3993,#3994,#3995,#3996,
#3997,#3998,#3999,#4000,#4001,#4002,#4003,#4004,#4005,#4006,#4007,#4008,
#4009,#4010,#4011,#4012,#4013,#4014,#4015,#4016,#4017,#4018,#4019,#4020,
#4021,#4022,#4023,#4024,#4025,#4026,#4027,#4028,#4029,#4030,#4031,#4032,
#4033,#4034,#4035,#4036,#4037));
#821=EDGE_LOOP('',(#4038,#4039,#4040,#4041,#4042,#4043,#4044,#4045));
#822=EDGE_LOOP('',(#4046,#4047,#4048,#4049,#4050,#4051,#4052,#4053,#4054,
#4055,#4056,#4057,#4058,#4059,#4060,#4061,#4062,#4063,#4064,#4065,#4066,
#4067,#4068,#4069,#4070,#4071,#4072,#4073,#4074,#4075,#4076,#4077,#4078,
#4079,#4080,#4081,#4082,#4083,#4084,#4085,#4086,#4087,#4088,#4089,#4090,
#4091,#4092,#4093,#4094,#4095,#4096,#4097,#4098,#4099,#4100));
#823=EDGE_LOOP('',(#4101,#4102,#4103,#4104));
#824=EDGE_LOOP('',(#4105,#4106,#4107,#4108));
#825=EDGE_LOOP('',(#4109,#4110,#4111,#4112));
#826=EDGE_LOOP('',(#4113,#4114,#4115,#4116));
#827=EDGE_LOOP('',(#4117,#4118,#4119,#4120));
#828=EDGE_LOOP('',(#4121,#4122,#4123,#4124));
#829=EDGE_LOOP('',(#4125,#4126,#4127,#4128,#4129,#4130,#4131,#4132,#4133,
#4134,#4135,#4136,#4137,#4138,#4139,#4140,#4141,#4142,#4143,#4144,#4145,
#4146));
#830=EDGE_LOOP('',(#4147));
#831=EDGE_LOOP('',(#4148,#4149,#4150,#4151));
#832=EDGE_LOOP('',(#4152,#4153,#4154,#4155));
#833=EDGE_LOOP('',(#4156,#4157,#4158,#4159));
#834=EDGE_LOOP('',(#4160,#4161,#4162,#4163));
#835=EDGE_LOOP('',(#4164,#4165,#4166,#4167));
#836=EDGE_LOOP('',(#4168,#4169,#4170,#4171));
#837=EDGE_LOOP('',(#4172,#4173,#4174,#4175));
#838=EDGE_LOOP('',(#4176,#4177,#4178,#4179));
#839=EDGE_LOOP('',(#4180,#4181,#4182,#4183,#4184,#4185,#4186,#4187));
#840=EDGE_LOOP('',(#4188,#4189,#4190,#4191));
#841=EDGE_LOOP('',(#4192,#4193,#4194,#4195));
#842=EDGE_LOOP('',(#4196,#4197,#4198,#4199));
#843=EDGE_LOOP('',(#4200,#4201,#4202,#4203,#4204,#4205,#4206,#4207,#4208,
#4209,#4210,#4211,#4212,#4213,#4214,#4215,#4216,#4217,#4218,#4219,#4220,
#4221,#4222,#4223,#4224,#4225));
#844=EDGE_LOOP('',(#4226));
#845=EDGE_LOOP('',(#4227));
#846=EDGE_LOOP('',(#4228,#4229,#4230,#4231));
#847=EDGE_LOOP('',(#4232,#4233,#4234,#4235));
#848=EDGE_LOOP('',(#4236,#4237,#4238,#4239));
#849=EDGE_LOOP('',(#4240,#4241,#4242,#4243));
#850=EDGE_LOOP('',(#4244,#4245,#4246,#4247));
#851=EDGE_LOOP('',(#4248,#4249,#4250,#4251));
#852=EDGE_LOOP('',(#4252,#4253,#4254,#4255));
#853=EDGE_LOOP('',(#4256,#4257,#4258,#4259));
#854=EDGE_LOOP('',(#4260,#4261,#4262,#4263));
#855=EDGE_LOOP('',(#4264,#4265,#4266,#4267));
#856=EDGE_LOOP('',(#4268,#4269,#4270,#4271));
#857=EDGE_LOOP('',(#4272,#4273,#4274,#4275));
#858=EDGE_LOOP('',(#4276,#4277,#4278,#4279));
#859=EDGE_LOOP('',(#4280,#4281,#4282,#4283));
#860=EDGE_LOOP('',(#4284,#4285,#4286,#4287));
#861=EDGE_LOOP('',(#4288,#4289,#4290,#4291));
#862=EDGE_LOOP('',(#4292,#4293,#4294,#4295,#4296,#4297,#4298,#4299,#4300,
#4301,#4302,#4303,#4304,#4305,#4306,#4307,#4308,#4309,#4310,#4311,#4312,
#4313,#4314,#4315,#4316,#4317,#4318,#4319));
#863=EDGE_LOOP('',(#4320));
#864=EDGE_LOOP('',(#4321,#4322,#4323,#4324));
#865=EDGE_LOOP('',(#4325,#4326,#4327,#4328));
#866=EDGE_LOOP('',(#4329,#4330,#4331,#4332));
#867=EDGE_LOOP('',(#4333,#4334,#4335,#4336));
#868=EDGE_LOOP('',(#4337,#4338,#4339,#4340));
#869=EDGE_LOOP('',(#4341,#4342,#4343,#4344));
#870=EDGE_LOOP('',(#4345,#4346,#4347,#4348));
#871=EDGE_LOOP('',(#4349,#4350,#4351,#4352));
#872=EDGE_LOOP('',(#4353,#4354,#4355,#4356));
#873=EDGE_LOOP('',(#4357,#4358,#4359,#4360));
#874=EDGE_LOOP('',(#4361,#4362,#4363,#4364));
#875=EDGE_LOOP('',(#4365,#4366,#4367,#4368));
#876=EDGE_LOOP('',(#4369,#4370,#4371,#4372));
#877=EDGE_LOOP('',(#4373,#4374,#4375,#4376));
#878=EDGE_LOOP('',(#4377,#4378,#4379,#4380));
#879=EDGE_LOOP('',(#4381));
#880=EDGE_LOOP('',(#4382,#4383,#4384,#4385));
#881=EDGE_LOOP('',(#4386));
#882=EDGE_LOOP('',(#4387,#4388,#4389,#4390));
#883=EDGE_LOOP('',(#4391));
#884=EDGE_LOOP('',(#4392,#4393,#4394,#4395));
#885=EDGE_LOOP('',(#4396));
#886=EDGE_LOOP('',(#4397,#4398,#4399,#4400,#4401,#4402,#4403));
#887=EDGE_LOOP('',(#4404,#4405,#4406,#4407,#4408));
#888=EDGE_LOOP('',(#4409,#4410,#4411,#4412));
#889=EDGE_LOOP('',(#4413,#4414,#4415,#4416,#4417,#4418));
#890=EDGE_LOOP('',(#4419,#4420,#4421,#4422));
#891=EDGE_LOOP('',(#4423,#4424,#4425,#4426));
#892=EDGE_LOOP('',(#4427,#4428,#4429,#4430));
#893=EDGE_LOOP('',(#4431,#4432,#4433,#4434));
#894=EDGE_LOOP('',(#4435,#4436,#4437,#4438));
#895=EDGE_LOOP('',(#4439,#4440,#4441,#4442));
#896=EDGE_LOOP('',(#4443,#4444,#4445,#4446));
#897=EDGE_LOOP('',(#4447,#4448,#4449,#4450));
#898=EDGE_LOOP('',(#4451,#4452,#4453,#4454));
#899=EDGE_LOOP('',(#4455,#4456,#4457,#4458));
#900=EDGE_LOOP('',(#4459,#4460,#4461,#4462));
#901=EDGE_LOOP('',(#4463,#4464,#4465,#4466));
#902=EDGE_LOOP('',(#4467,#4468,#4469,#4470));
#903=EDGE_LOOP('',(#4471,#4472,#4473,#4474));
#904=EDGE_LOOP('',(#4475,#4476,#4477,#4478));
#905=EDGE_LOOP('',(#4479,#4480,#4481,#4482));
#906=EDGE_LOOP('',(#4483,#4484,#4485,#4486));
#907=EDGE_LOOP('',(#4487,#4488,#4489,#4490));
#908=EDGE_LOOP('',(#4491,#4492,#4493,#4494));
#909=EDGE_LOOP('',(#4495,#4496,#4497,#4498));
#910=EDGE_LOOP('',(#4499,#4500,#4501,#4502,#4503,#4504,#4505,#4506));
#911=EDGE_LOOP('',(#4507,#4508,#4509,#4510));
#912=EDGE_LOOP('',(#4511,#4512,#4513,#4514));
#913=EDGE_LOOP('',(#4515,#4516,#4517,#4518));
#914=EDGE_LOOP('',(#4519,#4520,#4521,#4522));
#915=EDGE_LOOP('',(#4523,#4524,#4525,#4526));
#916=EDGE_LOOP('',(#4527,#4528,#4529,#4530));
#917=EDGE_LOOP('',(#4531,#4532,#4533,#4534));
#918=EDGE_LOOP('',(#4535,#4536,#4537,#4538));
#919=EDGE_LOOP('',(#4539,#4540,#4541,#4542));
#920=EDGE_LOOP('',(#4543,#4544,#4545,#4546));
#921=EDGE_LOOP('',(#4547,#4548,#4549,#4550));
#922=EDGE_LOOP('',(#4551,#4552,#4553,#4554));
#923=EDGE_LOOP('',(#4555,#4556,#4557,#4558));
#924=EDGE_LOOP('',(#4559,#4560,#4561,#4562));
#925=EDGE_LOOP('',(#4563,#4564,#4565,#4566));
#926=EDGE_LOOP('',(#4567,#4568,#4569,#4570));
#927=EDGE_LOOP('',(#4571,#4572,#4573,#4574));
#928=EDGE_LOOP('',(#4575,#4576,#4577,#4578));
#929=EDGE_LOOP('',(#4579,#4580,#4581,#4582,#4583,#4584,#4585,#4586));
#930=EDGE_LOOP('',(#4587,#4588,#4589,#4590,#4591,#4592,#4593,#4594));
#931=EDGE_LOOP('',(#4595,#4596,#4597,#4598,#4599,#4600,#4601,#4602));
#932=EDGE_LOOP('',(#4603,#4604,#4605,#4606));
#933=EDGE_LOOP('',(#4607,#4608,#4609,#4610));
#934=EDGE_LOOP('',(#4611,#4612,#4613,#4614));
#935=EDGE_LOOP('',(#4615,#4616,#4617,#4618));
#936=EDGE_LOOP('',(#4619,#4620,#4621,#4622));
#937=EDGE_LOOP('',(#4623,#4624,#4625,#4626));
#938=EDGE_LOOP('',(#4627,#4628,#4629,#4630,#4631,#4632,#4633,#4634));
#939=EDGE_LOOP('',(#4635,#4636,#4637,#4638));
#940=EDGE_LOOP('',(#4639,#4640,#4641,#4642));
#941=EDGE_LOOP('',(#4643,#4644,#4645,#4646));
#942=EDGE_LOOP('',(#4647,#4648,#4649,#4650));
#943=EDGE_LOOP('',(#4651,#4652,#4653,#4654));
#944=LINE('',#7118,#1464);
#945=LINE('',#7120,#1465);
#946=LINE('',#7122,#1466);
#947=LINE('',#7123,#1467);
#948=LINE('',#7128,#1468);
#949=LINE('',#7133,#1469);
#950=LINE('',#7134,#1470);
#951=LINE('',#7135,#1471);
#952=LINE('',#7140,#1472);
#953=LINE('',#7145,#1473);
#954=LINE('',#7146,#1474);
#955=LINE('',#7147,#1475);
#956=LINE('',#7152,#1476);
#957=LINE('',#7157,#1477);
#958=LINE('',#7158,#1478);
#959=LINE('',#7159,#1479);
#960=LINE('',#7165,#1480);
#961=LINE('',#7168,#1481);
#962=LINE('',#7171,#1482);
#963=LINE('',#7172,#1483);
#964=LINE('',#7176,#1484);
#965=LINE('',#7179,#1485);
#966=LINE('',#7180,#1486);
#967=LINE('',#7184,#1487);
#968=LINE('',#7188,#1488);
#969=LINE('',#7192,#1489);
#970=LINE('',#7196,#1490);
#971=LINE('',#7200,#1491);
#972=LINE('',#7204,#1492);
#973=LINE('',#7208,#1493);
#974=LINE('',#7212,#1494);
#975=LINE('',#7216,#1495);
#976=LINE('',#7220,#1496);
#977=LINE('',#7224,#1497);
#978=LINE('',#7228,#1498);
#979=LINE('',#7230,#1499);
#980=LINE('',#7234,#1500);
#981=LINE('',#7238,#1501);
#982=LINE('',#7240,#1502);
#983=LINE('',#7244,#1503);
#984=LINE('',#7246,#1504);
#985=LINE('',#7250,#1505);
#986=LINE('',#7252,#1506);
#987=LINE('',#7256,#1507);
#988=LINE('',#7260,#1508);
#989=LINE('',#7262,#1509);
#990=LINE('',#7266,#1510);
#991=LINE('',#7268,#1511);
#992=LINE('',#7272,#1512);
#993=LINE('',#7274,#1513);
#994=LINE('',#7278,#1514);
#995=LINE('',#7282,#1515);
#996=LINE('',#7284,#1516);
#997=LINE('',#7288,#1517);
#998=LINE('',#7290,#1518);
#999=LINE('',#7294,#1519);
#1000=LINE('',#7298,#1520);
#1001=LINE('',#7300,#1521);
#1002=LINE('',#7304,#1522);
#1003=LINE('',#7306,#1523);
#1004=LINE('',#7308,#1524);
#1005=LINE('',#7312,#1525);
#1006=LINE('',#7314,#1526);
#1007=LINE('',#7316,#1527);
#1008=LINE('',#7320,#1528);
#1009=LINE('',#7324,#1529);
#1010=LINE('',#7328,#1530);
#1011=LINE('',#7333,#1531);
#1012=LINE('',#7338,#1532);
#1013=LINE('',#7339,#1533);
#1014=LINE('',#7342,#1534);
#1015=LINE('',#7346,#1535);
#1016=LINE('',#7347,#1536);
#1017=LINE('',#7350,#1537);
#1018=LINE('',#7354,#1538);
#1019=LINE('',#7355,#1539);
#1020=LINE('',#7358,#1540);
#1021=LINE('',#7362,#1541);
#1022=LINE('',#7363,#1542);
#1023=LINE('',#7366,#1543);
#1024=LINE('',#7370,#1544);
#1025=LINE('',#7371,#1545);
#1026=LINE('',#7374,#1546);
#1027=LINE('',#7377,#1547);
#1028=LINE('',#7380,#1548);
#1029=LINE('',#7381,#1549);
#1030=LINE('',#7384,#1550);
#1031=LINE('',#7385,#1551);
#1032=LINE('',#7387,#1552);
#1033=LINE('',#7391,#1553);
#1034=LINE('',#7392,#1554);
#1035=LINE('',#7393,#1555);
#1036=LINE('',#7396,#1556);
#1037=LINE('',#7400,#1557);
#1038=LINE('',#7401,#1558);
#1039=LINE('',#7404,#1559);
#1040=LINE('',#7407,#1560);
#1041=LINE('',#7411,#1561);
#1042=LINE('',#7412,#1562);
#1043=LINE('',#7413,#1563);
#1044=LINE('',#7416,#1564);
#1045=LINE('',#7419,#1565);
#1046=LINE('',#7423,#1566);
#1047=LINE('',#7424,#1567);
#1048=LINE('',#7425,#1568);
#1049=LINE('',#7428,#1569);
#1050=LINE('',#7431,#1570);
#1051=LINE('',#7435,#1571);
#1052=LINE('',#7436,#1572);
#1053=LINE('',#7437,#1573);
#1054=LINE('',#7440,#1574);
#1055=LINE('',#7444,#1575);
#1056=LINE('',#7445,#1576);
#1057=LINE('',#7448,#1577);
#1058=LINE('',#7451,#1578);
#1059=LINE('',#7455,#1579);
#1060=LINE('',#7456,#1580);
#1061=LINE('',#7457,#1581);
#1062=LINE('',#7460,#1582);
#1063=LINE('',#7463,#1583);
#1064=LINE('',#7467,#1584);
#1065=LINE('',#7468,#1585);
#1066=LINE('',#7469,#1586);
#1067=LINE('',#7472,#1587);
#1068=LINE('',#7475,#1588);
#1069=LINE('',#7479,#1589);
#1070=LINE('',#7480,#1590);
#1071=LINE('',#7481,#1591);
#1072=LINE('',#7484,#1592);
#1073=LINE('',#7488,#1593);
#1074=LINE('',#7489,#1594);
#1075=LINE('',#7492,#1595);
#1076=LINE('',#7495,#1596);
#1077=LINE('',#7499,#1597);
#1078=LINE('',#7500,#1598);
#1079=LINE('',#7501,#1599);
#1080=LINE('',#7504,#1600);
#1081=LINE('',#7507,#1601);
#1082=LINE('',#7511,#1602);
#1083=LINE('',#7512,#1603);
#1084=LINE('',#7513,#1604);
#1085=LINE('',#7516,#1605);
#1086=LINE('',#7520,#1606);
#1087=LINE('',#7521,#1607);
#1088=LINE('',#7524,#1608);
#1089=LINE('',#7527,#1609);
#1090=LINE('',#7531,#1610);
#1091=LINE('',#7532,#1611);
#1092=LINE('',#7533,#1612);
#1093=LINE('',#7536,#1613);
#1094=LINE('',#7539,#1614);
#1095=LINE('',#7542,#1615);
#1096=LINE('',#7543,#1616);
#1097=LINE('',#7546,#1617);
#1098=LINE('',#7547,#1618);
#1099=LINE('',#7550,#1619);
#1100=LINE('',#7553,#1620);
#1101=LINE('',#7556,#1621);
#1102=LINE('',#7558,#1622);
#1103=LINE('',#7559,#1623);
#1104=LINE('',#7562,#1624);
#1105=LINE('',#7563,#1625);
#1106=LINE('',#7567,#1626);
#1107=LINE('',#7570,#1627);
#1108=LINE('',#7571,#1628);
#1109=LINE('',#7574,#1629);
#1110=LINE('',#7575,#1630);
#1111=LINE('',#7579,#1631);
#1112=LINE('',#7582,#1632);
#1113=LINE('',#7583,#1633);
#1114=LINE('',#7587,#1634);
#1115=LINE('',#7590,#1635);
#1116=LINE('',#7591,#1636);
#1117=LINE('',#7594,#1637);
#1118=LINE('',#7595,#1638);
#1119=LINE('',#7599,#1639);
#1120=LINE('',#7602,#1640);
#1121=LINE('',#7603,#1641);
#1122=LINE('',#7606,#1642);
#1123=LINE('',#7607,#1643);
#1124=LINE('',#7611,#1644);
#1125=LINE('',#7614,#1645);
#1126=LINE('',#7615,#1646);
#1127=LINE('',#7618,#1647);
#1128=LINE('',#7619,#1648);
#1129=LINE('',#7623,#1649);
#1130=LINE('',#7626,#1650);
#1131=LINE('',#7627,#1651);
#1132=LINE('',#7631,#1652);
#1133=LINE('',#7634,#1653);
#1134=LINE('',#7635,#1654);
#1135=LINE('',#7638,#1655);
#1136=LINE('',#7639,#1656);
#1137=LINE('',#7643,#1657);
#1138=LINE('',#7646,#1658);
#1139=LINE('',#7647,#1659);
#1140=LINE('',#7650,#1660);
#1141=LINE('',#7651,#1661);
#1142=LINE('',#7655,#1662);
#1143=LINE('',#7658,#1663);
#1144=LINE('',#7659,#1664);
#1145=LINE('',#7662,#1665);
#1146=LINE('',#7663,#1666);
#1147=LINE('',#7667,#1667);
#1148=LINE('',#7670,#1668);
#1149=LINE('',#7671,#1669);
#1150=LINE('',#7675,#1670);
#1151=LINE('',#7678,#1671);
#1152=LINE('',#7679,#1672);
#1153=LINE('',#7682,#1673);
#1154=LINE('',#7683,#1674);
#1155=LINE('',#7687,#1675);
#1156=LINE('',#7690,#1676);
#1157=LINE('',#7691,#1677);
#1158=LINE('',#7694,#1678);
#1159=LINE('',#7695,#1679);
#1160=LINE('',#7699,#1680);
#1161=LINE('',#7702,#1681);
#1162=LINE('',#7703,#1682);
#1163=LINE('',#7707,#1683);
#1164=LINE('',#7710,#1684);
#1165=LINE('',#7711,#1685);
#1166=LINE('',#7714,#1686);
#1167=LINE('',#7715,#1687);
#1168=LINE('',#7719,#1688);
#1169=LINE('',#7722,#1689);
#1170=LINE('',#7723,#1690);
#1171=LINE('',#7726,#1691);
#1172=LINE('',#7727,#1692);
#1173=LINE('',#7730,#1693);
#1174=LINE('',#7731,#1694);
#1175=LINE('',#7735,#1695);
#1176=LINE('',#7738,#1696);
#1177=LINE('',#7739,#1697);
#1178=LINE('',#7742,#1698);
#1179=LINE('',#7744,#1699);
#1180=LINE('',#7745,#1700);
#1181=LINE('',#7748,#1701);
#1182=LINE('',#7752,#1702);
#1183=LINE('',#7753,#1703);
#1184=LINE('',#7756,#1704);
#1185=LINE('',#7760,#1705);
#1186=LINE('',#7761,#1706);
#1187=LINE('',#7764,#1707);
#1188=LINE('',#7768,#1708);
#1189=LINE('',#7769,#1709);
#1190=LINE('',#7772,#1710);
#1191=LINE('',#7776,#1711);
#1192=LINE('',#7777,#1712);
#1193=LINE('',#7780,#1713);
#1194=LINE('',#7784,#1714);
#1195=LINE('',#7785,#1715);
#1196=LINE('',#7788,#1716);
#1197=LINE('',#7792,#1717);
#1198=LINE('',#7793,#1718);
#1199=LINE('',#7796,#1719);
#1200=LINE('',#7800,#1720);
#1201=LINE('',#7801,#1721);
#1202=LINE('',#7804,#1722);
#1203=LINE('',#7808,#1723);
#1204=LINE('',#7809,#1724);
#1205=LINE('',#7812,#1725);
#1206=LINE('',#7816,#1726);
#1207=LINE('',#7817,#1727);
#1208=LINE('',#7822,#1728);
#1209=LINE('',#7825,#1729);
#1210=LINE('',#7828,#1730);
#1211=LINE('',#7829,#1731);
#1212=LINE('',#7835,#1732);
#1213=LINE('',#7838,#1733);
#1214=LINE('',#7839,#1734);
#1215=LINE('',#7843,#1735);
#1216=LINE('',#7846,#1736);
#1217=LINE('',#7847,#1737);
#1218=LINE('',#7851,#1738);
#1219=LINE('',#7854,#1739);
#1220=LINE('',#7855,#1740);
#1221=LINE('',#7859,#1741);
#1222=LINE('',#7862,#1742);
#1223=LINE('',#7863,#1743);
#1224=LINE('',#7867,#1744);
#1225=LINE('',#7874,#1745);
#1226=LINE('',#7880,#1746);
#1227=LINE('',#7883,#1747);
#1228=LINE('',#7886,#1748);
#1229=LINE('',#7890,#1749);
#1230=LINE('',#7893,#1750);
#1231=LINE('',#7910,#1751);
#1232=LINE('',#7930,#1752);
#1233=LINE('',#7933,#1753);
#1234=LINE('',#7935,#1754);
#1235=LINE('',#7936,#1755);
#1236=LINE('',#7939,#1756);
#1237=LINE('',#7941,#1757);
#1238=LINE('',#7942,#1758);
#1239=LINE('',#7947,#1759);
#1240=LINE('',#7951,#1760);
#1241=LINE('',#7954,#1761);
#1242=LINE('',#7957,#1762);
#1243=LINE('',#7959,#1763);
#1244=LINE('',#7960,#1764);
#1245=LINE('',#7965,#1765);
#1246=LINE('',#7969,#1766);
#1247=LINE('',#7973,#1767);
#1248=LINE('',#7975,#1768);
#1249=LINE('',#7979,#1769);
#1250=LINE('',#7983,#1770);
#1251=LINE('',#7987,#1771);
#1252=LINE('',#7991,#1772);
#1253=LINE('',#7995,#1773);
#1254=LINE('',#7999,#1774);
#1255=LINE('',#8003,#1775);
#1256=LINE('',#8007,#1776);
#1257=LINE('',#8010,#1777);
#1258=LINE('',#8013,#1778);
#1259=LINE('',#8016,#1779);
#1260=LINE('',#8019,#1780);
#1261=LINE('',#8020,#1781);
#1262=LINE('',#8023,#1782);
#1263=LINE('',#8026,#1783);
#1264=LINE('',#8028,#1784);
#1265=LINE('',#8031,#1785);
#1266=LINE('',#8035,#1786);
#1267=LINE('',#8036,#1787);
#1268=LINE('',#8039,#1788);
#1269=LINE('',#8042,#1789);
#1270=LINE('',#8048,#1790);
#1271=LINE('',#8051,#1791);
#1272=LINE('',#8054,#1792);
#1273=LINE('',#8055,#1793);
#1274=LINE('',#8057,#1794);
#1275=LINE('',#8058,#1795);
#1276=LINE('',#8064,#1796);
#1277=LINE('',#8067,#1797);
#1278=LINE('',#8071,#1798);
#1279=LINE('',#8075,#1799);
#1280=LINE('',#8079,#1800);
#1281=LINE('',#8083,#1801);
#1282=LINE('',#8087,#1802);
#1283=LINE('',#8091,#1803);
#1284=LINE('',#8095,#1804);
#1285=LINE('',#8099,#1805);
#1286=LINE('',#8103,#1806);
#1287=LINE('',#8107,#1807);
#1288=LINE('',#8111,#1808);
#1289=LINE('',#8115,#1809);
#1290=LINE('',#8119,#1810);
#1291=LINE('',#8123,#1811);
#1292=LINE('',#8127,#1812);
#1293=LINE('',#8131,#1813);
#1294=LINE('',#8135,#1814);
#1295=LINE('',#8138,#1815);
#1296=LINE('',#8140,#1816);
#1297=LINE('',#8144,#1817);
#1298=LINE('',#8148,#1818);
#1299=LINE('',#8152,#1819);
#1300=LINE('',#8156,#1820);
#1301=LINE('',#8160,#1821);
#1302=LINE('',#8164,#1822);
#1303=LINE('',#8168,#1823);
#1304=LINE('',#8172,#1824);
#1305=LINE('',#8176,#1825);
#1306=LINE('',#8179,#1826);
#1307=LINE('',#8182,#1827);
#1308=LINE('',#8186,#1828);
#1309=LINE('',#8190,#1829);
#1310=LINE('',#8194,#1830);
#1311=LINE('',#8196,#1831);
#1312=LINE('',#8199,#1832);
#1313=LINE('',#8200,#1833);
#1314=LINE('',#8204,#1834);
#1315=LINE('',#8207,#1835);
#1316=LINE('',#8210,#1836);
#1317=LINE('',#8212,#1837);
#1318=LINE('',#8217,#1838);
#1319=LINE('',#8218,#1839);
#1320=LINE('',#8221,#1840);
#1321=LINE('',#8222,#1841);
#1322=LINE('',#8224,#1842);
#1323=LINE('',#8228,#1843);
#1324=LINE('',#8232,#1844);
#1325=LINE('',#8236,#1845);
#1326=LINE('',#8240,#1846);
#1327=LINE('',#8244,#1847);
#1328=LINE('',#8248,#1848);
#1329=LINE('',#8251,#1849);
#1330=LINE('',#8255,#1850);
#1331=LINE('',#8257,#1851);
#1332=LINE('',#8259,#1852);
#1333=LINE('',#8261,#1853);
#1334=LINE('',#8262,#1854);
#1335=LINE('',#8265,#1855);
#1336=LINE('',#8266,#1856);
#1337=LINE('',#8268,#1857);
#1338=LINE('',#8270,#1858);
#1339=LINE('',#8273,#1859);
#1340=LINE('',#8275,#1860);
#1341=LINE('',#8276,#1861);
#1342=LINE('',#8277,#1862);
#1343=LINE('',#8280,#1863);
#1344=LINE('',#8286,#1864);
#1345=LINE('',#8287,#1865);
#1346=LINE('',#8290,#1866);
#1347=LINE('',#8291,#1867);
#1348=LINE('',#8296,#1868);
#1349=LINE('',#8300,#1869);
#1350=LINE('',#8304,#1870);
#1351=LINE('',#8308,#1871);
#1352=LINE('',#8312,#1872);
#1353=LINE('',#8316,#1873);
#1354=LINE('',#8319,#1874);
#1355=LINE('',#8321,#1875);
#1356=LINE('',#8325,#1876);
#1357=LINE('',#8329,#1877);
#1358=LINE('',#8331,#1878);
#1359=LINE('',#8337,#1879);
#1360=LINE('',#8339,#1880);
#1361=LINE('',#8341,#1881);
#1362=LINE('',#8343,#1882);
#1363=LINE('',#8344,#1883);
#1364=LINE('',#8347,#1884);
#1365=LINE('',#8348,#1885);
#1366=LINE('',#8350,#1886);
#1367=LINE('',#8352,#1887);
#1368=LINE('',#8354,#1888);
#1369=LINE('',#8356,#1889);
#1370=LINE('',#8358,#1890);
#1371=LINE('',#8359,#1891);
#1372=LINE('',#8363,#1892);
#1373=LINE('',#8366,#1893);
#1374=LINE('',#8368,#1894);
#1375=LINE('',#8373,#1895);
#1376=LINE('',#8374,#1896);
#1377=LINE('',#8377,#1897);
#1378=LINE('',#8378,#1898);
#1379=LINE('',#8383,#1899);
#1380=LINE('',#8387,#1900);
#1381=LINE('',#8391,#1901);
#1382=LINE('',#8395,#1902);
#1383=LINE('',#8399,#1903);
#1384=LINE('',#8403,#1904);
#1385=LINE('',#8407,#1905);
#1386=LINE('',#8411,#1906);
#1387=LINE('',#8415,#1907);
#1388=LINE('',#8419,#1908);
#1389=LINE('',#8421,#1909);
#1390=LINE('',#8425,#1910);
#1391=LINE('',#8427,#1911);
#1392=LINE('',#8429,#1912);
#1393=LINE('',#8431,#1913);
#1394=LINE('',#8432,#1914);
#1395=LINE('',#8435,#1915);
#1396=LINE('',#8436,#1916);
#1397=LINE('',#8438,#1917);
#1398=LINE('',#8440,#1918);
#1399=LINE('',#8442,#1919);
#1400=LINE('',#8443,#1920);
#1401=LINE('',#8446,#1921);
#1402=LINE('',#8447,#1922);
#1403=LINE('',#8450,#1923);
#1404=LINE('',#8451,#1924);
#1405=LINE('',#8455,#1925);
#1406=LINE('',#8460,#1926);
#1407=LINE('',#8465,#1927);
#1408=LINE('',#8470,#1928);
#1409=LINE('',#8474,#1929);
#1410=LINE('',#8476,#1930);
#1411=LINE('',#8478,#1931);
#1412=LINE('',#8480,#1932);
#1413=LINE('',#8482,#1933);
#1414=LINE('',#8484,#1934);
#1415=LINE('',#8486,#1935);
#1416=LINE('',#8488,#1936);
#1417=LINE('',#8490,#1937);
#1418=LINE('',#8493,#1938);
#1419=LINE('',#8496,#1939);
#1420=LINE('',#8497,#1940);
#1421=LINE('',#8499,#1941);
#1422=LINE('',#8501,#1942);
#1423=LINE('',#8503,#1943);
#1424=LINE('',#8506,#1944);
#1425=LINE('',#8508,#1945);
#1426=LINE('',#8510,#1946);
#1427=LINE('',#8511,#1947);
#1428=LINE('',#8513,#1948);
#1429=LINE('',#8515,#1949);
#1430=LINE('',#8517,#1950);
#1431=LINE('',#8528,#1951);
#1432=LINE('',#8531,#1952);
#1433=LINE('',#8534,#1953);
#1434=LINE('',#8536,#1954);
#1435=LINE('',#8538,#1955);
#1436=LINE('',#8544,#1956);
#1437=LINE('',#8547,#1957);
#1438=LINE('',#8550,#1958);
#1439=LINE('',#8552,#1959);
#1440=LINE('',#8553,#1960);
#1441=LINE('',#8559,#1961);
#1442=LINE('',#8562,#1962);
#1443=LINE('',#8564,#1963);
#1444=LINE('',#8565,#1964);
#1445=LINE('',#8571,#1965);
#1446=LINE('',#8574,#1966);
#1447=LINE('',#8576,#1967);
#1448=LINE('',#8577,#1968);
#1449=LINE('',#8582,#1969);
#1450=LINE('',#8585,#1970);
#1451=LINE('',#8586,#1971);
#1452=LINE('',#8591,#1972);
#1453=LINE('',#8592,#1973);
#1454=LINE('',#8595,#1974);
#1455=LINE('',#8599,#1975);
#1456=LINE('',#8603,#1976);
#1457=LINE('',#8606,#1977);
#1458=LINE('',#8608,#1978);
#1459=LINE('',#8610,#1979);
#1460=LINE('',#8612,#1980);
#1461=LINE('',#8613,#1981);
#1462=LINE('',#8615,#1982);
#1463=LINE('',#8617,#1983);
#1464=VECTOR('',#5608,10.);
#1465=VECTOR('',#5609,10.);
#1466=VECTOR('',#5610,10.);
#1467=VECTOR('',#5611,10.);
#1468=VECTOR('',#5616,10.);
#1469=VECTOR('',#5621,10.);
#1470=VECTOR('',#5622,10.);
#1471=VECTOR('',#5623,10.);
#1472=VECTOR('',#5628,10.);
#1473=VECTOR('',#5633,10.);
#1474=VECTOR('',#5634,10.);
#1475=VECTOR('',#5635,10.);
#1476=VECTOR('',#5640,10.);
#1477=VECTOR('',#5645,10.);
#1478=VECTOR('',#5646,10.);
#1479=VECTOR('',#5647,10.);
#1480=VECTOR('',#5656,10.);
#1481=VECTOR('',#5659,10.);
#1482=VECTOR('',#5662,10.);
#1483=VECTOR('',#5663,10.);
#1484=VECTOR('',#5668,10.);
#1485=VECTOR('',#5671,10.);
#1486=VECTOR('',#5672,10.);
#1487=VECTOR('',#5675,10.);
#1488=VECTOR('',#5678,10.);
#1489=VECTOR('',#5681,10.);
#1490=VECTOR('',#5684,10.);
#1491=VECTOR('',#5687,10.);
#1492=VECTOR('',#5690,10.);
#1493=VECTOR('',#5693,10.);
#1494=VECTOR('',#5696,10.);
#1495=VECTOR('',#5699,10.);
#1496=VECTOR('',#5702,10.);
#1497=VECTOR('',#5705,10.);
#1498=VECTOR('',#5708,10.);
#1499=VECTOR('',#5709,10.);
#1500=VECTOR('',#5712,10.);
#1501=VECTOR('',#5715,10.);
#1502=VECTOR('',#5716,10.);
#1503=VECTOR('',#5719,10.);
#1504=VECTOR('',#5720,10.);
#1505=VECTOR('',#5723,10.);
#1506=VECTOR('',#5724,10.);
#1507=VECTOR('',#5727,10.);
#1508=VECTOR('',#5730,10.);
#1509=VECTOR('',#5731,10.);
#1510=VECTOR('',#5734,10.);
#1511=VECTOR('',#5735,10.);
#1512=VECTOR('',#5738,10.);
#1513=VECTOR('',#5739,10.);
#1514=VECTOR('',#5742,10.);
#1515=VECTOR('',#5745,10.);
#1516=VECTOR('',#5746,10.);
#1517=VECTOR('',#5749,10.);
#1518=VECTOR('',#5750,10.);
#1519=VECTOR('',#5753,10.);
#1520=VECTOR('',#5756,10.);
#1521=VECTOR('',#5757,10.);
#1522=VECTOR('',#5760,10.);
#1523=VECTOR('',#5761,10.);
#1524=VECTOR('',#5762,10.);
#1525=VECTOR('',#5765,10.);
#1526=VECTOR('',#5766,10.);
#1527=VECTOR('',#5767,10.);
#1528=VECTOR('',#5770,10.);
#1529=VECTOR('',#5773,10.);
#1530=VECTOR('',#5776,10.);
#1531=VECTOR('',#5781,10.);
#1532=VECTOR('',#5782,10.);
#1533=VECTOR('',#5783,10.);
#1534=VECTOR('',#5786,10.);
#1535=VECTOR('',#5791,10.);
#1536=VECTOR('',#5792,10.);
#1537=VECTOR('',#5795,10.);
#1538=VECTOR('',#5800,10.);
#1539=VECTOR('',#5801,10.);
#1540=VECTOR('',#5804,10.);
#1541=VECTOR('',#5809,10.);
#1542=VECTOR('',#5810,10.);
#1543=VECTOR('',#5813,10.);
#1544=VECTOR('',#5818,10.);
#1545=VECTOR('',#5819,10.);
#1546=VECTOR('',#5822,10.);
#1547=VECTOR('',#5825,10.);
#1548=VECTOR('',#5828,10.);
#1549=VECTOR('',#5829,10.);
#1550=VECTOR('',#5832,10.);
#1551=VECTOR('',#5833,10.);
#1552=VECTOR('',#5836,10.);
#1553=VECTOR('',#5839,10.);
#1554=VECTOR('',#5840,10.);
#1555=VECTOR('',#5841,10.);
#1556=VECTOR('',#5844,10.);
#1557=VECTOR('',#5849,10.);
#1558=VECTOR('',#5850,10.);
#1559=VECTOR('',#5853,10.);
#1560=VECTOR('',#5858,10.);
#1561=VECTOR('',#5861,10.);
#1562=VECTOR('',#5862,10.);
#1563=VECTOR('',#5863,10.);
#1564=VECTOR('',#5866,10.);
#1565=VECTOR('',#5871,10.);
#1566=VECTOR('',#5874,10.);
#1567=VECTOR('',#5875,10.);
#1568=VECTOR('',#5876,10.);
#1569=VECTOR('',#5879,10.);
#1570=VECTOR('',#5884,10.);
#1571=VECTOR('',#5887,10.);
#1572=VECTOR('',#5888,10.);
#1573=VECTOR('',#5889,10.);
#1574=VECTOR('',#5892,10.);
#1575=VECTOR('',#5897,10.);
#1576=VECTOR('',#5898,10.);
#1577=VECTOR('',#5901,10.);
#1578=VECTOR('',#5906,10.);
#1579=VECTOR('',#5909,10.);
#1580=VECTOR('',#5910,10.);
#1581=VECTOR('',#5911,10.);
#1582=VECTOR('',#5914,10.);
#1583=VECTOR('',#5919,10.);
#1584=VECTOR('',#5922,10.);
#1585=VECTOR('',#5923,10.);
#1586=VECTOR('',#5924,10.);
#1587=VECTOR('',#5927,10.);
#1588=VECTOR('',#5932,10.);
#1589=VECTOR('',#5935,10.);
#1590=VECTOR('',#5936,10.);
#1591=VECTOR('',#5937,10.);
#1592=VECTOR('',#5940,10.);
#1593=VECTOR('',#5945,10.);
#1594=VECTOR('',#5946,10.);
#1595=VECTOR('',#5949,10.);
#1596=VECTOR('',#5954,10.);
#1597=VECTOR('',#5957,10.);
#1598=VECTOR('',#5958,10.);
#1599=VECTOR('',#5959,10.);
#1600=VECTOR('',#5962,10.);
#1601=VECTOR('',#5967,10.);
#1602=VECTOR('',#5970,10.);
#1603=VECTOR('',#5971,10.);
#1604=VECTOR('',#5972,10.);
#1605=VECTOR('',#5975,10.);
#1606=VECTOR('',#5980,10.);
#1607=VECTOR('',#5981,10.);
#1608=VECTOR('',#5984,10.);
#1609=VECTOR('',#5989,10.);
#1610=VECTOR('',#5992,10.);
#1611=VECTOR('',#5993,10.);
#1612=VECTOR('',#5994,10.);
#1613=VECTOR('',#5997,10.);
#1614=VECTOR('',#6002,10.);
#1615=VECTOR('',#6005,10.);
#1616=VECTOR('',#6006,10.);
#1617=VECTOR('',#6009,10.);
#1618=VECTOR('',#6010,10.);
#1619=VECTOR('',#6013,10.);
#1620=VECTOR('',#6018,10.);
#1621=VECTOR('',#6021,10.);
#1622=VECTOR('',#6022,10.);
#1623=VECTOR('',#6023,10.);
#1624=VECTOR('',#6026,10.);
#1625=VECTOR('',#6027,10.);
#1626=VECTOR('',#6032,10.);
#1627=VECTOR('',#6035,10.);
#1628=VECTOR('',#6036,10.);
#1629=VECTOR('',#6039,10.);
#1630=VECTOR('',#6040,10.);
#1631=VECTOR('',#6045,10.);
#1632=VECTOR('',#6048,10.);
#1633=VECTOR('',#6049,10.);
#1634=VECTOR('',#6054,10.);
#1635=VECTOR('',#6057,10.);
#1636=VECTOR('',#6058,10.);
#1637=VECTOR('',#6061,10.);
#1638=VECTOR('',#6062,10.);
#1639=VECTOR('',#6067,10.);
#1640=VECTOR('',#6070,10.);
#1641=VECTOR('',#6071,10.);
#1642=VECTOR('',#6074,10.);
#1643=VECTOR('',#6075,10.);
#1644=VECTOR('',#6080,10.);
#1645=VECTOR('',#6083,10.);
#1646=VECTOR('',#6084,10.);
#1647=VECTOR('',#6087,10.);
#1648=VECTOR('',#6088,10.);
#1649=VECTOR('',#6093,10.);
#1650=VECTOR('',#6096,10.);
#1651=VECTOR('',#6097,10.);
#1652=VECTOR('',#6102,10.);
#1653=VECTOR('',#6105,10.);
#1654=VECTOR('',#6106,10.);
#1655=VECTOR('',#6109,10.);
#1656=VECTOR('',#6110,10.);
#1657=VECTOR('',#6115,10.);
#1658=VECTOR('',#6118,10.);
#1659=VECTOR('',#6119,10.);
#1660=VECTOR('',#6122,10.);
#1661=VECTOR('',#6123,10.);
#1662=VECTOR('',#6128,10.);
#1663=VECTOR('',#6131,10.);
#1664=VECTOR('',#6132,10.);
#1665=VECTOR('',#6135,10.);
#1666=VECTOR('',#6136,10.);
#1667=VECTOR('',#6141,10.);
#1668=VECTOR('',#6144,10.);
#1669=VECTOR('',#6145,10.);
#1670=VECTOR('',#6150,10.);
#1671=VECTOR('',#6153,10.);
#1672=VECTOR('',#6154,10.);
#1673=VECTOR('',#6157,10.);
#1674=VECTOR('',#6158,10.);
#1675=VECTOR('',#6163,10.);
#1676=VECTOR('',#6166,10.);
#1677=VECTOR('',#6167,10.);
#1678=VECTOR('',#6170,10.);
#1679=VECTOR('',#6171,10.);
#1680=VECTOR('',#6176,10.);
#1681=VECTOR('',#6179,10.);
#1682=VECTOR('',#6180,10.);
#1683=VECTOR('',#6185,10.);
#1684=VECTOR('',#6188,10.);
#1685=VECTOR('',#6189,10.);
#1686=VECTOR('',#6192,10.);
#1687=VECTOR('',#6193,10.);
#1688=VECTOR('',#6198,10.);
#1689=VECTOR('',#6201,10.);
#1690=VECTOR('',#6202,10.);
#1691=VECTOR('',#6205,10.);
#1692=VECTOR('',#6206,10.);
#1693=VECTOR('',#6209,10.);
#1694=VECTOR('',#6210,10.);
#1695=VECTOR('',#6215,10.);
#1696=VECTOR('',#6218,10.);
#1697=VECTOR('',#6219,10.);
#1698=VECTOR('',#6222,10.);
#1699=VECTOR('',#6223,10.);
#1700=VECTOR('',#6224,10.);
#1701=VECTOR('',#6227,10.);
#1702=VECTOR('',#6232,10.);
#1703=VECTOR('',#6233,10.);
#1704=VECTOR('',#6236,10.);
#1705=VECTOR('',#6241,10.);
#1706=VECTOR('',#6242,10.);
#1707=VECTOR('',#6245,10.);
#1708=VECTOR('',#6250,10.);
#1709=VECTOR('',#6251,10.);
#1710=VECTOR('',#6254,10.);
#1711=VECTOR('',#6259,10.);
#1712=VECTOR('',#6260,10.);
#1713=VECTOR('',#6263,10.);
#1714=VECTOR('',#6268,10.);
#1715=VECTOR('',#6269,10.);
#1716=VECTOR('',#6272,10.);
#1717=VECTOR('',#6277,10.);
#1718=VECTOR('',#6278,10.);
#1719=VECTOR('',#6281,10.);
#1720=VECTOR('',#6286,10.);
#1721=VECTOR('',#6287,10.);
#1722=VECTOR('',#6290,10.);
#1723=VECTOR('',#6295,10.);
#1724=VECTOR('',#6296,10.);
#1725=VECTOR('',#6299,10.);
#1726=VECTOR('',#6304,10.);
#1727=VECTOR('',#6305,10.);
#1728=VECTOR('',#6312,10.);
#1729=VECTOR('',#6315,10.);
#1730=VECTOR('',#6318,10.);
#1731=VECTOR('',#6319,10.);
#1732=VECTOR('',#6326,10.);
#1733=VECTOR('',#6329,10.);
#1734=VECTOR('',#6330,10.);
#1735=VECTOR('',#6335,10.);
#1736=VECTOR('',#6338,10.);
#1737=VECTOR('',#6339,10.);
#1738=VECTOR('',#6344,10.);
#1739=VECTOR('',#6347,10.);
#1740=VECTOR('',#6348,10.);
#1741=VECTOR('',#6353,10.);
#1742=VECTOR('',#6356,10.);
#1743=VECTOR('',#6357,10.);
#1744=VECTOR('',#6362,5.);
#1745=VECTOR('',#6371,2.75);
#1746=VECTOR('',#6376,10.);
#1747=VECTOR('',#6379,10.);
#1748=VECTOR('',#6382,10.);
#1749=VECTOR('',#6385,10.);
#1750=VECTOR('',#6388,10.);
#1751=VECTOR('',#6391,10.);
#1752=VECTOR('',#6392,10.);
#1753=VECTOR('',#6395,10.);
#1754=VECTOR('',#6396,10.);
#1755=VECTOR('',#6397,10.);
#1756=VECTOR('',#6400,10.);
#1757=VECTOR('',#6401,10.);
#1758=VECTOR('',#6402,10.);
#1759=VECTOR('',#6407,10.);
#1760=VECTOR('',#6410,10.);
#1761=VECTOR('',#6413,10.);
#1762=VECTOR('',#6416,10.);
#1763=VECTOR('',#6417,10.);
#1764=VECTOR('',#6418,10.);
#1765=VECTOR('',#6423,10.);
#1766=VECTOR('',#6426,10.);
#1767=VECTOR('',#6429,10.);
#1768=VECTOR('',#6432,10.);
#1769=VECTOR('',#6435,10.);
#1770=VECTOR('',#6438,10.);
#1771=VECTOR('',#6441,10.);
#1772=VECTOR('',#6444,10.);
#1773=VECTOR('',#6447,10.);
#1774=VECTOR('',#6450,10.);
#1775=VECTOR('',#6453,10.);
#1776=VECTOR('',#6456,10.);
#1777=VECTOR('',#6459,10.);
#1778=VECTOR('',#6462,10.);
#1779=VECTOR('',#6465,10.);
#1780=VECTOR('',#6468,10.);
#1781=VECTOR('',#6469,10.);
#1782=VECTOR('',#6472,10.);
#1783=VECTOR('',#6475,10.);
#1784=VECTOR('',#6478,10.);
#1785=VECTOR('',#6481,10.);
#1786=VECTOR('',#6486,10.);
#1787=VECTOR('',#6487,10.);
#1788=VECTOR('',#6490,10.);
#1789=VECTOR('',#6495,10.);
#1790=VECTOR('',#6500,10.);
#1791=VECTOR('',#6503,10.);
#1792=VECTOR('',#6506,10.);
#1793=VECTOR('',#6507,10.);
#1794=VECTOR('',#6508,10.);
#1795=VECTOR('',#6509,10.);
#1796=VECTOR('',#6514,10.);
#1797=VECTOR('',#6517,10.);
#1798=VECTOR('',#6522,10.);
#1799=VECTOR('',#6525,10.);
#1800=VECTOR('',#6528,10.);
#1801=VECTOR('',#6531,10.);
#1802=VECTOR('',#6534,10.);
#1803=VECTOR('',#6537,10.);
#1804=VECTOR('',#6540,10.);
#1805=VECTOR('',#6543,10.);
#1806=VECTOR('',#6546,10.);
#1807=VECTOR('',#6549,10.);
#1808=VECTOR('',#6552,10.);
#1809=VECTOR('',#6555,10.);
#1810=VECTOR('',#6558,10.);
#1811=VECTOR('',#6561,10.);
#1812=VECTOR('',#6564,10.);
#1813=VECTOR('',#6567,10.);
#1814=VECTOR('',#6570,10.);
#1815=VECTOR('',#6573,10.);
#1816=VECTOR('',#6574,10.);
#1817=VECTOR('',#6577,10.);
#1818=VECTOR('',#6580,10.);
#1819=VECTOR('',#6583,10.);
#1820=VECTOR('',#6586,10.);
#1821=VECTOR('',#6589,10.);
#1822=VECTOR('',#6592,10.);
#1823=VECTOR('',#6595,10.);
#1824=VECTOR('',#6598,10.);
#1825=VECTOR('',#6601,10.);
#1826=VECTOR('',#6604,10.);
#1827=VECTOR('',#6605,10.);
#1828=VECTOR('',#6608,10.);
#1829=VECTOR('',#6611,10.);
#1830=VECTOR('',#6614,10.);
#1831=VECTOR('',#6617,10.);
#1832=VECTOR('',#6620,10.);
#1833=VECTOR('',#6621,10.);
#1834=VECTOR('',#6626,10.);
#1835=VECTOR('',#6629,10.);
#1836=VECTOR('',#6632,10.);
#1837=VECTOR('',#6635,10.);
#1838=VECTOR('',#6640,10.);
#1839=VECTOR('',#6641,10.);
#1840=VECTOR('',#6644,10.);
#1841=VECTOR('',#6645,10.);
#1842=VECTOR('',#6648,10.);
#1843=VECTOR('',#6651,10.);
#1844=VECTOR('',#6654,10.);
#1845=VECTOR('',#6657,10.);
#1846=VECTOR('',#6660,10.);
#1847=VECTOR('',#6663,10.);
#1848=VECTOR('',#6666,10.);
#1849=VECTOR('',#6669,10.);
#1850=VECTOR('',#6674,10.);
#1851=VECTOR('',#6677,10.);
#1852=VECTOR('',#6680,10.);
#1853=VECTOR('',#6683,10.);
#1854=VECTOR('',#6684,10.);
#1855=VECTOR('',#6689,10.);
#1856=VECTOR('',#6690,10.);
#1857=VECTOR('',#6693,10.);
#1858=VECTOR('',#6696,10.);
#1859=VECTOR('',#6699,10.);
#1860=VECTOR('',#6700,10.);
#1861=VECTOR('',#6701,10.);
#1862=VECTOR('',#6702,10.);
#1863=VECTOR('',#6705,10.);
#1864=VECTOR('',#6712,10.);
#1865=VECTOR('',#6713,10.);
#1866=VECTOR('',#6716,10.);
#1867=VECTOR('',#6717,10.);
#1868=VECTOR('',#6722,10.);
#1869=VECTOR('',#6725,10.);
#1870=VECTOR('',#6728,10.);
#1871=VECTOR('',#6731,10.);
#1872=VECTOR('',#6734,10.);
#1873=VECTOR('',#6737,10.);
#1874=VECTOR('',#6740,10.);
#1875=VECTOR('',#6741,10.);
#1876=VECTOR('',#6744,10.);
#1877=VECTOR('',#6747,10.);
#1878=VECTOR('',#6750,10.);
#1879=VECTOR('',#6757,10.);
#1880=VECTOR('',#6760,10.);
#1881=VECTOR('',#6763,10.);
#1882=VECTOR('',#6766,10.);
#1883=VECTOR('',#6767,10.);
#1884=VECTOR('',#6772,10.);
#1885=VECTOR('',#6773,10.);
#1886=VECTOR('',#6776,10.);
#1887=VECTOR('',#6779,10.);
#1888=VECTOR('',#6782,10.);
#1889=VECTOR('',#6785,10.);
#1890=VECTOR('',#6788,10.);
#1891=VECTOR('',#6789,10.);
#1892=VECTOR('',#6794,10.);
#1893=VECTOR('',#6797,10.);
#1894=VECTOR('',#6800,10.);
#1895=VECTOR('',#6805,10.);
#1896=VECTOR('',#6806,10.);
#1897=VECTOR('',#6809,10.);
#1898=VECTOR('',#6810,10.);
#1899=VECTOR('',#6815,10.);
#1900=VECTOR('',#6818,10.);
#1901=VECTOR('',#6821,10.);
#1902=VECTOR('',#6824,10.);
#1903=VECTOR('',#6827,10.);
#1904=VECTOR('',#6830,10.);
#1905=VECTOR('',#6833,10.);
#1906=VECTOR('',#6836,10.);
#1907=VECTOR('',#6839,10.);
#1908=VECTOR('',#6842,10.);
#1909=VECTOR('',#6845,10.);
#1910=VECTOR('',#6850,10.);
#1911=VECTOR('',#6853,10.);
#1912=VECTOR('',#6856,10.);
#1913=VECTOR('',#6859,10.);
#1914=VECTOR('',#6860,10.);
#1915=VECTOR('',#6865,10.);
#1916=VECTOR('',#6866,10.);
#1917=VECTOR('',#6869,10.);
#1918=VECTOR('',#6872,10.);
#1919=VECTOR('',#6875,10.);
#1920=VECTOR('',#6876,10.);
#1921=VECTOR('',#6881,10.);
#1922=VECTOR('',#6882,10.);
#1923=VECTOR('',#6887,10.);
#1924=VECTOR('',#6888,10.);
#1925=VECTOR('',#6893,1.5);
#1926=VECTOR('',#6900,1.5);
#1927=VECTOR('',#6907,1.5);
#1928=VECTOR('',#6914,1.5);
#1929=VECTOR('',#6921,10.);
#1930=VECTOR('',#6924,10.);
#1931=VECTOR('',#6927,10.);
#1932=VECTOR('',#6930,10.);
#1933=VECTOR('',#6933,10.);
#1934=VECTOR('',#6936,10.);
#1935=VECTOR('',#6939,10.);
#1936=VECTOR('',#6942,10.);
#1937=VECTOR('',#6945,10.);
#1938=VECTOR('',#6950,10.);
#1939=VECTOR('',#6955,10.);
#1940=VECTOR('',#6956,10.);
#1941=VECTOR('',#6959,10.);
#1942=VECTOR('',#6962,10.);
#1943=VECTOR('',#6965,10.);
#1944=VECTOR('',#6970,10.);
#1945=VECTOR('',#6973,10.);
#1946=VECTOR('',#6976,10.);
#1947=VECTOR('',#6977,10.);
#1948=VECTOR('',#6980,10.);
#1949=VECTOR('',#6983,10.);
#1950=VECTOR('',#6986,10.);
#1951=VECTOR('',#7005,10.);
#1952=VECTOR('',#7008,10.);
#1953=VECTOR('',#7011,10.);
#1954=VECTOR('',#7014,10.);
#1955=VECTOR('',#7017,10.);
#1956=VECTOR('',#7022,10.);
#1957=VECTOR('',#7025,10.);
#1958=VECTOR('',#7028,10.);
#1959=VECTOR('',#7029,10.);
#1960=VECTOR('',#7030,10.);
#1961=VECTOR('',#7035,10.);
#1962=VECTOR('',#7038,10.);
#1963=VECTOR('',#7041,10.);
#1964=VECTOR('',#7042,10.);
#1965=VECTOR('',#7047,10.);
#1966=VECTOR('',#7050,10.);
#1967=VECTOR('',#7053,10.);
#1968=VECTOR('',#7054,10.);
#1969=VECTOR('',#7059,10.);
#1970=VECTOR('',#7064,10.);
#1971=VECTOR('',#7065,10.);
#1972=VECTOR('',#7070,10.);
#1973=VECTOR('',#7071,10.);
#1974=VECTOR('',#7074,10.);
#1975=VECTOR('',#7077,10.);
#1976=VECTOR('',#7080,10.);
#1977=VECTOR('',#7083,10.);
#1978=VECTOR('',#7086,10.);
#1979=VECTOR('',#7089,10.);
#1980=VECTOR('',#7092,10.);
#1981=VECTOR('',#7093,10.);
#1982=VECTOR('',#7096,10.);
#1983=VECTOR('',#7099,10.);
#1984=VERTEX_POINT('',#7116);
#1985=VERTEX_POINT('',#7117);
#1986=VERTEX_POINT('',#7119);
#1987=VERTEX_POINT('',#7121);
#1988=VERTEX_POINT('',#7125);
#1989=VERTEX_POINT('',#7127);
#1990=VERTEX_POINT('',#7131);
#1991=VERTEX_POINT('',#7132);
#1992=VERTEX_POINT('',#7137);
#1993=VERTEX_POINT('',#7139);
#1994=VERTEX_POINT('',#7143);
#1995=VERTEX_POINT('',#7144);
#1996=VERTEX_POINT('',#7149);
#1997=VERTEX_POINT('',#7151);
#1998=VERTEX_POINT('',#7155);
#1999=VERTEX_POINT('',#7156);
#2000=VERTEX_POINT('',#7164);
#2001=VERTEX_POINT('',#7166);
#2002=VERTEX_POINT('',#7170);
#2003=VERTEX_POINT('',#7174);
#2004=VERTEX_POINT('',#7178);
#2005=VERTEX_POINT('',#7182);
#2006=VERTEX_POINT('',#7183);
#2007=VERTEX_POINT('',#7185);
#2008=VERTEX_POINT('',#7187);
#2009=VERTEX_POINT('',#7189);
#2010=VERTEX_POINT('',#7191);
#2011=VERTEX_POINT('',#7193);
#2012=VERTEX_POINT('',#7195);
#2013=VERTEX_POINT('',#7197);
#2014=VERTEX_POINT('',#7199);
#2015=VERTEX_POINT('',#7201);
#2016=VERTEX_POINT('',#7203);
#2017=VERTEX_POINT('',#7205);
#2018=VERTEX_POINT('',#7207);
#2019=VERTEX_POINT('',#7209);
#2020=VERTEX_POINT('',#7211);
#2021=VERTEX_POINT('',#7213);
#2022=VERTEX_POINT('',#7215);
#2023=VERTEX_POINT('',#7217);
#2024=VERTEX_POINT('',#7219);
#2025=VERTEX_POINT('',#7222);
#2026=VERTEX_POINT('',#7223);
#2027=VERTEX_POINT('',#7225);
#2028=VERTEX_POINT('',#7227);
#2029=VERTEX_POINT('',#7229);
#2030=VERTEX_POINT('',#7231);
#2031=VERTEX_POINT('',#7233);
#2032=VERTEX_POINT('',#7235);
#2033=VERTEX_POINT('',#7237);
#2034=VERTEX_POINT('',#7239);
#2035=VERTEX_POINT('',#7241);
#2036=VERTEX_POINT('',#7243);
#2037=VERTEX_POINT('',#7245);
#2038=VERTEX_POINT('',#7247);
#2039=VERTEX_POINT('',#7249);
#2040=VERTEX_POINT('',#7251);
#2041=VERTEX_POINT('',#7253);
#2042=VERTEX_POINT('',#7255);
#2043=VERTEX_POINT('',#7257);
#2044=VERTEX_POINT('',#7259);
#2045=VERTEX_POINT('',#7261);
#2046=VERTEX_POINT('',#7263);
#2047=VERTEX_POINT('',#7265);
#2048=VERTEX_POINT('',#7267);
#2049=VERTEX_POINT('',#7269);
#2050=VERTEX_POINT('',#7271);
#2051=VERTEX_POINT('',#7273);
#2052=VERTEX_POINT('',#7275);
#2053=VERTEX_POINT('',#7277);
#2054=VERTEX_POINT('',#7279);
#2055=VERTEX_POINT('',#7281);
#2056=VERTEX_POINT('',#7283);
#2057=VERTEX_POINT('',#7285);
#2058=VERTEX_POINT('',#7287);
#2059=VERTEX_POINT('',#7289);
#2060=VERTEX_POINT('',#7291);
#2061=VERTEX_POINT('',#7293);
#2062=VERTEX_POINT('',#7295);
#2063=VERTEX_POINT('',#7297);
#2064=VERTEX_POINT('',#7299);
#2065=VERTEX_POINT('',#7301);
#2066=VERTEX_POINT('',#7303);
#2067=VERTEX_POINT('',#7305);
#2068=VERTEX_POINT('',#7307);
#2069=VERTEX_POINT('',#7309);
#2070=VERTEX_POINT('',#7311);
#2071=VERTEX_POINT('',#7313);
#2072=VERTEX_POINT('',#7315);
#2073=VERTEX_POINT('',#7317);
#2074=VERTEX_POINT('',#7319);
#2075=VERTEX_POINT('',#7321);
#2076=VERTEX_POINT('',#7323);
#2077=VERTEX_POINT('',#7325);
#2078=VERTEX_POINT('',#7327);
#2079=VERTEX_POINT('',#7331);
#2080=VERTEX_POINT('',#7332);
#2081=VERTEX_POINT('',#7337);
#2082=VERTEX_POINT('',#7341);
#2083=VERTEX_POINT('',#7345);
#2084=VERTEX_POINT('',#7349);
#2085=VERTEX_POINT('',#7353);
#2086=VERTEX_POINT('',#7357);
#2087=VERTEX_POINT('',#7361);
#2088=VERTEX_POINT('',#7365);
#2089=VERTEX_POINT('',#7369);
#2090=VERTEX_POINT('',#7373);
#2091=VERTEX_POINT('',#7375);
#2092=VERTEX_POINT('',#7379);
#2093=VERTEX_POINT('',#7383);
#2094=VERTEX_POINT('',#7389);
#2095=VERTEX_POINT('',#7390);
#2096=VERTEX_POINT('',#7395);
#2097=VERTEX_POINT('',#7399);
#2098=VERTEX_POINT('',#7403);
#2099=VERTEX_POINT('',#7409);
#2100=VERTEX_POINT('',#7410);
#2101=VERTEX_POINT('',#7415);
#2102=VERTEX_POINT('',#7421);
#2103=VERTEX_POINT('',#7422);
#2104=VERTEX_POINT('',#7427);
#2105=VERTEX_POINT('',#7433);
#2106=VERTEX_POINT('',#7434);
#2107=VERTEX_POINT('',#7439);
#2108=VERTEX_POINT('',#7443);
#2109=VERTEX_POINT('',#7447);
#2110=VERTEX_POINT('',#7453);
#2111=VERTEX_POINT('',#7454);
#2112=VERTEX_POINT('',#7459);
#2113=VERTEX_POINT('',#7465);
#2114=VERTEX_POINT('',#7466);
#2115=VERTEX_POINT('',#7471);
#2116=VERTEX_POINT('',#7477);
#2117=VERTEX_POINT('',#7478);
#2118=VERTEX_POINT('',#7483);
#2119=VERTEX_POINT('',#7487);
#2120=VERTEX_POINT('',#7491);
#2121=VERTEX_POINT('',#7497);
#2122=VERTEX_POINT('',#7498);
#2123=VERTEX_POINT('',#7503);
#2124=VERTEX_POINT('',#7509);
#2125=VERTEX_POINT('',#7510);
#2126=VERTEX_POINT('',#7515);
#2127=VERTEX_POINT('',#7519);
#2128=VERTEX_POINT('',#7523);
#2129=VERTEX_POINT('',#7529);
#2130=VERTEX_POINT('',#7530);
#2131=VERTEX_POINT('',#7535);
#2132=VERTEX_POINT('',#7541);
#2133=VERTEX_POINT('',#7545);
#2134=VERTEX_POINT('',#7549);
#2135=VERTEX_POINT('',#7555);
#2136=VERTEX_POINT('',#7557);
#2137=VERTEX_POINT('',#7561);
#2138=VERTEX_POINT('',#7565);
#2139=VERTEX_POINT('',#7569);
#2140=VERTEX_POINT('',#7573);
#2141=VERTEX_POINT('',#7577);
#2142=VERTEX_POINT('',#7581);
#2143=VERTEX_POINT('',#7585);
#2144=VERTEX_POINT('',#7589);
#2145=VERTEX_POINT('',#7593);
#2146=VERTEX_POINT('',#7597);
#2147=VERTEX_POINT('',#7601);
#2148=VERTEX_POINT('',#7605);
#2149=VERTEX_POINT('',#7609);
#2150=VERTEX_POINT('',#7613);
#2151=VERTEX_POINT('',#7617);
#2152=VERTEX_POINT('',#7621);
#2153=VERTEX_POINT('',#7625);
#2154=VERTEX_POINT('',#7629);
#2155=VERTEX_POINT('',#7633);
#2156=VERTEX_POINT('',#7637);
#2157=VERTEX_POINT('',#7641);
#2158=VERTEX_POINT('',#7645);
#2159=VERTEX_POINT('',#7649);
#2160=VERTEX_POINT('',#7653);
#2161=VERTEX_POINT('',#7657);
#2162=VERTEX_POINT('',#7661);
#2163=VERTEX_POINT('',#7665);
#2164=VERTEX_POINT('',#7669);
#2165=VERTEX_POINT('',#7673);
#2166=VERTEX_POINT('',#7677);
#2167=VERTEX_POINT('',#7681);
#2168=VERTEX_POINT('',#7685);
#2169=VERTEX_POINT('',#7689);
#2170=VERTEX_POINT('',#7693);
#2171=VERTEX_POINT('',#7697);
#2172=VERTEX_POINT('',#7701);
#2173=VERTEX_POINT('',#7705);
#2174=VERTEX_POINT('',#7709);
#2175=VERTEX_POINT('',#7713);
#2176=VERTEX_POINT('',#7717);
#2177=VERTEX_POINT('',#7721);
#2178=VERTEX_POINT('',#7725);
#2179=VERTEX_POINT('',#7729);
#2180=VERTEX_POINT('',#7733);
#2181=VERTEX_POINT('',#7737);
#2182=VERTEX_POINT('',#7741);
#2183=VERTEX_POINT('',#7743);
#2184=VERTEX_POINT('',#7747);
#2185=VERTEX_POINT('',#7751);
#2186=VERTEX_POINT('',#7755);
#2187=VERTEX_POINT('',#7759);
#2188=VERTEX_POINT('',#7763);
#2189=VERTEX_POINT('',#7767);
#2190=VERTEX_POINT('',#7771);
#2191=VERTEX_POINT('',#7775);
#2192=VERTEX_POINT('',#7779);
#2193=VERTEX_POINT('',#7783);
#2194=VERTEX_POINT('',#7787);
#2195=VERTEX_POINT('',#7791);
#2196=VERTEX_POINT('',#7795);
#2197=VERTEX_POINT('',#7799);
#2198=VERTEX_POINT('',#7803);
#2199=VERTEX_POINT('',#7807);
#2200=VERTEX_POINT('',#7811);
#2201=VERTEX_POINT('',#7815);
#2202=VERTEX_POINT('',#7821);
#2203=VERTEX_POINT('',#7823);
#2204=VERTEX_POINT('',#7827);
#2205=VERTEX_POINT('',#7830);
#2206=VERTEX_POINT('',#7833);
#2207=VERTEX_POINT('',#7837);
#2208=VERTEX_POINT('',#7841);
#2209=VERTEX_POINT('',#7845);
#2210=VERTEX_POINT('',#7849);
#2211=VERTEX_POINT('',#7853);
#2212=VERTEX_POINT('',#7857);
#2213=VERTEX_POINT('',#7861);
#2214=VERTEX_POINT('',#7865);
#2215=VERTEX_POINT('',#7869);
#2216=VERTEX_POINT('',#7872);
#2217=VERTEX_POINT('',#7876);
#2218=VERTEX_POINT('',#7877);
#2219=VERTEX_POINT('',#7879);
#2220=VERTEX_POINT('',#7881);
#2221=VERTEX_POINT('',#7885);
#2222=VERTEX_POINT('',#7887);
#2223=VERTEX_POINT('',#7889);
#2224=VERTEX_POINT('',#7891);
#2225=VERTEX_POINT('',#7895);
#2226=VERTEX_POINT('',#7896);
#2227=VERTEX_POINT('',#7909);
#2228=VERTEX_POINT('',#7921);
#2229=VERTEX_POINT('',#7932);
#2230=VERTEX_POINT('',#7934);
#2231=VERTEX_POINT('',#7938);
#2232=VERTEX_POINT('',#7940);
#2233=VERTEX_POINT('',#7944);
#2234=VERTEX_POINT('',#7946);
#2235=VERTEX_POINT('',#7948);
#2236=VERTEX_POINT('',#7950);
#2237=VERTEX_POINT('',#7952);
#2238=VERTEX_POINT('',#7956);
#2239=VERTEX_POINT('',#7958);
#2240=VERTEX_POINT('',#7962);
#2241=VERTEX_POINT('',#7964);
#2242=VERTEX_POINT('',#7966);
#2243=VERTEX_POINT('',#7968);
#2244=VERTEX_POINT('',#7970);
#2245=VERTEX_POINT('',#7972);
#2246=VERTEX_POINT('',#7976);
#2247=VERTEX_POINT('',#7978);
#2248=VERTEX_POINT('',#7980);
#2249=VERTEX_POINT('',#7982);
#2250=VERTEX_POINT('',#7984);
#2251=VERTEX_POINT('',#7986);
#2252=VERTEX_POINT('',#7988);
#2253=VERTEX_POINT('',#7990);
#2254=VERTEX_POINT('',#7992);
#2255=VERTEX_POINT('',#7994);
#2256=VERTEX_POINT('',#7996);
#2257=VERTEX_POINT('',#7998);
#2258=VERTEX_POINT('',#8000);
#2259=VERTEX_POINT('',#8002);
#2260=VERTEX_POINT('',#8004);
#2261=VERTEX_POINT('',#8006);
#2262=VERTEX_POINT('',#8008);
#2263=VERTEX_POINT('',#8012);
#2264=VERTEX_POINT('',#8014);
#2265=VERTEX_POINT('',#8018);
#2266=VERTEX_POINT('',#8022);
#2267=VERTEX_POINT('',#8024);
#2268=VERTEX_POINT('',#8030);
#2269=VERTEX_POINT('',#8034);
#2270=VERTEX_POINT('',#8038);
#2271=VERTEX_POINT('',#8044);
#2272=VERTEX_POINT('',#8045);
#2273=VERTEX_POINT('',#8047);
#2274=VERTEX_POINT('',#8049);
#2275=VERTEX_POINT('',#8053);
#2276=VERTEX_POINT('',#8056);
#2277=VERTEX_POINT('',#8060);
#2278=VERTEX_POINT('',#8061);
#2279=VERTEX_POINT('',#8063);
#2280=VERTEX_POINT('',#8065);
#2281=VERTEX_POINT('',#8070);
#2282=VERTEX_POINT('',#8072);
#2283=VERTEX_POINT('',#8074);
#2284=VERTEX_POINT('',#8076);
#2285=VERTEX_POINT('',#8078);
#2286=VERTEX_POINT('',#8080);
#2287=VERTEX_POINT('',#8082);
#2288=VERTEX_POINT('',#8084);
#2289=VERTEX_POINT('',#8086);
#2290=VERTEX_POINT('',#8088);
#2291=VERTEX_POINT('',#8090);
#2292=VERTEX_POINT('',#8092);
#2293=VERTEX_POINT('',#8094);
#2294=VERTEX_POINT('',#8096);
#2295=VERTEX_POINT('',#8098);
#2296=VERTEX_POINT('',#8100);
#2297=VERTEX_POINT('',#8102);
#2298=VERTEX_POINT('',#8104);
#2299=VERTEX_POINT('',#8106);
#2300=VERTEX_POINT('',#8108);
#2301=VERTEX_POINT('',#8110);
#2302=VERTEX_POINT('',#8112);
#2303=VERTEX_POINT('',#8114);
#2304=VERTEX_POINT('',#8116);
#2305=VERTEX_POINT('',#8118);
#2306=VERTEX_POINT('',#8120);
#2307=VERTEX_POINT('',#8122);
#2308=VERTEX_POINT('',#8124);
#2309=VERTEX_POINT('',#8126);
#2310=VERTEX_POINT('',#8128);
#2311=VERTEX_POINT('',#8130);
#2312=VERTEX_POINT('',#8132);
#2313=VERTEX_POINT('',#8134);
#2314=VERTEX_POINT('',#8136);
#2315=VERTEX_POINT('',#8139);
#2316=VERTEX_POINT('',#8141);
#2317=VERTEX_POINT('',#8143);
#2318=VERTEX_POINT('',#8145);
#2319=VERTEX_POINT('',#8147);
#2320=VERTEX_POINT('',#8149);
#2321=VERTEX_POINT('',#8151);
#2322=VERTEX_POINT('',#8153);
#2323=VERTEX_POINT('',#8155);
#2324=VERTEX_POINT('',#8157);
#2325=VERTEX_POINT('',#8159);
#2326=VERTEX_POINT('',#8161);
#2327=VERTEX_POINT('',#8163);
#2328=VERTEX_POINT('',#8165);
#2329=VERTEX_POINT('',#8167);
#2330=VERTEX_POINT('',#8169);
#2331=VERTEX_POINT('',#8171);
#2332=VERTEX_POINT('',#8173);
#2333=VERTEX_POINT('',#8175);
#2334=VERTEX_POINT('',#8177);
#2335=VERTEX_POINT('',#8180);
#2336=VERTEX_POINT('',#8181);
#2337=VERTEX_POINT('',#8183);
#2338=VERTEX_POINT('',#8185);
#2339=VERTEX_POINT('',#8187);
#2340=VERTEX_POINT('',#8189);
#2341=VERTEX_POINT('',#8191);
#2342=VERTEX_POINT('',#8193);
#2343=VERTEX_POINT('',#8198);
#2344=VERTEX_POINT('',#8202);
#2345=VERTEX_POINT('',#8206);
#2346=VERTEX_POINT('',#8208);
#2347=VERTEX_POINT('',#8214);
#2348=VERTEX_POINT('',#8215);
#2349=VERTEX_POINT('',#8220);
#2350=VERTEX_POINT('',#8225);
#2351=VERTEX_POINT('',#8227);
#2352=VERTEX_POINT('',#8229);
#2353=VERTEX_POINT('',#8231);
#2354=VERTEX_POINT('',#8233);
#2355=VERTEX_POINT('',#8235);
#2356=VERTEX_POINT('',#8237);
#2357=VERTEX_POINT('',#8239);
#2358=VERTEX_POINT('',#8241);
#2359=VERTEX_POINT('',#8243);
#2360=VERTEX_POINT('',#8245);
#2361=VERTEX_POINT('',#8247);
#2362=VERTEX_POINT('',#8249);
#2363=VERTEX_POINT('',#8252);
#2364=VERTEX_POINT('',#8272);
#2365=VERTEX_POINT('',#8274);
#2366=VERTEX_POINT('',#8279);
#2367=VERTEX_POINT('',#8283);
#2368=VERTEX_POINT('',#8284);
#2369=VERTEX_POINT('',#8289);
#2370=VERTEX_POINT('',#8293);
#2371=VERTEX_POINT('',#8295);
#2372=VERTEX_POINT('',#8297);
#2373=VERTEX_POINT('',#8299);
#2374=VERTEX_POINT('',#8301);
#2375=VERTEX_POINT('',#8303);
#2376=VERTEX_POINT('',#8305);
#2377=VERTEX_POINT('',#8307);
#2378=VERTEX_POINT('',#8309);
#2379=VERTEX_POINT('',#8311);
#2380=VERTEX_POINT('',#8313);
#2381=VERTEX_POINT('',#8315);
#2382=VERTEX_POINT('',#8317);
#2383=VERTEX_POINT('',#8320);
#2384=VERTEX_POINT('',#8322);
#2385=VERTEX_POINT('',#8324);
#2386=VERTEX_POINT('',#8326);
#2387=VERTEX_POINT('',#8328);
#2388=VERTEX_POINT('',#8332);
#2389=VERTEX_POINT('',#8334);
#2390=VERTEX_POINT('',#8362);
#2391=VERTEX_POINT('',#8364);
#2392=VERTEX_POINT('',#8370);
#2393=VERTEX_POINT('',#8371);
#2394=VERTEX_POINT('',#8376);
#2395=VERTEX_POINT('',#8380);
#2396=VERTEX_POINT('',#8382);
#2397=VERTEX_POINT('',#8384);
#2398=VERTEX_POINT('',#8386);
#2399=VERTEX_POINT('',#8388);
#2400=VERTEX_POINT('',#8390);
#2401=VERTEX_POINT('',#8392);
#2402=VERTEX_POINT('',#8394);
#2403=VERTEX_POINT('',#8396);
#2404=VERTEX_POINT('',#8398);
#2405=VERTEX_POINT('',#8400);
#2406=VERTEX_POINT('',#8402);
#2407=VERTEX_POINT('',#8404);
#2408=VERTEX_POINT('',#8406);
#2409=VERTEX_POINT('',#8408);
#2410=VERTEX_POINT('',#8410);
#2411=VERTEX_POINT('',#8412);
#2412=VERTEX_POINT('',#8414);
#2413=VERTEX_POINT('',#8416);
#2414=VERTEX_POINT('',#8418);
#2415=VERTEX_POINT('',#8422);
#2416=VERTEX_POINT('',#8454);
#2417=VERTEX_POINT('',#8459);
#2418=VERTEX_POINT('',#8464);
#2419=VERTEX_POINT('',#8469);
#2420=VERTEX_POINT('',#8526);
#2421=VERTEX_POINT('',#8530);
#2422=VERTEX_POINT('',#8532);
#2423=VERTEX_POINT('',#8540);
#2424=VERTEX_POINT('',#8541);
#2425=VERTEX_POINT('',#8543);
#2426=VERTEX_POINT('',#8545);
#2427=VERTEX_POINT('',#8549);
#2428=VERTEX_POINT('',#8551);
#2429=VERTEX_POINT('',#8555);
#2430=VERTEX_POINT('',#8556);
#2431=VERTEX_POINT('',#8558);
#2432=VERTEX_POINT('',#8560);
#2433=VERTEX_POINT('',#8567);
#2434=VERTEX_POINT('',#8568);
#2435=VERTEX_POINT('',#8570);
#2436=VERTEX_POINT('',#8572);
#2437=VERTEX_POINT('',#8579);
#2438=VERTEX_POINT('',#8581);
#2439=VERTEX_POINT('',#8588);
#2440=VERTEX_POINT('',#8589);
#2441=VERTEX_POINT('',#8594);
#2442=VERTEX_POINT('',#8596);
#2443=VERTEX_POINT('',#8598);
#2444=VERTEX_POINT('',#8600);
#2445=VERTEX_POINT('',#8602);
#2446=VERTEX_POINT('',#8604);
#2447=EDGE_CURVE('',#1984,#1985,#944,.T.);
#2448=EDGE_CURVE('',#1986,#1984,#945,.T.);
#2449=EDGE_CURVE('',#1987,#1986,#946,.T.);
#2450=EDGE_CURVE('',#1985,#1987,#947,.T.);
#2451=EDGE_CURVE('',#1988,#1985,#121,.T.);
#2452=EDGE_CURVE('',#1989,#1988,#948,.T.);
#2453=EDGE_CURVE('',#1984,#1989,#122,.T.);
#2454=EDGE_CURVE('',#1990,#1991,#949,.T.);
#2455=EDGE_CURVE('',#1989,#1990,#950,.T.);
#2456=EDGE_CURVE('',#1991,#1988,#951,.T.);
#2457=EDGE_CURVE('',#1992,#1991,#123,.T.);
#2458=EDGE_CURVE('',#1993,#1992,#952,.T.);
#2459=EDGE_CURVE('',#1990,#1993,#124,.T.);
#2460=EDGE_CURVE('',#1994,#1995,#953,.T.);
#2461=EDGE_CURVE('',#1993,#1994,#954,.T.);
#2462=EDGE_CURVE('',#1995,#1992,#955,.T.);
#2463=EDGE_CURVE('',#1996,#1995,#125,.T.);
#2464=EDGE_CURVE('',#1997,#1996,#956,.T.);
#2465=EDGE_CURVE('',#1994,#1997,#126,.T.);
#2466=EDGE_CURVE('',#1998,#1999,#957,.T.);
#2467=EDGE_CURVE('',#1997,#1998,#958,.T.);
#2468=EDGE_CURVE('',#1999,#1996,#959,.T.);
#2469=EDGE_CURVE('',#1987,#1999,#127,.T.);
#2470=EDGE_CURVE('',#1998,#1986,#128,.T.);
#2471=EDGE_CURVE('',#2000,#1993,#960,.T.);
#2472=EDGE_CURVE('',#2001,#2000,#129,.T.);
#2473=EDGE_CURVE('',#1990,#2001,#961,.T.);
#2474=EDGE_CURVE('',#2002,#2001,#962,.F.);
#2475=EDGE_CURVE('',#2002,#1989,#963,.T.);
#2476=EDGE_CURVE('',#2003,#2002,#130,.T.);
#2477=EDGE_CURVE('',#1984,#2003,#964,.T.);
#2478=EDGE_CURVE('',#2004,#2003,#965,.F.);
#2479=EDGE_CURVE('',#2004,#1986,#966,.T.);
#2480=EDGE_CURVE('',#2005,#2006,#967,.T.);
#2481=EDGE_CURVE('',#2006,#2007,#131,.T.);
#2482=EDGE_CURVE('',#2007,#2008,#968,.T.);
#2483=EDGE_CURVE('',#2008,#2009,#132,.T.);
#2484=EDGE_CURVE('',#2009,#2010,#969,.T.);
#2485=EDGE_CURVE('',#2010,#2011,#133,.T.);
#2486=EDGE_CURVE('',#2011,#2012,#970,.T.);
#2487=EDGE_CURVE('',#2012,#2013,#134,.T.);
#2488=EDGE_CURVE('',#2013,#2014,#971,.T.);
#2489=EDGE_CURVE('',#2014,#2015,#135,.T.);
#2490=EDGE_CURVE('',#2015,#2016,#972,.T.);
#2491=EDGE_CURVE('',#2016,#2017,#136,.T.);
#2492=EDGE_CURVE('',#2017,#2018,#973,.T.);
#2493=EDGE_CURVE('',#2018,#2019,#137,.T.);
#2494=EDGE_CURVE('',#2019,#2020,#974,.T.);
#2495=EDGE_CURVE('',#2020,#2021,#138,.T.);
#2496=EDGE_CURVE('',#2021,#2022,#975,.T.);
#2497=EDGE_CURVE('',#2022,#2023,#139,.T.);
#2498=EDGE_CURVE('',#2023,#2024,#976,.T.);
#2499=EDGE_CURVE('',#2024,#2005,#140,.T.);
#2500=EDGE_CURVE('',#2025,#2026,#977,.T.);
#2501=EDGE_CURVE('',#2026,#2027,#141,.T.);
#2502=EDGE_CURVE('',#2027,#2028,#978,.T.);
#2503=EDGE_CURVE('',#2028,#2029,#979,.T.);
#2504=EDGE_CURVE('',#2029,#2030,#142,.T.);
#2505=EDGE_CURVE('',#2030,#2031,#980,.T.);
#2506=EDGE_CURVE('',#2031,#2032,#143,.T.);
#2507=EDGE_CURVE('',#2032,#2033,#981,.T.);
#2508=EDGE_CURVE('',#2033,#2034,#982,.T.);
#2509=EDGE_CURVE('',#2034,#2035,#144,.T.);
#2510=EDGE_CURVE('',#2035,#2036,#983,.T.);
#2511=EDGE_CURVE('',#2036,#2037,#984,.T.);
#2512=EDGE_CURVE('',#2037,#2038,#145,.T.);
#2513=EDGE_CURVE('',#2038,#2039,#985,.T.);
#2514=EDGE_CURVE('',#2039,#2040,#986,.T.);
#2515=EDGE_CURVE('',#2040,#2041,#146,.T.);
#2516=EDGE_CURVE('',#2041,#2042,#987,.T.);
#2517=EDGE_CURVE('',#2042,#2043,#147,.T.);
#2518=EDGE_CURVE('',#2043,#2044,#988,.T.);
#2519=EDGE_CURVE('',#2044,#2045,#989,.T.);
#2520=EDGE_CURVE('',#2045,#2046,#148,.T.);
#2521=EDGE_CURVE('',#2046,#2047,#990,.T.);
#2522=EDGE_CURVE('',#2047,#2048,#991,.T.);
#2523=EDGE_CURVE('',#2048,#2049,#149,.T.);
#2524=EDGE_CURVE('',#2049,#2050,#992,.T.);
#2525=EDGE_CURVE('',#2050,#2051,#993,.T.);
#2526=EDGE_CURVE('',#2051,#2052,#150,.T.);
#2527=EDGE_CURVE('',#2052,#2053,#994,.T.);
#2528=EDGE_CURVE('',#2053,#2054,#151,.T.);
#2529=EDGE_CURVE('',#2054,#2055,#995,.T.);
#2530=EDGE_CURVE('',#2055,#2056,#996,.T.);
#2531=EDGE_CURVE('',#2056,#2057,#152,.T.);
#2532=EDGE_CURVE('',#2057,#2058,#997,.T.);
#2533=EDGE_CURVE('',#2058,#2059,#998,.T.);
#2534=EDGE_CURVE('',#2059,#2060,#153,.T.);
#2535=EDGE_CURVE('',#2060,#2061,#999,.T.);
#2536=EDGE_CURVE('',#2061,#2062,#154,.T.);
#2537=EDGE_CURVE('',#2062,#2063,#1000,.T.);
#2538=EDGE_CURVE('',#2063,#2064,#1001,.T.);
#2539=EDGE_CURVE('',#2064,#2065,#155,.T.);
#2540=EDGE_CURVE('',#2065,#2066,#1002,.T.);
#2541=EDGE_CURVE('',#2066,#2067,#1003,.T.);
#2542=EDGE_CURVE('',#2067,#2068,#1004,.T.);
#2543=EDGE_CURVE('',#2068,#2069,#156,.T.);
#2544=EDGE_CURVE('',#2069,#2070,#1005,.T.);
#2545=EDGE_CURVE('',#2070,#2071,#1006,.T.);
#2546=EDGE_CURVE('',#2071,#2072,#1007,.T.);
#2547=EDGE_CURVE('',#2072,#2073,#157,.T.);
#2548=EDGE_CURVE('',#2073,#2074,#1008,.T.);
#2549=EDGE_CURVE('',#2074,#2075,#158,.T.);
#2550=EDGE_CURVE('',#2075,#2076,#1009,.T.);
#2551=EDGE_CURVE('',#2076,#2077,#159,.T.);
#2552=EDGE_CURVE('',#2077,#2078,#1010,.T.);
#2553=EDGE_CURVE('',#2078,#2025,#160,.T.);
#2554=EDGE_CURVE('',#2079,#2080,#1011,.T.);
#2555=EDGE_CURVE('',#2026,#2079,#18,.T.);
#2556=EDGE_CURVE('',#2081,#2025,#1012,.T.);
#2557=EDGE_CURVE('',#2080,#2081,#1013,.T.);
#2558=EDGE_CURVE('',#2082,#2078,#1014,.T.);
#2559=EDGE_CURVE('',#2081,#2082,#161,.T.);
#2560=EDGE_CURVE('',#2083,#2077,#1015,.T.);
#2561=EDGE_CURVE('',#2082,#2083,#1016,.T.);
#2562=EDGE_CURVE('',#2084,#2076,#1017,.T.);
#2563=EDGE_CURVE('',#2083,#2084,#162,.T.);
#2564=EDGE_CURVE('',#2085,#2075,#1018,.T.);
#2565=EDGE_CURVE('',#2084,#2085,#1019,.T.);
#2566=EDGE_CURVE('',#2086,#2074,#1020,.T.);
#2567=EDGE_CURVE('',#2085,#2086,#163,.T.);
#2568=EDGE_CURVE('',#2087,#2073,#1021,.T.);
#2569=EDGE_CURVE('',#2086,#2087,#1022,.T.);
#2570=EDGE_CURVE('',#2088,#2072,#1023,.T.);
#2571=EDGE_CURVE('',#2087,#2088,#164,.T.);
#2572=EDGE_CURVE('',#2089,#2071,#1024,.T.);
#2573=EDGE_CURVE('',#2088,#2089,#1025,.T.);
#2574=EDGE_CURVE('',#2090,#2079,#1026,.T.);
#2575=EDGE_CURVE('',#2091,#2090,#165,.T.);
#2576=EDGE_CURVE('',#2091,#2027,#1027,.T.);
#2577=EDGE_CURVE('',#2070,#2092,#1028,.T.);
#2578=EDGE_CURVE('',#2089,#2092,#1029,.T.);
#2579=EDGE_CURVE('',#2093,#2091,#1030,.T.);
#2580=EDGE_CURVE('',#2028,#2093,#1031,.T.);
#2581=EDGE_CURVE('',#2090,#2080,#1032,.T.);
#2582=EDGE_CURVE('',#2094,#2095,#1033,.T.);
#2583=EDGE_CURVE('',#2033,#2094,#1034,.T.);
#2584=EDGE_CURVE('',#2095,#2032,#1035,.T.);
#2585=EDGE_CURVE('',#2096,#2031,#1036,.T.);
#2586=EDGE_CURVE('',#2095,#2096,#166,.T.);
#2587=EDGE_CURVE('',#2097,#2030,#1037,.T.);
#2588=EDGE_CURVE('',#2096,#2097,#1038,.T.);
#2589=EDGE_CURVE('',#2098,#2029,#1039,.T.);
#2590=EDGE_CURVE('',#2097,#2098,#167,.T.);
#2591=EDGE_CURVE('',#2098,#2093,#1040,.T.);
#2592=EDGE_CURVE('',#2099,#2100,#1041,.T.);
#2593=EDGE_CURVE('',#2036,#2099,#1042,.T.);
#2594=EDGE_CURVE('',#2100,#2035,#1043,.T.);
#2595=EDGE_CURVE('',#2101,#2034,#1044,.T.);
#2596=EDGE_CURVE('',#2100,#2101,#168,.T.);
#2597=EDGE_CURVE('',#2101,#2094,#1045,.T.);
#2598=EDGE_CURVE('',#2102,#2103,#1046,.T.);
#2599=EDGE_CURVE('',#2039,#2102,#1047,.T.);
#2600=EDGE_CURVE('',#2103,#2038,#1048,.T.);
#2601=EDGE_CURVE('',#2104,#2037,#1049,.T.);
#2602=EDGE_CURVE('',#2103,#2104,#169,.T.);
#2603=EDGE_CURVE('',#2104,#2099,#1050,.T.);
#2604=EDGE_CURVE('',#2105,#2106,#1051,.T.);
#2605=EDGE_CURVE('',#2044,#2105,#1052,.T.);
#2606=EDGE_CURVE('',#2106,#2043,#1053,.T.);
#2607=EDGE_CURVE('',#2107,#2042,#1054,.T.);
#2608=EDGE_CURVE('',#2106,#2107,#170,.T.);
#2609=EDGE_CURVE('',#2108,#2041,#1055,.T.);
#2610=EDGE_CURVE('',#2107,#2108,#1056,.T.);
#2611=EDGE_CURVE('',#2109,#2040,#1057,.T.);
#2612=EDGE_CURVE('',#2108,#2109,#171,.T.);
#2613=EDGE_CURVE('',#2109,#2102,#1058,.T.);
#2614=EDGE_CURVE('',#2110,#2111,#1059,.T.);
#2615=EDGE_CURVE('',#2047,#2110,#1060,.T.);
#2616=EDGE_CURVE('',#2111,#2046,#1061,.T.);
#2617=EDGE_CURVE('',#2112,#2045,#1062,.T.);
#2618=EDGE_CURVE('',#2111,#2112,#172,.T.);
#2619=EDGE_CURVE('',#2112,#2105,#1063,.T.);
#2620=EDGE_CURVE('',#2113,#2114,#1064,.T.);
#2621=EDGE_CURVE('',#2050,#2113,#1065,.T.);
#2622=EDGE_CURVE('',#2114,#2049,#1066,.T.);
#2623=EDGE_CURVE('',#2115,#2048,#1067,.T.);
#2624=EDGE_CURVE('',#2114,#2115,#173,.T.);
#2625=EDGE_CURVE('',#2115,#2110,#1068,.T.);
#2626=EDGE_CURVE('',#2116,#2117,#1069,.T.);
#2627=EDGE_CURVE('',#2055,#2116,#1070,.T.);
#2628=EDGE_CURVE('',#2117,#2054,#1071,.T.);
#2629=EDGE_CURVE('',#2118,#2053,#1072,.T.);
#2630=EDGE_CURVE('',#2117,#2118,#174,.T.);
#2631=EDGE_CURVE('',#2119,#2052,#1073,.T.);
#2632=EDGE_CURVE('',#2118,#2119,#1074,.T.);
#2633=EDGE_CURVE('',#2120,#2051,#1075,.T.);
#2634=EDGE_CURVE('',#2119,#2120,#175,.T.);
#2635=EDGE_CURVE('',#2120,#2113,#1076,.T.);
#2636=EDGE_CURVE('',#2121,#2122,#1077,.T.);
#2637=EDGE_CURVE('',#2058,#2121,#1078,.T.);
#2638=EDGE_CURVE('',#2122,#2057,#1079,.T.);
#2639=EDGE_CURVE('',#2123,#2056,#1080,.T.);
#2640=EDGE_CURVE('',#2122,#2123,#176,.T.);
#2641=EDGE_CURVE('',#2123,#2116,#1081,.T.);
#2642=EDGE_CURVE('',#2124,#2125,#1082,.T.);
#2643=EDGE_CURVE('',#2063,#2124,#1083,.T.);
#2644=EDGE_CURVE('',#2125,#2062,#1084,.T.);
#2645=EDGE_CURVE('',#2126,#2061,#1085,.T.);
#2646=EDGE_CURVE('',#2125,#2126,#177,.T.);
#2647=EDGE_CURVE('',#2127,#2060,#1086,.T.);
#2648=EDGE_CURVE('',#2126,#2127,#1087,.T.);
#2649=EDGE_CURVE('',#2128,#2059,#1088,.T.);
#2650=EDGE_CURVE('',#2127,#2128,#178,.T.);
#2651=EDGE_CURVE('',#2128,#2121,#1089,.T.);
#2652=EDGE_CURVE('',#2129,#2130,#1090,.T.);
#2653=EDGE_CURVE('',#2066,#2129,#1091,.T.);
#2654=EDGE_CURVE('',#2130,#2065,#1092,.T.);
#2655=EDGE_CURVE('',#2131,#2064,#1093,.T.);
#2656=EDGE_CURVE('',#2130,#2131,#179,.T.);
#2657=EDGE_CURVE('',#2131,#2124,#1094,.T.);
#2658=EDGE_CURVE('',#2132,#2129,#1095,.T.);
#2659=EDGE_CURVE('',#2067,#2132,#1096,.T.);
#2660=EDGE_CURVE('',#2092,#2133,#1097,.T.);
#2661=EDGE_CURVE('',#2133,#2069,#1098,.T.);
#2662=EDGE_CURVE('',#2134,#2068,#1099,.T.);
#2663=EDGE_CURVE('',#2133,#2134,#180,.T.);
#2664=EDGE_CURVE('',#2134,#2132,#1100,.T.);
#2665=EDGE_CURVE('',#2081,#2135,#1101,.T.);
#2666=EDGE_CURVE('',#2136,#2135,#1102,.F.);
#2667=EDGE_CURVE('',#2136,#2080,#1103,.F.);
#2668=EDGE_CURVE('',#2137,#2136,#1104,.F.);
#2669=EDGE_CURVE('',#2137,#2090,#1105,.T.);
#2670=EDGE_CURVE('',#2138,#2137,#181,.T.);
#2671=EDGE_CURVE('',#2091,#2138,#1106,.T.);
#2672=EDGE_CURVE('',#2139,#2138,#1107,.F.);
#2673=EDGE_CURVE('',#2139,#2093,#1108,.F.);
#2674=EDGE_CURVE('',#2140,#2139,#1109,.F.);
#2675=EDGE_CURVE('',#2140,#2098,#1110,.T.);
#2676=EDGE_CURVE('',#2141,#2140,#182,.T.);
#2677=EDGE_CURVE('',#2097,#2141,#1111,.T.);
#2678=EDGE_CURVE('',#2142,#2141,#1112,.F.);
#2679=EDGE_CURVE('',#2142,#2096,#1113,.T.);
#2680=EDGE_CURVE('',#2143,#2142,#183,.T.);
#2681=EDGE_CURVE('',#2095,#2143,#1114,.T.);
#2682=EDGE_CURVE('',#2144,#2143,#1115,.F.);
#2683=EDGE_CURVE('',#2144,#2094,#1116,.F.);
#2684=EDGE_CURVE('',#2145,#2144,#1117,.F.);
#2685=EDGE_CURVE('',#2145,#2101,#1118,.T.);
#2686=EDGE_CURVE('',#2146,#2145,#184,.T.);
#2687=EDGE_CURVE('',#2100,#2146,#1119,.T.);
#2688=EDGE_CURVE('',#2147,#2146,#1120,.F.);
#2689=EDGE_CURVE('',#2147,#2099,#1121,.F.);
#2690=EDGE_CURVE('',#2148,#2147,#1122,.F.);
#2691=EDGE_CURVE('',#2148,#2104,#1123,.T.);
#2692=EDGE_CURVE('',#2149,#2148,#185,.T.);
#2693=EDGE_CURVE('',#2103,#2149,#1124,.T.);
#2694=EDGE_CURVE('',#2150,#2149,#1125,.F.);
#2695=EDGE_CURVE('',#2150,#2102,#1126,.F.);
#2696=EDGE_CURVE('',#2151,#2150,#1127,.F.);
#2697=EDGE_CURVE('',#2151,#2109,#1128,.T.);
#2698=EDGE_CURVE('',#2152,#2151,#186,.T.);
#2699=EDGE_CURVE('',#2108,#2152,#1129,.T.);
#2700=EDGE_CURVE('',#2153,#2152,#1130,.F.);
#2701=EDGE_CURVE('',#2153,#2107,#1131,.T.);
#2702=EDGE_CURVE('',#2154,#2153,#187,.T.);
#2703=EDGE_CURVE('',#2106,#2154,#1132,.T.);
#2704=EDGE_CURVE('',#2155,#2154,#1133,.F.);
#2705=EDGE_CURVE('',#2155,#2105,#1134,.F.);
#2706=EDGE_CURVE('',#2156,#2155,#1135,.F.);
#2707=EDGE_CURVE('',#2156,#2112,#1136,.T.);
#2708=EDGE_CURVE('',#2157,#2156,#188,.T.);
#2709=EDGE_CURVE('',#2111,#2157,#1137,.T.);
#2710=EDGE_CURVE('',#2158,#2157,#1138,.F.);
#2711=EDGE_CURVE('',#2158,#2110,#1139,.F.);
#2712=EDGE_CURVE('',#2159,#2158,#1140,.F.);
#2713=EDGE_CURVE('',#2159,#2115,#1141,.T.);
#2714=EDGE_CURVE('',#2160,#2159,#189,.T.);
#2715=EDGE_CURVE('',#2114,#2160,#1142,.T.);
#2716=EDGE_CURVE('',#2161,#2160,#1143,.F.);
#2717=EDGE_CURVE('',#2161,#2113,#1144,.F.);
#2718=EDGE_CURVE('',#2162,#2161,#1145,.F.);
#2719=EDGE_CURVE('',#2162,#2120,#1146,.T.);
#2720=EDGE_CURVE('',#2163,#2162,#190,.T.);
#2721=EDGE_CURVE('',#2119,#2163,#1147,.T.);
#2722=EDGE_CURVE('',#2164,#2163,#1148,.F.);
#2723=EDGE_CURVE('',#2164,#2118,#1149,.T.);
#2724=EDGE_CURVE('',#2165,#2164,#191,.T.);
#2725=EDGE_CURVE('',#2117,#2165,#1150,.T.);
#2726=EDGE_CURVE('',#2166,#2165,#1151,.F.);
#2727=EDGE_CURVE('',#2166,#2116,#1152,.F.);
#2728=EDGE_CURVE('',#2167,#2166,#1153,.F.);
#2729=EDGE_CURVE('',#2167,#2123,#1154,.T.);
#2730=EDGE_CURVE('',#2168,#2167,#192,.T.);
#2731=EDGE_CURVE('',#2122,#2168,#1155,.T.);
#2732=EDGE_CURVE('',#2169,#2168,#1156,.F.);
#2733=EDGE_CURVE('',#2169,#2121,#1157,.F.);
#2734=EDGE_CURVE('',#2170,#2169,#1158,.F.);
#2735=EDGE_CURVE('',#2170,#2128,#1159,.T.);
#2736=EDGE_CURVE('',#2171,#2170,#193,.T.);
#2737=EDGE_CURVE('',#2127,#2171,#1160,.T.);
#2738=EDGE_CURVE('',#2172,#2171,#1161,.F.);
#2739=EDGE_CURVE('',#2172,#2126,#1162,.T.);
#2740=EDGE_CURVE('',#2173,#2172,#194,.T.);
#2741=EDGE_CURVE('',#2125,#2173,#1163,.T.);
#2742=EDGE_CURVE('',#2174,#2173,#1164,.F.);
#2743=EDGE_CURVE('',#2174,#2124,#1165,.T.);
#2744=EDGE_CURVE('',#2175,#2174,#1166,.F.);
#2745=EDGE_CURVE('',#2175,#2131,#1167,.T.);
#2746=EDGE_CURVE('',#2176,#2175,#195,.T.);
#2747=EDGE_CURVE('',#2130,#2176,#1168,.T.);
#2748=EDGE_CURVE('',#2177,#2176,#1169,.F.);
#2749=EDGE_CURVE('',#2177,#2129,#1170,.F.);
#2750=EDGE_CURVE('',#2178,#2177,#1171,.F.);
#2751=EDGE_CURVE('',#2178,#2132,#1172,.F.);
#2752=EDGE_CURVE('',#2179,#2178,#1173,.F.);
#2753=EDGE_CURVE('',#2179,#2134,#1174,.T.);
#2754=EDGE_CURVE('',#2180,#2179,#196,.T.);
#2755=EDGE_CURVE('',#2133,#2180,#1175,.T.);
#2756=EDGE_CURVE('',#2181,#2180,#1176,.F.);
#2757=EDGE_CURVE('',#2181,#2092,#1177,.T.);
#2758=EDGE_CURVE('',#2182,#2005,#1178,.T.);
#2759=EDGE_CURVE('',#2183,#2182,#1179,.T.);
#2760=EDGE_CURVE('',#2006,#2183,#1180,.T.);
#2761=EDGE_CURVE('',#2184,#2024,#1181,.T.);
#2762=EDGE_CURVE('',#2182,#2184,#197,.T.);
#2763=EDGE_CURVE('',#2185,#2023,#1182,.T.);
#2764=EDGE_CURVE('',#2184,#2185,#1183,.T.);
#2765=EDGE_CURVE('',#2186,#2022,#1184,.T.);
#2766=EDGE_CURVE('',#2185,#2186,#198,.T.);
#2767=EDGE_CURVE('',#2187,#2021,#1185,.T.);
#2768=EDGE_CURVE('',#2186,#2187,#1186,.T.);
#2769=EDGE_CURVE('',#2188,#2020,#1187,.T.);
#2770=EDGE_CURVE('',#2187,#2188,#199,.T.);
#2771=EDGE_CURVE('',#2189,#2019,#1188,.T.);
#2772=EDGE_CURVE('',#2188,#2189,#1189,.T.);
#2773=EDGE_CURVE('',#2190,#2018,#1190,.T.);
#2774=EDGE_CURVE('',#2189,#2190,#200,.T.);
#2775=EDGE_CURVE('',#2191,#2017,#1191,.T.);
#2776=EDGE_CURVE('',#2190,#2191,#1192,.T.);
#2777=EDGE_CURVE('',#2192,#2016,#1193,.T.);
#2778=EDGE_CURVE('',#2191,#2192,#201,.T.);
#2779=EDGE_CURVE('',#2193,#2015,#1194,.T.);
#2780=EDGE_CURVE('',#2192,#2193,#1195,.T.);
#2781=EDGE_CURVE('',#2194,#2014,#1196,.T.);
#2782=EDGE_CURVE('',#2193,#2194,#202,.T.);
#2783=EDGE_CURVE('',#2195,#2013,#1197,.T.);
#2784=EDGE_CURVE('',#2194,#2195,#1198,.T.);
#2785=EDGE_CURVE('',#2196,#2012,#1199,.T.);
#2786=EDGE_CURVE('',#2195,#2196,#203,.T.);
#2787=EDGE_CURVE('',#2197,#2011,#1200,.T.);
#2788=EDGE_CURVE('',#2196,#2197,#1201,.T.);
#2789=EDGE_CURVE('',#2198,#2010,#1202,.T.);
#2790=EDGE_CURVE('',#2197,#2198,#204,.T.);
#2791=EDGE_CURVE('',#2199,#2009,#1203,.T.);
#2792=EDGE_CURVE('',#2198,#2199,#1204,.T.);
#2793=EDGE_CURVE('',#2200,#2008,#1205,.T.);
#2794=EDGE_CURVE('',#2199,#2200,#205,.T.);
#2795=EDGE_CURVE('',#2201,#2007,#1206,.T.);
#2796=EDGE_CURVE('',#2200,#2201,#1207,.T.);
#2797=EDGE_CURVE('',#2201,#2183,#206,.T.);
#2798=EDGE_CURVE('',#2202,#2192,#1208,.T.);
#2799=EDGE_CURVE('',#2203,#2202,#207,.T.);
#2800=EDGE_CURVE('',#2191,#2203,#1209,.T.);
#2801=EDGE_CURVE('',#2204,#2203,#1210,.T.);
#2802=EDGE_CURVE('',#2204,#2190,#1211,.T.);
#2803=EDGE_CURVE('',#2205,#2205,#208,.T.);
#2804=EDGE_CURVE('',#2206,#2204,#209,.T.);
#2805=EDGE_CURVE('',#2189,#2206,#1212,.T.);
#2806=EDGE_CURVE('',#2207,#2206,#1213,.T.);
#2807=EDGE_CURVE('',#2207,#2188,#1214,.T.);
#2808=EDGE_CURVE('',#2208,#2207,#210,.T.);
#2809=EDGE_CURVE('',#2187,#2208,#1215,.T.);
#2810=EDGE_CURVE('',#2209,#2208,#1216,.T.);
#2811=EDGE_CURVE('',#2209,#2186,#1217,.T.);
#2812=EDGE_CURVE('',#2210,#2209,#211,.T.);
#2813=EDGE_CURVE('',#2185,#2210,#1218,.T.);
#2814=EDGE_CURVE('',#2211,#2210,#1219,.T.);
#2815=EDGE_CURVE('',#2211,#2184,#1220,.T.);
#2816=EDGE_CURVE('',#2212,#2211,#212,.T.);
#2817=EDGE_CURVE('',#2182,#2212,#1221,.T.);
#2818=EDGE_CURVE('',#2213,#2212,#1222,.T.);
#2819=EDGE_CURVE('',#2213,#2183,#1223,.T.);
#2820=EDGE_CURVE('',#2214,#2214,#213,.T.);
#2821=EDGE_CURVE('',#2214,#2205,#1224,.T.);
#2822=EDGE_CURVE('',#2215,#2215,#214,.T.);
#2823=EDGE_CURVE('',#2216,#2216,#215,.T.);
#2824=EDGE_CURVE('',#2216,#2215,#1225,.T.);
#2825=EDGE_CURVE('',#2217,#2218,#216,.T.);
#2826=EDGE_CURVE('',#2219,#2217,#1226,.T.);
#2827=EDGE_CURVE('',#2220,#2219,#217,.T.);
#2828=EDGE_CURVE('',#2218,#2220,#1227,.T.);
#2829=EDGE_CURVE('',#2220,#2221,#1228,.T.);
#2830=EDGE_CURVE('',#2221,#2222,#218,.T.);
#2831=EDGE_CURVE('',#2222,#2223,#1229,.T.);
#2832=EDGE_CURVE('',#2223,#2224,#219,.T.);
#2833=EDGE_CURVE('',#2224,#2218,#1230,.T.);
#2834=EDGE_CURVE('',#2225,#2226,#15,.F.);
#2835=EDGE_CURVE('',#2227,#2226,#1231,.T.);
#2836=EDGE_CURVE('',#2223,#2227,#16,.T.);
#2837=EDGE_CURVE('',#2222,#2228,#17,.F.);
#2838=EDGE_CURVE('',#2225,#2228,#1232,.T.);
#2839=EDGE_CURVE('',#2226,#2229,#1233,.T.);
#2840=EDGE_CURVE('',#2229,#2230,#1234,.T.);
#2841=EDGE_CURVE('',#2230,#2227,#1235,.T.);
#2842=EDGE_CURVE('',#2217,#2231,#1236,.T.);
#2843=EDGE_CURVE('',#2231,#2232,#1237,.T.);
#2844=EDGE_CURVE('',#2232,#2219,#1238,.T.);
#2845=EDGE_CURVE('',#2233,#2230,#220,.T.);
#2846=EDGE_CURVE('',#2234,#2233,#1239,.T.);
#2847=EDGE_CURVE('',#2235,#2234,#221,.F.);
#2848=EDGE_CURVE('',#2235,#2236,#1240,.T.);
#2849=EDGE_CURVE('',#2237,#2236,#222,.F.);
#2850=EDGE_CURVE('',#2224,#2237,#1241,.T.);
#2851=EDGE_CURVE('',#2238,#2237,#1242,.T.);
#2852=EDGE_CURVE('',#2238,#2239,#1243,.T.);
#2853=EDGE_CURVE('',#2239,#2231,#1244,.T.);
#2854=EDGE_CURVE('',#2229,#2240,#223,.T.);
#2855=EDGE_CURVE('',#2240,#2241,#1245,.T.);
#2856=EDGE_CURVE('',#2241,#2242,#224,.T.);
#2857=EDGE_CURVE('',#2242,#2243,#1246,.T.);
#2858=EDGE_CURVE('',#2243,#2244,#225,.T.);
#2859=EDGE_CURVE('',#2244,#2245,#1247,.T.);
#2860=EDGE_CURVE('',#2245,#2213,#226,.T.);
#2861=EDGE_CURVE('',#2202,#2232,#1248,.T.);
#2862=EDGE_CURVE('',#2239,#2246,#227,.T.);
#2863=EDGE_CURVE('',#2247,#2246,#1249,.T.);
#2864=EDGE_CURVE('',#2247,#2248,#228,.T.);
#2865=EDGE_CURVE('',#2249,#2248,#1250,.T.);
#2866=EDGE_CURVE('',#2249,#2250,#229,.T.);
#2867=EDGE_CURVE('',#2251,#2250,#1251,.T.);
#2868=EDGE_CURVE('',#2251,#2252,#230,.T.);
#2869=EDGE_CURVE('',#2253,#2252,#1252,.T.);
#2870=EDGE_CURVE('',#2253,#2254,#231,.T.);
#2871=EDGE_CURVE('',#2255,#2254,#1253,.T.);
#2872=EDGE_CURVE('',#2255,#2256,#232,.T.);
#2873=EDGE_CURVE('',#2257,#2256,#1254,.T.);
#2874=EDGE_CURVE('',#2257,#2258,#233,.T.);
#2875=EDGE_CURVE('',#2259,#2258,#1255,.T.);
#2876=EDGE_CURVE('',#2259,#2260,#234,.T.);
#2877=EDGE_CURVE('',#2261,#2260,#1256,.T.);
#2878=EDGE_CURVE('',#2261,#2262,#235,.T.);
#2879=EDGE_CURVE('',#2233,#2262,#1257,.T.);
#2880=EDGE_CURVE('',#2263,#2088,#1258,.T.);
#2881=EDGE_CURVE('',#2264,#2263,#236,.T.);
#2882=EDGE_CURVE('',#2087,#2264,#1259,.T.);
#2883=EDGE_CURVE('',#2265,#2089,#1260,.F.);
#2884=EDGE_CURVE('',#2263,#2265,#1261,.F.);
#2885=EDGE_CURVE('',#2266,#2086,#1262,.T.);
#2886=EDGE_CURVE('',#2267,#2266,#237,.T.);
#2887=EDGE_CURVE('',#2085,#2267,#1263,.T.);
#2888=EDGE_CURVE('',#2266,#2264,#1264,.F.);
#2889=EDGE_CURVE('',#2268,#2082,#1265,.T.);
#2890=EDGE_CURVE('',#2135,#2268,#238,.T.);
#2891=EDGE_CURVE('',#2083,#2269,#1266,.T.);
#2892=EDGE_CURVE('',#2268,#2269,#1267,.F.);
#2893=EDGE_CURVE('',#2270,#2084,#1268,.T.);
#2894=EDGE_CURVE('',#2269,#2270,#239,.T.);
#2895=EDGE_CURVE('',#2270,#2267,#1269,.F.);
#2896=EDGE_CURVE('',#2271,#2272,#240,.T.);
#2897=EDGE_CURVE('',#2273,#2272,#1270,.T.);
#2898=EDGE_CURVE('',#2274,#2273,#241,.T.);
#2899=EDGE_CURVE('',#2271,#2274,#1271,.T.);
#2900=EDGE_CURVE('',#2275,#2274,#1272,.T.);
#2901=EDGE_CURVE('',#2275,#2247,#1273,.T.);
#2902=EDGE_CURVE('',#2246,#2276,#1274,.T.);
#2903=EDGE_CURVE('',#2271,#2276,#1275,.F.);
#2904=EDGE_CURVE('',#2277,#2278,#242,.T.);
#2905=EDGE_CURVE('',#2279,#2278,#1276,.T.);
#2906=EDGE_CURVE('',#2280,#2279,#243,.T.);
#2907=EDGE_CURVE('',#2277,#2280,#1277,.T.);
#2908=EDGE_CURVE('',#2238,#2276,#244,.T.);
#2909=EDGE_CURVE('',#2236,#2281,#1278,.F.);
#2910=EDGE_CURVE('',#2281,#2282,#245,.F.);
#2911=EDGE_CURVE('',#2282,#2283,#1279,.F.);
#2912=EDGE_CURVE('',#2284,#2283,#246,.T.);
#2913=EDGE_CURVE('',#2284,#2285,#1280,.F.);
#2914=EDGE_CURVE('',#2286,#2285,#247,.T.);
#2915=EDGE_CURVE('',#2286,#2287,#1281,.F.);
#2916=EDGE_CURVE('',#2287,#2288,#248,.F.);
#2917=EDGE_CURVE('',#2288,#2289,#1282,.F.);
#2918=EDGE_CURVE('',#2290,#2289,#249,.T.);
#2919=EDGE_CURVE('',#2290,#2291,#1283,.F.);
#2920=EDGE_CURVE('',#2291,#2292,#250,.F.);
#2921=EDGE_CURVE('',#2292,#2293,#1284,.F.);
#2922=EDGE_CURVE('',#2294,#2293,#251,.T.);
#2923=EDGE_CURVE('',#2294,#2295,#1285,.F.);
#2924=EDGE_CURVE('',#2295,#2296,#252,.F.);
#2925=EDGE_CURVE('',#2296,#2297,#1286,.F.);
#2926=EDGE_CURVE('',#2298,#2297,#253,.T.);
#2927=EDGE_CURVE('',#2298,#2299,#1287,.F.);
#2928=EDGE_CURVE('',#2300,#2299,#254,.T.);
#2929=EDGE_CURVE('',#2300,#2301,#1288,.F.);
#2930=EDGE_CURVE('',#2301,#2302,#255,.F.);
#2931=EDGE_CURVE('',#2302,#2303,#1289,.F.);
#2932=EDGE_CURVE('',#2304,#2303,#256,.T.);
#2933=EDGE_CURVE('',#2304,#2305,#1290,.F.);
#2934=EDGE_CURVE('',#2305,#2306,#257,.F.);
#2935=EDGE_CURVE('',#2306,#2307,#1291,.F.);
#2936=EDGE_CURVE('',#2308,#2307,#258,.T.);
#2937=EDGE_CURVE('',#2308,#2309,#1292,.F.);
#2938=EDGE_CURVE('',#2309,#2310,#259,.F.);
#2939=EDGE_CURVE('',#2310,#2311,#1293,.F.);
#2940=EDGE_CURVE('',#2312,#2311,#260,.T.);
#2941=EDGE_CURVE('',#2312,#2313,#1294,.F.);
#2942=EDGE_CURVE('',#2313,#2314,#261,.F.);
#2943=EDGE_CURVE('',#2314,#2278,#1295,.F.);
#2944=EDGE_CURVE('',#2277,#2315,#1296,.F.);
#2945=EDGE_CURVE('',#2316,#2315,#262,.T.);
#2946=EDGE_CURVE('',#2316,#2317,#1297,.F.);
#2947=EDGE_CURVE('',#2317,#2318,#263,.F.);
#2948=EDGE_CURVE('',#2318,#2319,#1298,.F.);
#2949=EDGE_CURVE('',#2319,#2320,#264,.F.);
#2950=EDGE_CURVE('',#2320,#2321,#1299,.F.);
#2951=EDGE_CURVE('',#2321,#2322,#265,.F.);
#2952=EDGE_CURVE('',#2322,#2323,#1300,.F.);
#2953=EDGE_CURVE('',#2324,#2323,#266,.T.);
#2954=EDGE_CURVE('',#2324,#2325,#1301,.F.);
#2955=EDGE_CURVE('',#2326,#2325,#267,.T.);
#2956=EDGE_CURVE('',#2326,#2327,#1302,.F.);
#2957=EDGE_CURVE('',#2327,#2328,#268,.F.);
#2958=EDGE_CURVE('',#2328,#2329,#1303,.F.);
#2959=EDGE_CURVE('',#2330,#2329,#269,.T.);
#2960=EDGE_CURVE('',#2330,#2331,#1304,.F.);
#2961=EDGE_CURVE('',#2331,#2332,#270,.F.);
#2962=EDGE_CURVE('',#2332,#2333,#1305,.F.);
#2963=EDGE_CURVE('',#2334,#2333,#271,.T.);
#2964=EDGE_CURVE('',#2334,#2272,#1306,.F.);
#2965=EDGE_CURVE('',#2335,#2336,#1307,.F.);
#2966=EDGE_CURVE('',#2335,#2337,#272,.T.);
#2967=EDGE_CURVE('',#2338,#2337,#1308,.F.);
#2968=EDGE_CURVE('',#2338,#2339,#273,.T.);
#2969=EDGE_CURVE('',#2340,#2339,#1309,.F.);
#2970=EDGE_CURVE('',#2340,#2341,#274,.T.);
#2971=EDGE_CURVE('',#2342,#2341,#1310,.F.);
#2972=EDGE_CURVE('',#2342,#2336,#275,.T.);
#2973=EDGE_CURVE('',#2265,#2181,#1311,.F.);
#2974=EDGE_CURVE('',#2314,#2343,#1312,.T.);
#2975=EDGE_CURVE('',#2279,#2343,#1313,.T.);
#2976=EDGE_CURVE('',#2343,#2344,#276,.T.);
#2977=EDGE_CURVE('',#2344,#2313,#1314,.T.);
#2978=EDGE_CURVE('',#2345,#2311,#1315,.T.);
#2979=EDGE_CURVE('',#2346,#2345,#277,.T.);
#2980=EDGE_CURVE('',#2312,#2346,#1316,.T.);
#2981=EDGE_CURVE('',#2344,#2346,#1317,.T.);
#2982=EDGE_CURVE('',#2347,#2348,#278,.T.);
#2983=EDGE_CURVE('',#2310,#2347,#1318,.T.);
#2984=EDGE_CURVE('',#2348,#2309,#1319,.T.);
#2985=EDGE_CURVE('',#2308,#2349,#1320,.T.);
#2986=EDGE_CURVE('',#2348,#2349,#1321,.T.);
#2987=EDGE_CURVE('',#2345,#2347,#1322,.T.);
#2988=EDGE_CURVE('',#2349,#2350,#279,.T.);
#2989=EDGE_CURVE('',#2350,#2351,#1323,.T.);
#2990=EDGE_CURVE('',#2351,#2352,#280,.T.);
#2991=EDGE_CURVE('',#2352,#2353,#1324,.T.);
#2992=EDGE_CURVE('',#2353,#2354,#281,.T.);
#2993=EDGE_CURVE('',#2354,#2355,#1325,.T.);
#2994=EDGE_CURVE('',#2355,#2356,#282,.T.);
#2995=EDGE_CURVE('',#2356,#2357,#1326,.T.);
#2996=EDGE_CURVE('',#2357,#2358,#283,.T.);
#2997=EDGE_CURVE('',#2358,#2359,#1327,.T.);
#2998=EDGE_CURVE('',#2360,#2359,#284,.T.);
#2999=EDGE_CURVE('',#2360,#2361,#1328,.T.);
#3000=EDGE_CURVE('',#2362,#2361,#285,.T.);
#3001=EDGE_CURVE('',#2362,#2280,#1329,.T.);
#3002=EDGE_CURVE('',#2363,#2363,#286,.T.);
#3003=EDGE_CURVE('',#2350,#2307,#1330,.T.);
#3004=EDGE_CURVE('',#2306,#2351,#1331,.T.);
#3005=EDGE_CURVE('',#2352,#2305,#1332,.T.);
#3006=EDGE_CURVE('',#2354,#2303,#1333,.T.);
#3007=EDGE_CURVE('',#2304,#2353,#1334,.T.);
#3008=EDGE_CURVE('',#2302,#2355,#1335,.T.);
#3009=EDGE_CURVE('',#2356,#2301,#1336,.T.);
#3010=EDGE_CURVE('',#2300,#2357,#1337,.T.);
#3011=EDGE_CURVE('',#2358,#2299,#1338,.T.);
#3012=EDGE_CURVE('',#2298,#2364,#1339,.T.);
#3013=EDGE_CURVE('',#2365,#2364,#1340,.T.);
#3014=EDGE_CURVE('',#2365,#2257,#1341,.T.);
#3015=EDGE_CURVE('',#2256,#2359,#1342,.T.);
#3016=EDGE_CURVE('',#2366,#2297,#1343,.T.);
#3017=EDGE_CURVE('',#2364,#2366,#287,.T.);
#3018=EDGE_CURVE('',#2367,#2368,#288,.T.);
#3019=EDGE_CURVE('',#2296,#2367,#1344,.T.);
#3020=EDGE_CURVE('',#2368,#2295,#1345,.T.);
#3021=EDGE_CURVE('',#2294,#2369,#1346,.T.);
#3022=EDGE_CURVE('',#2368,#2369,#1347,.T.);
#3023=EDGE_CURVE('',#2369,#2370,#289,.T.);
#3024=EDGE_CURVE('',#2370,#2371,#1348,.T.);
#3025=EDGE_CURVE('',#2371,#2372,#290,.T.);
#3026=EDGE_CURVE('',#2372,#2373,#1349,.T.);
#3027=EDGE_CURVE('',#2373,#2374,#291,.T.);
#3028=EDGE_CURVE('',#2374,#2375,#1350,.T.);
#3029=EDGE_CURVE('',#2375,#2376,#292,.T.);
#3030=EDGE_CURVE('',#2376,#2377,#1351,.T.);
#3031=EDGE_CURVE('',#2377,#2378,#293,.T.);
#3032=EDGE_CURVE('',#2378,#2379,#1352,.T.);
#3033=EDGE_CURVE('',#2379,#2380,#294,.T.);
#3034=EDGE_CURVE('',#2380,#2381,#1353,.T.);
#3035=EDGE_CURVE('',#2381,#2382,#295,.T.);
#3036=EDGE_CURVE('',#2382,#2235,#1354,.T.);
#3037=EDGE_CURVE('',#2234,#2383,#1355,.T.);
#3038=EDGE_CURVE('',#2384,#2383,#296,.T.);
#3039=EDGE_CURVE('',#2384,#2385,#1356,.T.);
#3040=EDGE_CURVE('',#2386,#2385,#297,.T.);
#3041=EDGE_CURVE('',#2386,#2387,#1357,.T.);
#3042=EDGE_CURVE('',#2365,#2387,#298,.T.);
#3043=EDGE_CURVE('',#2366,#2367,#1358,.T.);
#3044=EDGE_CURVE('',#2388,#2388,#299,.T.);
#3045=EDGE_CURVE('',#2389,#2389,#300,.T.);
#3046=EDGE_CURVE('',#2370,#2293,#1359,.T.);
#3047=EDGE_CURVE('',#2292,#2371,#1360,.T.);
#3048=EDGE_CURVE('',#2372,#2291,#1361,.T.);
#3049=EDGE_CURVE('',#2374,#2289,#1362,.T.);
#3050=EDGE_CURVE('',#2290,#2373,#1363,.T.);
#3051=EDGE_CURVE('',#2288,#2375,#1364,.T.);
#3052=EDGE_CURVE('',#2376,#2287,#1365,.T.);
#3053=EDGE_CURVE('',#2286,#2377,#1366,.T.);
#3054=EDGE_CURVE('',#2378,#2285,#1367,.T.);
#3055=EDGE_CURVE('',#2284,#2379,#1368,.T.);
#3056=EDGE_CURVE('',#2380,#2283,#1369,.T.);
#3057=EDGE_CURVE('',#2282,#2381,#1370,.T.);
#3058=EDGE_CURVE('',#2382,#2281,#1371,.T.);
#3059=EDGE_CURVE('',#2390,#2333,#1372,.T.);
#3060=EDGE_CURVE('',#2391,#2390,#301,.T.);
#3061=EDGE_CURVE('',#2334,#2391,#1373,.T.);
#3062=EDGE_CURVE('',#2273,#2391,#1374,.T.);
#3063=EDGE_CURVE('',#2392,#2393,#302,.T.);
#3064=EDGE_CURVE('',#2332,#2392,#1375,.T.);
#3065=EDGE_CURVE('',#2393,#2331,#1376,.T.);
#3066=EDGE_CURVE('',#2330,#2394,#1377,.T.);
#3067=EDGE_CURVE('',#2393,#2394,#1378,.T.);
#3068=EDGE_CURVE('',#2394,#2395,#303,.T.);
#3069=EDGE_CURVE('',#2395,#2396,#1379,.T.);
#3070=EDGE_CURVE('',#2396,#2397,#304,.T.);
#3071=EDGE_CURVE('',#2397,#2398,#1380,.T.);
#3072=EDGE_CURVE('',#2398,#2399,#305,.T.);
#3073=EDGE_CURVE('',#2399,#2400,#1381,.T.);
#3074=EDGE_CURVE('',#2400,#2401,#306,.T.);
#3075=EDGE_CURVE('',#2401,#2402,#1382,.T.);
#3076=EDGE_CURVE('',#2402,#2403,#307,.T.);
#3077=EDGE_CURVE('',#2403,#2404,#1383,.T.);
#3078=EDGE_CURVE('',#2404,#2405,#308,.T.);
#3079=EDGE_CURVE('',#2405,#2406,#1384,.T.);
#3080=EDGE_CURVE('',#2406,#2407,#309,.T.);
#3081=EDGE_CURVE('',#2407,#2408,#1385,.T.);
#3082=EDGE_CURVE('',#2409,#2408,#310,.F.);
#3083=EDGE_CURVE('',#2409,#2410,#1386,.T.);
#3084=EDGE_CURVE('',#2410,#2411,#311,.F.);
#3085=EDGE_CURVE('',#2411,#2412,#1387,.T.);
#3086=EDGE_CURVE('',#2413,#2412,#312,.T.);
#3087=EDGE_CURVE('',#2413,#2414,#1388,.T.);
#3088=EDGE_CURVE('',#2275,#2414,#313,.T.);
#3089=EDGE_CURVE('',#2390,#2392,#1389,.T.);
#3090=EDGE_CURVE('',#2415,#2415,#314,.T.);
#3091=EDGE_CURVE('',#2395,#2329,#1390,.T.);
#3092=EDGE_CURVE('',#2328,#2396,#1391,.T.);
#3093=EDGE_CURVE('',#2397,#2327,#1392,.T.);
#3094=EDGE_CURVE('',#2399,#2325,#1393,.T.);
#3095=EDGE_CURVE('',#2326,#2398,#1394,.T.);
#3096=EDGE_CURVE('',#2401,#2323,#1395,.T.);
#3097=EDGE_CURVE('',#2324,#2400,#1396,.T.);
#3098=EDGE_CURVE('',#2322,#2402,#1397,.T.);
#3099=EDGE_CURVE('',#2403,#2321,#1398,.T.);
#3100=EDGE_CURVE('',#2320,#2404,#1399,.T.);
#3101=EDGE_CURVE('',#2405,#2319,#1400,.T.);
#3102=EDGE_CURVE('',#2318,#2406,#1401,.T.);
#3103=EDGE_CURVE('',#2407,#2317,#1402,.T.);
#3104=EDGE_CURVE('',#2409,#2315,#1403,.T.);
#3105=EDGE_CURVE('',#2316,#2408,#1404,.T.);
#3106=EDGE_CURVE('',#2363,#2416,#1405,.T.);
#3107=EDGE_CURVE('',#2416,#2416,#315,.T.);
#3108=EDGE_CURVE('',#2388,#2417,#1406,.T.);
#3109=EDGE_CURVE('',#2417,#2417,#316,.T.);
#3110=EDGE_CURVE('',#2415,#2418,#1407,.T.);
#3111=EDGE_CURVE('',#2418,#2418,#317,.T.);
#3112=EDGE_CURVE('',#2389,#2419,#1408,.T.);
#3113=EDGE_CURVE('',#2419,#2419,#318,.T.);
#3114=EDGE_CURVE('',#2193,#2221,#1409,.T.);
#3115=EDGE_CURVE('',#2228,#2194,#1410,.T.);
#3116=EDGE_CURVE('',#2195,#2225,#1411,.T.);
#3117=EDGE_CURVE('',#2240,#2196,#1412,.T.);
#3118=EDGE_CURVE('',#2197,#2241,#1413,.T.);
#3119=EDGE_CURVE('',#2242,#2198,#1414,.T.);
#3120=EDGE_CURVE('',#2199,#2243,#1415,.T.);
#3121=EDGE_CURVE('',#2244,#2200,#1416,.T.);
#3122=EDGE_CURVE('',#2201,#2245,#1417,.T.);
#3123=EDGE_CURVE('',#2248,#2414,#1418,.T.);
#3124=EDGE_CURVE('',#2262,#2383,#1419,.T.);
#3125=EDGE_CURVE('',#2384,#2261,#1420,.T.);
#3126=EDGE_CURVE('',#2260,#2385,#1421,.T.);
#3127=EDGE_CURVE('',#2386,#2259,#1422,.T.);
#3128=EDGE_CURVE('',#2258,#2387,#1423,.T.);
#3129=EDGE_CURVE('',#2360,#2255,#1424,.T.);
#3130=EDGE_CURVE('',#2254,#2361,#1425,.T.);
#3131=EDGE_CURVE('',#2250,#2412,#1426,.T.);
#3132=EDGE_CURVE('',#2413,#2249,#1427,.T.);
#3133=EDGE_CURVE('',#2411,#2251,#1428,.T.);
#3134=EDGE_CURVE('',#2252,#2410,#1429,.T.);
#3135=EDGE_CURVE('',#2362,#2253,#1430,.T.);
#3136=EDGE_CURVE('',#2420,#2004,#319,.T.);
#3137=EDGE_CURVE('',#1998,#2420,#1431,.T.);
#3138=EDGE_CURVE('',#2421,#1997,#1432,.T.);
#3139=EDGE_CURVE('',#2422,#2421,#320,.T.);
#3140=EDGE_CURVE('',#1994,#2422,#1433,.T.);
#3141=EDGE_CURVE('',#2421,#2420,#1434,.F.);
#3142=EDGE_CURVE('',#2000,#2422,#1435,.F.);
#3143=EDGE_CURVE('',#2423,#2424,#321,.T.);
#3144=EDGE_CURVE('',#2425,#2424,#1436,.T.);
#3145=EDGE_CURVE('',#2426,#2425,#322,.T.);
#3146=EDGE_CURVE('',#2423,#2426,#1437,.T.);
#3147=EDGE_CURVE('',#2427,#2424,#1438,.T.);
#3148=EDGE_CURVE('',#2427,#2428,#1439,.T.);
#3149=EDGE_CURVE('',#2428,#2425,#1440,.T.);
#3150=EDGE_CURVE('',#2429,#2430,#323,.T.);
#3151=EDGE_CURVE('',#2431,#2430,#1441,.T.);
#3152=EDGE_CURVE('',#2432,#2431,#324,.T.);
#3153=EDGE_CURVE('',#2429,#2432,#1442,.T.);
#3154=EDGE_CURVE('',#2426,#2431,#1443,.T.);
#3155=EDGE_CURVE('',#2423,#2430,#1444,.T.);
#3156=EDGE_CURVE('',#2433,#2434,#325,.T.);
#3157=EDGE_CURVE('',#2435,#2434,#1445,.T.);
#3158=EDGE_CURVE('',#2436,#2435,#326,.T.);
#3159=EDGE_CURVE('',#2433,#2436,#1446,.T.);
#3160=EDGE_CURVE('',#2432,#2435,#1447,.T.);
#3161=EDGE_CURVE('',#2429,#2434,#1448,.T.);
#3162=EDGE_CURVE('',#2427,#2437,#327,.T.);
#3163=EDGE_CURVE('',#2438,#2437,#1449,.T.);
#3164=EDGE_CURVE('',#2428,#2438,#328,.T.);
#3165=EDGE_CURVE('',#2436,#2438,#1450,.T.);
#3166=EDGE_CURVE('',#2433,#2437,#1451,.T.);
#3167=EDGE_CURVE('',#2439,#2440,#329,.T.);
#3168=EDGE_CURVE('',#2339,#2440,#1452,.T.);
#3169=EDGE_CURVE('',#2439,#2338,#1453,.T.);
#3170=EDGE_CURVE('',#2439,#2441,#1454,.F.);
#3171=EDGE_CURVE('',#2442,#2441,#330,.T.);
#3172=EDGE_CURVE('',#2442,#2443,#1455,.F.);
#3173=EDGE_CURVE('',#2444,#2443,#331,.T.);
#3174=EDGE_CURVE('',#2444,#2445,#1456,.F.);
#3175=EDGE_CURVE('',#2446,#2445,#332,.T.);
#3176=EDGE_CURVE('',#2446,#2440,#1457,.F.);
#3177=EDGE_CURVE('',#2446,#2340,#1458,.T.);
#3178=EDGE_CURVE('',#2341,#2445,#1459,.T.);
#3179=EDGE_CURVE('',#2336,#2443,#1460,.T.);
#3180=EDGE_CURVE('',#2444,#2342,#1461,.T.);
#3181=EDGE_CURVE('',#2442,#2335,#1462,.T.);
#3182=EDGE_CURVE('',#2337,#2441,#1463,.T.);
#3183=ORIENTED_EDGE('',*,*,#2447,.F.);
#3184=ORIENTED_EDGE('',*,*,#2448,.F.);
#3185=ORIENTED_EDGE('',*,*,#2449,.F.);
#3186=ORIENTED_EDGE('',*,*,#2450,.F.);
#3187=ORIENTED_EDGE('',*,*,#2447,.T.);
#3188=ORIENTED_EDGE('',*,*,#2451,.F.);
#3189=ORIENTED_EDGE('',*,*,#2452,.F.);
#3190=ORIENTED_EDGE('',*,*,#2453,.F.);
#3191=ORIENTED_EDGE('',*,*,#2454,.F.);
#3192=ORIENTED_EDGE('',*,*,#2455,.F.);
#3193=ORIENTED_EDGE('',*,*,#2452,.T.);
#3194=ORIENTED_EDGE('',*,*,#2456,.F.);
#3195=ORIENTED_EDGE('',*,*,#2454,.T.);
#3196=ORIENTED_EDGE('',*,*,#2457,.F.);
#3197=ORIENTED_EDGE('',*,*,#2458,.F.);
#3198=ORIENTED_EDGE('',*,*,#2459,.F.);
#3199=ORIENTED_EDGE('',*,*,#2460,.F.);
#3200=ORIENTED_EDGE('',*,*,#2461,.F.);
#3201=ORIENTED_EDGE('',*,*,#2458,.T.);
#3202=ORIENTED_EDGE('',*,*,#2462,.F.);
#3203=ORIENTED_EDGE('',*,*,#2460,.T.);
#3204=ORIENTED_EDGE('',*,*,#2463,.F.);
#3205=ORIENTED_EDGE('',*,*,#2464,.F.);
#3206=ORIENTED_EDGE('',*,*,#2465,.F.);
#3207=ORIENTED_EDGE('',*,*,#2466,.F.);
#3208=ORIENTED_EDGE('',*,*,#2467,.F.);
#3209=ORIENTED_EDGE('',*,*,#2464,.T.);
#3210=ORIENTED_EDGE('',*,*,#2468,.F.);
#3211=ORIENTED_EDGE('',*,*,#2466,.T.);
#3212=ORIENTED_EDGE('',*,*,#2469,.F.);
#3213=ORIENTED_EDGE('',*,*,#2449,.T.);
#3214=ORIENTED_EDGE('',*,*,#2470,.F.);
#3215=ORIENTED_EDGE('',*,*,#2459,.T.);
#3216=ORIENTED_EDGE('',*,*,#2471,.F.);
#3217=ORIENTED_EDGE('',*,*,#2472,.F.);
#3218=ORIENTED_EDGE('',*,*,#2473,.F.);
#3219=ORIENTED_EDGE('',*,*,#2455,.T.);
#3220=ORIENTED_EDGE('',*,*,#2473,.T.);
#3221=ORIENTED_EDGE('',*,*,#2474,.F.);
#3222=ORIENTED_EDGE('',*,*,#2475,.T.);
#3223=ORIENTED_EDGE('',*,*,#2453,.T.);
#3224=ORIENTED_EDGE('',*,*,#2475,.F.);
#3225=ORIENTED_EDGE('',*,*,#2476,.F.);
#3226=ORIENTED_EDGE('',*,*,#2477,.F.);
#3227=ORIENTED_EDGE('',*,*,#2448,.T.);
#3228=ORIENTED_EDGE('',*,*,#2477,.T.);
#3229=ORIENTED_EDGE('',*,*,#2478,.F.);
#3230=ORIENTED_EDGE('',*,*,#2479,.T.);
#3231=ORIENTED_EDGE('',*,*,#2480,.T.);
#3232=ORIENTED_EDGE('',*,*,#2481,.T.);
#3233=ORIENTED_EDGE('',*,*,#2482,.T.);
#3234=ORIENTED_EDGE('',*,*,#2483,.T.);
#3235=ORIENTED_EDGE('',*,*,#2484,.T.);
#3236=ORIENTED_EDGE('',*,*,#2485,.T.);
#3237=ORIENTED_EDGE('',*,*,#2486,.T.);
#3238=ORIENTED_EDGE('',*,*,#2487,.T.);
#3239=ORIENTED_EDGE('',*,*,#2488,.T.);
#3240=ORIENTED_EDGE('',*,*,#2489,.T.);
#3241=ORIENTED_EDGE('',*,*,#2490,.T.);
#3242=ORIENTED_EDGE('',*,*,#2491,.T.);
#3243=ORIENTED_EDGE('',*,*,#2492,.T.);
#3244=ORIENTED_EDGE('',*,*,#2493,.T.);
#3245=ORIENTED_EDGE('',*,*,#2494,.T.);
#3246=ORIENTED_EDGE('',*,*,#2495,.T.);
#3247=ORIENTED_EDGE('',*,*,#2496,.T.);
#3248=ORIENTED_EDGE('',*,*,#2497,.T.);
#3249=ORIENTED_EDGE('',*,*,#2498,.T.);
#3250=ORIENTED_EDGE('',*,*,#2499,.T.);
#3251=ORIENTED_EDGE('',*,*,#2500,.T.);
#3252=ORIENTED_EDGE('',*,*,#2501,.T.);
#3253=ORIENTED_EDGE('',*,*,#2502,.T.);
#3254=ORIENTED_EDGE('',*,*,#2503,.T.);
#3255=ORIENTED_EDGE('',*,*,#2504,.T.);
#3256=ORIENTED_EDGE('',*,*,#2505,.T.);
#3257=ORIENTED_EDGE('',*,*,#2506,.T.);
#3258=ORIENTED_EDGE('',*,*,#2507,.T.);
#3259=ORIENTED_EDGE('',*,*,#2508,.T.);
#3260=ORIENTED_EDGE('',*,*,#2509,.T.);
#3261=ORIENTED_EDGE('',*,*,#2510,.T.);
#3262=ORIENTED_EDGE('',*,*,#2511,.T.);
#3263=ORIENTED_EDGE('',*,*,#2512,.T.);
#3264=ORIENTED_EDGE('',*,*,#2513,.T.);
#3265=ORIENTED_EDGE('',*,*,#2514,.T.);
#3266=ORIENTED_EDGE('',*,*,#2515,.T.);
#3267=ORIENTED_EDGE('',*,*,#2516,.T.);
#3268=ORIENTED_EDGE('',*,*,#2517,.T.);
#3269=ORIENTED_EDGE('',*,*,#2518,.T.);
#3270=ORIENTED_EDGE('',*,*,#2519,.T.);
#3271=ORIENTED_EDGE('',*,*,#2520,.T.);
#3272=ORIENTED_EDGE('',*,*,#2521,.T.);
#3273=ORIENTED_EDGE('',*,*,#2522,.T.);
#3274=ORIENTED_EDGE('',*,*,#2523,.T.);
#3275=ORIENTED_EDGE('',*,*,#2524,.T.);
#3276=ORIENTED_EDGE('',*,*,#2525,.T.);
#3277=ORIENTED_EDGE('',*,*,#2526,.T.);
#3278=ORIENTED_EDGE('',*,*,#2527,.T.);
#3279=ORIENTED_EDGE('',*,*,#2528,.T.);
#3280=ORIENTED_EDGE('',*,*,#2529,.T.);
#3281=ORIENTED_EDGE('',*,*,#2530,.T.);
#3282=ORIENTED_EDGE('',*,*,#2531,.T.);
#3283=ORIENTED_EDGE('',*,*,#2532,.T.);
#3284=ORIENTED_EDGE('',*,*,#2533,.T.);
#3285=ORIENTED_EDGE('',*,*,#2534,.T.);
#3286=ORIENTED_EDGE('',*,*,#2535,.T.);
#3287=ORIENTED_EDGE('',*,*,#2536,.T.);
#3288=ORIENTED_EDGE('',*,*,#2537,.T.);
#3289=ORIENTED_EDGE('',*,*,#2538,.T.);
#3290=ORIENTED_EDGE('',*,*,#2539,.T.);
#3291=ORIENTED_EDGE('',*,*,#2540,.T.);
#3292=ORIENTED_EDGE('',*,*,#2541,.T.);
#3293=ORIENTED_EDGE('',*,*,#2542,.T.);
#3294=ORIENTED_EDGE('',*,*,#2543,.T.);
#3295=ORIENTED_EDGE('',*,*,#2544,.T.);
#3296=ORIENTED_EDGE('',*,*,#2545,.T.);
#3297=ORIENTED_EDGE('',*,*,#2546,.T.);
#3298=ORIENTED_EDGE('',*,*,#2547,.T.);
#3299=ORIENTED_EDGE('',*,*,#2548,.T.);
#3300=ORIENTED_EDGE('',*,*,#2549,.T.);
#3301=ORIENTED_EDGE('',*,*,#2550,.T.);
#3302=ORIENTED_EDGE('',*,*,#2551,.T.);
#3303=ORIENTED_EDGE('',*,*,#2552,.T.);
#3304=ORIENTED_EDGE('',*,*,#2553,.T.);
#3305=ORIENTED_EDGE('',*,*,#2450,.T.);
#3306=ORIENTED_EDGE('',*,*,#2469,.T.);
#3307=ORIENTED_EDGE('',*,*,#2468,.T.);
#3308=ORIENTED_EDGE('',*,*,#2463,.T.);
#3309=ORIENTED_EDGE('',*,*,#2462,.T.);
#3310=ORIENTED_EDGE('',*,*,#2457,.T.);
#3311=ORIENTED_EDGE('',*,*,#2456,.T.);
#3312=ORIENTED_EDGE('',*,*,#2451,.T.);
#3313=ORIENTED_EDGE('',*,*,#2554,.F.);
#3314=ORIENTED_EDGE('',*,*,#2555,.F.);
#3315=ORIENTED_EDGE('',*,*,#2500,.F.);
#3316=ORIENTED_EDGE('',*,*,#2556,.F.);
#3317=ORIENTED_EDGE('',*,*,#2557,.F.);
#3318=ORIENTED_EDGE('',*,*,#2556,.T.);
#3319=ORIENTED_EDGE('',*,*,#2553,.F.);
#3320=ORIENTED_EDGE('',*,*,#2558,.F.);
#3321=ORIENTED_EDGE('',*,*,#2559,.F.);
#3322=ORIENTED_EDGE('',*,*,#2560,.F.);
#3323=ORIENTED_EDGE('',*,*,#2561,.F.);
#3324=ORIENTED_EDGE('',*,*,#2558,.T.);
#3325=ORIENTED_EDGE('',*,*,#2552,.F.);
#3326=ORIENTED_EDGE('',*,*,#2560,.T.);
#3327=ORIENTED_EDGE('',*,*,#2551,.F.);
#3328=ORIENTED_EDGE('',*,*,#2562,.F.);
#3329=ORIENTED_EDGE('',*,*,#2563,.F.);
#3330=ORIENTED_EDGE('',*,*,#2564,.F.);
#3331=ORIENTED_EDGE('',*,*,#2565,.F.);
#3332=ORIENTED_EDGE('',*,*,#2562,.T.);
#3333=ORIENTED_EDGE('',*,*,#2550,.F.);
#3334=ORIENTED_EDGE('',*,*,#2564,.T.);
#3335=ORIENTED_EDGE('',*,*,#2549,.F.);
#3336=ORIENTED_EDGE('',*,*,#2566,.F.);
#3337=ORIENTED_EDGE('',*,*,#2567,.F.);
#3338=ORIENTED_EDGE('',*,*,#2568,.F.);
#3339=ORIENTED_EDGE('',*,*,#2569,.F.);
#3340=ORIENTED_EDGE('',*,*,#2566,.T.);
#3341=ORIENTED_EDGE('',*,*,#2548,.F.);
#3342=ORIENTED_EDGE('',*,*,#2568,.T.);
#3343=ORIENTED_EDGE('',*,*,#2547,.F.);
#3344=ORIENTED_EDGE('',*,*,#2570,.F.);
#3345=ORIENTED_EDGE('',*,*,#2571,.F.);
#3346=ORIENTED_EDGE('',*,*,#2572,.F.);
#3347=ORIENTED_EDGE('',*,*,#2573,.F.);
#3348=ORIENTED_EDGE('',*,*,#2570,.T.);
#3349=ORIENTED_EDGE('',*,*,#2546,.F.);
#3350=ORIENTED_EDGE('',*,*,#2555,.T.);
#3351=ORIENTED_EDGE('',*,*,#2574,.F.);
#3352=ORIENTED_EDGE('',*,*,#2575,.F.);
#3353=ORIENTED_EDGE('',*,*,#2576,.T.);
#3354=ORIENTED_EDGE('',*,*,#2501,.F.);
#3355=ORIENTED_EDGE('',*,*,#2572,.T.);
#3356=ORIENTED_EDGE('',*,*,#2545,.F.);
#3357=ORIENTED_EDGE('',*,*,#2577,.T.);
#3358=ORIENTED_EDGE('',*,*,#2578,.F.);
#3359=ORIENTED_EDGE('',*,*,#2579,.F.);
#3360=ORIENTED_EDGE('',*,*,#2580,.F.);
#3361=ORIENTED_EDGE('',*,*,#2502,.F.);
#3362=ORIENTED_EDGE('',*,*,#2576,.F.);
#3363=ORIENTED_EDGE('',*,*,#2554,.T.);
#3364=ORIENTED_EDGE('',*,*,#2581,.F.);
#3365=ORIENTED_EDGE('',*,*,#2574,.T.);
#3366=ORIENTED_EDGE('',*,*,#2582,.F.);
#3367=ORIENTED_EDGE('',*,*,#2583,.F.);
#3368=ORIENTED_EDGE('',*,*,#2507,.F.);
#3369=ORIENTED_EDGE('',*,*,#2584,.F.);
#3370=ORIENTED_EDGE('',*,*,#2584,.T.);
#3371=ORIENTED_EDGE('',*,*,#2506,.F.);
#3372=ORIENTED_EDGE('',*,*,#2585,.F.);
#3373=ORIENTED_EDGE('',*,*,#2586,.F.);
#3374=ORIENTED_EDGE('',*,*,#2587,.F.);
#3375=ORIENTED_EDGE('',*,*,#2588,.F.);
#3376=ORIENTED_EDGE('',*,*,#2585,.T.);
#3377=ORIENTED_EDGE('',*,*,#2505,.F.);
#3378=ORIENTED_EDGE('',*,*,#2587,.T.);
#3379=ORIENTED_EDGE('',*,*,#2504,.F.);
#3380=ORIENTED_EDGE('',*,*,#2589,.F.);
#3381=ORIENTED_EDGE('',*,*,#2590,.F.);
#3382=ORIENTED_EDGE('',*,*,#2503,.F.);
#3383=ORIENTED_EDGE('',*,*,#2580,.T.);
#3384=ORIENTED_EDGE('',*,*,#2591,.F.);
#3385=ORIENTED_EDGE('',*,*,#2589,.T.);
#3386=ORIENTED_EDGE('',*,*,#2592,.F.);
#3387=ORIENTED_EDGE('',*,*,#2593,.F.);
#3388=ORIENTED_EDGE('',*,*,#2510,.F.);
#3389=ORIENTED_EDGE('',*,*,#2594,.F.);
#3390=ORIENTED_EDGE('',*,*,#2594,.T.);
#3391=ORIENTED_EDGE('',*,*,#2509,.F.);
#3392=ORIENTED_EDGE('',*,*,#2595,.F.);
#3393=ORIENTED_EDGE('',*,*,#2596,.F.);
#3394=ORIENTED_EDGE('',*,*,#2508,.F.);
#3395=ORIENTED_EDGE('',*,*,#2583,.T.);
#3396=ORIENTED_EDGE('',*,*,#2597,.F.);
#3397=ORIENTED_EDGE('',*,*,#2595,.T.);
#3398=ORIENTED_EDGE('',*,*,#2598,.F.);
#3399=ORIENTED_EDGE('',*,*,#2599,.F.);
#3400=ORIENTED_EDGE('',*,*,#2513,.F.);
#3401=ORIENTED_EDGE('',*,*,#2600,.F.);
#3402=ORIENTED_EDGE('',*,*,#2600,.T.);
#3403=ORIENTED_EDGE('',*,*,#2512,.F.);
#3404=ORIENTED_EDGE('',*,*,#2601,.F.);
#3405=ORIENTED_EDGE('',*,*,#2602,.F.);
#3406=ORIENTED_EDGE('',*,*,#2511,.F.);
#3407=ORIENTED_EDGE('',*,*,#2593,.T.);
#3408=ORIENTED_EDGE('',*,*,#2603,.F.);
#3409=ORIENTED_EDGE('',*,*,#2601,.T.);
#3410=ORIENTED_EDGE('',*,*,#2604,.F.);
#3411=ORIENTED_EDGE('',*,*,#2605,.F.);
#3412=ORIENTED_EDGE('',*,*,#2518,.F.);
#3413=ORIENTED_EDGE('',*,*,#2606,.F.);
#3414=ORIENTED_EDGE('',*,*,#2606,.T.);
#3415=ORIENTED_EDGE('',*,*,#2517,.F.);
#3416=ORIENTED_EDGE('',*,*,#2607,.F.);
#3417=ORIENTED_EDGE('',*,*,#2608,.F.);
#3418=ORIENTED_EDGE('',*,*,#2609,.F.);
#3419=ORIENTED_EDGE('',*,*,#2610,.F.);
#3420=ORIENTED_EDGE('',*,*,#2607,.T.);
#3421=ORIENTED_EDGE('',*,*,#2516,.F.);
#3422=ORIENTED_EDGE('',*,*,#2609,.T.);
#3423=ORIENTED_EDGE('',*,*,#2515,.F.);
#3424=ORIENTED_EDGE('',*,*,#2611,.F.);
#3425=ORIENTED_EDGE('',*,*,#2612,.F.);
#3426=ORIENTED_EDGE('',*,*,#2514,.F.);
#3427=ORIENTED_EDGE('',*,*,#2599,.T.);
#3428=ORIENTED_EDGE('',*,*,#2613,.F.);
#3429=ORIENTED_EDGE('',*,*,#2611,.T.);
#3430=ORIENTED_EDGE('',*,*,#2614,.F.);
#3431=ORIENTED_EDGE('',*,*,#2615,.F.);
#3432=ORIENTED_EDGE('',*,*,#2521,.F.);
#3433=ORIENTED_EDGE('',*,*,#2616,.F.);
#3434=ORIENTED_EDGE('',*,*,#2616,.T.);
#3435=ORIENTED_EDGE('',*,*,#2520,.F.);
#3436=ORIENTED_EDGE('',*,*,#2617,.F.);
#3437=ORIENTED_EDGE('',*,*,#2618,.F.);
#3438=ORIENTED_EDGE('',*,*,#2519,.F.);
#3439=ORIENTED_EDGE('',*,*,#2605,.T.);
#3440=ORIENTED_EDGE('',*,*,#2619,.F.);
#3441=ORIENTED_EDGE('',*,*,#2617,.T.);
#3442=ORIENTED_EDGE('',*,*,#2620,.F.);
#3443=ORIENTED_EDGE('',*,*,#2621,.F.);
#3444=ORIENTED_EDGE('',*,*,#2524,.F.);
#3445=ORIENTED_EDGE('',*,*,#2622,.F.);
#3446=ORIENTED_EDGE('',*,*,#2622,.T.);
#3447=ORIENTED_EDGE('',*,*,#2523,.F.);
#3448=ORIENTED_EDGE('',*,*,#2623,.F.);
#3449=ORIENTED_EDGE('',*,*,#2624,.F.);
#3450=ORIENTED_EDGE('',*,*,#2522,.F.);
#3451=ORIENTED_EDGE('',*,*,#2615,.T.);
#3452=ORIENTED_EDGE('',*,*,#2625,.F.);
#3453=ORIENTED_EDGE('',*,*,#2623,.T.);
#3454=ORIENTED_EDGE('',*,*,#2626,.F.);
#3455=ORIENTED_EDGE('',*,*,#2627,.F.);
#3456=ORIENTED_EDGE('',*,*,#2529,.F.);
#3457=ORIENTED_EDGE('',*,*,#2628,.F.);
#3458=ORIENTED_EDGE('',*,*,#2628,.T.);
#3459=ORIENTED_EDGE('',*,*,#2528,.F.);
#3460=ORIENTED_EDGE('',*,*,#2629,.F.);
#3461=ORIENTED_EDGE('',*,*,#2630,.F.);
#3462=ORIENTED_EDGE('',*,*,#2631,.F.);
#3463=ORIENTED_EDGE('',*,*,#2632,.F.);
#3464=ORIENTED_EDGE('',*,*,#2629,.T.);
#3465=ORIENTED_EDGE('',*,*,#2527,.F.);
#3466=ORIENTED_EDGE('',*,*,#2631,.T.);
#3467=ORIENTED_EDGE('',*,*,#2526,.F.);
#3468=ORIENTED_EDGE('',*,*,#2633,.F.);
#3469=ORIENTED_EDGE('',*,*,#2634,.F.);
#3470=ORIENTED_EDGE('',*,*,#2525,.F.);
#3471=ORIENTED_EDGE('',*,*,#2621,.T.);
#3472=ORIENTED_EDGE('',*,*,#2635,.F.);
#3473=ORIENTED_EDGE('',*,*,#2633,.T.);
#3474=ORIENTED_EDGE('',*,*,#2636,.F.);
#3475=ORIENTED_EDGE('',*,*,#2637,.F.);
#3476=ORIENTED_EDGE('',*,*,#2532,.F.);
#3477=ORIENTED_EDGE('',*,*,#2638,.F.);
#3478=ORIENTED_EDGE('',*,*,#2638,.T.);
#3479=ORIENTED_EDGE('',*,*,#2531,.F.);
#3480=ORIENTED_EDGE('',*,*,#2639,.F.);
#3481=ORIENTED_EDGE('',*,*,#2640,.F.);
#3482=ORIENTED_EDGE('',*,*,#2530,.F.);
#3483=ORIENTED_EDGE('',*,*,#2627,.T.);
#3484=ORIENTED_EDGE('',*,*,#2641,.F.);
#3485=ORIENTED_EDGE('',*,*,#2639,.T.);
#3486=ORIENTED_EDGE('',*,*,#2642,.F.);
#3487=ORIENTED_EDGE('',*,*,#2643,.F.);
#3488=ORIENTED_EDGE('',*,*,#2537,.F.);
#3489=ORIENTED_EDGE('',*,*,#2644,.F.);
#3490=ORIENTED_EDGE('',*,*,#2644,.T.);
#3491=ORIENTED_EDGE('',*,*,#2536,.F.);
#3492=ORIENTED_EDGE('',*,*,#2645,.F.);
#3493=ORIENTED_EDGE('',*,*,#2646,.F.);
#3494=ORIENTED_EDGE('',*,*,#2647,.F.);
#3495=ORIENTED_EDGE('',*,*,#2648,.F.);
#3496=ORIENTED_EDGE('',*,*,#2645,.T.);
#3497=ORIENTED_EDGE('',*,*,#2535,.F.);
#3498=ORIENTED_EDGE('',*,*,#2647,.T.);
#3499=ORIENTED_EDGE('',*,*,#2534,.F.);
#3500=ORIENTED_EDGE('',*,*,#2649,.F.);
#3501=ORIENTED_EDGE('',*,*,#2650,.F.);
#3502=ORIENTED_EDGE('',*,*,#2533,.F.);
#3503=ORIENTED_EDGE('',*,*,#2637,.T.);
#3504=ORIENTED_EDGE('',*,*,#2651,.F.);
#3505=ORIENTED_EDGE('',*,*,#2649,.T.);
#3506=ORIENTED_EDGE('',*,*,#2652,.F.);
#3507=ORIENTED_EDGE('',*,*,#2653,.F.);
#3508=ORIENTED_EDGE('',*,*,#2540,.F.);
#3509=ORIENTED_EDGE('',*,*,#2654,.F.);
#3510=ORIENTED_EDGE('',*,*,#2654,.T.);
#3511=ORIENTED_EDGE('',*,*,#2539,.F.);
#3512=ORIENTED_EDGE('',*,*,#2655,.F.);
#3513=ORIENTED_EDGE('',*,*,#2656,.F.);
#3514=ORIENTED_EDGE('',*,*,#2538,.F.);
#3515=ORIENTED_EDGE('',*,*,#2643,.T.);
#3516=ORIENTED_EDGE('',*,*,#2657,.F.);
#3517=ORIENTED_EDGE('',*,*,#2655,.T.);
#3518=ORIENTED_EDGE('',*,*,#2658,.F.);
#3519=ORIENTED_EDGE('',*,*,#2659,.F.);
#3520=ORIENTED_EDGE('',*,*,#2541,.F.);
#3521=ORIENTED_EDGE('',*,*,#2653,.T.);
#3522=ORIENTED_EDGE('',*,*,#2660,.F.);
#3523=ORIENTED_EDGE('',*,*,#2577,.F.);
#3524=ORIENTED_EDGE('',*,*,#2544,.F.);
#3525=ORIENTED_EDGE('',*,*,#2661,.F.);
#3526=ORIENTED_EDGE('',*,*,#2661,.T.);
#3527=ORIENTED_EDGE('',*,*,#2543,.F.);
#3528=ORIENTED_EDGE('',*,*,#2662,.F.);
#3529=ORIENTED_EDGE('',*,*,#2663,.F.);
#3530=ORIENTED_EDGE('',*,*,#2542,.F.);
#3531=ORIENTED_EDGE('',*,*,#2659,.T.);
#3532=ORIENTED_EDGE('',*,*,#2664,.F.);
#3533=ORIENTED_EDGE('',*,*,#2662,.T.);
#3534=ORIENTED_EDGE('',*,*,#2557,.T.);
#3535=ORIENTED_EDGE('',*,*,#2665,.T.);
#3536=ORIENTED_EDGE('',*,*,#2666,.F.);
#3537=ORIENTED_EDGE('',*,*,#2667,.T.);
#3538=ORIENTED_EDGE('',*,*,#2581,.T.);
#3539=ORIENTED_EDGE('',*,*,#2667,.F.);
#3540=ORIENTED_EDGE('',*,*,#2668,.F.);
#3541=ORIENTED_EDGE('',*,*,#2669,.T.);
#3542=ORIENTED_EDGE('',*,*,#2575,.T.);
#3543=ORIENTED_EDGE('',*,*,#2669,.F.);
#3544=ORIENTED_EDGE('',*,*,#2670,.F.);
#3545=ORIENTED_EDGE('',*,*,#2671,.F.);
#3546=ORIENTED_EDGE('',*,*,#2579,.T.);
#3547=ORIENTED_EDGE('',*,*,#2671,.T.);
#3548=ORIENTED_EDGE('',*,*,#2672,.F.);
#3549=ORIENTED_EDGE('',*,*,#2673,.T.);
#3550=ORIENTED_EDGE('',*,*,#2591,.T.);
#3551=ORIENTED_EDGE('',*,*,#2673,.F.);
#3552=ORIENTED_EDGE('',*,*,#2674,.F.);
#3553=ORIENTED_EDGE('',*,*,#2675,.T.);
#3554=ORIENTED_EDGE('',*,*,#2590,.T.);
#3555=ORIENTED_EDGE('',*,*,#2675,.F.);
#3556=ORIENTED_EDGE('',*,*,#2676,.F.);
#3557=ORIENTED_EDGE('',*,*,#2677,.F.);
#3558=ORIENTED_EDGE('',*,*,#2588,.T.);
#3559=ORIENTED_EDGE('',*,*,#2677,.T.);
#3560=ORIENTED_EDGE('',*,*,#2678,.F.);
#3561=ORIENTED_EDGE('',*,*,#2679,.T.);
#3562=ORIENTED_EDGE('',*,*,#2586,.T.);
#3563=ORIENTED_EDGE('',*,*,#2679,.F.);
#3564=ORIENTED_EDGE('',*,*,#2680,.F.);
#3565=ORIENTED_EDGE('',*,*,#2681,.F.);
#3566=ORIENTED_EDGE('',*,*,#2582,.T.);
#3567=ORIENTED_EDGE('',*,*,#2681,.T.);
#3568=ORIENTED_EDGE('',*,*,#2682,.F.);
#3569=ORIENTED_EDGE('',*,*,#2683,.T.);
#3570=ORIENTED_EDGE('',*,*,#2597,.T.);
#3571=ORIENTED_EDGE('',*,*,#2683,.F.);
#3572=ORIENTED_EDGE('',*,*,#2684,.F.);
#3573=ORIENTED_EDGE('',*,*,#2685,.T.);
#3574=ORIENTED_EDGE('',*,*,#2596,.T.);
#3575=ORIENTED_EDGE('',*,*,#2685,.F.);
#3576=ORIENTED_EDGE('',*,*,#2686,.F.);
#3577=ORIENTED_EDGE('',*,*,#2687,.F.);
#3578=ORIENTED_EDGE('',*,*,#2592,.T.);
#3579=ORIENTED_EDGE('',*,*,#2687,.T.);
#3580=ORIENTED_EDGE('',*,*,#2688,.F.);
#3581=ORIENTED_EDGE('',*,*,#2689,.T.);
#3582=ORIENTED_EDGE('',*,*,#2603,.T.);
#3583=ORIENTED_EDGE('',*,*,#2689,.F.);
#3584=ORIENTED_EDGE('',*,*,#2690,.F.);
#3585=ORIENTED_EDGE('',*,*,#2691,.T.);
#3586=ORIENTED_EDGE('',*,*,#2602,.T.);
#3587=ORIENTED_EDGE('',*,*,#2691,.F.);
#3588=ORIENTED_EDGE('',*,*,#2692,.F.);
#3589=ORIENTED_EDGE('',*,*,#2693,.F.);
#3590=ORIENTED_EDGE('',*,*,#2598,.T.);
#3591=ORIENTED_EDGE('',*,*,#2693,.T.);
#3592=ORIENTED_EDGE('',*,*,#2694,.F.);
#3593=ORIENTED_EDGE('',*,*,#2695,.T.);
#3594=ORIENTED_EDGE('',*,*,#2613,.T.);
#3595=ORIENTED_EDGE('',*,*,#2695,.F.);
#3596=ORIENTED_EDGE('',*,*,#2696,.F.);
#3597=ORIENTED_EDGE('',*,*,#2697,.T.);
#3598=ORIENTED_EDGE('',*,*,#2612,.T.);
#3599=ORIENTED_EDGE('',*,*,#2697,.F.);
#3600=ORIENTED_EDGE('',*,*,#2698,.F.);
#3601=ORIENTED_EDGE('',*,*,#2699,.F.);
#3602=ORIENTED_EDGE('',*,*,#2610,.T.);
#3603=ORIENTED_EDGE('',*,*,#2699,.T.);
#3604=ORIENTED_EDGE('',*,*,#2700,.F.);
#3605=ORIENTED_EDGE('',*,*,#2701,.T.);
#3606=ORIENTED_EDGE('',*,*,#2608,.T.);
#3607=ORIENTED_EDGE('',*,*,#2701,.F.);
#3608=ORIENTED_EDGE('',*,*,#2702,.F.);
#3609=ORIENTED_EDGE('',*,*,#2703,.F.);
#3610=ORIENTED_EDGE('',*,*,#2604,.T.);
#3611=ORIENTED_EDGE('',*,*,#2703,.T.);
#3612=ORIENTED_EDGE('',*,*,#2704,.F.);
#3613=ORIENTED_EDGE('',*,*,#2705,.T.);
#3614=ORIENTED_EDGE('',*,*,#2619,.T.);
#3615=ORIENTED_EDGE('',*,*,#2705,.F.);
#3616=ORIENTED_EDGE('',*,*,#2706,.F.);
#3617=ORIENTED_EDGE('',*,*,#2707,.T.);
#3618=ORIENTED_EDGE('',*,*,#2618,.T.);
#3619=ORIENTED_EDGE('',*,*,#2707,.F.);
#3620=ORIENTED_EDGE('',*,*,#2708,.F.);
#3621=ORIENTED_EDGE('',*,*,#2709,.F.);
#3622=ORIENTED_EDGE('',*,*,#2614,.T.);
#3623=ORIENTED_EDGE('',*,*,#2709,.T.);
#3624=ORIENTED_EDGE('',*,*,#2710,.F.);
#3625=ORIENTED_EDGE('',*,*,#2711,.T.);
#3626=ORIENTED_EDGE('',*,*,#2625,.T.);
#3627=ORIENTED_EDGE('',*,*,#2711,.F.);
#3628=ORIENTED_EDGE('',*,*,#2712,.F.);
#3629=ORIENTED_EDGE('',*,*,#2713,.T.);
#3630=ORIENTED_EDGE('',*,*,#2624,.T.);
#3631=ORIENTED_EDGE('',*,*,#2713,.F.);
#3632=ORIENTED_EDGE('',*,*,#2714,.F.);
#3633=ORIENTED_EDGE('',*,*,#2715,.F.);
#3634=ORIENTED_EDGE('',*,*,#2620,.T.);
#3635=ORIENTED_EDGE('',*,*,#2715,.T.);
#3636=ORIENTED_EDGE('',*,*,#2716,.F.);
#3637=ORIENTED_EDGE('',*,*,#2717,.T.);
#3638=ORIENTED_EDGE('',*,*,#2635,.T.);
#3639=ORIENTED_EDGE('',*,*,#2717,.F.);
#3640=ORIENTED_EDGE('',*,*,#2718,.F.);
#3641=ORIENTED_EDGE('',*,*,#2719,.T.);
#3642=ORIENTED_EDGE('',*,*,#2634,.T.);
#3643=ORIENTED_EDGE('',*,*,#2719,.F.);
#3644=ORIENTED_EDGE('',*,*,#2720,.F.);
#3645=ORIENTED_EDGE('',*,*,#2721,.F.);
#3646=ORIENTED_EDGE('',*,*,#2632,.T.);
#3647=ORIENTED_EDGE('',*,*,#2721,.T.);
#3648=ORIENTED_EDGE('',*,*,#2722,.F.);
#3649=ORIENTED_EDGE('',*,*,#2723,.T.);
#3650=ORIENTED_EDGE('',*,*,#2630,.T.);
#3651=ORIENTED_EDGE('',*,*,#2723,.F.);
#3652=ORIENTED_EDGE('',*,*,#2724,.F.);
#3653=ORIENTED_EDGE('',*,*,#2725,.F.);
#3654=ORIENTED_EDGE('',*,*,#2626,.T.);
#3655=ORIENTED_EDGE('',*,*,#2725,.T.);
#3656=ORIENTED_EDGE('',*,*,#2726,.F.);
#3657=ORIENTED_EDGE('',*,*,#2727,.T.);
#3658=ORIENTED_EDGE('',*,*,#2641,.T.);
#3659=ORIENTED_EDGE('',*,*,#2727,.F.);
#3660=ORIENTED_EDGE('',*,*,#2728,.F.);
#3661=ORIENTED_EDGE('',*,*,#2729,.T.);
#3662=ORIENTED_EDGE('',*,*,#2640,.T.);
#3663=ORIENTED_EDGE('',*,*,#2729,.F.);
#3664=ORIENTED_EDGE('',*,*,#2730,.F.);
#3665=ORIENTED_EDGE('',*,*,#2731,.F.);
#3666=ORIENTED_EDGE('',*,*,#2636,.T.);
#3667=ORIENTED_EDGE('',*,*,#2731,.T.);
#3668=ORIENTED_EDGE('',*,*,#2732,.F.);
#3669=ORIENTED_EDGE('',*,*,#2733,.T.);
#3670=ORIENTED_EDGE('',*,*,#2651,.T.);
#3671=ORIENTED_EDGE('',*,*,#2733,.F.);
#3672=ORIENTED_EDGE('',*,*,#2734,.F.);
#3673=ORIENTED_EDGE('',*,*,#2735,.T.);
#3674=ORIENTED_EDGE('',*,*,#2650,.T.);
#3675=ORIENTED_EDGE('',*,*,#2735,.F.);
#3676=ORIENTED_EDGE('',*,*,#2736,.F.);
#3677=ORIENTED_EDGE('',*,*,#2737,.F.);
#3678=ORIENTED_EDGE('',*,*,#2648,.T.);
#3679=ORIENTED_EDGE('',*,*,#2737,.T.);
#3680=ORIENTED_EDGE('',*,*,#2738,.F.);
#3681=ORIENTED_EDGE('',*,*,#2739,.T.);
#3682=ORIENTED_EDGE('',*,*,#2646,.T.);
#3683=ORIENTED_EDGE('',*,*,#2739,.F.);
#3684=ORIENTED_EDGE('',*,*,#2740,.F.);
#3685=ORIENTED_EDGE('',*,*,#2741,.F.);
#3686=ORIENTED_EDGE('',*,*,#2642,.T.);
#3687=ORIENTED_EDGE('',*,*,#2741,.T.);
#3688=ORIENTED_EDGE('',*,*,#2742,.F.);
#3689=ORIENTED_EDGE('',*,*,#2743,.T.);
#3690=ORIENTED_EDGE('',*,*,#2657,.T.);
#3691=ORIENTED_EDGE('',*,*,#2743,.F.);
#3692=ORIENTED_EDGE('',*,*,#2744,.F.);
#3693=ORIENTED_EDGE('',*,*,#2745,.T.);
#3694=ORIENTED_EDGE('',*,*,#2656,.T.);
#3695=ORIENTED_EDGE('',*,*,#2745,.F.);
#3696=ORIENTED_EDGE('',*,*,#2746,.F.);
#3697=ORIENTED_EDGE('',*,*,#2747,.F.);
#3698=ORIENTED_EDGE('',*,*,#2652,.T.);
#3699=ORIENTED_EDGE('',*,*,#2747,.T.);
#3700=ORIENTED_EDGE('',*,*,#2748,.F.);
#3701=ORIENTED_EDGE('',*,*,#2749,.T.);
#3702=ORIENTED_EDGE('',*,*,#2658,.T.);
#3703=ORIENTED_EDGE('',*,*,#2749,.F.);
#3704=ORIENTED_EDGE('',*,*,#2750,.F.);
#3705=ORIENTED_EDGE('',*,*,#2751,.T.);
#3706=ORIENTED_EDGE('',*,*,#2664,.T.);
#3707=ORIENTED_EDGE('',*,*,#2751,.F.);
#3708=ORIENTED_EDGE('',*,*,#2752,.F.);
#3709=ORIENTED_EDGE('',*,*,#2753,.T.);
#3710=ORIENTED_EDGE('',*,*,#2663,.T.);
#3711=ORIENTED_EDGE('',*,*,#2753,.F.);
#3712=ORIENTED_EDGE('',*,*,#2754,.F.);
#3713=ORIENTED_EDGE('',*,*,#2755,.F.);
#3714=ORIENTED_EDGE('',*,*,#2660,.T.);
#3715=ORIENTED_EDGE('',*,*,#2755,.T.);
#3716=ORIENTED_EDGE('',*,*,#2756,.F.);
#3717=ORIENTED_EDGE('',*,*,#2757,.T.);
#3718=ORIENTED_EDGE('',*,*,#2758,.F.);
#3719=ORIENTED_EDGE('',*,*,#2759,.F.);
#3720=ORIENTED_EDGE('',*,*,#2760,.F.);
#3721=ORIENTED_EDGE('',*,*,#2480,.F.);
#3722=ORIENTED_EDGE('',*,*,#2758,.T.);
#3723=ORIENTED_EDGE('',*,*,#2499,.F.);
#3724=ORIENTED_EDGE('',*,*,#2761,.F.);
#3725=ORIENTED_EDGE('',*,*,#2762,.F.);
#3726=ORIENTED_EDGE('',*,*,#2763,.F.);
#3727=ORIENTED_EDGE('',*,*,#2764,.F.);
#3728=ORIENTED_EDGE('',*,*,#2761,.T.);
#3729=ORIENTED_EDGE('',*,*,#2498,.F.);
#3730=ORIENTED_EDGE('',*,*,#2763,.T.);
#3731=ORIENTED_EDGE('',*,*,#2497,.F.);
#3732=ORIENTED_EDGE('',*,*,#2765,.F.);
#3733=ORIENTED_EDGE('',*,*,#2766,.F.);
#3734=ORIENTED_EDGE('',*,*,#2767,.F.);
#3735=ORIENTED_EDGE('',*,*,#2768,.F.);
#3736=ORIENTED_EDGE('',*,*,#2765,.T.);
#3737=ORIENTED_EDGE('',*,*,#2496,.F.);
#3738=ORIENTED_EDGE('',*,*,#2767,.T.);
#3739=ORIENTED_EDGE('',*,*,#2495,.F.);
#3740=ORIENTED_EDGE('',*,*,#2769,.F.);
#3741=ORIENTED_EDGE('',*,*,#2770,.F.);
#3742=ORIENTED_EDGE('',*,*,#2771,.F.);
#3743=ORIENTED_EDGE('',*,*,#2772,.F.);
#3744=ORIENTED_EDGE('',*,*,#2769,.T.);
#3745=ORIENTED_EDGE('',*,*,#2494,.F.);
#3746=ORIENTED_EDGE('',*,*,#2771,.T.);
#3747=ORIENTED_EDGE('',*,*,#2493,.F.);
#3748=ORIENTED_EDGE('',*,*,#2773,.F.);
#3749=ORIENTED_EDGE('',*,*,#2774,.F.);
#3750=ORIENTED_EDGE('',*,*,#2775,.F.);
#3751=ORIENTED_EDGE('',*,*,#2776,.F.);
#3752=ORIENTED_EDGE('',*,*,#2773,.T.);
#3753=ORIENTED_EDGE('',*,*,#2492,.F.);
#3754=ORIENTED_EDGE('',*,*,#2775,.T.);
#3755=ORIENTED_EDGE('',*,*,#2491,.F.);
#3756=ORIENTED_EDGE('',*,*,#2777,.F.);
#3757=ORIENTED_EDGE('',*,*,#2778,.F.);
#3758=ORIENTED_EDGE('',*,*,#2779,.F.);
#3759=ORIENTED_EDGE('',*,*,#2780,.F.);
#3760=ORIENTED_EDGE('',*,*,#2777,.T.);
#3761=ORIENTED_EDGE('',*,*,#2490,.F.);
#3762=ORIENTED_EDGE('',*,*,#2779,.T.);
#3763=ORIENTED_EDGE('',*,*,#2489,.F.);
#3764=ORIENTED_EDGE('',*,*,#2781,.F.);
#3765=ORIENTED_EDGE('',*,*,#2782,.F.);
#3766=ORIENTED_EDGE('',*,*,#2783,.F.);
#3767=ORIENTED_EDGE('',*,*,#2784,.F.);
#3768=ORIENTED_EDGE('',*,*,#2781,.T.);
#3769=ORIENTED_EDGE('',*,*,#2488,.F.);
#3770=ORIENTED_EDGE('',*,*,#2783,.T.);
#3771=ORIENTED_EDGE('',*,*,#2487,.F.);
#3772=ORIENTED_EDGE('',*,*,#2785,.F.);
#3773=ORIENTED_EDGE('',*,*,#2786,.F.);
#3774=ORIENTED_EDGE('',*,*,#2787,.F.);
#3775=ORIENTED_EDGE('',*,*,#2788,.F.);
#3776=ORIENTED_EDGE('',*,*,#2785,.T.);
#3777=ORIENTED_EDGE('',*,*,#2486,.F.);
#3778=ORIENTED_EDGE('',*,*,#2787,.T.);
#3779=ORIENTED_EDGE('',*,*,#2485,.F.);
#3780=ORIENTED_EDGE('',*,*,#2789,.F.);
#3781=ORIENTED_EDGE('',*,*,#2790,.F.);
#3782=ORIENTED_EDGE('',*,*,#2791,.F.);
#3783=ORIENTED_EDGE('',*,*,#2792,.F.);
#3784=ORIENTED_EDGE('',*,*,#2789,.T.);
#3785=ORIENTED_EDGE('',*,*,#2484,.F.);
#3786=ORIENTED_EDGE('',*,*,#2791,.T.);
#3787=ORIENTED_EDGE('',*,*,#2483,.F.);
#3788=ORIENTED_EDGE('',*,*,#2793,.F.);
#3789=ORIENTED_EDGE('',*,*,#2794,.F.);
#3790=ORIENTED_EDGE('',*,*,#2795,.F.);
#3791=ORIENTED_EDGE('',*,*,#2796,.F.);
#3792=ORIENTED_EDGE('',*,*,#2793,.T.);
#3793=ORIENTED_EDGE('',*,*,#2482,.F.);
#3794=ORIENTED_EDGE('',*,*,#2795,.T.);
#3795=ORIENTED_EDGE('',*,*,#2481,.F.);
#3796=ORIENTED_EDGE('',*,*,#2760,.T.);
#3797=ORIENTED_EDGE('',*,*,#2797,.F.);
#3798=ORIENTED_EDGE('',*,*,#2778,.T.);
#3799=ORIENTED_EDGE('',*,*,#2798,.F.);
#3800=ORIENTED_EDGE('',*,*,#2799,.F.);
#3801=ORIENTED_EDGE('',*,*,#2800,.F.);
#3802=ORIENTED_EDGE('',*,*,#2776,.T.);
#3803=ORIENTED_EDGE('',*,*,#2800,.T.);
#3804=ORIENTED_EDGE('',*,*,#2801,.F.);
#3805=ORIENTED_EDGE('',*,*,#2802,.T.);
#3806=ORIENTED_EDGE('',*,*,#2803,.F.);
#3807=ORIENTED_EDGE('',*,*,#2774,.T.);
#3808=ORIENTED_EDGE('',*,*,#2802,.F.);
#3809=ORIENTED_EDGE('',*,*,#2804,.F.);
#3810=ORIENTED_EDGE('',*,*,#2805,.F.);
#3811=ORIENTED_EDGE('',*,*,#2772,.T.);
#3812=ORIENTED_EDGE('',*,*,#2805,.T.);
#3813=ORIENTED_EDGE('',*,*,#2806,.F.);
#3814=ORIENTED_EDGE('',*,*,#2807,.T.);
#3815=ORIENTED_EDGE('',*,*,#2770,.T.);
#3816=ORIENTED_EDGE('',*,*,#2807,.F.);
#3817=ORIENTED_EDGE('',*,*,#2808,.F.);
#3818=ORIENTED_EDGE('',*,*,#2809,.F.);
#3819=ORIENTED_EDGE('',*,*,#2768,.T.);
#3820=ORIENTED_EDGE('',*,*,#2809,.T.);
#3821=ORIENTED_EDGE('',*,*,#2810,.F.);
#3822=ORIENTED_EDGE('',*,*,#2811,.T.);
#3823=ORIENTED_EDGE('',*,*,#2766,.T.);
#3824=ORIENTED_EDGE('',*,*,#2811,.F.);
#3825=ORIENTED_EDGE('',*,*,#2812,.F.);
#3826=ORIENTED_EDGE('',*,*,#2813,.F.);
#3827=ORIENTED_EDGE('',*,*,#2764,.T.);
#3828=ORIENTED_EDGE('',*,*,#2813,.T.);
#3829=ORIENTED_EDGE('',*,*,#2814,.F.);
#3830=ORIENTED_EDGE('',*,*,#2815,.T.);
#3831=ORIENTED_EDGE('',*,*,#2762,.T.);
#3832=ORIENTED_EDGE('',*,*,#2815,.F.);
#3833=ORIENTED_EDGE('',*,*,#2816,.F.);
#3834=ORIENTED_EDGE('',*,*,#2817,.F.);
#3835=ORIENTED_EDGE('',*,*,#2759,.T.);
#3836=ORIENTED_EDGE('',*,*,#2817,.T.);
#3837=ORIENTED_EDGE('',*,*,#2818,.F.);
#3838=ORIENTED_EDGE('',*,*,#2819,.T.);
#3839=ORIENTED_EDGE('',*,*,#2820,.F.);
#3840=ORIENTED_EDGE('',*,*,#2821,.T.);
#3841=ORIENTED_EDGE('',*,*,#2803,.T.);
#3842=ORIENTED_EDGE('',*,*,#2821,.F.);
#3843=ORIENTED_EDGE('',*,*,#2820,.T.);
#3844=ORIENTED_EDGE('',*,*,#2822,.T.);
#3845=ORIENTED_EDGE('',*,*,#2823,.T.);
#3846=ORIENTED_EDGE('',*,*,#2824,.T.);
#3847=ORIENTED_EDGE('',*,*,#2822,.F.);
#3848=ORIENTED_EDGE('',*,*,#2824,.F.);
#3849=ORIENTED_EDGE('',*,*,#2825,.F.);
#3850=ORIENTED_EDGE('',*,*,#2826,.F.);
#3851=ORIENTED_EDGE('',*,*,#2827,.F.);
#3852=ORIENTED_EDGE('',*,*,#2828,.F.);
#3853=ORIENTED_EDGE('',*,*,#2828,.T.);
#3854=ORIENTED_EDGE('',*,*,#2829,.T.);
#3855=ORIENTED_EDGE('',*,*,#2830,.T.);
#3856=ORIENTED_EDGE('',*,*,#2831,.T.);
#3857=ORIENTED_EDGE('',*,*,#2832,.T.);
#3858=ORIENTED_EDGE('',*,*,#2833,.T.);
#3859=ORIENTED_EDGE('',*,*,#2834,.T.);
#3860=ORIENTED_EDGE('',*,*,#2835,.F.);
#3861=ORIENTED_EDGE('',*,*,#2836,.F.);
#3862=ORIENTED_EDGE('',*,*,#2831,.F.);
#3863=ORIENTED_EDGE('',*,*,#2837,.T.);
#3864=ORIENTED_EDGE('',*,*,#2838,.F.);
#3865=ORIENTED_EDGE('',*,*,#2835,.T.);
#3866=ORIENTED_EDGE('',*,*,#2839,.T.);
#3867=ORIENTED_EDGE('',*,*,#2840,.T.);
#3868=ORIENTED_EDGE('',*,*,#2841,.T.);
#3869=ORIENTED_EDGE('',*,*,#2826,.T.);
#3870=ORIENTED_EDGE('',*,*,#2842,.T.);
#3871=ORIENTED_EDGE('',*,*,#2843,.T.);
#3872=ORIENTED_EDGE('',*,*,#2844,.T.);
#3873=ORIENTED_EDGE('',*,*,#2841,.F.);
#3874=ORIENTED_EDGE('',*,*,#2845,.F.);
#3875=ORIENTED_EDGE('',*,*,#2846,.F.);
#3876=ORIENTED_EDGE('',*,*,#2847,.F.);
#3877=ORIENTED_EDGE('',*,*,#2848,.T.);
#3878=ORIENTED_EDGE('',*,*,#2849,.F.);
#3879=ORIENTED_EDGE('',*,*,#2850,.F.);
#3880=ORIENTED_EDGE('',*,*,#2832,.F.);
#3881=ORIENTED_EDGE('',*,*,#2836,.T.);
#3882=ORIENTED_EDGE('',*,*,#2833,.F.);
#3883=ORIENTED_EDGE('',*,*,#2850,.T.);
#3884=ORIENTED_EDGE('',*,*,#2851,.F.);
#3885=ORIENTED_EDGE('',*,*,#2852,.T.);
#3886=ORIENTED_EDGE('',*,*,#2853,.T.);
#3887=ORIENTED_EDGE('',*,*,#2842,.F.);
#3888=ORIENTED_EDGE('',*,*,#2825,.T.);
#3889=ORIENTED_EDGE('',*,*,#2840,.F.);
#3890=ORIENTED_EDGE('',*,*,#2854,.T.);
#3891=ORIENTED_EDGE('',*,*,#2855,.T.);
#3892=ORIENTED_EDGE('',*,*,#2856,.T.);
#3893=ORIENTED_EDGE('',*,*,#2857,.T.);
#3894=ORIENTED_EDGE('',*,*,#2858,.T.);
#3895=ORIENTED_EDGE('',*,*,#2859,.T.);
#3896=ORIENTED_EDGE('',*,*,#2860,.T.);
#3897=ORIENTED_EDGE('',*,*,#2818,.T.);
#3898=ORIENTED_EDGE('',*,*,#2816,.T.);
#3899=ORIENTED_EDGE('',*,*,#2814,.T.);
#3900=ORIENTED_EDGE('',*,*,#2812,.T.);
#3901=ORIENTED_EDGE('',*,*,#2810,.T.);
#3902=ORIENTED_EDGE('',*,*,#2808,.T.);
#3903=ORIENTED_EDGE('',*,*,#2806,.T.);
#3904=ORIENTED_EDGE('',*,*,#2804,.T.);
#3905=ORIENTED_EDGE('',*,*,#2801,.T.);
#3906=ORIENTED_EDGE('',*,*,#2799,.T.);
#3907=ORIENTED_EDGE('',*,*,#2861,.T.);
#3908=ORIENTED_EDGE('',*,*,#2843,.F.);
#3909=ORIENTED_EDGE('',*,*,#2853,.F.);
#3910=ORIENTED_EDGE('',*,*,#2862,.T.);
#3911=ORIENTED_EDGE('',*,*,#2863,.F.);
#3912=ORIENTED_EDGE('',*,*,#2864,.T.);
#3913=ORIENTED_EDGE('',*,*,#2865,.F.);
#3914=ORIENTED_EDGE('',*,*,#2866,.T.);
#3915=ORIENTED_EDGE('',*,*,#2867,.F.);
#3916=ORIENTED_EDGE('',*,*,#2868,.T.);
#3917=ORIENTED_EDGE('',*,*,#2869,.F.);
#3918=ORIENTED_EDGE('',*,*,#2870,.T.);
#3919=ORIENTED_EDGE('',*,*,#2871,.F.);
#3920=ORIENTED_EDGE('',*,*,#2872,.T.);
#3921=ORIENTED_EDGE('',*,*,#2873,.F.);
#3922=ORIENTED_EDGE('',*,*,#2874,.T.);
#3923=ORIENTED_EDGE('',*,*,#2875,.F.);
#3924=ORIENTED_EDGE('',*,*,#2876,.T.);
#3925=ORIENTED_EDGE('',*,*,#2877,.F.);
#3926=ORIENTED_EDGE('',*,*,#2878,.T.);
#3927=ORIENTED_EDGE('',*,*,#2879,.F.);
#3928=ORIENTED_EDGE('',*,*,#2845,.T.);
#3929=ORIENTED_EDGE('',*,*,#2571,.T.);
#3930=ORIENTED_EDGE('',*,*,#2880,.F.);
#3931=ORIENTED_EDGE('',*,*,#2881,.F.);
#3932=ORIENTED_EDGE('',*,*,#2882,.F.);
#3933=ORIENTED_EDGE('',*,*,#2573,.T.);
#3934=ORIENTED_EDGE('',*,*,#2883,.F.);
#3935=ORIENTED_EDGE('',*,*,#2884,.F.);
#3936=ORIENTED_EDGE('',*,*,#2880,.T.);
#3937=ORIENTED_EDGE('',*,*,#2567,.T.);
#3938=ORIENTED_EDGE('',*,*,#2885,.F.);
#3939=ORIENTED_EDGE('',*,*,#2886,.F.);
#3940=ORIENTED_EDGE('',*,*,#2887,.F.);
#3941=ORIENTED_EDGE('',*,*,#2569,.T.);
#3942=ORIENTED_EDGE('',*,*,#2882,.T.);
#3943=ORIENTED_EDGE('',*,*,#2888,.F.);
#3944=ORIENTED_EDGE('',*,*,#2885,.T.);
#3945=ORIENTED_EDGE('',*,*,#2559,.T.);
#3946=ORIENTED_EDGE('',*,*,#2889,.F.);
#3947=ORIENTED_EDGE('',*,*,#2890,.F.);
#3948=ORIENTED_EDGE('',*,*,#2665,.F.);
#3949=ORIENTED_EDGE('',*,*,#2561,.T.);
#3950=ORIENTED_EDGE('',*,*,#2891,.T.);
#3951=ORIENTED_EDGE('',*,*,#2892,.F.);
#3952=ORIENTED_EDGE('',*,*,#2889,.T.);
#3953=ORIENTED_EDGE('',*,*,#2563,.T.);
#3954=ORIENTED_EDGE('',*,*,#2893,.F.);
#3955=ORIENTED_EDGE('',*,*,#2894,.F.);
#3956=ORIENTED_EDGE('',*,*,#2891,.F.);
#3957=ORIENTED_EDGE('',*,*,#2565,.T.);
#3958=ORIENTED_EDGE('',*,*,#2887,.T.);
#3959=ORIENTED_EDGE('',*,*,#2895,.F.);
#3960=ORIENTED_EDGE('',*,*,#2893,.T.);
#3961=ORIENTED_EDGE('',*,*,#2896,.T.);
#3962=ORIENTED_EDGE('',*,*,#2897,.F.);
#3963=ORIENTED_EDGE('',*,*,#2898,.F.);
#3964=ORIENTED_EDGE('',*,*,#2899,.F.);
#3965=ORIENTED_EDGE('',*,*,#2900,.F.);
#3966=ORIENTED_EDGE('',*,*,#2901,.T.);
#3967=ORIENTED_EDGE('',*,*,#2863,.T.);
#3968=ORIENTED_EDGE('',*,*,#2902,.T.);
#3969=ORIENTED_EDGE('',*,*,#2903,.F.);
#3970=ORIENTED_EDGE('',*,*,#2899,.T.);
#3971=ORIENTED_EDGE('',*,*,#2823,.F.);
#3972=ORIENTED_EDGE('',*,*,#2904,.T.);
#3973=ORIENTED_EDGE('',*,*,#2905,.F.);
#3974=ORIENTED_EDGE('',*,*,#2906,.F.);
#3975=ORIENTED_EDGE('',*,*,#2907,.F.);
#3976=ORIENTED_EDGE('',*,*,#2896,.F.);
#3977=ORIENTED_EDGE('',*,*,#2903,.T.);
#3978=ORIENTED_EDGE('',*,*,#2908,.F.);
#3979=ORIENTED_EDGE('',*,*,#2851,.T.);
#3980=ORIENTED_EDGE('',*,*,#2849,.T.);
#3981=ORIENTED_EDGE('',*,*,#2909,.T.);
#3982=ORIENTED_EDGE('',*,*,#2910,.T.);
#3983=ORIENTED_EDGE('',*,*,#2911,.T.);
#3984=ORIENTED_EDGE('',*,*,#2912,.F.);
#3985=ORIENTED_EDGE('',*,*,#2913,.T.);
#3986=ORIENTED_EDGE('',*,*,#2914,.F.);
#3987=ORIENTED_EDGE('',*,*,#2915,.T.);
#3988=ORIENTED_EDGE('',*,*,#2916,.T.);
#3989=ORIENTED_EDGE('',*,*,#2917,.T.);
#3990=ORIENTED_EDGE('',*,*,#2918,.F.);
#3991=ORIENTED_EDGE('',*,*,#2919,.T.);
#3992=ORIENTED_EDGE('',*,*,#2920,.T.);
#3993=ORIENTED_EDGE('',*,*,#2921,.T.);
#3994=ORIENTED_EDGE('',*,*,#2922,.F.);
#3995=ORIENTED_EDGE('',*,*,#2923,.T.);
#3996=ORIENTED_EDGE('',*,*,#2924,.T.);
#3997=ORIENTED_EDGE('',*,*,#2925,.T.);
#3998=ORIENTED_EDGE('',*,*,#2926,.F.);
#3999=ORIENTED_EDGE('',*,*,#2927,.T.);
#4000=ORIENTED_EDGE('',*,*,#2928,.F.);
#4001=ORIENTED_EDGE('',*,*,#2929,.T.);
#4002=ORIENTED_EDGE('',*,*,#2930,.T.);
#4003=ORIENTED_EDGE('',*,*,#2931,.T.);
#4004=ORIENTED_EDGE('',*,*,#2932,.F.);
#4005=ORIENTED_EDGE('',*,*,#2933,.T.);
#4006=ORIENTED_EDGE('',*,*,#2934,.T.);
#4007=ORIENTED_EDGE('',*,*,#2935,.T.);
#4008=ORIENTED_EDGE('',*,*,#2936,.F.);
#4009=ORIENTED_EDGE('',*,*,#2937,.T.);
#4010=ORIENTED_EDGE('',*,*,#2938,.T.);
#4011=ORIENTED_EDGE('',*,*,#2939,.T.);
#4012=ORIENTED_EDGE('',*,*,#2940,.F.);
#4013=ORIENTED_EDGE('',*,*,#2941,.T.);
#4014=ORIENTED_EDGE('',*,*,#2942,.T.);
#4015=ORIENTED_EDGE('',*,*,#2943,.T.);
#4016=ORIENTED_EDGE('',*,*,#2904,.F.);
#4017=ORIENTED_EDGE('',*,*,#2944,.T.);
#4018=ORIENTED_EDGE('',*,*,#2945,.F.);
#4019=ORIENTED_EDGE('',*,*,#2946,.T.);
#4020=ORIENTED_EDGE('',*,*,#2947,.T.);
#4021=ORIENTED_EDGE('',*,*,#2948,.T.);
#4022=ORIENTED_EDGE('',*,*,#2949,.T.);
#4023=ORIENTED_EDGE('',*,*,#2950,.T.);
#4024=ORIENTED_EDGE('',*,*,#2951,.T.);
#4025=ORIENTED_EDGE('',*,*,#2952,.T.);
#4026=ORIENTED_EDGE('',*,*,#2953,.F.);
#4027=ORIENTED_EDGE('',*,*,#2954,.T.);
#4028=ORIENTED_EDGE('',*,*,#2955,.F.);
#4029=ORIENTED_EDGE('',*,*,#2956,.T.);
#4030=ORIENTED_EDGE('',*,*,#2957,.T.);
#4031=ORIENTED_EDGE('',*,*,#2958,.T.);
#4032=ORIENTED_EDGE('',*,*,#2959,.F.);
#4033=ORIENTED_EDGE('',*,*,#2960,.T.);
#4034=ORIENTED_EDGE('',*,*,#2961,.T.);
#4035=ORIENTED_EDGE('',*,*,#2962,.T.);
#4036=ORIENTED_EDGE('',*,*,#2963,.F.);
#4037=ORIENTED_EDGE('',*,*,#2964,.T.);
#4038=ORIENTED_EDGE('',*,*,#2965,.F.);
#4039=ORIENTED_EDGE('',*,*,#2966,.T.);
#4040=ORIENTED_EDGE('',*,*,#2967,.F.);
#4041=ORIENTED_EDGE('',*,*,#2968,.T.);
#4042=ORIENTED_EDGE('',*,*,#2969,.F.);
#4043=ORIENTED_EDGE('',*,*,#2970,.T.);
#4044=ORIENTED_EDGE('',*,*,#2971,.F.);
#4045=ORIENTED_EDGE('',*,*,#2972,.T.);
#4046=ORIENTED_EDGE('',*,*,#2666,.T.);
#4047=ORIENTED_EDGE('',*,*,#2890,.T.);
#4048=ORIENTED_EDGE('',*,*,#2892,.T.);
#4049=ORIENTED_EDGE('',*,*,#2894,.T.);
#4050=ORIENTED_EDGE('',*,*,#2895,.T.);
#4051=ORIENTED_EDGE('',*,*,#2886,.T.);
#4052=ORIENTED_EDGE('',*,*,#2888,.T.);
#4053=ORIENTED_EDGE('',*,*,#2881,.T.);
#4054=ORIENTED_EDGE('',*,*,#2884,.T.);
#4055=ORIENTED_EDGE('',*,*,#2973,.T.);
#4056=ORIENTED_EDGE('',*,*,#2756,.T.);
#4057=ORIENTED_EDGE('',*,*,#2754,.T.);
#4058=ORIENTED_EDGE('',*,*,#2752,.T.);
#4059=ORIENTED_EDGE('',*,*,#2750,.T.);
#4060=ORIENTED_EDGE('',*,*,#2748,.T.);
#4061=ORIENTED_EDGE('',*,*,#2746,.T.);
#4062=ORIENTED_EDGE('',*,*,#2744,.T.);
#4063=ORIENTED_EDGE('',*,*,#2742,.T.);
#4064=ORIENTED_EDGE('',*,*,#2740,.T.);
#4065=ORIENTED_EDGE('',*,*,#2738,.T.);
#4066=ORIENTED_EDGE('',*,*,#2736,.T.);
#4067=ORIENTED_EDGE('',*,*,#2734,.T.);
#4068=ORIENTED_EDGE('',*,*,#2732,.T.);
#4069=ORIENTED_EDGE('',*,*,#2730,.T.);
#4070=ORIENTED_EDGE('',*,*,#2728,.T.);
#4071=ORIENTED_EDGE('',*,*,#2726,.T.);
#4072=ORIENTED_EDGE('',*,*,#2724,.T.);
#4073=ORIENTED_EDGE('',*,*,#2722,.T.);
#4074=ORIENTED_EDGE('',*,*,#2720,.T.);
#4075=ORIENTED_EDGE('',*,*,#2718,.T.);
#4076=ORIENTED_EDGE('',*,*,#2716,.T.);
#4077=ORIENTED_EDGE('',*,*,#2714,.T.);
#4078=ORIENTED_EDGE('',*,*,#2712,.T.);
#4079=ORIENTED_EDGE('',*,*,#2710,.T.);
#4080=ORIENTED_EDGE('',*,*,#2708,.T.);
#4081=ORIENTED_EDGE('',*,*,#2706,.T.);
#4082=ORIENTED_EDGE('',*,*,#2704,.T.);
#4083=ORIENTED_EDGE('',*,*,#2702,.T.);
#4084=ORIENTED_EDGE('',*,*,#2700,.T.);
#4085=ORIENTED_EDGE('',*,*,#2698,.T.);
#4086=ORIENTED_EDGE('',*,*,#2696,.T.);
#4087=ORIENTED_EDGE('',*,*,#2694,.T.);
#4088=ORIENTED_EDGE('',*,*,#2692,.T.);
#4089=ORIENTED_EDGE('',*,*,#2690,.T.);
#4090=ORIENTED_EDGE('',*,*,#2688,.T.);
#4091=ORIENTED_EDGE('',*,*,#2686,.T.);
#4092=ORIENTED_EDGE('',*,*,#2684,.T.);
#4093=ORIENTED_EDGE('',*,*,#2682,.T.);
#4094=ORIENTED_EDGE('',*,*,#2680,.T.);
#4095=ORIENTED_EDGE('',*,*,#2678,.T.);
#4096=ORIENTED_EDGE('',*,*,#2676,.T.);
#4097=ORIENTED_EDGE('',*,*,#2674,.T.);
#4098=ORIENTED_EDGE('',*,*,#2672,.T.);
#4099=ORIENTED_EDGE('',*,*,#2670,.T.);
#4100=ORIENTED_EDGE('',*,*,#2668,.T.);
#4101=ORIENTED_EDGE('',*,*,#2905,.T.);
#4102=ORIENTED_EDGE('',*,*,#2943,.F.);
#4103=ORIENTED_EDGE('',*,*,#2974,.T.);
#4104=ORIENTED_EDGE('',*,*,#2975,.F.);
#4105=ORIENTED_EDGE('',*,*,#2976,.F.);
#4106=ORIENTED_EDGE('',*,*,#2974,.F.);
#4107=ORIENTED_EDGE('',*,*,#2942,.F.);
#4108=ORIENTED_EDGE('',*,*,#2977,.F.);
#4109=ORIENTED_EDGE('',*,*,#2940,.T.);
#4110=ORIENTED_EDGE('',*,*,#2978,.F.);
#4111=ORIENTED_EDGE('',*,*,#2979,.F.);
#4112=ORIENTED_EDGE('',*,*,#2980,.F.);
#4113=ORIENTED_EDGE('',*,*,#2977,.T.);
#4114=ORIENTED_EDGE('',*,*,#2941,.F.);
#4115=ORIENTED_EDGE('',*,*,#2980,.T.);
#4116=ORIENTED_EDGE('',*,*,#2981,.F.);
#4117=ORIENTED_EDGE('',*,*,#2982,.F.);
#4118=ORIENTED_EDGE('',*,*,#2983,.F.);
#4119=ORIENTED_EDGE('',*,*,#2938,.F.);
#4120=ORIENTED_EDGE('',*,*,#2984,.F.);
#4121=ORIENTED_EDGE('',*,*,#2984,.T.);
#4122=ORIENTED_EDGE('',*,*,#2937,.F.);
#4123=ORIENTED_EDGE('',*,*,#2985,.T.);
#4124=ORIENTED_EDGE('',*,*,#2986,.F.);
#4125=ORIENTED_EDGE('',*,*,#2976,.T.);
#4126=ORIENTED_EDGE('',*,*,#2981,.T.);
#4127=ORIENTED_EDGE('',*,*,#2979,.T.);
#4128=ORIENTED_EDGE('',*,*,#2987,.T.);
#4129=ORIENTED_EDGE('',*,*,#2982,.T.);
#4130=ORIENTED_EDGE('',*,*,#2986,.T.);
#4131=ORIENTED_EDGE('',*,*,#2988,.T.);
#4132=ORIENTED_EDGE('',*,*,#2989,.T.);
#4133=ORIENTED_EDGE('',*,*,#2990,.T.);
#4134=ORIENTED_EDGE('',*,*,#2991,.T.);
#4135=ORIENTED_EDGE('',*,*,#2992,.T.);
#4136=ORIENTED_EDGE('',*,*,#2993,.T.);
#4137=ORIENTED_EDGE('',*,*,#2994,.T.);
#4138=ORIENTED_EDGE('',*,*,#2995,.T.);
#4139=ORIENTED_EDGE('',*,*,#2996,.T.);
#4140=ORIENTED_EDGE('',*,*,#2997,.T.);
#4141=ORIENTED_EDGE('',*,*,#2998,.F.);
#4142=ORIENTED_EDGE('',*,*,#2999,.T.);
#4143=ORIENTED_EDGE('',*,*,#3000,.F.);
#4144=ORIENTED_EDGE('',*,*,#3001,.T.);
#4145=ORIENTED_EDGE('',*,*,#2906,.T.);
#4146=ORIENTED_EDGE('',*,*,#2975,.T.);
#4147=ORIENTED_EDGE('',*,*,#3002,.F.);
#4148=ORIENTED_EDGE('',*,*,#2936,.T.);
#4149=ORIENTED_EDGE('',*,*,#3003,.F.);
#4150=ORIENTED_EDGE('',*,*,#2988,.F.);
#4151=ORIENTED_EDGE('',*,*,#2985,.F.);
#4152=ORIENTED_EDGE('',*,*,#3003,.T.);
#4153=ORIENTED_EDGE('',*,*,#2935,.F.);
#4154=ORIENTED_EDGE('',*,*,#3004,.T.);
#4155=ORIENTED_EDGE('',*,*,#2989,.F.);
#4156=ORIENTED_EDGE('',*,*,#2990,.F.);
#4157=ORIENTED_EDGE('',*,*,#3004,.F.);
#4158=ORIENTED_EDGE('',*,*,#2934,.F.);
#4159=ORIENTED_EDGE('',*,*,#3005,.F.);
#4160=ORIENTED_EDGE('',*,*,#2932,.T.);
#4161=ORIENTED_EDGE('',*,*,#3006,.F.);
#4162=ORIENTED_EDGE('',*,*,#2992,.F.);
#4163=ORIENTED_EDGE('',*,*,#3007,.F.);
#4164=ORIENTED_EDGE('',*,*,#3005,.T.);
#4165=ORIENTED_EDGE('',*,*,#2933,.F.);
#4166=ORIENTED_EDGE('',*,*,#3007,.T.);
#4167=ORIENTED_EDGE('',*,*,#2991,.F.);
#4168=ORIENTED_EDGE('',*,*,#2994,.F.);
#4169=ORIENTED_EDGE('',*,*,#3008,.F.);
#4170=ORIENTED_EDGE('',*,*,#2930,.F.);
#4171=ORIENTED_EDGE('',*,*,#3009,.F.);
#4172=ORIENTED_EDGE('',*,*,#3009,.T.);
#4173=ORIENTED_EDGE('',*,*,#2929,.F.);
#4174=ORIENTED_EDGE('',*,*,#3010,.T.);
#4175=ORIENTED_EDGE('',*,*,#2995,.F.);
#4176=ORIENTED_EDGE('',*,*,#2928,.T.);
#4177=ORIENTED_EDGE('',*,*,#3011,.F.);
#4178=ORIENTED_EDGE('',*,*,#2996,.F.);
#4179=ORIENTED_EDGE('',*,*,#3010,.F.);
#4180=ORIENTED_EDGE('',*,*,#3011,.T.);
#4181=ORIENTED_EDGE('',*,*,#2927,.F.);
#4182=ORIENTED_EDGE('',*,*,#3012,.T.);
#4183=ORIENTED_EDGE('',*,*,#3013,.F.);
#4184=ORIENTED_EDGE('',*,*,#3014,.T.);
#4185=ORIENTED_EDGE('',*,*,#2873,.T.);
#4186=ORIENTED_EDGE('',*,*,#3015,.T.);
#4187=ORIENTED_EDGE('',*,*,#2997,.F.);
#4188=ORIENTED_EDGE('',*,*,#2926,.T.);
#4189=ORIENTED_EDGE('',*,*,#3016,.F.);
#4190=ORIENTED_EDGE('',*,*,#3017,.F.);
#4191=ORIENTED_EDGE('',*,*,#3012,.F.);
#4192=ORIENTED_EDGE('',*,*,#3018,.F.);
#4193=ORIENTED_EDGE('',*,*,#3019,.F.);
#4194=ORIENTED_EDGE('',*,*,#2924,.F.);
#4195=ORIENTED_EDGE('',*,*,#3020,.F.);
#4196=ORIENTED_EDGE('',*,*,#3020,.T.);
#4197=ORIENTED_EDGE('',*,*,#2923,.F.);
#4198=ORIENTED_EDGE('',*,*,#3021,.T.);
#4199=ORIENTED_EDGE('',*,*,#3022,.F.);
#4200=ORIENTED_EDGE('',*,*,#3018,.T.);
#4201=ORIENTED_EDGE('',*,*,#3022,.T.);
#4202=ORIENTED_EDGE('',*,*,#3023,.T.);
#4203=ORIENTED_EDGE('',*,*,#3024,.T.);
#4204=ORIENTED_EDGE('',*,*,#3025,.T.);
#4205=ORIENTED_EDGE('',*,*,#3026,.T.);
#4206=ORIENTED_EDGE('',*,*,#3027,.T.);
#4207=ORIENTED_EDGE('',*,*,#3028,.T.);
#4208=ORIENTED_EDGE('',*,*,#3029,.T.);
#4209=ORIENTED_EDGE('',*,*,#3030,.T.);
#4210=ORIENTED_EDGE('',*,*,#3031,.T.);
#4211=ORIENTED_EDGE('',*,*,#3032,.T.);
#4212=ORIENTED_EDGE('',*,*,#3033,.T.);
#4213=ORIENTED_EDGE('',*,*,#3034,.T.);
#4214=ORIENTED_EDGE('',*,*,#3035,.T.);
#4215=ORIENTED_EDGE('',*,*,#3036,.T.);
#4216=ORIENTED_EDGE('',*,*,#2847,.T.);
#4217=ORIENTED_EDGE('',*,*,#3037,.T.);
#4218=ORIENTED_EDGE('',*,*,#3038,.F.);
#4219=ORIENTED_EDGE('',*,*,#3039,.T.);
#4220=ORIENTED_EDGE('',*,*,#3040,.F.);
#4221=ORIENTED_EDGE('',*,*,#3041,.T.);
#4222=ORIENTED_EDGE('',*,*,#3042,.F.);
#4223=ORIENTED_EDGE('',*,*,#3013,.T.);
#4224=ORIENTED_EDGE('',*,*,#3017,.T.);
#4225=ORIENTED_EDGE('',*,*,#3043,.T.);
#4226=ORIENTED_EDGE('',*,*,#3044,.F.);
#4227=ORIENTED_EDGE('',*,*,#3045,.F.);
#4228=ORIENTED_EDGE('',*,*,#2922,.T.);
#4229=ORIENTED_EDGE('',*,*,#3046,.F.);
#4230=ORIENTED_EDGE('',*,*,#3023,.F.);
#4231=ORIENTED_EDGE('',*,*,#3021,.F.);
#4232=ORIENTED_EDGE('',*,*,#3046,.T.);
#4233=ORIENTED_EDGE('',*,*,#2921,.F.);
#4234=ORIENTED_EDGE('',*,*,#3047,.T.);
#4235=ORIENTED_EDGE('',*,*,#3024,.F.);
#4236=ORIENTED_EDGE('',*,*,#3025,.F.);
#4237=ORIENTED_EDGE('',*,*,#3047,.F.);
#4238=ORIENTED_EDGE('',*,*,#2920,.F.);
#4239=ORIENTED_EDGE('',*,*,#3048,.F.);
#4240=ORIENTED_EDGE('',*,*,#2918,.T.);
#4241=ORIENTED_EDGE('',*,*,#3049,.F.);
#4242=ORIENTED_EDGE('',*,*,#3027,.F.);
#4243=ORIENTED_EDGE('',*,*,#3050,.F.);
#4244=ORIENTED_EDGE('',*,*,#3048,.T.);
#4245=ORIENTED_EDGE('',*,*,#2919,.F.);
#4246=ORIENTED_EDGE('',*,*,#3050,.T.);
#4247=ORIENTED_EDGE('',*,*,#3026,.F.);
#4248=ORIENTED_EDGE('',*,*,#3029,.F.);
#4249=ORIENTED_EDGE('',*,*,#3051,.F.);
#4250=ORIENTED_EDGE('',*,*,#2916,.F.);
#4251=ORIENTED_EDGE('',*,*,#3052,.F.);
#4252=ORIENTED_EDGE('',*,*,#3052,.T.);
#4253=ORIENTED_EDGE('',*,*,#2915,.F.);
#4254=ORIENTED_EDGE('',*,*,#3053,.T.);
#4255=ORIENTED_EDGE('',*,*,#3030,.F.);
#4256=ORIENTED_EDGE('',*,*,#2914,.T.);
#4257=ORIENTED_EDGE('',*,*,#3054,.F.);
#4258=ORIENTED_EDGE('',*,*,#3031,.F.);
#4259=ORIENTED_EDGE('',*,*,#3053,.F.);
#4260=ORIENTED_EDGE('',*,*,#3054,.T.);
#4261=ORIENTED_EDGE('',*,*,#2913,.F.);
#4262=ORIENTED_EDGE('',*,*,#3055,.T.);
#4263=ORIENTED_EDGE('',*,*,#3032,.F.);
#4264=ORIENTED_EDGE('',*,*,#2912,.T.);
#4265=ORIENTED_EDGE('',*,*,#3056,.F.);
#4266=ORIENTED_EDGE('',*,*,#3033,.F.);
#4267=ORIENTED_EDGE('',*,*,#3055,.F.);
#4268=ORIENTED_EDGE('',*,*,#3035,.F.);
#4269=ORIENTED_EDGE('',*,*,#3057,.F.);
#4270=ORIENTED_EDGE('',*,*,#2910,.F.);
#4271=ORIENTED_EDGE('',*,*,#3058,.F.);
#4272=ORIENTED_EDGE('',*,*,#3058,.T.);
#4273=ORIENTED_EDGE('',*,*,#2909,.F.);
#4274=ORIENTED_EDGE('',*,*,#2848,.F.);
#4275=ORIENTED_EDGE('',*,*,#3036,.F.);
#4276=ORIENTED_EDGE('',*,*,#2963,.T.);
#4277=ORIENTED_EDGE('',*,*,#3059,.F.);
#4278=ORIENTED_EDGE('',*,*,#3060,.F.);
#4279=ORIENTED_EDGE('',*,*,#3061,.F.);
#4280=ORIENTED_EDGE('',*,*,#2897,.T.);
#4281=ORIENTED_EDGE('',*,*,#2964,.F.);
#4282=ORIENTED_EDGE('',*,*,#3061,.T.);
#4283=ORIENTED_EDGE('',*,*,#3062,.F.);
#4284=ORIENTED_EDGE('',*,*,#3063,.F.);
#4285=ORIENTED_EDGE('',*,*,#3064,.F.);
#4286=ORIENTED_EDGE('',*,*,#2961,.F.);
#4287=ORIENTED_EDGE('',*,*,#3065,.F.);
#4288=ORIENTED_EDGE('',*,*,#3065,.T.);
#4289=ORIENTED_EDGE('',*,*,#2960,.F.);
#4290=ORIENTED_EDGE('',*,*,#3066,.T.);
#4291=ORIENTED_EDGE('',*,*,#3067,.F.);
#4292=ORIENTED_EDGE('',*,*,#3063,.T.);
#4293=ORIENTED_EDGE('',*,*,#3067,.T.);
#4294=ORIENTED_EDGE('',*,*,#3068,.T.);
#4295=ORIENTED_EDGE('',*,*,#3069,.T.);
#4296=ORIENTED_EDGE('',*,*,#3070,.T.);
#4297=ORIENTED_EDGE('',*,*,#3071,.T.);
#4298=ORIENTED_EDGE('',*,*,#3072,.T.);
#4299=ORIENTED_EDGE('',*,*,#3073,.T.);
#4300=ORIENTED_EDGE('',*,*,#3074,.T.);
#4301=ORIENTED_EDGE('',*,*,#3075,.T.);
#4302=ORIENTED_EDGE('',*,*,#3076,.T.);
#4303=ORIENTED_EDGE('',*,*,#3077,.T.);
#4304=ORIENTED_EDGE('',*,*,#3078,.T.);
#4305=ORIENTED_EDGE('',*,*,#3079,.T.);
#4306=ORIENTED_EDGE('',*,*,#3080,.T.);
#4307=ORIENTED_EDGE('',*,*,#3081,.T.);
#4308=ORIENTED_EDGE('',*,*,#3082,.F.);
#4309=ORIENTED_EDGE('',*,*,#3083,.T.);
#4310=ORIENTED_EDGE('',*,*,#3084,.T.);
#4311=ORIENTED_EDGE('',*,*,#3085,.T.);
#4312=ORIENTED_EDGE('',*,*,#3086,.F.);
#4313=ORIENTED_EDGE('',*,*,#3087,.T.);
#4314=ORIENTED_EDGE('',*,*,#3088,.F.);
#4315=ORIENTED_EDGE('',*,*,#2900,.T.);
#4316=ORIENTED_EDGE('',*,*,#2898,.T.);
#4317=ORIENTED_EDGE('',*,*,#3062,.T.);
#4318=ORIENTED_EDGE('',*,*,#3060,.T.);
#4319=ORIENTED_EDGE('',*,*,#3089,.T.);
#4320=ORIENTED_EDGE('',*,*,#3090,.F.);
#4321=ORIENTED_EDGE('',*,*,#2959,.T.);
#4322=ORIENTED_EDGE('',*,*,#3091,.F.);
#4323=ORIENTED_EDGE('',*,*,#3068,.F.);
#4324=ORIENTED_EDGE('',*,*,#3066,.F.);
#4325=ORIENTED_EDGE('',*,*,#3091,.T.);
#4326=ORIENTED_EDGE('',*,*,#2958,.F.);
#4327=ORIENTED_EDGE('',*,*,#3092,.T.);
#4328=ORIENTED_EDGE('',*,*,#3069,.F.);
#4329=ORIENTED_EDGE('',*,*,#3070,.F.);
#4330=ORIENTED_EDGE('',*,*,#3092,.F.);
#4331=ORIENTED_EDGE('',*,*,#2957,.F.);
#4332=ORIENTED_EDGE('',*,*,#3093,.F.);
#4333=ORIENTED_EDGE('',*,*,#2955,.T.);
#4334=ORIENTED_EDGE('',*,*,#3094,.F.);
#4335=ORIENTED_EDGE('',*,*,#3072,.F.);
#4336=ORIENTED_EDGE('',*,*,#3095,.F.);
#4337=ORIENTED_EDGE('',*,*,#3093,.T.);
#4338=ORIENTED_EDGE('',*,*,#2956,.F.);
#4339=ORIENTED_EDGE('',*,*,#3095,.T.);
#4340=ORIENTED_EDGE('',*,*,#3071,.F.);
#4341=ORIENTED_EDGE('',*,*,#2953,.T.);
#4342=ORIENTED_EDGE('',*,*,#3096,.F.);
#4343=ORIENTED_EDGE('',*,*,#3074,.F.);
#4344=ORIENTED_EDGE('',*,*,#3097,.F.);
#4345=ORIENTED_EDGE('',*,*,#3096,.T.);
#4346=ORIENTED_EDGE('',*,*,#2952,.F.);
#4347=ORIENTED_EDGE('',*,*,#3098,.T.);
#4348=ORIENTED_EDGE('',*,*,#3075,.F.);
#4349=ORIENTED_EDGE('',*,*,#3076,.F.);
#4350=ORIENTED_EDGE('',*,*,#3098,.F.);
#4351=ORIENTED_EDGE('',*,*,#2951,.F.);
#4352=ORIENTED_EDGE('',*,*,#3099,.F.);
#4353=ORIENTED_EDGE('',*,*,#3078,.F.);
#4354=ORIENTED_EDGE('',*,*,#3100,.F.);
#4355=ORIENTED_EDGE('',*,*,#2949,.F.);
#4356=ORIENTED_EDGE('',*,*,#3101,.F.);
#4357=ORIENTED_EDGE('',*,*,#3099,.T.);
#4358=ORIENTED_EDGE('',*,*,#2950,.F.);
#4359=ORIENTED_EDGE('',*,*,#3100,.T.);
#4360=ORIENTED_EDGE('',*,*,#3077,.F.);
#4361=ORIENTED_EDGE('',*,*,#3080,.F.);
#4362=ORIENTED_EDGE('',*,*,#3102,.F.);
#4363=ORIENTED_EDGE('',*,*,#2947,.F.);
#4364=ORIENTED_EDGE('',*,*,#3103,.F.);
#4365=ORIENTED_EDGE('',*,*,#3101,.T.);
#4366=ORIENTED_EDGE('',*,*,#2948,.F.);
#4367=ORIENTED_EDGE('',*,*,#3102,.T.);
#4368=ORIENTED_EDGE('',*,*,#3079,.F.);
#4369=ORIENTED_EDGE('',*,*,#2945,.T.);
#4370=ORIENTED_EDGE('',*,*,#3104,.F.);
#4371=ORIENTED_EDGE('',*,*,#3082,.T.);
#4372=ORIENTED_EDGE('',*,*,#3105,.F.);
#4373=ORIENTED_EDGE('',*,*,#3103,.T.);
#4374=ORIENTED_EDGE('',*,*,#2946,.F.);
#4375=ORIENTED_EDGE('',*,*,#3105,.T.);
#4376=ORIENTED_EDGE('',*,*,#3081,.F.);
#4377=ORIENTED_EDGE('',*,*,#3002,.T.);
#4378=ORIENTED_EDGE('',*,*,#3106,.T.);
#4379=ORIENTED_EDGE('',*,*,#3107,.F.);
#4380=ORIENTED_EDGE('',*,*,#3106,.F.);
#4381=ORIENTED_EDGE('',*,*,#3107,.T.);
#4382=ORIENTED_EDGE('',*,*,#3044,.T.);
#4383=ORIENTED_EDGE('',*,*,#3108,.T.);
#4384=ORIENTED_EDGE('',*,*,#3109,.F.);
#4385=ORIENTED_EDGE('',*,*,#3108,.F.);
#4386=ORIENTED_EDGE('',*,*,#3109,.T.);
#4387=ORIENTED_EDGE('',*,*,#3090,.T.);
#4388=ORIENTED_EDGE('',*,*,#3110,.T.);
#4389=ORIENTED_EDGE('',*,*,#3111,.F.);
#4390=ORIENTED_EDGE('',*,*,#3110,.F.);
#4391=ORIENTED_EDGE('',*,*,#3111,.T.);
#4392=ORIENTED_EDGE('',*,*,#3045,.T.);
#4393=ORIENTED_EDGE('',*,*,#3112,.T.);
#4394=ORIENTED_EDGE('',*,*,#3113,.F.);
#4395=ORIENTED_EDGE('',*,*,#3112,.F.);
#4396=ORIENTED_EDGE('',*,*,#3113,.T.);
#4397=ORIENTED_EDGE('',*,*,#2780,.T.);
#4398=ORIENTED_EDGE('',*,*,#3114,.T.);
#4399=ORIENTED_EDGE('',*,*,#2829,.F.);
#4400=ORIENTED_EDGE('',*,*,#2827,.T.);
#4401=ORIENTED_EDGE('',*,*,#2844,.F.);
#4402=ORIENTED_EDGE('',*,*,#2861,.F.);
#4403=ORIENTED_EDGE('',*,*,#2798,.T.);
#4404=ORIENTED_EDGE('',*,*,#2782,.T.);
#4405=ORIENTED_EDGE('',*,*,#3115,.F.);
#4406=ORIENTED_EDGE('',*,*,#2837,.F.);
#4407=ORIENTED_EDGE('',*,*,#2830,.F.);
#4408=ORIENTED_EDGE('',*,*,#3114,.F.);
#4409=ORIENTED_EDGE('',*,*,#2784,.T.);
#4410=ORIENTED_EDGE('',*,*,#3116,.T.);
#4411=ORIENTED_EDGE('',*,*,#2838,.T.);
#4412=ORIENTED_EDGE('',*,*,#3115,.T.);
#4413=ORIENTED_EDGE('',*,*,#2786,.T.);
#4414=ORIENTED_EDGE('',*,*,#3117,.F.);
#4415=ORIENTED_EDGE('',*,*,#2854,.F.);
#4416=ORIENTED_EDGE('',*,*,#2839,.F.);
#4417=ORIENTED_EDGE('',*,*,#2834,.F.);
#4418=ORIENTED_EDGE('',*,*,#3116,.F.);
#4419=ORIENTED_EDGE('',*,*,#2788,.T.);
#4420=ORIENTED_EDGE('',*,*,#3118,.T.);
#4421=ORIENTED_EDGE('',*,*,#2855,.F.);
#4422=ORIENTED_EDGE('',*,*,#3117,.T.);
#4423=ORIENTED_EDGE('',*,*,#2790,.T.);
#4424=ORIENTED_EDGE('',*,*,#3119,.F.);
#4425=ORIENTED_EDGE('',*,*,#2856,.F.);
#4426=ORIENTED_EDGE('',*,*,#3118,.F.);
#4427=ORIENTED_EDGE('',*,*,#2792,.T.);
#4428=ORIENTED_EDGE('',*,*,#3120,.T.);
#4429=ORIENTED_EDGE('',*,*,#2857,.F.);
#4430=ORIENTED_EDGE('',*,*,#3119,.T.);
#4431=ORIENTED_EDGE('',*,*,#2794,.T.);
#4432=ORIENTED_EDGE('',*,*,#3121,.F.);
#4433=ORIENTED_EDGE('',*,*,#2858,.F.);
#4434=ORIENTED_EDGE('',*,*,#3120,.F.);
#4435=ORIENTED_EDGE('',*,*,#2796,.T.);
#4436=ORIENTED_EDGE('',*,*,#3122,.T.);
#4437=ORIENTED_EDGE('',*,*,#2859,.F.);
#4438=ORIENTED_EDGE('',*,*,#3121,.T.);
#4439=ORIENTED_EDGE('',*,*,#2797,.T.);
#4440=ORIENTED_EDGE('',*,*,#2819,.F.);
#4441=ORIENTED_EDGE('',*,*,#2860,.F.);
#4442=ORIENTED_EDGE('',*,*,#3122,.F.);
#4443=ORIENTED_EDGE('',*,*,#3088,.T.);
#4444=ORIENTED_EDGE('',*,*,#3123,.F.);
#4445=ORIENTED_EDGE('',*,*,#2864,.F.);
#4446=ORIENTED_EDGE('',*,*,#2901,.F.);
#4447=ORIENTED_EDGE('',*,*,#2902,.F.);
#4448=ORIENTED_EDGE('',*,*,#2862,.F.);
#4449=ORIENTED_EDGE('',*,*,#2852,.F.);
#4450=ORIENTED_EDGE('',*,*,#2908,.T.);
#4451=ORIENTED_EDGE('',*,*,#3038,.T.);
#4452=ORIENTED_EDGE('',*,*,#3124,.F.);
#4453=ORIENTED_EDGE('',*,*,#2878,.F.);
#4454=ORIENTED_EDGE('',*,*,#3125,.F.);
#4455=ORIENTED_EDGE('',*,*,#3125,.T.);
#4456=ORIENTED_EDGE('',*,*,#2877,.T.);
#4457=ORIENTED_EDGE('',*,*,#3126,.T.);
#4458=ORIENTED_EDGE('',*,*,#3039,.F.);
#4459=ORIENTED_EDGE('',*,*,#3040,.T.);
#4460=ORIENTED_EDGE('',*,*,#3126,.F.);
#4461=ORIENTED_EDGE('',*,*,#2876,.F.);
#4462=ORIENTED_EDGE('',*,*,#3127,.F.);
#4463=ORIENTED_EDGE('',*,*,#3127,.T.);
#4464=ORIENTED_EDGE('',*,*,#2875,.T.);
#4465=ORIENTED_EDGE('',*,*,#3128,.T.);
#4466=ORIENTED_EDGE('',*,*,#3041,.F.);
#4467=ORIENTED_EDGE('',*,*,#3042,.T.);
#4468=ORIENTED_EDGE('',*,*,#3128,.F.);
#4469=ORIENTED_EDGE('',*,*,#2874,.F.);
#4470=ORIENTED_EDGE('',*,*,#3014,.F.);
#4471=ORIENTED_EDGE('',*,*,#2998,.T.);
#4472=ORIENTED_EDGE('',*,*,#3015,.F.);
#4473=ORIENTED_EDGE('',*,*,#2872,.F.);
#4474=ORIENTED_EDGE('',*,*,#3129,.F.);
#4475=ORIENTED_EDGE('',*,*,#3129,.T.);
#4476=ORIENTED_EDGE('',*,*,#2871,.T.);
#4477=ORIENTED_EDGE('',*,*,#3130,.T.);
#4478=ORIENTED_EDGE('',*,*,#2999,.F.);
#4479=ORIENTED_EDGE('',*,*,#3086,.T.);
#4480=ORIENTED_EDGE('',*,*,#3131,.F.);
#4481=ORIENTED_EDGE('',*,*,#2866,.F.);
#4482=ORIENTED_EDGE('',*,*,#3132,.F.);
#4483=ORIENTED_EDGE('',*,*,#3131,.T.);
#4484=ORIENTED_EDGE('',*,*,#3085,.F.);
#4485=ORIENTED_EDGE('',*,*,#3133,.T.);
#4486=ORIENTED_EDGE('',*,*,#2867,.T.);
#4487=ORIENTED_EDGE('',*,*,#2868,.F.);
#4488=ORIENTED_EDGE('',*,*,#3133,.F.);
#4489=ORIENTED_EDGE('',*,*,#3084,.F.);
#4490=ORIENTED_EDGE('',*,*,#3134,.F.);
#4491=ORIENTED_EDGE('',*,*,#3000,.T.);
#4492=ORIENTED_EDGE('',*,*,#3130,.F.);
#4493=ORIENTED_EDGE('',*,*,#2870,.F.);
#4494=ORIENTED_EDGE('',*,*,#3135,.F.);
#4495=ORIENTED_EDGE('',*,*,#3123,.T.);
#4496=ORIENTED_EDGE('',*,*,#3087,.F.);
#4497=ORIENTED_EDGE('',*,*,#3132,.T.);
#4498=ORIENTED_EDGE('',*,*,#2865,.T.);
#4499=ORIENTED_EDGE('',*,*,#2907,.T.);
#4500=ORIENTED_EDGE('',*,*,#3001,.F.);
#4501=ORIENTED_EDGE('',*,*,#3135,.T.);
#4502=ORIENTED_EDGE('',*,*,#2869,.T.);
#4503=ORIENTED_EDGE('',*,*,#3134,.T.);
#4504=ORIENTED_EDGE('',*,*,#3083,.F.);
#4505=ORIENTED_EDGE('',*,*,#3104,.T.);
#4506=ORIENTED_EDGE('',*,*,#2944,.F.);
#4507=ORIENTED_EDGE('',*,*,#2978,.T.);
#4508=ORIENTED_EDGE('',*,*,#2939,.F.);
#4509=ORIENTED_EDGE('',*,*,#2983,.T.);
#4510=ORIENTED_EDGE('',*,*,#2987,.F.);
#4511=ORIENTED_EDGE('',*,*,#3006,.T.);
#4512=ORIENTED_EDGE('',*,*,#2931,.F.);
#4513=ORIENTED_EDGE('',*,*,#3008,.T.);
#4514=ORIENTED_EDGE('',*,*,#2993,.F.);
#4515=ORIENTED_EDGE('',*,*,#3016,.T.);
#4516=ORIENTED_EDGE('',*,*,#2925,.F.);
#4517=ORIENTED_EDGE('',*,*,#3019,.T.);
#4518=ORIENTED_EDGE('',*,*,#3043,.F.);
#4519=ORIENTED_EDGE('',*,*,#3049,.T.);
#4520=ORIENTED_EDGE('',*,*,#2917,.F.);
#4521=ORIENTED_EDGE('',*,*,#3051,.T.);
#4522=ORIENTED_EDGE('',*,*,#3028,.F.);
#4523=ORIENTED_EDGE('',*,*,#3056,.T.);
#4524=ORIENTED_EDGE('',*,*,#2911,.F.);
#4525=ORIENTED_EDGE('',*,*,#3057,.T.);
#4526=ORIENTED_EDGE('',*,*,#3034,.F.);
#4527=ORIENTED_EDGE('',*,*,#2470,.T.);
#4528=ORIENTED_EDGE('',*,*,#2479,.F.);
#4529=ORIENTED_EDGE('',*,*,#3136,.F.);
#4530=ORIENTED_EDGE('',*,*,#3137,.F.);
#4531=ORIENTED_EDGE('',*,*,#2465,.T.);
#4532=ORIENTED_EDGE('',*,*,#3138,.F.);
#4533=ORIENTED_EDGE('',*,*,#3139,.F.);
#4534=ORIENTED_EDGE('',*,*,#3140,.F.);
#4535=ORIENTED_EDGE('',*,*,#2467,.T.);
#4536=ORIENTED_EDGE('',*,*,#3137,.T.);
#4537=ORIENTED_EDGE('',*,*,#3141,.F.);
#4538=ORIENTED_EDGE('',*,*,#3138,.T.);
#4539=ORIENTED_EDGE('',*,*,#2461,.T.);
#4540=ORIENTED_EDGE('',*,*,#3140,.T.);
#4541=ORIENTED_EDGE('',*,*,#3142,.F.);
#4542=ORIENTED_EDGE('',*,*,#2471,.T.);
#4543=ORIENTED_EDGE('',*,*,#3143,.T.);
#4544=ORIENTED_EDGE('',*,*,#3144,.F.);
#4545=ORIENTED_EDGE('',*,*,#3145,.F.);
#4546=ORIENTED_EDGE('',*,*,#3146,.F.);
#4547=ORIENTED_EDGE('',*,*,#3144,.T.);
#4548=ORIENTED_EDGE('',*,*,#3147,.F.);
#4549=ORIENTED_EDGE('',*,*,#3148,.T.);
#4550=ORIENTED_EDGE('',*,*,#3149,.T.);
#4551=ORIENTED_EDGE('',*,*,#3150,.T.);
#4552=ORIENTED_EDGE('',*,*,#3151,.F.);
#4553=ORIENTED_EDGE('',*,*,#3152,.F.);
#4554=ORIENTED_EDGE('',*,*,#3153,.F.);
#4555=ORIENTED_EDGE('',*,*,#3146,.T.);
#4556=ORIENTED_EDGE('',*,*,#3154,.T.);
#4557=ORIENTED_EDGE('',*,*,#3151,.T.);
#4558=ORIENTED_EDGE('',*,*,#3155,.F.);
#4559=ORIENTED_EDGE('',*,*,#3156,.T.);
#4560=ORIENTED_EDGE('',*,*,#3157,.F.);
#4561=ORIENTED_EDGE('',*,*,#3158,.F.);
#4562=ORIENTED_EDGE('',*,*,#3159,.F.);
#4563=ORIENTED_EDGE('',*,*,#3153,.T.);
#4564=ORIENTED_EDGE('',*,*,#3160,.T.);
#4565=ORIENTED_EDGE('',*,*,#3157,.T.);
#4566=ORIENTED_EDGE('',*,*,#3161,.F.);
#4567=ORIENTED_EDGE('',*,*,#3162,.T.);
#4568=ORIENTED_EDGE('',*,*,#3163,.F.);
#4569=ORIENTED_EDGE('',*,*,#3164,.F.);
#4570=ORIENTED_EDGE('',*,*,#3148,.F.);
#4571=ORIENTED_EDGE('',*,*,#3159,.T.);
#4572=ORIENTED_EDGE('',*,*,#3165,.T.);
#4573=ORIENTED_EDGE('',*,*,#3163,.T.);
#4574=ORIENTED_EDGE('',*,*,#3166,.F.);
#4575=ORIENTED_EDGE('',*,*,#3167,.T.);
#4576=ORIENTED_EDGE('',*,*,#3168,.F.);
#4577=ORIENTED_EDGE('',*,*,#2968,.F.);
#4578=ORIENTED_EDGE('',*,*,#3169,.F.);
#4579=ORIENTED_EDGE('',*,*,#3167,.F.);
#4580=ORIENTED_EDGE('',*,*,#3170,.T.);
#4581=ORIENTED_EDGE('',*,*,#3171,.F.);
#4582=ORIENTED_EDGE('',*,*,#3172,.T.);
#4583=ORIENTED_EDGE('',*,*,#3173,.F.);
#4584=ORIENTED_EDGE('',*,*,#3174,.T.);
#4585=ORIENTED_EDGE('',*,*,#3175,.F.);
#4586=ORIENTED_EDGE('',*,*,#3176,.T.);
#4587=ORIENTED_EDGE('',*,*,#3149,.F.);
#4588=ORIENTED_EDGE('',*,*,#3164,.T.);
#4589=ORIENTED_EDGE('',*,*,#3165,.F.);
#4590=ORIENTED_EDGE('',*,*,#3158,.T.);
#4591=ORIENTED_EDGE('',*,*,#3160,.F.);
#4592=ORIENTED_EDGE('',*,*,#3152,.T.);
#4593=ORIENTED_EDGE('',*,*,#3154,.F.);
#4594=ORIENTED_EDGE('',*,*,#3145,.T.);
#4595=ORIENTED_EDGE('',*,*,#2476,.T.);
#4596=ORIENTED_EDGE('',*,*,#2474,.T.);
#4597=ORIENTED_EDGE('',*,*,#2472,.T.);
#4598=ORIENTED_EDGE('',*,*,#3142,.T.);
#4599=ORIENTED_EDGE('',*,*,#3139,.T.);
#4600=ORIENTED_EDGE('',*,*,#3141,.T.);
#4601=ORIENTED_EDGE('',*,*,#3136,.T.);
#4602=ORIENTED_EDGE('',*,*,#2478,.T.);
#4603=ORIENTED_EDGE('',*,*,#3168,.T.);
#4604=ORIENTED_EDGE('',*,*,#3176,.F.);
#4605=ORIENTED_EDGE('',*,*,#3177,.T.);
#4606=ORIENTED_EDGE('',*,*,#2969,.T.);
#4607=ORIENTED_EDGE('',*,*,#3175,.T.);
#4608=ORIENTED_EDGE('',*,*,#3178,.F.);
#4609=ORIENTED_EDGE('',*,*,#2970,.F.);
#4610=ORIENTED_EDGE('',*,*,#3177,.F.);
#4611=ORIENTED_EDGE('',*,*,#3173,.T.);
#4612=ORIENTED_EDGE('',*,*,#3179,.F.);
#4613=ORIENTED_EDGE('',*,*,#2972,.F.);
#4614=ORIENTED_EDGE('',*,*,#3180,.F.);
#4615=ORIENTED_EDGE('',*,*,#3179,.T.);
#4616=ORIENTED_EDGE('',*,*,#3172,.F.);
#4617=ORIENTED_EDGE('',*,*,#3181,.T.);
#4618=ORIENTED_EDGE('',*,*,#2965,.T.);
#4619=ORIENTED_EDGE('',*,*,#3171,.T.);
#4620=ORIENTED_EDGE('',*,*,#3182,.F.);
#4621=ORIENTED_EDGE('',*,*,#2966,.F.);
#4622=ORIENTED_EDGE('',*,*,#3181,.F.);
#4623=ORIENTED_EDGE('',*,*,#3169,.T.);
#4624=ORIENTED_EDGE('',*,*,#2967,.T.);
#4625=ORIENTED_EDGE('',*,*,#3182,.T.);
#4626=ORIENTED_EDGE('',*,*,#3170,.F.);
#4627=ORIENTED_EDGE('',*,*,#3143,.F.);
#4628=ORIENTED_EDGE('',*,*,#3155,.T.);
#4629=ORIENTED_EDGE('',*,*,#3150,.F.);
#4630=ORIENTED_EDGE('',*,*,#3161,.T.);
#4631=ORIENTED_EDGE('',*,*,#3156,.F.);
#4632=ORIENTED_EDGE('',*,*,#3166,.T.);
#4633=ORIENTED_EDGE('',*,*,#3162,.F.);
#4634=ORIENTED_EDGE('',*,*,#3147,.T.);
#4635=ORIENTED_EDGE('',*,*,#3178,.T.);
#4636=ORIENTED_EDGE('',*,*,#3174,.F.);
#4637=ORIENTED_EDGE('',*,*,#3180,.T.);
#4638=ORIENTED_EDGE('',*,*,#2971,.T.);
#4639=ORIENTED_EDGE('',*,*,#2846,.T.);
#4640=ORIENTED_EDGE('',*,*,#2879,.T.);
#4641=ORIENTED_EDGE('',*,*,#3124,.T.);
#4642=ORIENTED_EDGE('',*,*,#3037,.F.);
#4643=ORIENTED_EDGE('',*,*,#3059,.T.);
#4644=ORIENTED_EDGE('',*,*,#2962,.F.);
#4645=ORIENTED_EDGE('',*,*,#3064,.T.);
#4646=ORIENTED_EDGE('',*,*,#3089,.F.);
#4647=ORIENTED_EDGE('',*,*,#3094,.T.);
#4648=ORIENTED_EDGE('',*,*,#2954,.F.);
#4649=ORIENTED_EDGE('',*,*,#3097,.T.);
#4650=ORIENTED_EDGE('',*,*,#3073,.F.);
#4651=ORIENTED_EDGE('',*,*,#2578,.T.);
#4652=ORIENTED_EDGE('',*,*,#2757,.F.);
#4653=ORIENTED_EDGE('',*,*,#2973,.F.);
#4654=ORIENTED_EDGE('',*,*,#2883,.T.);
#4655=PLANE('',#5110);
#4656=PLANE('',#5114);
#4657=PLANE('',#5118);
#4658=PLANE('',#5122);
#4659=PLANE('',#5128);
#4660=PLANE('',#5131);
#4661=PLANE('',#5132);
#4662=PLANE('',#5163);
#4663=PLANE('',#5166);
#4664=PLANE('',#5169);
#4665=PLANE('',#5172);
#4666=PLANE('',#5175);
#4667=PLANE('',#5178);
#4668=PLANE('',#5179);
#4669=PLANE('',#5180);
#4670=PLANE('',#5181);
#4671=PLANE('',#5184);
#4672=PLANE('',#5187);
#4673=PLANE('',#5188);
#4674=PLANE('',#5191);
#4675=PLANE('',#5192);
#4676=PLANE('',#5195);
#4677=PLANE('',#5196);
#4678=PLANE('',#5199);
#4679=PLANE('',#5202);
#4680=PLANE('',#5203);
#4681=PLANE('',#5206);
#4682=PLANE('',#5207);
#4683=PLANE('',#5210);
#4684=PLANE('',#5211);
#4685=PLANE('',#5214);
#4686=PLANE('',#5217);
#4687=PLANE('',#5218);
#4688=PLANE('',#5221);
#4689=PLANE('',#5222);
#4690=PLANE('',#5225);
#4691=PLANE('',#5228);
#4692=PLANE('',#5229);
#4693=PLANE('',#5232);
#4694=PLANE('',#5233);
#4695=PLANE('',#5234);
#4696=PLANE('',#5237);
#4697=PLANE('',#5238);
#4698=PLANE('',#5239);
#4699=PLANE('',#5242);
#4700=PLANE('',#5243);
#4701=PLANE('',#5246);
#4702=PLANE('',#5249);
#4703=PLANE('',#5250);
#4704=PLANE('',#5253);
#4705=PLANE('',#5254);
#4706=PLANE('',#5257);
#4707=PLANE('',#5258);
#4708=PLANE('',#5261);
#4709=PLANE('',#5264);
#4710=PLANE('',#5265);
#4711=PLANE('',#5268);
#4712=PLANE('',#5269);
#4713=PLANE('',#5272);
#4714=PLANE('',#5273);
#4715=PLANE('',#5276);
#4716=PLANE('',#5279);
#4717=PLANE('',#5280);
#4718=PLANE('',#5283);
#4719=PLANE('',#5284);
#4720=PLANE('',#5287);
#4721=PLANE('',#5290);
#4722=PLANE('',#5291);
#4723=PLANE('',#5294);
#4724=PLANE('',#5295);
#4725=PLANE('',#5296);
#4726=PLANE('',#5299);
#4727=PLANE('',#5300);
#4728=PLANE('',#5303);
#4729=PLANE('',#5306);
#4730=PLANE('',#5309);
#4731=PLANE('',#5312);
#4732=PLANE('',#5315);
#4733=PLANE('',#5318);
#4734=PLANE('',#5321);
#4735=PLANE('',#5324);
#4736=PLANE('',#5327);
#4737=PLANE('',#5332);
#4738=PLANE('',#5336);
#4739=PLANE('',#5339);
#4740=PLANE('',#5342);
#4741=PLANE('',#5345);
#4742=PLANE('',#5348);
#4743=PLANE('',#5355);
#4744=PLANE('',#5359);
#4745=PLANE('',#5360);
#4746=PLANE('',#5365);
#4747=PLANE('',#5366);
#4748=PLANE('',#5382);
#4749=PLANE('',#5385);
#4750=PLANE('',#5388);
#4751=PLANE('',#5391);
#4752=PLANE('',#5395);
#4753=PLANE('',#5399);
#4754=PLANE('',#5432);
#4755=PLANE('',#5437);
#4756=PLANE('',#5440);
#4757=PLANE('',#5441);
#4758=PLANE('',#5451);
#4759=PLANE('',#5454);
#4760=PLANE('',#5456);
#4761=PLANE('',#5458);
#4762=PLANE('',#5463);
#4763=PLANE('',#5464);
#4764=PLANE('',#5478);
#4765=PLANE('',#5481);
#4766=PLANE('',#5483);
#4767=PLANE('',#5485);
#4768=PLANE('',#5488);
#4769=PLANE('',#5491);
#4770=PLANE('',#5494);
#4771=PLANE('',#5495);
#4772=PLANE('',#5509);
#4773=PLANE('',#5512);
#4774=PLANE('',#5514);
#4775=PLANE('',#5517);
#4776=PLANE('',#5519);
#4777=PLANE('',#5521);
#4778=PLANE('',#5524);
#4779=PLANE('',#5527);
#4780=PLANE('',#5530);
#4781=PLANE('',#5533);
#4782=PLANE('',#5534);
#4783=PLANE('',#5536);
#4784=PLANE('',#5538);
#4785=PLANE('',#5540);
#4786=PLANE('',#5542);
#4787=PLANE('',#5547);
#4788=PLANE('',#5549);
#4789=PLANE('',#5552);
#4790=PLANE('',#5554);
#4791=PLANE('',#5557);
#4792=PLANE('',#5558);
#4793=PLANE('',#5559);
#4794=PLANE('',#5560);
#4795=PLANE('',#5561);
#4796=PLANE('',#5562);
#4797=PLANE('',#5563);
#4798=PLANE('',#5568);
#4799=PLANE('',#5569);
#4800=PLANE('',#5573);
#4801=PLANE('',#5577);
#4802=PLANE('',#5581);
#4803=PLANE('',#5585);
#4804=PLANE('',#5588);
#4805=PLANE('',#5592);
#4806=PLANE('',#5595);
#4807=PLANE('',#5597);
#4808=PLANE('',#5598);
#4809=PLANE('',#5599);
#4810=PLANE('',#5600);
#4811=PLANE('',#5601);
#4812=PLANE('',#5602);
#4813=PLANE('',#5603);
#4814=ADVANCED_FACE('',(#367),#4655,.F.);
#4815=ADVANCED_FACE('',(#368),#333,.F.);
#4816=ADVANCED_FACE('',(#369),#4656,.F.);
#4817=ADVANCED_FACE('',(#370),#334,.F.);
#4818=ADVANCED_FACE('',(#371),#4657,.F.);
#4819=ADVANCED_FACE('',(#372),#335,.F.);
#4820=ADVANCED_FACE('',(#373),#4658,.F.);
#4821=ADVANCED_FACE('',(#374),#336,.F.);
#4822=ADVANCED_FACE('',(#375),#32,.F.);
#4823=ADVANCED_FACE('',(#376),#4659,.F.);
#4824=ADVANCED_FACE('',(#377),#33,.F.);
#4825=ADVANCED_FACE('',(#378),#4660,.F.);
#4826=ADVANCED_FACE('',(#379,#19,#20),#4661,.F.);
#4827=ADVANCED_FACE('',(#380),#4662,.F.);
#4828=ADVANCED_FACE('',(#381),#337,.F.);
#4829=ADVANCED_FACE('',(#382),#4663,.F.);
#4830=ADVANCED_FACE('',(#383),#338,.F.);
#4831=ADVANCED_FACE('',(#384),#4664,.F.);
#4832=ADVANCED_FACE('',(#385),#339,.F.);
#4833=ADVANCED_FACE('',(#386),#4665,.F.);
#4834=ADVANCED_FACE('',(#387),#340,.F.);
#4835=ADVANCED_FACE('',(#388),#4666,.F.);
#4836=ADVANCED_FACE('',(#389),#341,.F.);
#4837=ADVANCED_FACE('',(#390),#4667,.F.);
#4838=ADVANCED_FACE('',(#391),#4668,.F.);
#4839=ADVANCED_FACE('',(#392),#4669,.F.);
#4840=ADVANCED_FACE('',(#393),#4670,.F.);
#4841=ADVANCED_FACE('',(#394),#342,.F.);
#4842=ADVANCED_FACE('',(#395),#4671,.F.);
#4843=ADVANCED_FACE('',(#396),#343,.F.);
#4844=ADVANCED_FACE('',(#397),#4672,.F.);
#4845=ADVANCED_FACE('',(#398),#4673,.F.);
#4846=ADVANCED_FACE('',(#399),#344,.F.);
#4847=ADVANCED_FACE('',(#400),#4674,.F.);
#4848=ADVANCED_FACE('',(#401),#4675,.F.);
#4849=ADVANCED_FACE('',(#402),#345,.F.);
#4850=ADVANCED_FACE('',(#403),#4676,.F.);
#4851=ADVANCED_FACE('',(#404),#4677,.F.);
#4852=ADVANCED_FACE('',(#405),#346,.F.);
#4853=ADVANCED_FACE('',(#406),#4678,.F.);
#4854=ADVANCED_FACE('',(#407),#347,.F.);
#4855=ADVANCED_FACE('',(#408),#4679,.F.);
#4856=ADVANCED_FACE('',(#409),#4680,.F.);
#4857=ADVANCED_FACE('',(#410),#348,.F.);
#4858=ADVANCED_FACE('',(#411),#4681,.F.);
#4859=ADVANCED_FACE('',(#412),#4682,.F.);
#4860=ADVANCED_FACE('',(#413),#349,.F.);
#4861=ADVANCED_FACE('',(#414),#4683,.F.);
#4862=ADVANCED_FACE('',(#415),#4684,.F.);
#4863=ADVANCED_FACE('',(#416),#350,.F.);
#4864=ADVANCED_FACE('',(#417),#4685,.F.);
#4865=ADVANCED_FACE('',(#418),#351,.F.);
#4866=ADVANCED_FACE('',(#419),#4686,.F.);
#4867=ADVANCED_FACE('',(#420),#4687,.F.);
#4868=ADVANCED_FACE('',(#421),#352,.F.);
#4869=ADVANCED_FACE('',(#422),#4688,.F.);
#4870=ADVANCED_FACE('',(#423),#4689,.F.);
#4871=ADVANCED_FACE('',(#424),#353,.F.);
#4872=ADVANCED_FACE('',(#425),#4690,.F.);
#4873=ADVANCED_FACE('',(#426),#354,.F.);
#4874=ADVANCED_FACE('',(#427),#4691,.F.);
#4875=ADVANCED_FACE('',(#428),#4692,.F.);
#4876=ADVANCED_FACE('',(#429),#355,.F.);
#4877=ADVANCED_FACE('',(#430),#4693,.F.);
#4878=ADVANCED_FACE('',(#431),#4694,.F.);
#4879=ADVANCED_FACE('',(#432),#4695,.F.);
#4880=ADVANCED_FACE('',(#433),#356,.F.);
#4881=ADVANCED_FACE('',(#434),#4696,.F.);
#4882=ADVANCED_FACE('',(#435),#4697,.F.);
#4883=ADVANCED_FACE('',(#436),#4698,.F.);
#4884=ADVANCED_FACE('',(#437),#34,.F.);
#4885=ADVANCED_FACE('',(#438),#4699,.F.);
#4886=ADVANCED_FACE('',(#439),#4700,.F.);
#4887=ADVANCED_FACE('',(#440),#35,.F.);
#4888=ADVANCED_FACE('',(#441),#4701,.F.);
#4889=ADVANCED_FACE('',(#442),#36,.F.);
#4890=ADVANCED_FACE('',(#443),#4702,.F.);
#4891=ADVANCED_FACE('',(#444),#4703,.F.);
#4892=ADVANCED_FACE('',(#445),#37,.F.);
#4893=ADVANCED_FACE('',(#446),#4704,.F.);
#4894=ADVANCED_FACE('',(#447),#4705,.F.);
#4895=ADVANCED_FACE('',(#448),#38,.F.);
#4896=ADVANCED_FACE('',(#449),#4706,.F.);
#4897=ADVANCED_FACE('',(#450),#4707,.F.);
#4898=ADVANCED_FACE('',(#451),#39,.F.);
#4899=ADVANCED_FACE('',(#452),#4708,.F.);
#4900=ADVANCED_FACE('',(#453),#40,.F.);
#4901=ADVANCED_FACE('',(#454),#4709,.F.);
#4902=ADVANCED_FACE('',(#455),#4710,.F.);
#4903=ADVANCED_FACE('',(#456),#41,.F.);
#4904=ADVANCED_FACE('',(#457),#4711,.F.);
#4905=ADVANCED_FACE('',(#458),#4712,.F.);
#4906=ADVANCED_FACE('',(#459),#42,.F.);
#4907=ADVANCED_FACE('',(#460),#4713,.F.);
#4908=ADVANCED_FACE('',(#461),#4714,.F.);
#4909=ADVANCED_FACE('',(#462),#43,.F.);
#4910=ADVANCED_FACE('',(#463),#4715,.F.);
#4911=ADVANCED_FACE('',(#464),#44,.F.);
#4912=ADVANCED_FACE('',(#465),#4716,.F.);
#4913=ADVANCED_FACE('',(#466),#4717,.F.);
#4914=ADVANCED_FACE('',(#467),#45,.F.);
#4915=ADVANCED_FACE('',(#468),#4718,.F.);
#4916=ADVANCED_FACE('',(#469),#4719,.F.);
#4917=ADVANCED_FACE('',(#470),#46,.F.);
#4918=ADVANCED_FACE('',(#471),#4720,.F.);
#4919=ADVANCED_FACE('',(#472),#47,.F.);
#4920=ADVANCED_FACE('',(#473),#4721,.F.);
#4921=ADVANCED_FACE('',(#474),#4722,.F.);
#4922=ADVANCED_FACE('',(#475),#48,.F.);
#4923=ADVANCED_FACE('',(#476),#4723,.F.);
#4924=ADVANCED_FACE('',(#477),#4724,.F.);
#4925=ADVANCED_FACE('',(#478),#4725,.F.);
#4926=ADVANCED_FACE('',(#479),#49,.F.);
#4927=ADVANCED_FACE('',(#480),#4726,.F.);
#4928=ADVANCED_FACE('',(#481),#4727,.F.);
#4929=ADVANCED_FACE('',(#482),#357,.T.);
#4930=ADVANCED_FACE('',(#483),#4728,.F.);
#4931=ADVANCED_FACE('',(#484),#358,.F.);
#4932=ADVANCED_FACE('',(#485),#4729,.F.);
#4933=ADVANCED_FACE('',(#486),#359,.T.);
#4934=ADVANCED_FACE('',(#487),#4730,.F.);
#4935=ADVANCED_FACE('',(#488),#360,.T.);
#4936=ADVANCED_FACE('',(#489),#4731,.F.);
#4937=ADVANCED_FACE('',(#490),#361,.T.);
#4938=ADVANCED_FACE('',(#491),#4732,.F.);
#4939=ADVANCED_FACE('',(#492),#362,.F.);
#4940=ADVANCED_FACE('',(#493),#4733,.F.);
#4941=ADVANCED_FACE('',(#494),#363,.T.);
#4942=ADVANCED_FACE('',(#495),#4734,.F.);
#4943=ADVANCED_FACE('',(#496),#364,.T.);
#4944=ADVANCED_FACE('',(#497),#4735,.F.);
#4945=ADVANCED_FACE('',(#498),#365,.T.);
#4946=ADVANCED_FACE('',(#499),#4736,.F.);
#4947=ADVANCED_FACE('',(#500),#366,.T.);
#4948=ADVANCED_FACE('',(#501),#50,.T.);
#4949=ADVANCED_FACE('',(#502,#21),#4737,.F.);
#4950=ADVANCED_FACE('',(#503),#51,.T.);
#4951=ADVANCED_FACE('',(#504),#4738,.F.);
#4952=ADVANCED_FACE('',(#505),#52,.T.);
#4953=ADVANCED_FACE('',(#506),#4739,.F.);
#4954=ADVANCED_FACE('',(#507),#53,.F.);
#4955=ADVANCED_FACE('',(#508),#4740,.F.);
#4956=ADVANCED_FACE('',(#509),#54,.T.);
#4957=ADVANCED_FACE('',(#510),#4741,.F.);
#4958=ADVANCED_FACE('',(#511),#55,.F.);
#4959=ADVANCED_FACE('',(#512,#22),#4742,.T.);
#4960=ADVANCED_FACE('',(#513),#56,.F.);
#4961=ADVANCED_FACE('',(#514),#57,.F.);
#4962=ADVANCED_FACE('',(#515),#4743,.T.);
#4963=ADVANCED_FACE('',(#516),#58,.F.);
#4964=ADVANCED_FACE('',(#517),#4744,.T.);
#4965=ADVANCED_FACE('',(#518),#4745,.T.);
#4966=ADVANCED_FACE('',(#519),#59,.T.);
#4967=ADVANCED_FACE('',(#520),#4746,.T.);
#4968=ADVANCED_FACE('',(#521),#4747,.T.);
#4969=ADVANCED_FACE('',(#522),#60,.F.);
#4970=ADVANCED_FACE('',(#523),#4748,.F.);
#4971=ADVANCED_FACE('',(#524),#61,.F.);
#4972=ADVANCED_FACE('',(#525),#4749,.F.);
#4973=ADVANCED_FACE('',(#526),#62,.F.);
#4974=ADVANCED_FACE('',(#527),#4750,.F.);
#4975=ADVANCED_FACE('',(#528),#63,.F.);
#4976=ADVANCED_FACE('',(#529),#4751,.F.);
#4977=ADVANCED_FACE('',(#530),#64,.F.);
#4978=ADVANCED_FACE('',(#531,#23),#4752,.T.);
#4979=ADVANCED_FACE('',(#532),#65,.F.);
#4980=ADVANCED_FACE('',(#533,#24,#25),#4753,.T.);
#4981=ADVANCED_FACE('',(#534),#4754,.T.);
#4982=ADVANCED_FACE('',(#535),#66,.T.);
#4983=ADVANCED_FACE('',(#536),#67,.F.);
#4984=ADVANCED_FACE('',(#537),#4755,.T.);
#4985=ADVANCED_FACE('',(#538),#68,.T.);
#4986=ADVANCED_FACE('',(#539),#4756,.T.);
#4987=ADVANCED_FACE('',(#540,#26),#4757,.T.);
#4988=ADVANCED_FACE('',(#541),#69,.F.);
#4989=ADVANCED_FACE('',(#542),#4758,.T.);
#4990=ADVANCED_FACE('',(#543),#70,.T.);
#4991=ADVANCED_FACE('',(#544),#71,.F.);
#4992=ADVANCED_FACE('',(#545),#4759,.T.);
#4993=ADVANCED_FACE('',(#546),#72,.T.);
#4994=ADVANCED_FACE('',(#547),#4760,.T.);
#4995=ADVANCED_FACE('',(#548),#73,.F.);
#4996=ADVANCED_FACE('',(#549),#4761,.T.);
#4997=ADVANCED_FACE('',(#550),#74,.F.);
#4998=ADVANCED_FACE('',(#551),#75,.T.);
#4999=ADVANCED_FACE('',(#552),#4762,.T.);
#5000=ADVANCED_FACE('',(#553,#27,#28),#4763,.T.);
#5001=ADVANCED_FACE('',(#554),#76,.F.);
#5002=ADVANCED_FACE('',(#555),#4764,.T.);
#5003=ADVANCED_FACE('',(#556),#77,.T.);
#5004=ADVANCED_FACE('',(#557),#78,.F.);
#5005=ADVANCED_FACE('',(#558),#4765,.T.);
#5006=ADVANCED_FACE('',(#559),#79,.T.);
#5007=ADVANCED_FACE('',(#560),#4766,.T.);
#5008=ADVANCED_FACE('',(#561),#80,.F.);
#5009=ADVANCED_FACE('',(#562),#4767,.T.);
#5010=ADVANCED_FACE('',(#563),#81,.F.);
#5011=ADVANCED_FACE('',(#564),#82,.T.);
#5012=ADVANCED_FACE('',(#565),#4768,.T.);
#5013=ADVANCED_FACE('',(#566),#83,.F.);
#5014=ADVANCED_FACE('',(#567),#4769,.T.);
#5015=ADVANCED_FACE('',(#568),#84,.T.);
#5016=ADVANCED_FACE('',(#569),#4770,.T.);
#5017=ADVANCED_FACE('',(#570,#29),#4771,.T.);
#5018=ADVANCED_FACE('',(#571),#85,.F.);
#5019=ADVANCED_FACE('',(#572),#4772,.T.);
#5020=ADVANCED_FACE('',(#573),#86,.T.);
#5021=ADVANCED_FACE('',(#574),#87,.F.);
#5022=ADVANCED_FACE('',(#575),#4773,.T.);
#5023=ADVANCED_FACE('',(#576),#88,.F.);
#5024=ADVANCED_FACE('',(#577),#4774,.T.);
#5025=ADVANCED_FACE('',(#578),#89,.T.);
#5026=ADVANCED_FACE('',(#579),#90,.T.);
#5027=ADVANCED_FACE('',(#580),#4775,.T.);
#5028=ADVANCED_FACE('',(#581),#91,.T.);
#5029=ADVANCED_FACE('',(#582),#4776,.T.);
#5030=ADVANCED_FACE('',(#583),#92,.F.);
#5031=ADVANCED_FACE('',(#584),#4777,.T.);
#5032=ADVANCED_FACE('',(#585),#93,.F.);
#5033=ADVANCED_FACE('',(#586),#4778,.F.);
#5034=ADVANCED_FACE('',(#587),#94,.F.);
#5035=ADVANCED_FACE('',(#588),#4779,.F.);
#5036=ADVANCED_FACE('',(#589),#95,.F.);
#5037=ADVANCED_FACE('',(#590),#4780,.F.);
#5038=ADVANCED_FACE('',(#591),#96,.F.);
#5039=ADVANCED_FACE('',(#592),#4781,.F.);
#5040=ADVANCED_FACE('',(#593),#4782,.F.);
#5041=ADVANCED_FACE('',(#594),#97,.F.);
#5042=ADVANCED_FACE('',(#595),#4783,.F.);
#5043=ADVANCED_FACE('',(#596),#98,.T.);
#5044=ADVANCED_FACE('',(#597),#4784,.F.);
#5045=ADVANCED_FACE('',(#598),#99,.T.);
#5046=ADVANCED_FACE('',(#599),#4785,.F.);
#5047=ADVANCED_FACE('',(#600),#100,.T.);
#5048=ADVANCED_FACE('',(#601),#4786,.F.);
#5049=ADVANCED_FACE('',(#602),#101,.T.);
#5050=ADVANCED_FACE('',(#603),#102,.F.);
#5051=ADVANCED_FACE('',(#604),#103,.F.);
#5052=ADVANCED_FACE('',(#605),#104,.F.);
#5053=ADVANCED_FACE('',(#606),#4787,.T.);
#5054=ADVANCED_FACE('',(#607),#105,.F.);
#5055=ADVANCED_FACE('',(#608),#4788,.T.);
#5056=ADVANCED_FACE('',(#609),#106,.F.);
#5057=ADVANCED_FACE('',(#610),#107,.F.);
#5058=ADVANCED_FACE('',(#611),#4789,.T.);
#5059=ADVANCED_FACE('',(#612),#108,.F.);
#5060=ADVANCED_FACE('',(#613),#4790,.T.);
#5061=ADVANCED_FACE('',(#614),#109,.T.);
#5062=ADVANCED_FACE('',(#615),#110,.F.);
#5063=ADVANCED_FACE('',(#616),#4791,.T.);
#5064=ADVANCED_FACE('',(#617),#4792,.T.);
#5065=ADVANCED_FACE('',(#618),#4793,.T.);
#5066=ADVANCED_FACE('',(#619),#4794,.T.);
#5067=ADVANCED_FACE('',(#620),#4795,.T.);
#5068=ADVANCED_FACE('',(#621),#4796,.T.);
#5069=ADVANCED_FACE('',(#622),#4797,.T.);
#5070=ADVANCED_FACE('',(#623),#111,.F.);
#5071=ADVANCED_FACE('',(#624),#112,.F.);
#5072=ADVANCED_FACE('',(#625),#4798,.F.);
#5073=ADVANCED_FACE('',(#626),#4799,.F.);
#5074=ADVANCED_FACE('',(#627),#113,.F.);
#5075=ADVANCED_FACE('',(#628),#4800,.T.);
#5076=ADVANCED_FACE('',(#629),#114,.F.);
#5077=ADVANCED_FACE('',(#630),#4801,.T.);
#5078=ADVANCED_FACE('',(#631),#115,.F.);
#5079=ADVANCED_FACE('',(#632),#4802,.T.);
#5080=ADVANCED_FACE('',(#633),#116,.F.);
#5081=ADVANCED_FACE('',(#634),#4803,.T.);
#5082=ADVANCED_FACE('',(#635),#117,.F.);
#5083=ADVANCED_FACE('',(#636,#30,#31),#4804,.T.);
#5084=ADVANCED_FACE('',(#637),#4805,.T.);
#5085=ADVANCED_FACE('',(#638),#118,.F.);
#5086=ADVANCED_FACE('',(#639),#119,.F.);
#5087=ADVANCED_FACE('',(#640),#4806,.T.);
#5088=ADVANCED_FACE('',(#641),#120,.F.);
#5089=ADVANCED_FACE('',(#642),#4807,.T.);
#5090=ADVANCED_FACE('',(#643),#4808,.T.);
#5091=ADVANCED_FACE('',(#644),#4809,.T.);
#5092=ADVANCED_FACE('',(#645),#4810,.T.);
#5093=ADVANCED_FACE('',(#646),#4811,.T.);
#5094=ADVANCED_FACE('',(#647),#4812,.T.);
#5095=ADVANCED_FACE('',(#648),#4813,.F.);
#5096=CLOSED_SHELL('',(#4814,#4815,#4816,#4817,#4818,#4819,#4820,#4821,
#4822,#4823,#4824,#4825,#4826,#4827,#4828,#4829,#4830,#4831,#4832,#4833,
#4834,#4835,#4836,#4837,#4838,#4839,#4840,#4841,#4842,#4843,#4844,#4845,
#4846,#4847,#4848,#4849,#4850,#4851,#4852,#4853,#4854,#4855,#4856,#4857,
#4858,#4859,#4860,#4861,#4862,#4863,#4864,#4865,#4866,#4867,#4868,#4869,
#4870,#4871,#4872,#4873,#4874,#4875,#4876,#4877,#4878,#4879,#4880,#4881,
#4882,#4883,#4884,#4885,#4886,#4887,#4888,#4889,#4890,#4891,#4892,#4893,
#4894,#4895,#4896,#4897,#4898,#4899,#4900,#4901,#4902,#4903,#4904,#4905,
#4906,#4907,#4908,#4909,#4910,#4911,#4912,#4913,#4914,#4915,#4916,#4917,
#4918,#4919,#4920,#4921,#4922,#4923,#4924,#4925,#4926,#4927,#4928,#4929,
#4930,#4931,#4932,#4933,#4934,#4935,#4936,#4937,#4938,#4939,#4940,#4941,
#4942,#4943,#4944,#4945,#4946,#4947,#4948,#4949,#4950,#4951,#4952,#4953,
#4954,#4955,#4956,#4957,#4958,#4959,#4960,#4961,#4962,#4963,#4964,#4965,
#4966,#4967,#4968,#4969,#4970,#4971,#4972,#4973,#4974,#4975,#4976,#4977,
#4978,#4979,#4980,#4981,#4982,#4983,#4984,#4985,#4986,#4987,#4988,#4989,
#4990,#4991,#4992,#4993,#4994,#4995,#4996,#4997,#4998,#4999,#5000,#5001,
#5002,#5003,#5004,#5005,#5006,#5007,#5008,#5009,#5010,#5011,#5012,#5013,
#5014,#5015,#5016,#5017,#5018,#5019,#5020,#5021,#5022,#5023,#5024,#5025,
#5026,#5027,#5028,#5029,#5030,#5031,#5032,#5033,#5034,#5035,#5036,#5037,
#5038,#5039,#5040,#5041,#5042,#5043,#5044,#5045,#5046,#5047,#5048,#5049,
#5050,#5051,#5052,#5053,#5054,#5055,#5056,#5057,#5058,#5059,#5060,#5061,
#5062,#5063,#5064,#5065,#5066,#5067,#5068,#5069,#5070,#5071,#5072,#5073,
#5074,#5075,#5076,#5077,#5078,#5079,#5080,#5081,#5082,#5083,#5084,#5085,
#5086,#5087,#5088,#5089,#5090,#5091,#5092,#5093,#5094,#5095));
#5097=DERIVED_UNIT_ELEMENT(#5099,1.);
#5098=DERIVED_UNIT_ELEMENT(#8630,-3.);
#5099=(
MASS_UNIT()
NAMED_UNIT(*)
SI_UNIT(.KILO.,.GRAM.)
);
#5100=DERIVED_UNIT((#5097,#5098));
#5101=MEASURE_REPRESENTATION_ITEM('density measure',
POSITIVE_RATIO_MEASURE(7850.),#5100);
#5102=PROPERTY_DEFINITION_REPRESENTATION(#5107,#5104);
#5103=PROPERTY_DEFINITION_REPRESENTATION(#5108,#5105);
#5104=REPRESENTATION('material name',(#5106),#8627);
#5105=REPRESENTATION('density',(#5101),#8627);
#5106=DESCRIPTIVE_REPRESENTATION_ITEM('\X2\AC15CCA0\X0\','\X2\AC15CCA0\X0\');
#5107=PROPERTY_DEFINITION('material property','material name',#8637);
#5108=PROPERTY_DEFINITION('material property','density of part',#8637);
#5109=AXIS2_PLACEMENT_3D('',#7114,#5604,#5605);
#5110=AXIS2_PLACEMENT_3D('',#7115,#5606,#5607);
#5111=AXIS2_PLACEMENT_3D('',#7124,#5612,#5613);
#5112=AXIS2_PLACEMENT_3D('',#7126,#5614,#5615);
#5113=AXIS2_PLACEMENT_3D('',#7129,#5617,#5618);
#5114=AXIS2_PLACEMENT_3D('',#7130,#5619,#5620);
#5115=AXIS2_PLACEMENT_3D('',#7136,#5624,#5625);
#5116=AXIS2_PLACEMENT_3D('',#7138,#5626,#5627);
#5117=AXIS2_PLACEMENT_3D('',#7141,#5629,#5630);
#5118=AXIS2_PLACEMENT_3D('',#7142,#5631,#5632);
#5119=AXIS2_PLACEMENT_3D('',#7148,#5636,#5637);
#5120=AXIS2_PLACEMENT_3D('',#7150,#5638,#5639);
#5121=AXIS2_PLACEMENT_3D('',#7153,#5641,#5642);
#5122=AXIS2_PLACEMENT_3D('',#7154,#5643,#5644);
#5123=AXIS2_PLACEMENT_3D('',#7160,#5648,#5649);
#5124=AXIS2_PLACEMENT_3D('',#7161,#5650,#5651);
#5125=AXIS2_PLACEMENT_3D('',#7162,#5652,#5653);
#5126=AXIS2_PLACEMENT_3D('',#7163,#5654,#5655);
#5127=AXIS2_PLACEMENT_3D('',#7167,#5657,#5658);
#5128=AXIS2_PLACEMENT_3D('',#7169,#5660,#5661);
#5129=AXIS2_PLACEMENT_3D('',#7173,#5664,#5665);
#5130=AXIS2_PLACEMENT_3D('',#7175,#5666,#5667);
#5131=AXIS2_PLACEMENT_3D('',#7177,#5669,#5670);
#5132=AXIS2_PLACEMENT_3D('',#7181,#5673,#5674);
#5133=AXIS2_PLACEMENT_3D('',#7186,#5676,#5677);
#5134=AXIS2_PLACEMENT_3D('',#7190,#5679,#5680);
#5135=AXIS2_PLACEMENT_3D('',#7194,#5682,#5683);
#5136=AXIS2_PLACEMENT_3D('',#7198,#5685,#5686);
#5137=AXIS2_PLACEMENT_3D('',#7202,#5688,#5689);
#5138=AXIS2_PLACEMENT_3D('',#7206,#5691,#5692);
#5139=AXIS2_PLACEMENT_3D('',#7210,#5694,#5695);
#5140=AXIS2_PLACEMENT_3D('',#7214,#5697,#5698);
#5141=AXIS2_PLACEMENT_3D('',#7218,#5700,#5701);
#5142=AXIS2_PLACEMENT_3D('',#7221,#5703,#5704);
#5143=AXIS2_PLACEMENT_3D('',#7226,#5706,#5707);
#5144=AXIS2_PLACEMENT_3D('',#7232,#5710,#5711);
#5145=AXIS2_PLACEMENT_3D('',#7236,#5713,#5714);
#5146=AXIS2_PLACEMENT_3D('',#7242,#5717,#5718);
#5147=AXIS2_PLACEMENT_3D('',#7248,#5721,#5722);
#5148=AXIS2_PLACEMENT_3D('',#7254,#5725,#5726);
#5149=AXIS2_PLACEMENT_3D('',#7258,#5728,#5729);
#5150=AXIS2_PLACEMENT_3D('',#7264,#5732,#5733);
#5151=AXIS2_PLACEMENT_3D('',#7270,#5736,#5737);
#5152=AXIS2_PLACEMENT_3D('',#7276,#5740,#5741);
#5153=AXIS2_PLACEMENT_3D('',#7280,#5743,#5744);
#5154=AXIS2_PLACEMENT_3D('',#7286,#5747,#5748);
#5155=AXIS2_PLACEMENT_3D('',#7292,#5751,#5752);
#5156=AXIS2_PLACEMENT_3D('',#7296,#5754,#5755);
#5157=AXIS2_PLACEMENT_3D('',#7302,#5758,#5759);
#5158=AXIS2_PLACEMENT_3D('',#7310,#5763,#5764);
#5159=AXIS2_PLACEMENT_3D('',#7318,#5768,#5769);
#5160=AXIS2_PLACEMENT_3D('',#7322,#5771,#5772);
#5161=AXIS2_PLACEMENT_3D('',#7326,#5774,#5775);
#5162=AXIS2_PLACEMENT_3D('',#7329,#5777,#5778);
#5163=AXIS2_PLACEMENT_3D('',#7330,#5779,#5780);
#5164=AXIS2_PLACEMENT_3D('',#7340,#5784,#5785);
#5165=AXIS2_PLACEMENT_3D('',#7343,#5787,#5788);
#5166=AXIS2_PLACEMENT_3D('',#7344,#5789,#5790);
#5167=AXIS2_PLACEMENT_3D('',#7348,#5793,#5794);
#5168=AXIS2_PLACEMENT_3D('',#7351,#5796,#5797);
#5169=AXIS2_PLACEMENT_3D('',#7352,#5798,#5799);
#5170=AXIS2_PLACEMENT_3D('',#7356,#5802,#5803);
#5171=AXIS2_PLACEMENT_3D('',#7359,#5805,#5806);
#5172=AXIS2_PLACEMENT_3D('',#7360,#5807,#5808);
#5173=AXIS2_PLACEMENT_3D('',#7364,#5811,#5812);
#5174=AXIS2_PLACEMENT_3D('',#7367,#5814,#5815);
#5175=AXIS2_PLACEMENT_3D('',#7368,#5816,#5817);
#5176=AXIS2_PLACEMENT_3D('',#7372,#5820,#5821);
#5177=AXIS2_PLACEMENT_3D('',#7376,#5823,#5824);
#5178=AXIS2_PLACEMENT_3D('',#7378,#5826,#5827);
#5179=AXIS2_PLACEMENT_3D('',#7382,#5830,#5831);
#5180=AXIS2_PLACEMENT_3D('',#7386,#5834,#5835);
#5181=AXIS2_PLACEMENT_3D('',#7388,#5837,#5838);
#5182=AXIS2_PLACEMENT_3D('',#7394,#5842,#5843);
#5183=AXIS2_PLACEMENT_3D('',#7397,#5845,#5846);
#5184=AXIS2_PLACEMENT_3D('',#7398,#5847,#5848);
#5185=AXIS2_PLACEMENT_3D('',#7402,#5851,#5852);
#5186=AXIS2_PLACEMENT_3D('',#7405,#5854,#5855);
#5187=AXIS2_PLACEMENT_3D('',#7406,#5856,#5857);
#5188=AXIS2_PLACEMENT_3D('',#7408,#5859,#5860);
#5189=AXIS2_PLACEMENT_3D('',#7414,#5864,#5865);
#5190=AXIS2_PLACEMENT_3D('',#7417,#5867,#5868);
#5191=AXIS2_PLACEMENT_3D('',#7418,#5869,#5870);
#5192=AXIS2_PLACEMENT_3D('',#7420,#5872,#5873);
#5193=AXIS2_PLACEMENT_3D('',#7426,#5877,#5878);
#5194=AXIS2_PLACEMENT_3D('',#7429,#5880,#5881);
#5195=AXIS2_PLACEMENT_3D('',#7430,#5882,#5883);
#5196=AXIS2_PLACEMENT_3D('',#7432,#5885,#5886);
#5197=AXIS2_PLACEMENT_3D('',#7438,#5890,#5891);
#5198=AXIS2_PLACEMENT_3D('',#7441,#5893,#5894);
#5199=AXIS2_PLACEMENT_3D('',#7442,#5895,#5896);
#5200=AXIS2_PLACEMENT_3D('',#7446,#5899,#5900);
#5201=AXIS2_PLACEMENT_3D('',#7449,#5902,#5903);
#5202=AXIS2_PLACEMENT_3D('',#7450,#5904,#5905);
#5203=AXIS2_PLACEMENT_3D('',#7452,#5907,#5908);
#5204=AXIS2_PLACEMENT_3D('',#7458,#5912,#5913);
#5205=AXIS2_PLACEMENT_3D('',#7461,#5915,#5916);
#5206=AXIS2_PLACEMENT_3D('',#7462,#5917,#5918);
#5207=AXIS2_PLACEMENT_3D('',#7464,#5920,#5921);
#5208=AXIS2_PLACEMENT_3D('',#7470,#5925,#5926);
#5209=AXIS2_PLACEMENT_3D('',#7473,#5928,#5929);
#5210=AXIS2_PLACEMENT_3D('',#7474,#5930,#5931);
#5211=AXIS2_PLACEMENT_3D('',#7476,#5933,#5934);
#5212=AXIS2_PLACEMENT_3D('',#7482,#5938,#5939);
#5213=AXIS2_PLACEMENT_3D('',#7485,#5941,#5942);
#5214=AXIS2_PLACEMENT_3D('',#7486,#5943,#5944);
#5215=AXIS2_PLACEMENT_3D('',#7490,#5947,#5948);
#5216=AXIS2_PLACEMENT_3D('',#7493,#5950,#5951);
#5217=AXIS2_PLACEMENT_3D('',#7494,#5952,#5953);
#5218=AXIS2_PLACEMENT_3D('',#7496,#5955,#5956);
#5219=AXIS2_PLACEMENT_3D('',#7502,#5960,#5961);
#5220=AXIS2_PLACEMENT_3D('',#7505,#5963,#5964);
#5221=AXIS2_PLACEMENT_3D('',#7506,#5965,#5966);
#5222=AXIS2_PLACEMENT_3D('',#7508,#5968,#5969);
#5223=AXIS2_PLACEMENT_3D('',#7514,#5973,#5974);
#5224=AXIS2_PLACEMENT_3D('',#7517,#5976,#5977);
#5225=AXIS2_PLACEMENT_3D('',#7518,#5978,#5979);
#5226=AXIS2_PLACEMENT_3D('',#7522,#5982,#5983);
#5227=AXIS2_PLACEMENT_3D('',#7525,#5985,#5986);
#5228=AXIS2_PLACEMENT_3D('',#7526,#5987,#5988);
#5229=AXIS2_PLACEMENT_3D('',#7528,#5990,#5991);
#5230=AXIS2_PLACEMENT_3D('',#7534,#5995,#5996);
#5231=AXIS2_PLACEMENT_3D('',#7537,#5998,#5999);
#5232=AXIS2_PLACEMENT_3D('',#7538,#6000,#6001);
#5233=AXIS2_PLACEMENT_3D('',#7540,#6003,#6004);
#5234=AXIS2_PLACEMENT_3D('',#7544,#6007,#6008);
#5235=AXIS2_PLACEMENT_3D('',#7548,#6011,#6012);
#5236=AXIS2_PLACEMENT_3D('',#7551,#6014,#6015);
#5237=AXIS2_PLACEMENT_3D('',#7552,#6016,#6017);
#5238=AXIS2_PLACEMENT_3D('',#7554,#6019,#6020);
#5239=AXIS2_PLACEMENT_3D('',#7560,#6024,#6025);
#5240=AXIS2_PLACEMENT_3D('',#7564,#6028,#6029);
#5241=AXIS2_PLACEMENT_3D('',#7566,#6030,#6031);
#5242=AXIS2_PLACEMENT_3D('',#7568,#6033,#6034);
#5243=AXIS2_PLACEMENT_3D('',#7572,#6037,#6038);
#5244=AXIS2_PLACEMENT_3D('',#7576,#6041,#6042);
#5245=AXIS2_PLACEMENT_3D('',#7578,#6043,#6044);
#5246=AXIS2_PLACEMENT_3D('',#7580,#6046,#6047);
#5247=AXIS2_PLACEMENT_3D('',#7584,#6050,#6051);
#5248=AXIS2_PLACEMENT_3D('',#7586,#6052,#6053);
#5249=AXIS2_PLACEMENT_3D('',#7588,#6055,#6056);
#5250=AXIS2_PLACEMENT_3D('',#7592,#6059,#6060);
#5251=AXIS2_PLACEMENT_3D('',#7596,#6063,#6064);
#5252=AXIS2_PLACEMENT_3D('',#7598,#6065,#6066);
#5253=AXIS2_PLACEMENT_3D('',#7600,#6068,#6069);
#5254=AXIS2_PLACEMENT_3D('',#7604,#6072,#6073);
#5255=AXIS2_PLACEMENT_3D('',#7608,#6076,#6077);
#5256=AXIS2_PLACEMENT_3D('',#7610,#6078,#6079);
#5257=AXIS2_PLACEMENT_3D('',#7612,#6081,#6082);
#5258=AXIS2_PLACEMENT_3D('',#7616,#6085,#6086);
#5259=AXIS2_PLACEMENT_3D('',#7620,#6089,#6090);
#5260=AXIS2_PLACEMENT_3D('',#7622,#6091,#6092);
#5261=AXIS2_PLACEMENT_3D('',#7624,#6094,#6095);
#5262=AXIS2_PLACEMENT_3D('',#7628,#6098,#6099);
#5263=AXIS2_PLACEMENT_3D('',#7630,#6100,#6101);
#5264=AXIS2_PLACEMENT_3D('',#7632,#6103,#6104);
#5265=AXIS2_PLACEMENT_3D('',#7636,#6107,#6108);
#5266=AXIS2_PLACEMENT_3D('',#7640,#6111,#6112);
#5267=AXIS2_PLACEMENT_3D('',#7642,#6113,#6114);
#5268=AXIS2_PLACEMENT_3D('',#7644,#6116,#6117);
#5269=AXIS2_PLACEMENT_3D('',#7648,#6120,#6121);
#5270=AXIS2_PLACEMENT_3D('',#7652,#6124,#6125);
#5271=AXIS2_PLACEMENT_3D('',#7654,#6126,#6127);
#5272=AXIS2_PLACEMENT_3D('',#7656,#6129,#6130);
#5273=AXIS2_PLACEMENT_3D('',#7660,#6133,#6134);
#5274=AXIS2_PLACEMENT_3D('',#7664,#6137,#6138);
#5275=AXIS2_PLACEMENT_3D('',#7666,#6139,#6140);
#5276=AXIS2_PLACEMENT_3D('',#7668,#6142,#6143);
#5277=AXIS2_PLACEMENT_3D('',#7672,#6146,#6147);
#5278=AXIS2_PLACEMENT_3D('',#7674,#6148,#6149);
#5279=AXIS2_PLACEMENT_3D('',#7676,#6151,#6152);
#5280=AXIS2_PLACEMENT_3D('',#7680,#6155,#6156);
#5281=AXIS2_PLACEMENT_3D('',#7684,#6159,#6160);
#5282=AXIS2_PLACEMENT_3D('',#7686,#6161,#6162);
#5283=AXIS2_PLACEMENT_3D('',#7688,#6164,#6165);
#5284=AXIS2_PLACEMENT_3D('',#7692,#6168,#6169);
#5285=AXIS2_PLACEMENT_3D('',#7696,#6172,#6173);
#5286=AXIS2_PLACEMENT_3D('',#7698,#6174,#6175);
#5287=AXIS2_PLACEMENT_3D('',#7700,#6177,#6178);
#5288=AXIS2_PLACEMENT_3D('',#7704,#6181,#6182);
#5289=AXIS2_PLACEMENT_3D('',#7706,#6183,#6184);
#5290=AXIS2_PLACEMENT_3D('',#7708,#6186,#6187);
#5291=AXIS2_PLACEMENT_3D('',#7712,#6190,#6191);
#5292=AXIS2_PLACEMENT_3D('',#7716,#6194,#6195);
#5293=AXIS2_PLACEMENT_3D('',#7718,#6196,#6197);
#5294=AXIS2_PLACEMENT_3D('',#7720,#6199,#6200);
#5295=AXIS2_PLACEMENT_3D('',#7724,#6203,#6204);
#5296=AXIS2_PLACEMENT_3D('',#7728,#6207,#6208);
#5297=AXIS2_PLACEMENT_3D('',#7732,#6211,#6212);
#5298=AXIS2_PLACEMENT_3D('',#7734,#6213,#6214);
#5299=AXIS2_PLACEMENT_3D('',#7736,#6216,#6217);
#5300=AXIS2_PLACEMENT_3D('',#7740,#6220,#6221);
#5301=AXIS2_PLACEMENT_3D('',#7746,#6225,#6226);
#5302=AXIS2_PLACEMENT_3D('',#7749,#6228,#6229);
#5303=AXIS2_PLACEMENT_3D('',#7750,#6230,#6231);
#5304=AXIS2_PLACEMENT_3D('',#7754,#6234,#6235);
#5305=AXIS2_PLACEMENT_3D('',#7757,#6237,#6238);
#5306=AXIS2_PLACEMENT_3D('',#7758,#6239,#6240);
#5307=AXIS2_PLACEMENT_3D('',#7762,#6243,#6244);
#5308=AXIS2_PLACEMENT_3D('',#7765,#6246,#6247);
#5309=AXIS2_PLACEMENT_3D('',#7766,#6248,#6249);
#5310=AXIS2_PLACEMENT_3D('',#7770,#6252,#6253);
#5311=AXIS2_PLACEMENT_3D('',#7773,#6255,#6256);
#5312=AXIS2_PLACEMENT_3D('',#7774,#6257,#6258);
#5313=AXIS2_PLACEMENT_3D('',#7778,#6261,#6262);
#5314=AXIS2_PLACEMENT_3D('',#7781,#6264,#6265);
#5315=AXIS2_PLACEMENT_3D('',#7782,#6266,#6267);
#5316=AXIS2_PLACEMENT_3D('',#7786,#6270,#6271);
#5317=AXIS2_PLACEMENT_3D('',#7789,#6273,#6274);
#5318=AXIS2_PLACEMENT_3D('',#7790,#6275,#6276);
#5319=AXIS2_PLACEMENT_3D('',#7794,#6279,#6280);
#5320=AXIS2_PLACEMENT_3D('',#7797,#6282,#6283);
#5321=AXIS2_PLACEMENT_3D('',#7798,#6284,#6285);
#5322=AXIS2_PLACEMENT_3D('',#7802,#6288,#6289);
#5323=AXIS2_PLACEMENT_3D('',#7805,#6291,#6292);
#5324=AXIS2_PLACEMENT_3D('',#7806,#6293,#6294);
#5325=AXIS2_PLACEMENT_3D('',#7810,#6297,#6298);
#5326=AXIS2_PLACEMENT_3D('',#7813,#6300,#6301);
#5327=AXIS2_PLACEMENT_3D('',#7814,#6302,#6303);
#5328=AXIS2_PLACEMENT_3D('',#7818,#6306,#6307);
#5329=AXIS2_PLACEMENT_3D('',#7819,#6308,#6309);
#5330=AXIS2_PLACEMENT_3D('',#7820,#6310,#6311);
#5331=AXIS2_PLACEMENT_3D('',#7824,#6313,#6314);
#5332=AXIS2_PLACEMENT_3D('',#7826,#6316,#6317);
#5333=AXIS2_PLACEMENT_3D('',#7831,#6320,#6321);
#5334=AXIS2_PLACEMENT_3D('',#7832,#6322,#6323);
#5335=AXIS2_PLACEMENT_3D('',#7834,#6324,#6325);
#5336=AXIS2_PLACEMENT_3D('',#7836,#6327,#6328);
#5337=AXIS2_PLACEMENT_3D('',#7840,#6331,#6332);
#5338=AXIS2_PLACEMENT_3D('',#7842,#6333,#6334);
#5339=AXIS2_PLACEMENT_3D('',#7844,#6336,#6337);
#5340=AXIS2_PLACEMENT_3D('',#7848,#6340,#6341);
#5341=AXIS2_PLACEMENT_3D('',#7850,#6342,#6343);
#5342=AXIS2_PLACEMENT_3D('',#7852,#6345,#6346);
#5343=AXIS2_PLACEMENT_3D('',#7856,#6349,#6350);
#5344=AXIS2_PLACEMENT_3D('',#7858,#6351,#6352);
#5345=AXIS2_PLACEMENT_3D('',#7860,#6354,#6355);
#5346=AXIS2_PLACEMENT_3D('',#7864,#6358,#6359);
#5347=AXIS2_PLACEMENT_3D('',#7866,#6360,#6361);
#5348=AXIS2_PLACEMENT_3D('',#7868,#6363,#6364);
#5349=AXIS2_PLACEMENT_3D('',#7870,#6365,#6366);
#5350=AXIS2_PLACEMENT_3D('',#7871,#6367,#6368);
#5351=AXIS2_PLACEMENT_3D('',#7873,#6369,#6370);
#5352=AXIS2_PLACEMENT_3D('',#7875,#6372,#6373);
#5353=AXIS2_PLACEMENT_3D('',#7878,#6374,#6375);
#5354=AXIS2_PLACEMENT_3D('',#7882,#6377,#6378);
#5355=AXIS2_PLACEMENT_3D('',#7884,#6380,#6381);
#5356=AXIS2_PLACEMENT_3D('',#7888,#6383,#6384);
#5357=AXIS2_PLACEMENT_3D('',#7892,#6386,#6387);
#5358=AXIS2_PLACEMENT_3D('',#7894,#6389,#6390);
#5359=AXIS2_PLACEMENT_3D('',#7931,#6393,#6394);
#5360=AXIS2_PLACEMENT_3D('',#7937,#6398,#6399);
#5361=AXIS2_PLACEMENT_3D('',#7943,#6403,#6404);
#5362=AXIS2_PLACEMENT_3D('',#7945,#6405,#6406);
#5363=AXIS2_PLACEMENT_3D('',#7949,#6408,#6409);
#5364=AXIS2_PLACEMENT_3D('',#7953,#6411,#6412);
#5365=AXIS2_PLACEMENT_3D('',#7955,#6414,#6415);
#5366=AXIS2_PLACEMENT_3D('',#7961,#6419,#6420);
#5367=AXIS2_PLACEMENT_3D('',#7963,#6421,#6422);
#5368=AXIS2_PLACEMENT_3D('',#7967,#6424,#6425);
#5369=AXIS2_PLACEMENT_3D('',#7971,#6427,#6428);
#5370=AXIS2_PLACEMENT_3D('',#7974,#6430,#6431);
#5371=AXIS2_PLACEMENT_3D('',#7977,#6433,#6434);
#5372=AXIS2_PLACEMENT_3D('',#7981,#6436,#6437);
#5373=AXIS2_PLACEMENT_3D('',#7985,#6439,#6440);
#5374=AXIS2_PLACEMENT_3D('',#7989,#6442,#6443);
#5375=AXIS2_PLACEMENT_3D('',#7993,#6445,#6446);
#5376=AXIS2_PLACEMENT_3D('',#7997,#6448,#6449);
#5377=AXIS2_PLACEMENT_3D('',#8001,#6451,#6452);
#5378=AXIS2_PLACEMENT_3D('',#8005,#6454,#6455);
#5379=AXIS2_PLACEMENT_3D('',#8009,#6457,#6458);
#5380=AXIS2_PLACEMENT_3D('',#8011,#6460,#6461);
#5381=AXIS2_PLACEMENT_3D('',#8015,#6463,#6464);
#5382=AXIS2_PLACEMENT_3D('',#8017,#6466,#6467);
#5383=AXIS2_PLACEMENT_3D('',#8021,#6470,#6471);
#5384=AXIS2_PLACEMENT_3D('',#8025,#6473,#6474);
#5385=AXIS2_PLACEMENT_3D('',#8027,#6476,#6477);
#5386=AXIS2_PLACEMENT_3D('',#8029,#6479,#6480);
#5387=AXIS2_PLACEMENT_3D('',#8032,#6482,#6483);
#5388=AXIS2_PLACEMENT_3D('',#8033,#6484,#6485);
#5389=AXIS2_PLACEMENT_3D('',#8037,#6488,#6489);
#5390=AXIS2_PLACEMENT_3D('',#8040,#6491,#6492);
#5391=AXIS2_PLACEMENT_3D('',#8041,#6493,#6494);
#5392=AXIS2_PLACEMENT_3D('',#8043,#6496,#6497);
#5393=AXIS2_PLACEMENT_3D('',#8046,#6498,#6499);
#5394=AXIS2_PLACEMENT_3D('',#8050,#6501,#6502);
#5395=AXIS2_PLACEMENT_3D('',#8052,#6504,#6505);
#5396=AXIS2_PLACEMENT_3D('',#8059,#6510,#6511);
#5397=AXIS2_PLACEMENT_3D('',#8062,#6512,#6513);
#5398=AXIS2_PLACEMENT_3D('',#8066,#6515,#6516);
#5399=AXIS2_PLACEMENT_3D('',#8068,#6518,#6519);
#5400=AXIS2_PLACEMENT_3D('',#8069,#6520,#6521);
#5401=AXIS2_PLACEMENT_3D('',#8073,#6523,#6524);
#5402=AXIS2_PLACEMENT_3D('',#8077,#6526,#6527);
#5403=AXIS2_PLACEMENT_3D('',#8081,#6529,#6530);
#5404=AXIS2_PLACEMENT_3D('',#8085,#6532,#6533);
#5405=AXIS2_PLACEMENT_3D('',#8089,#6535,#6536);
#5406=AXIS2_PLACEMENT_3D('',#8093,#6538,#6539);
#5407=AXIS2_PLACEMENT_3D('',#8097,#6541,#6542);
#5408=AXIS2_PLACEMENT_3D('',#8101,#6544,#6545);
#5409=AXIS2_PLACEMENT_3D('',#8105,#6547,#6548);
#5410=AXIS2_PLACEMENT_3D('',#8109,#6550,#6551);
#5411=AXIS2_PLACEMENT_3D('',#8113,#6553,#6554);
#5412=AXIS2_PLACEMENT_3D('',#8117,#6556,#6557);
#5413=AXIS2_PLACEMENT_3D('',#8121,#6559,#6560);
#5414=AXIS2_PLACEMENT_3D('',#8125,#6562,#6563);
#5415=AXIS2_PLACEMENT_3D('',#8129,#6565,#6566);
#5416=AXIS2_PLACEMENT_3D('',#8133,#6568,#6569);
#5417=AXIS2_PLACEMENT_3D('',#8137,#6571,#6572);
#5418=AXIS2_PLACEMENT_3D('',#8142,#6575,#6576);
#5419=AXIS2_PLACEMENT_3D('',#8146,#6578,#6579);
#5420=AXIS2_PLACEMENT_3D('',#8150,#6581,#6582);
#5421=AXIS2_PLACEMENT_3D('',#8154,#6584,#6585);
#5422=AXIS2_PLACEMENT_3D('',#8158,#6587,#6588);
#5423=AXIS2_PLACEMENT_3D('',#8162,#6590,#6591);
#5424=AXIS2_PLACEMENT_3D('',#8166,#6593,#6594);
#5425=AXIS2_PLACEMENT_3D('',#8170,#6596,#6597);
#5426=AXIS2_PLACEMENT_3D('',#8174,#6599,#6600);
#5427=AXIS2_PLACEMENT_3D('',#8178,#6602,#6603);
#5428=AXIS2_PLACEMENT_3D('',#8184,#6606,#6607);
#5429=AXIS2_PLACEMENT_3D('',#8188,#6609,#6610);
#5430=AXIS2_PLACEMENT_3D('',#8192,#6612,#6613);
#5431=AXIS2_PLACEMENT_3D('',#8195,#6615,#6616);
#5432=AXIS2_PLACEMENT_3D('',#8197,#6618,#6619);
#5433=AXIS2_PLACEMENT_3D('',#8201,#6622,#6623);
#5434=AXIS2_PLACEMENT_3D('',#8203,#6624,#6625);
#5435=AXIS2_PLACEMENT_3D('',#8205,#6627,#6628);
#5436=AXIS2_PLACEMENT_3D('',#8209,#6630,#6631);
#5437=AXIS2_PLACEMENT_3D('',#8211,#6633,#6634);
#5438=AXIS2_PLACEMENT_3D('',#8213,#6636,#6637);
#5439=AXIS2_PLACEMENT_3D('',#8216,#6638,#6639);
#5440=AXIS2_PLACEMENT_3D('',#8219,#6642,#6643);
#5441=AXIS2_PLACEMENT_3D('',#8223,#6646,#6647);
#5442=AXIS2_PLACEMENT_3D('',#8226,#6649,#6650);
#5443=AXIS2_PLACEMENT_3D('',#8230,#6652,#6653);
#5444=AXIS2_PLACEMENT_3D('',#8234,#6655,#6656);
#5445=AXIS2_PLACEMENT_3D('',#8238,#6658,#6659);
#5446=AXIS2_PLACEMENT_3D('',#8242,#6661,#6662);
#5447=AXIS2_PLACEMENT_3D('',#8246,#6664,#6665);
#5448=AXIS2_PLACEMENT_3D('',#8250,#6667,#6668);
#5449=AXIS2_PLACEMENT_3D('',#8253,#6670,#6671);
#5450=AXIS2_PLACEMENT_3D('',#8254,#6672,#6673);
#5451=AXIS2_PLACEMENT_3D('',#8256,#6675,#6676);
#5452=AXIS2_PLACEMENT_3D('',#8258,#6678,#6679);
#5453=AXIS2_PLACEMENT_3D('',#8260,#6681,#6682);
#5454=AXIS2_PLACEMENT_3D('',#8263,#6685,#6686);
#5455=AXIS2_PLACEMENT_3D('',#8264,#6687,#6688);
#5456=AXIS2_PLACEMENT_3D('',#8267,#6691,#6692);
#5457=AXIS2_PLACEMENT_3D('',#8269,#6694,#6695);
#5458=AXIS2_PLACEMENT_3D('',#8271,#6697,#6698);
#5459=AXIS2_PLACEMENT_3D('',#8278,#6703,#6704);
#5460=AXIS2_PLACEMENT_3D('',#8281,#6706,#6707);
#5461=AXIS2_PLACEMENT_3D('',#8282,#6708,#6709);
#5462=AXIS2_PLACEMENT_3D('',#8285,#6710,#6711);
#5463=AXIS2_PLACEMENT_3D('',#8288,#6714,#6715);
#5464=AXIS2_PLACEMENT_3D('',#8292,#6718,#6719);
#5465=AXIS2_PLACEMENT_3D('',#8294,#6720,#6721);
#5466=AXIS2_PLACEMENT_3D('',#8298,#6723,#6724);
#5467=AXIS2_PLACEMENT_3D('',#8302,#6726,#6727);
#5468=AXIS2_PLACEMENT_3D('',#8306,#6729,#6730);
#5469=AXIS2_PLACEMENT_3D('',#8310,#6732,#6733);
#5470=AXIS2_PLACEMENT_3D('',#8314,#6735,#6736);
#5471=AXIS2_PLACEMENT_3D('',#8318,#6738,#6739);
#5472=AXIS2_PLACEMENT_3D('',#8323,#6742,#6743);
#5473=AXIS2_PLACEMENT_3D('',#8327,#6745,#6746);
#5474=AXIS2_PLACEMENT_3D('',#8330,#6748,#6749);
#5475=AXIS2_PLACEMENT_3D('',#8333,#6751,#6752);
#5476=AXIS2_PLACEMENT_3D('',#8335,#6753,#6754);
#5477=AXIS2_PLACEMENT_3D('',#8336,#6755,#6756);
#5478=AXIS2_PLACEMENT_3D('',#8338,#6758,#6759);
#5479=AXIS2_PLACEMENT_3D('',#8340,#6761,#6762);
#5480=AXIS2_PLACEMENT_3D('',#8342,#6764,#6765);
#5481=AXIS2_PLACEMENT_3D('',#8345,#6768,#6769);
#5482=AXIS2_PLACEMENT_3D('',#8346,#6770,#6771);
#5483=AXIS2_PLACEMENT_3D('',#8349,#6774,#6775);
#5484=AXIS2_PLACEMENT_3D('',#8351,#6777,#6778);
#5485=AXIS2_PLACEMENT_3D('',#8353,#6780,#6781);
#5486=AXIS2_PLACEMENT_3D('',#8355,#6783,#6784);
#5487=AXIS2_PLACEMENT_3D('',#8357,#6786,#6787);
#5488=AXIS2_PLACEMENT_3D('',#8360,#6790,#6791);
#5489=AXIS2_PLACEMENT_3D('',#8361,#6792,#6793);
#5490=AXIS2_PLACEMENT_3D('',#8365,#6795,#6796);
#5491=AXIS2_PLACEMENT_3D('',#8367,#6798,#6799);
#5492=AXIS2_PLACEMENT_3D('',#8369,#6801,#6802);
#5493=AXIS2_PLACEMENT_3D('',#8372,#6803,#6804);
#5494=AXIS2_PLACEMENT_3D('',#8375,#6807,#6808);
#5495=AXIS2_PLACEMENT_3D('',#8379,#6811,#6812);
#5496=AXIS2_PLACEMENT_3D('',#8381,#6813,#6814);
#5497=AXIS2_PLACEMENT_3D('',#8385,#6816,#6817);
#5498=AXIS2_PLACEMENT_3D('',#8389,#6819,#6820);
#5499=AXIS2_PLACEMENT_3D('',#8393,#6822,#6823);
#5500=AXIS2_PLACEMENT_3D('',#8397,#6825,#6826);
#5501=AXIS2_PLACEMENT_3D('',#8401,#6828,#6829);
#5502=AXIS2_PLACEMENT_3D('',#8405,#6831,#6832);
#5503=AXIS2_PLACEMENT_3D('',#8409,#6834,#6835);
#5504=AXIS2_PLACEMENT_3D('',#8413,#6837,#6838);
#5505=AXIS2_PLACEMENT_3D('',#8417,#6840,#6841);
#5506=AXIS2_PLACEMENT_3D('',#8420,#6843,#6844);
#5507=AXIS2_PLACEMENT_3D('',#8423,#6846,#6847);
#5508=AXIS2_PLACEMENT_3D('',#8424,#6848,#6849);
#5509=AXIS2_PLACEMENT_3D('',#8426,#6851,#6852);
#5510=AXIS2_PLACEMENT_3D('',#8428,#6854,#6855);
#5511=AXIS2_PLACEMENT_3D('',#8430,#6857,#6858);
#5512=AXIS2_PLACEMENT_3D('',#8433,#6861,#6862);
#5513=AXIS2_PLACEMENT_3D('',#8434,#6863,#6864);
#5514=AXIS2_PLACEMENT_3D('',#8437,#6867,#6868);
#5515=AXIS2_PLACEMENT_3D('',#8439,#6870,#6871);
#5516=AXIS2_PLACEMENT_3D('',#8441,#6873,#6874);
#5517=AXIS2_PLACEMENT_3D('',#8444,#6877,#6878);
#5518=AXIS2_PLACEMENT_3D('',#8445,#6879,#6880);
#5519=AXIS2_PLACEMENT_3D('',#8448,#6883,#6884);
#5520=AXIS2_PLACEMENT_3D('',#8449,#6885,#6886);
#5521=AXIS2_PLACEMENT_3D('',#8452,#6889,#6890);
#5522=AXIS2_PLACEMENT_3D('',#8453,#6891,#6892);
#5523=AXIS2_PLACEMENT_3D('',#8456,#6894,#6895);
#5524=AXIS2_PLACEMENT_3D('',#8457,#6896,#6897);
#5525=AXIS2_PLACEMENT_3D('',#8458,#6898,#6899);
#5526=AXIS2_PLACEMENT_3D('',#8461,#6901,#6902);
#5527=AXIS2_PLACEMENT_3D('',#8462,#6903,#6904);
#5528=AXIS2_PLACEMENT_3D('',#8463,#6905,#6906);
#5529=AXIS2_PLACEMENT_3D('',#8466,#6908,#6909);
#5530=AXIS2_PLACEMENT_3D('',#8467,#6910,#6911);
#5531=AXIS2_PLACEMENT_3D('',#8468,#6912,#6913);
#5532=AXIS2_PLACEMENT_3D('',#8471,#6915,#6916);
#5533=AXIS2_PLACEMENT_3D('',#8472,#6917,#6918);
#5534=AXIS2_PLACEMENT_3D('',#8473,#6919,#6920);
#5535=AXIS2_PLACEMENT_3D('',#8475,#6922,#6923);
#5536=AXIS2_PLACEMENT_3D('',#8477,#6925,#6926);
#5537=AXIS2_PLACEMENT_3D('',#8479,#6928,#6929);
#5538=AXIS2_PLACEMENT_3D('',#8481,#6931,#6932);
#5539=AXIS2_PLACEMENT_3D('',#8483,#6934,#6935);
#5540=AXIS2_PLACEMENT_3D('',#8485,#6937,#6938);
#5541=AXIS2_PLACEMENT_3D('',#8487,#6940,#6941);
#5542=AXIS2_PLACEMENT_3D('',#8489,#6943,#6944);
#5543=AXIS2_PLACEMENT_3D('',#8491,#6946,#6947);
#5544=AXIS2_PLACEMENT_3D('',#8492,#6948,#6949);
#5545=AXIS2_PLACEMENT_3D('',#8494,#6951,#6952);
#5546=AXIS2_PLACEMENT_3D('',#8495,#6953,#6954);
#5547=AXIS2_PLACEMENT_3D('',#8498,#6957,#6958);
#5548=AXIS2_PLACEMENT_3D('',#8500,#6960,#6961);
#5549=AXIS2_PLACEMENT_3D('',#8502,#6963,#6964);
#5550=AXIS2_PLACEMENT_3D('',#8504,#6966,#6967);
#5551=AXIS2_PLACEMENT_3D('',#8505,#6968,#6969);
#5552=AXIS2_PLACEMENT_3D('',#8507,#6971,#6972);
#5553=AXIS2_PLACEMENT_3D('',#8509,#6974,#6975);
#5554=AXIS2_PLACEMENT_3D('',#8512,#6978,#6979);
#5555=AXIS2_PLACEMENT_3D('',#8514,#6981,#6982);
#5556=AXIS2_PLACEMENT_3D('',#8516,#6984,#6985);
#5557=AXIS2_PLACEMENT_3D('',#8518,#6987,#6988);
#5558=AXIS2_PLACEMENT_3D('',#8519,#6989,#6990);
#5559=AXIS2_PLACEMENT_3D('',#8520,#6991,#6992);
#5560=AXIS2_PLACEMENT_3D('',#8521,#6993,#6994);
#5561=AXIS2_PLACEMENT_3D('',#8522,#6995,#6996);
#5562=AXIS2_PLACEMENT_3D('',#8523,#6997,#6998);
#5563=AXIS2_PLACEMENT_3D('',#8524,#6999,#7000);
#5564=AXIS2_PLACEMENT_3D('',#8525,#7001,#7002);
#5565=AXIS2_PLACEMENT_3D('',#8527,#7003,#7004);
#5566=AXIS2_PLACEMENT_3D('',#8529,#7006,#7007);
#5567=AXIS2_PLACEMENT_3D('',#8533,#7009,#7010);
#5568=AXIS2_PLACEMENT_3D('',#8535,#7012,#7013);
#5569=AXIS2_PLACEMENT_3D('',#8537,#7015,#7016);
#5570=AXIS2_PLACEMENT_3D('',#8539,#7018,#7019);
#5571=AXIS2_PLACEMENT_3D('',#8542,#7020,#7021);
#5572=AXIS2_PLACEMENT_3D('',#8546,#7023,#7024);
#5573=AXIS2_PLACEMENT_3D('',#8548,#7026,#7027);
#5574=AXIS2_PLACEMENT_3D('',#8554,#7031,#7032);
#5575=AXIS2_PLACEMENT_3D('',#8557,#7033,#7034);
#5576=AXIS2_PLACEMENT_3D('',#8561,#7036,#7037);
#5577=AXIS2_PLACEMENT_3D('',#8563,#7039,#7040);
#5578=AXIS2_PLACEMENT_3D('',#8566,#7043,#7044);
#5579=AXIS2_PLACEMENT_3D('',#8569,#7045,#7046);
#5580=AXIS2_PLACEMENT_3D('',#8573,#7048,#7049);
#5581=AXIS2_PLACEMENT_3D('',#8575,#7051,#7052);
#5582=AXIS2_PLACEMENT_3D('',#8578,#7055,#7056);
#5583=AXIS2_PLACEMENT_3D('',#8580,#7057,#7058);
#5584=AXIS2_PLACEMENT_3D('',#8583,#7060,#7061);
#5585=AXIS2_PLACEMENT_3D('',#8584,#7062,#7063);
#5586=AXIS2_PLACEMENT_3D('',#8587,#7066,#7067);
#5587=AXIS2_PLACEMENT_3D('',#8590,#7068,#7069);
#5588=AXIS2_PLACEMENT_3D('',#8593,#7072,#7073);
#5589=AXIS2_PLACEMENT_3D('',#8597,#7075,#7076);
#5590=AXIS2_PLACEMENT_3D('',#8601,#7078,#7079);
#5591=AXIS2_PLACEMENT_3D('',#8605,#7081,#7082);
#5592=AXIS2_PLACEMENT_3D('',#8607,#7084,#7085);
#5593=AXIS2_PLACEMENT_3D('',#8609,#7087,#7088);
#5594=AXIS2_PLACEMENT_3D('',#8611,#7090,#7091);
#5595=AXIS2_PLACEMENT_3D('',#8614,#7094,#7095);
#5596=AXIS2_PLACEMENT_3D('',#8616,#7097,#7098);
#5597=AXIS2_PLACEMENT_3D('',#8618,#7100,#7101);
#5598=AXIS2_PLACEMENT_3D('',#8619,#7102,#7103);
#5599=AXIS2_PLACEMENT_3D('',#8620,#7104,#7105);
#5600=AXIS2_PLACEMENT_3D('',#8621,#7106,#7107);
#5601=AXIS2_PLACEMENT_3D('',#8622,#7108,#7109);
#5602=AXIS2_PLACEMENT_3D('',#8623,#7110,#7111);
#5603=AXIS2_PLACEMENT_3D('',#8624,#7112,#7113);
#5604=DIRECTION('axis',(0.,0.,1.));
#5605=DIRECTION('refdir',(1.,0.,0.));
#5606=DIRECTION('center_axis',(0.707106781186555,-3.73691263777403E-16,
-0.70710678118654));
#5607=DIRECTION('ref_axis',(-0.70710678118654,9.1981037984131E-16,-0.707106781186555));
#5608=DIRECTION('',(0.70710678118654,-9.1981037984131E-16,0.707106781186555));
#5609=DIRECTION('',(5.28479253374339E-16,1.,0.));
#5610=DIRECTION('',(-0.70710678118654,9.1981037984131E-16,-0.707106781186555));
#5611=DIRECTION('',(-5.28479253374339E-16,-1.,0.));
#5612=DIRECTION('center_axis',(0.,0.,1.));
#5613=DIRECTION('ref_axis',(0.707106781186541,0.707106781186554,0.));
#5614=DIRECTION('center_axis',(0.,0.,-1.));
#5615=DIRECTION('ref_axis',(0.707106781186541,0.707106781186554,0.));
#5616=DIRECTION('',(9.19810379841327E-16,0.707106781186553,0.707106781186542));
#5617=DIRECTION('center_axis',(0.,0.,1.));
#5618=DIRECTION('ref_axis',(0.707106781186541,0.707106781186554,0.));
#5619=DIRECTION('center_axis',(9.19810379841321E-16,0.707106781186548,-0.707106781186548));
#5620=DIRECTION('ref_axis',(-1.,1.30080831398314E-15,0.));
#5621=DIRECTION('',(9.19810379841321E-16,0.707106781186548,0.707106781186548));
#5622=DIRECTION('',(-1.,1.30080831398314E-15,0.));
#5623=DIRECTION('',(1.,-1.30080831398314E-15,0.));
#5624=DIRECTION('center_axis',(0.,0.,1.));
#5625=DIRECTION('ref_axis',(-0.707106781186552,0.707106781186543,0.));
#5626=DIRECTION('center_axis',(0.,0.,-1.));
#5627=DIRECTION('ref_axis',(-0.707106781186552,0.707106781186543,0.));
#5628=DIRECTION('',(-0.707106781186561,9.19810379841338E-16,0.707106781186534));
#5629=DIRECTION('center_axis',(0.,0.,1.));
#5630=DIRECTION('ref_axis',(-0.707106781186552,0.707106781186543,0.));
#5631=DIRECTION('center_axis',(-0.707106781186534,9.19810379841304E-16,
-0.707106781186561));
#5632=DIRECTION('ref_axis',(-0.707106781186561,9.19810379841338E-16,0.707106781186534));
#5633=DIRECTION('',(-0.707106781186561,9.19810379841338E-16,0.707106781186534));
#5634=DIRECTION('',(-1.30080831398314E-15,-1.,0.));
#5635=DIRECTION('',(1.30080831398314E-15,1.,0.));
#5636=DIRECTION('center_axis',(0.,0.,1.));
#5637=DIRECTION('ref_axis',(-0.707106781186553,-0.707106781186542,0.));
#5638=DIRECTION('center_axis',(0.,0.,-1.));
#5639=DIRECTION('ref_axis',(-0.707106781186553,-0.707106781186542,0.));
#5640=DIRECTION('',(-9.19810379841324E-16,-0.70710678118655,0.707106781186545));
#5641=DIRECTION('center_axis',(0.,0.,1.));
#5642=DIRECTION('ref_axis',(-0.707106781186553,-0.707106781186542,0.));
#5643=DIRECTION('center_axis',(-1.18149245628861E-15,-0.707106781186545,
-0.70710678118655));
#5644=DIRECTION('ref_axis',(-1.,1.30080831398314E-15,3.70074341541715E-16));
#5645=DIRECTION('',(-9.19810379841324E-16,-0.70710678118655,0.707106781186545));
#5646=DIRECTION('',(1.,-1.67088265552486E-15,0.));
#5647=DIRECTION('',(-1.,1.67088265552486E-15,0.));
#5648=DIRECTION('center_axis',(0.,0.,1.));
#5649=DIRECTION('ref_axis',(0.70710678118655,-0.707106781186545,0.));
#5650=DIRECTION('center_axis',(0.,0.,-1.));
#5651=DIRECTION('ref_axis',(0.70710678118655,-0.707106781186545,0.));
#5652=DIRECTION('center_axis',(0.,0.,1.));
#5653=DIRECTION('ref_axis',(0.70710678118655,-0.707106781186545,0.));
#5654=DIRECTION('center_axis',(0.,0.,-1.));
#5655=DIRECTION('ref_axis',(-0.707106781186552,0.707106781186543,0.));
#5656=DIRECTION('',(0.,0.,1.));
#5657=DIRECTION('center_axis',(0.,0.,1.));
#5658=DIRECTION('ref_axis',(-0.707106781186552,0.707106781186543,0.));
#5659=DIRECTION('',(0.,0.,-1.));
#5660=DIRECTION('center_axis',(1.30080831398314E-15,1.,0.));
#5661=DIRECTION('ref_axis',(-1.,1.30080831398314E-15,0.));
#5662=DIRECTION('',(1.,-1.30080831398314E-15,0.));
#5663=DIRECTION('',(0.,0.,1.));
#5664=DIRECTION('center_axis',(0.,0.,-1.));
#5665=DIRECTION('ref_axis',(0.707106781186541,0.707106781186554,0.));
#5666=DIRECTION('center_axis',(0.,0.,1.));
#5667=DIRECTION('ref_axis',(0.707106781186541,0.707106781186554,0.));
#5668=DIRECTION('',(0.,0.,-1.));
#5669=DIRECTION('center_axis',(1.,-5.28479253374339E-16,0.));
#5670=DIRECTION('ref_axis',(5.28479253374339E-16,1.,0.));
#5671=DIRECTION('',(-5.28479253374339E-16,-1.,0.));
#5672=DIRECTION('',(0.,0.,1.));
#5673=DIRECTION('center_axis',(0.,0.,-1.));
#5674=DIRECTION('ref_axis',(-1.,1.30080831398314E-15,0.));
#5675=DIRECTION('',(0.894427190999916,0.447213595499957,0.));
#5676=DIRECTION('center_axis',(0.,0.,1.));
#5677=DIRECTION('ref_axis',(0.850650808352039,-0.525731112119134,0.));
#5678=DIRECTION('',(1.30080831398314E-15,1.,0.));
#5679=DIRECTION('center_axis',(0.,0.,1.));
#5680=DIRECTION('ref_axis',(0.850650808352039,0.525731112119134,0.));
#5681=DIRECTION('',(-0.894427190999917,0.447213595499956,0.));
#5682=DIRECTION('center_axis',(0.,0.,1.));
#5683=DIRECTION('ref_axis',(0.22975292054736,0.973248989467731,0.));
#5684=DIRECTION('',(-1.,1.1321038656521E-15,0.));
#5685=DIRECTION('center_axis',(0.,0.,1.));
#5686=DIRECTION('ref_axis',(-0.707106781186546,0.707106781186549,0.));
#5687=DIRECTION('',(-1.30080831398314E-15,-1.,0.));
#5688=DIRECTION('center_axis',(0.,0.,-1.));
#5689=DIRECTION('ref_axis',(0.707106781186548,-0.707106781186547,0.));
#5690=DIRECTION('',(-1.,8.57826558521736E-16,0.));
#5691=DIRECTION('center_axis',(0.,0.,1.));
#5692=DIRECTION('ref_axis',(-0.707106781186549,0.707106781186546,0.));
#5693=DIRECTION('',(-6.50404156991572E-16,-1.,0.));
#5694=DIRECTION('center_axis',(0.,0.,1.));
#5695=DIRECTION('ref_axis',(-0.976296007119934,-0.2164396139381,0.));
#5696=DIRECTION('',(0.422618261740696,-0.906307787036651,0.));
#5697=DIRECTION('center_axis',(0.,0.,1.));
#5698=DIRECTION('ref_axis',(-0.342020143325665,-0.93969262078591,0.));
#5699=DIRECTION('',(0.906307787036644,0.422618261740711,0.));
#5700=DIRECTION('center_axis',(0.,0.,-1.));
#5701=DIRECTION('ref_axis',(-0.216439613938108,0.976296007119932,0.));
#5702=DIRECTION('',(1.,-1.58718590297423E-15,0.));
#5703=DIRECTION('center_axis',(0.,0.,1.));
#5704=DIRECTION('ref_axis',(0.22975292054736,-0.973248989467731,0.));
#5705=DIRECTION('',(0.906307787036649,0.422618261740702,0.));
#5706=DIRECTION('center_axis',(0.,0.,-1.));
#5707=DIRECTION('ref_axis',(-0.707106781186549,-0.707106781186547,0.));
#5708=DIRECTION('',(1.30080831398314E-15,1.,0.));
#5709=DIRECTION('',(-1.,1.30080831398314E-15,0.));
#5710=DIRECTION('center_axis',(0.,0.,-1.));
#5711=DIRECTION('ref_axis',(-0.707106781186549,-0.707106781186547,0.));
#5712=DIRECTION('',(1.30080831398314E-15,1.,0.));
#5713=DIRECTION('center_axis',(0.,0.,-1.));
#5714=DIRECTION('ref_axis',(-0.707106781186545,0.70710678118655,0.));
#5715=DIRECTION('',(1.,-1.30080831398314E-15,0.));
#5716=DIRECTION('',(1.30080831398314E-15,1.,0.));
#5717=DIRECTION('center_axis',(0.,0.,-1.));
#5718=DIRECTION('ref_axis',(-0.707106781186545,0.70710678118655,0.));
#5719=DIRECTION('',(1.,-1.06769061852379E-15,0.));
#5720=DIRECTION('',(1.30080831398314E-15,1.,0.));
#5721=DIRECTION('center_axis',(0.,0.,-1.));
#5722=DIRECTION('ref_axis',(-0.707106781186545,0.70710678118655,0.));
#5723=DIRECTION('',(1.,-1.30080831398314E-15,0.));
#5724=DIRECTION('',(1.30080831398314E-15,1.,0.));
#5725=DIRECTION('center_axis',(0.,0.,-1.));
#5726=DIRECTION('ref_axis',(-0.707106781186545,0.70710678118655,0.));
#5727=DIRECTION('',(1.,-1.30080831398314E-15,0.));
#5728=DIRECTION('center_axis',(0.,0.,-1.));
#5729=DIRECTION('ref_axis',(0.707106781186547,0.707106781186548,0.));
#5730=DIRECTION('',(-1.30080831398314E-15,-1.,0.));
#5731=DIRECTION('',(1.,-1.53392600944249E-15,0.));
#5732=DIRECTION('center_axis',(0.,0.,-1.));
#5733=DIRECTION('ref_axis',(0.70710678118655,0.707106781186545,0.));
#5734=DIRECTION('',(-1.76704370490184E-15,-1.,0.));
#5735=DIRECTION('',(1.,-1.53392600944249E-15,0.));
#5736=DIRECTION('center_axis',(0.,0.,-1.));
#5737=DIRECTION('ref_axis',(0.707106781186548,0.707106781186546,0.));
#5738=DIRECTION('',(-1.41736716171282E-15,-1.,0.));
#5739=DIRECTION('',(1.,-1.30080831398314E-15,0.));
#5740=DIRECTION('center_axis',(0.,0.,-1.));
#5741=DIRECTION('ref_axis',(0.707106781186548,0.707106781186547,0.));
#5742=DIRECTION('',(-1.37851421246959E-15,-1.,0.));
#5743=DIRECTION('center_axis',(0.,0.,-1.));
#5744=DIRECTION('ref_axis',(0.707106781186548,-0.707106781186547,0.));
#5745=DIRECTION('',(-1.,1.30080831398314E-15,0.));
#5746=DIRECTION('',(-1.41736716171282E-15,-1.,0.));
#5747=DIRECTION('center_axis',(0.,0.,-1.));
#5748=DIRECTION('ref_axis',(0.707106781186547,-0.707106781186548,0.));
#5749=DIRECTION('',(-1.,1.30080831398314E-15,0.));
#5750=DIRECTION('',(-1.30080831398314E-15,-1.,0.));
#5751=DIRECTION('center_axis',(0.,0.,-1.));
#5752=DIRECTION('ref_axis',(0.707106781186548,-0.707106781186547,0.));
#5753=DIRECTION('',(-1.,1.30080831398314E-15,0.));
#5754=DIRECTION('center_axis',(0.,0.,-1.));
#5755=DIRECTION('ref_axis',(-0.707106781186549,-0.707106781186547,0.));
#5756=DIRECTION('',(1.30080831398314E-15,1.,0.));
#5757=DIRECTION('',(-1.,1.30080831398314E-15,0.));
#5758=DIRECTION('center_axis',(0.,0.,-1.));
#5759=DIRECTION('ref_axis',(-0.707106781186552,-0.707106781186543,0.));
#5760=DIRECTION('',(1.30080831398314E-15,1.,0.));
#5761=DIRECTION('',(-1.,8.34572923064443E-16,0.));
#5762=DIRECTION('',(-1.30080831398314E-15,-1.,0.));
#5763=DIRECTION('center_axis',(0.,0.,-1.));
#5764=DIRECTION('ref_axis',(0.707106781186547,-0.707106781186549,0.));
#5765=DIRECTION('',(-1.,1.30080831398314E-15,0.));
#5766=DIRECTION('',(0.422618261740693,-0.906307787036653,0.));
#5767=DIRECTION('',(0.90630778703665,0.4226182617407,0.));
#5768=DIRECTION('center_axis',(0.,0.,-1.));
#5769=DIRECTION('ref_axis',(0.342020143325669,0.939692620785908,0.));
#5770=DIRECTION('',(0.422618261740699,-0.90630778703665,0.));
#5771=DIRECTION('center_axis',(0.,0.,-1.));
#5772=DIRECTION('ref_axis',(0.939692620785907,-0.342020143325672,0.));
#5773=DIRECTION('',(-0.90630778703665,-0.4226182617407,0.));
#5774=DIRECTION('center_axis',(0.,0.,-1.));
#5775=DIRECTION('ref_axis',(-0.342020143325667,-0.939692620785909,0.));
#5776=DIRECTION('',(-0.4226182617407,0.90630778703665,0.));
#5777=DIRECTION('center_axis',(0.,0.,-1.));
#5778=DIRECTION('ref_axis',(-0.939692620785909,0.342020143325667,0.));
#5779=DIRECTION('center_axis',(-0.298836238730122,0.640856382055788,-0.707106781186548));
#5780=DIRECTION('ref_axis',(-0.921118787038765,1.19819897634609E-15,0.389281620635028));
#5781=DIRECTION('',(0.954201493702862,0.211541378239844,-0.21154137823985));
#5782=DIRECTION('',(-0.298836238730136,0.640856382055771,0.707106781186557));
#5783=DIRECTION('',(-0.906307787036649,-0.422618261740702,0.));
#5784=DIRECTION('center_axis',(0.,0.,1.));
#5785=DIRECTION('ref_axis',(-0.939692620785909,0.342020143325667,0.));
#5786=DIRECTION('',(-0.640856382055799,-0.298836238730109,0.707106781186542));
#5787=DIRECTION('center_axis',(0.,0.,1.));
#5788=DIRECTION('ref_axis',(-0.939692620785909,0.342020143325667,0.));
#5789=DIRECTION('center_axis',(-0.64085638205578,-0.298836238730116,-0.707106781186557));
#5790=DIRECTION('ref_axis',(-0.740965645273298,9.63854271747391E-16,0.671542934237808));
#5791=DIRECTION('',(-0.64085638205582,-0.29883623873012,0.707106781186519));
#5792=DIRECTION('',(0.4226182617407,-0.90630778703665,0.));
#5793=DIRECTION('center_axis',(0.,0.,1.));
#5794=DIRECTION('ref_axis',(-0.342020143325667,-0.939692620785909,0.));
#5795=DIRECTION('',(0.298836238730098,-0.640856382055779,0.707106781186566));
#5796=DIRECTION('center_axis',(0.,0.,1.));
#5797=DIRECTION('ref_axis',(-0.342020143325667,-0.939692620785909,0.));
#5798=DIRECTION('center_axis',(0.298836238730116,-0.64085638205578,-0.707106781186557));
#5799=DIRECTION('ref_axis',(-0.92111878703877,1.1981989763461E-15,-0.389281620635017));
#5800=DIRECTION('',(0.298836238730128,-0.640856382055795,0.707106781186538));
#5801=DIRECTION('',(0.90630778703665,0.4226182617407,0.));
#5802=DIRECTION('center_axis',(0.,0.,1.));
#5803=DIRECTION('ref_axis',(0.939692620785907,-0.342020143325672,0.));
#5804=DIRECTION('',(0.640856382055787,0.298836238730113,0.707106781186552));
#5805=DIRECTION('center_axis',(0.,0.,1.));
#5806=DIRECTION('ref_axis',(0.939692620785907,-0.342020143325672,0.));
#5807=DIRECTION('center_axis',(0.640856382055793,0.298836238730122,-0.707106781186543));
#5808=DIRECTION('ref_axis',(-0.740965645273285,9.63854271747374E-16,-0.671542934237822));
#5809=DIRECTION('',(0.640856382055787,0.298836238730113,0.707106781186552));
#5810=DIRECTION('',(-0.422618261740699,0.90630778703665,0.));
#5811=DIRECTION('center_axis',(0.,0.,1.));
#5812=DIRECTION('ref_axis',(0.342020143325669,0.939692620785908,0.));
#5813=DIRECTION('',(-0.298836238730132,0.640856382055783,0.707106781186547));
#5814=DIRECTION('center_axis',(0.,0.,1.));
#5815=DIRECTION('ref_axis',(0.342020143325669,0.939692620785909,0.));
#5816=DIRECTION('center_axis',(-0.298836238730126,0.640856382055801,-0.707106781186534));
#5817=DIRECTION('ref_axis',(-0.92111878703876,1.19819897634609E-15,0.389281620635039));
#5818=DIRECTION('',(0.279258277633842,0.767255811994698,0.577350269189629));
#5819=DIRECTION('',(-0.90630778703665,-0.4226182617407,0.));
#5820=DIRECTION('center_axis',(0.,0.,1.));
#5821=DIRECTION('ref_axis',(-0.707106781186548,-0.707106781186547,0.));
#5822=DIRECTION('',(-9.19810379841324E-16,-0.70710678118655,0.707106781186545));
#5823=DIRECTION('center_axis',(0.,0.,1.));
#5824=DIRECTION('ref_axis',(-0.707106781186549,-0.707106781186547,0.));
#5825=DIRECTION('',(-0.70710678118654,9.1981037984131E-16,0.707106781186555));
#5826=DIRECTION('center_axis',(0.640856382055786,0.298836238730113,-0.707106781186553));
#5827=DIRECTION('ref_axis',(-0.740965645273293,9.63854271747384E-16,-0.671542934237814));
#5828=DIRECTION('',(-0.742941838426409,0.473306150771136,-0.473306150771146));
#5829=DIRECTION('',(-0.422618261740693,0.906307787036653,0.));
#5830=DIRECTION('center_axis',(-0.707106781186555,9.19810379841331E-16,
-0.70710678118654));
#5831=DIRECTION('ref_axis',(-0.70710678118654,9.1981037984131E-16,0.707106781186555));
#5832=DIRECTION('',(-1.30080831398314E-15,-1.,0.));
#5833=DIRECTION('',(0.577350269189617,0.577350269189632,-0.577350269189629));
#5834=DIRECTION('center_axis',(-9.19810379841331E-16,-0.707106781186555,
-0.70710678118654));
#5835=DIRECTION('ref_axis',(-1.,1.30080831398314E-15,0.));
#5836=DIRECTION('',(1.,-1.30080831398314E-15,0.));
#5837=DIRECTION('center_axis',(9.19810379841317E-16,0.707106781186545,-0.70710678118655));
#5838=DIRECTION('ref_axis',(-1.,1.30080831398314E-15,0.));
#5839=DIRECTION('',(-1.,1.30080831398314E-15,0.));
#5840=DIRECTION('',(0.577350269189618,-0.577350269189628,-0.577350269189631));
#5841=DIRECTION('',(9.19810379841324E-16,0.70710678118655,0.707106781186545));
#5842=DIRECTION('center_axis',(0.,0.,1.));
#5843=DIRECTION('ref_axis',(-0.707106781186545,0.70710678118655,0.));
#5844=DIRECTION('',(-0.707106781186561,9.19810379841338E-16,0.707106781186534));
#5845=DIRECTION('center_axis',(0.,0.,1.));
#5846=DIRECTION('ref_axis',(-0.707106781186545,0.70710678118655,0.));
#5847=DIRECTION('center_axis',(-0.707106781186555,9.19810379841331E-16,
-0.70710678118654));
#5848=DIRECTION('ref_axis',(-0.70710678118654,9.1981037984131E-16,0.707106781186555));
#5849=DIRECTION('',(-0.70710678118654,9.1981037984131E-16,0.707106781186555));
#5850=DIRECTION('',(-1.30080831398314E-15,-1.,0.));
#5851=DIRECTION('center_axis',(0.,0.,1.));
#5852=DIRECTION('ref_axis',(-0.707106781186548,-0.707106781186547,0.));
#5853=DIRECTION('',(-9.19810379841324E-16,-0.70710678118655,0.707106781186545));
#5854=DIRECTION('center_axis',(0.,0.,1.));
#5855=DIRECTION('ref_axis',(-0.707106781186549,-0.707106781186547,0.));
#5856=DIRECTION('center_axis',(-9.19810379841317E-16,-0.707106781186545,
-0.70710678118655));
#5857=DIRECTION('ref_axis',(-1.,1.30080831398314E-15,0.));
#5858=DIRECTION('',(1.,-1.30080831398314E-15,0.));
#5859=DIRECTION('center_axis',(7.54971276567437E-16,0.70710678118655,-0.707106781186545));
#5860=DIRECTION('ref_axis',(-1.,1.30080831398314E-15,2.33117695459352E-16));
#5861=DIRECTION('',(-1.,1.06769061852379E-15,0.));
#5862=DIRECTION('',(0.577350269189618,-0.577350269189628,-0.577350269189631));
#5863=DIRECTION('',(9.19810379841317E-16,0.707106781186545,0.70710678118655));
#5864=DIRECTION('center_axis',(0.,0.,1.));
#5865=DIRECTION('ref_axis',(-0.707106781186545,0.70710678118655,0.));
#5866=DIRECTION('',(-0.707106781186561,9.19810379841338E-16,0.707106781186534));
#5867=DIRECTION('center_axis',(0.,0.,1.));
#5868=DIRECTION('ref_axis',(-0.707106781186545,0.70710678118655,0.));
#5869=DIRECTION('center_axis',(-0.707106781186555,9.19810379841331E-16,
-0.70710678118654));
#5870=DIRECTION('ref_axis',(-0.70710678118654,9.1981037984131E-16,0.707106781186555));
#5871=DIRECTION('',(-1.30080831398314E-15,-1.,0.));
#5872=DIRECTION('center_axis',(9.19810379841338E-16,0.707106781186561,-0.707106781186534));
#5873=DIRECTION('ref_axis',(-1.,1.30080831398314E-15,0.));
#5874=DIRECTION('',(-1.,1.30080831398314E-15,0.));
#5875=DIRECTION('',(0.577350269189646,-0.577350269189605,-0.577350269189626));
#5876=DIRECTION('',(9.19810379841304E-16,0.707106781186534,0.707106781186561));
#5877=DIRECTION('center_axis',(0.,0.,1.));
#5878=DIRECTION('ref_axis',(-0.707106781186545,0.70710678118655,0.));
#5879=DIRECTION('',(-0.707106781186561,9.19810379841338E-16,0.707106781186534));
#5880=DIRECTION('center_axis',(0.,0.,1.));
#5881=DIRECTION('ref_axis',(-0.707106781186545,0.70710678118655,0.));
#5882=DIRECTION('center_axis',(-0.707106781186555,9.19810379841331E-16,
-0.70710678118654));
#5883=DIRECTION('ref_axis',(-0.70710678118654,9.1981037984131E-16,0.707106781186555));
#5884=DIRECTION('',(-1.30080831398314E-15,-1.,0.));
#5885=DIRECTION('center_axis',(0.707106781186555,-9.19810379841331E-16,
-0.70710678118654));
#5886=DIRECTION('ref_axis',(-0.70710678118654,9.1981037984131E-16,-0.707106781186555));
#5887=DIRECTION('',(1.30080831398314E-15,1.,0.));
#5888=DIRECTION('',(-0.577350269189619,-0.577350269189626,-0.577350269189631));
#5889=DIRECTION('',(0.70710678118654,9.54747267805063E-15,0.707106781186555));
#5890=DIRECTION('center_axis',(0.,0.,1.));
#5891=DIRECTION('ref_axis',(0.707106781186547,0.707106781186548,0.));
#5892=DIRECTION('',(9.19810379841324E-16,0.70710678118655,0.707106781186545));
#5893=DIRECTION('center_axis',(0.,0.,1.));
#5894=DIRECTION('ref_axis',(0.707106781186547,0.707106781186548,0.));
#5895=DIRECTION('center_axis',(9.19810379841338E-16,0.707106781186561,-0.707106781186534));
#5896=DIRECTION('ref_axis',(-1.,1.30080831398314E-15,0.));
#5897=DIRECTION('',(9.19810379841304E-16,0.707106781186534,0.707106781186561));
#5898=DIRECTION('',(-1.,1.30080831398314E-15,0.));
#5899=DIRECTION('center_axis',(0.,0.,1.));
#5900=DIRECTION('ref_axis',(-0.707106781186545,0.70710678118655,0.));
#5901=DIRECTION('',(-0.70710678118655,9.19810379841324E-16,0.707106781186545));
#5902=DIRECTION('center_axis',(0.,0.,1.));
#5903=DIRECTION('ref_axis',(-0.707106781186545,0.70710678118655,0.));
#5904=DIRECTION('center_axis',(-0.707106781186534,9.19810379841304E-16,
-0.707106781186561));
#5905=DIRECTION('ref_axis',(-0.707106781186561,9.19810379841338E-16,0.707106781186534));
#5906=DIRECTION('',(-1.30080831398314E-15,-1.,0.));
#5907=DIRECTION('center_axis',(0.70710678118654,-1.24948858638908E-15,-0.707106781186555));
#5908=DIRECTION('ref_axis',(-0.707106781186555,9.19810379841331E-16,-0.70710678118654));
#5909=DIRECTION('',(1.76704370490184E-15,1.,0.));
#5910=DIRECTION('',(-0.577350269189637,-0.577350269189618,-0.577350269189623));
#5911=DIRECTION('',(0.70710678118655,-9.19810379841324E-16,0.707106781186545));
#5912=DIRECTION('center_axis',(0.,0.,1.));
#5913=DIRECTION('ref_axis',(0.70710678118655,0.707106781186545,0.));
#5914=DIRECTION('',(9.1981037984131E-16,0.70710678118654,0.707106781186555));
#5915=DIRECTION('center_axis',(0.,0.,1.));
#5916=DIRECTION('ref_axis',(0.70710678118655,0.707106781186545,0.));
#5917=DIRECTION('center_axis',(1.08464948311521E-15,0.70710678118655,-0.707106781186545));
#5918=DIRECTION('ref_axis',(-1.,1.30080831398314E-15,-2.33117695459352E-16));
#5919=DIRECTION('',(-1.,1.53392600944249E-15,0.));
#5920=DIRECTION('center_axis',(0.707106781186548,-1.00222993147826E-15,
-0.707106781186548));
#5921=DIRECTION('ref_axis',(-0.707106781186548,9.19810379841321E-16,-0.707106781186548));
#5922=DIRECTION('',(1.41736716171282E-15,1.,0.));
#5923=DIRECTION('',(-0.577350269189624,-0.577350269189631,-0.577350269189623));
#5924=DIRECTION('',(0.707106781186548,-9.19810379841321E-16,0.707106781186548));
#5925=DIRECTION('center_axis',(0.,0.,1.));
#5926=DIRECTION('ref_axis',(0.707106781186548,0.707106781186547,0.));
#5927=DIRECTION('',(9.19810379841321E-16,0.707106781186548,0.707106781186548));
#5928=DIRECTION('center_axis',(0.,0.,1.));
#5929=DIRECTION('ref_axis',(0.707106781186549,0.707106781186547,0.));
#5930=DIRECTION('center_axis',(1.08464948311521E-15,0.707106781186548,-0.707106781186548));
#5931=DIRECTION('ref_axis',(-1.,1.30080831398314E-15,-2.3311769545935E-16));
#5932=DIRECTION('',(-1.,1.53392600944249E-15,0.));
#5933=DIRECTION('center_axis',(-9.19810379841317E-16,-0.707106781186545,
-0.70710678118655));
#5934=DIRECTION('ref_axis',(-1.,1.30080831398314E-15,0.));
#5935=DIRECTION('',(1.,-1.30080831398314E-15,0.));
#5936=DIRECTION('',(-0.577350269189631,0.577350269189617,-0.577350269189629));
#5937=DIRECTION('',(4.31383114910457E-15,-0.70710678118655,0.707106781186545));
#5938=DIRECTION('center_axis',(0.,0.,1.));
#5939=DIRECTION('ref_axis',(0.707106781186548,-0.707106781186547,0.));
#5940=DIRECTION('',(0.707106781186553,-9.19810379841327E-16,0.707106781186542));
#5941=DIRECTION('center_axis',(0.,0.,1.));
#5942=DIRECTION('ref_axis',(0.707106781186548,-0.707106781186547,0.));
#5943=DIRECTION('center_axis',(0.707106781186555,-9.74756747599294E-16,
-0.70710678118654));
#5944=DIRECTION('ref_axis',(-0.70710678118654,9.1981037984131E-16,-0.707106781186555));
#5945=DIRECTION('',(0.70710678118654,-1.13870934377333E-14,0.707106781186555));
#5946=DIRECTION('',(1.37851421246959E-15,1.,0.));
#5947=DIRECTION('center_axis',(0.,0.,1.));
#5948=DIRECTION('ref_axis',(0.707106781186548,0.707106781186547,0.));
#5949=DIRECTION('',(9.19810379841317E-16,0.707106781186545,0.70710678118655));
#5950=DIRECTION('center_axis',(0.,0.,1.));
#5951=DIRECTION('ref_axis',(0.707106781186548,0.707106781186547,0.));
#5952=DIRECTION('center_axis',(9.19810379841314E-16,0.707106781186542,-0.707106781186553));
#5953=DIRECTION('ref_axis',(-1.,1.30080831398314E-15,0.));
#5954=DIRECTION('',(-1.,1.30080831398314E-15,0.));
#5955=DIRECTION('center_axis',(-9.19810379841304E-16,-0.707106781186534,
-0.707106781186561));
#5956=DIRECTION('ref_axis',(-1.,1.30080831398314E-15,0.));
#5957=DIRECTION('',(1.,-1.30080831398314E-15,0.));
#5958=DIRECTION('',(-0.577350269189615,0.577350269189634,-0.577350269189629));
#5959=DIRECTION('',(4.31383114910448E-15,-0.707106781186561,0.707106781186534));
#5960=DIRECTION('center_axis',(0.,0.,1.));
#5961=DIRECTION('ref_axis',(0.707106781186547,-0.707106781186548,0.));
#5962=DIRECTION('',(0.707106781186551,-9.19810379841326E-16,0.707106781186544));
#5963=DIRECTION('center_axis',(0.,0.,1.));
#5964=DIRECTION('ref_axis',(0.707106781186547,-0.707106781186548,0.));
#5965=DIRECTION('center_axis',(0.707106781186546,-1.00222993147826E-15,
-0.707106781186549));
#5966=DIRECTION('ref_axis',(-0.707106781186549,9.19810379841322E-16,-0.707106781186546));
#5967=DIRECTION('',(1.41736716171282E-15,1.,0.));
#5968=DIRECTION('center_axis',(-0.707106781186534,9.19810379841304E-16,
-0.707106781186561));
#5969=DIRECTION('ref_axis',(-0.707106781186561,9.19810379841338E-16,0.707106781186534));
#5970=DIRECTION('',(-1.30080831398314E-15,-1.,0.));
#5971=DIRECTION('',(0.577350269189639,0.577350269189621,-0.577350269189617));
#5972=DIRECTION('',(-0.707106781186561,9.19810379841338E-16,0.707106781186534));
#5973=DIRECTION('center_axis',(0.,0.,1.));
#5974=DIRECTION('ref_axis',(-0.707106781186548,-0.707106781186547,0.));
#5975=DIRECTION('',(-9.19810379841324E-16,-0.70710678118655,0.707106781186545));
#5976=DIRECTION('center_axis',(0.,0.,1.));
#5977=DIRECTION('ref_axis',(-0.707106781186549,-0.707106781186547,0.));
#5978=DIRECTION('center_axis',(-9.19810379841304E-16,-0.707106781186534,
-0.707106781186561));
#5979=DIRECTION('ref_axis',(-1.,1.30080831398314E-15,0.));
#5980=DIRECTION('',(-9.19810379841338E-16,-0.707106781186561,0.707106781186534));
#5981=DIRECTION('',(1.,-1.30080831398314E-15,0.));
#5982=DIRECTION('center_axis',(0.,0.,1.));
#5983=DIRECTION('ref_axis',(0.707106781186548,-0.707106781186547,0.));
#5984=DIRECTION('',(0.70710678118655,-9.19810379841324E-16,0.707106781186545));
#5985=DIRECTION('center_axis',(0.,0.,1.));
#5986=DIRECTION('ref_axis',(0.707106781186548,-0.707106781186547,0.));
#5987=DIRECTION('center_axis',(0.707106781186555,-9.19810379841331E-16,
-0.70710678118654));
#5988=DIRECTION('ref_axis',(-0.70710678118654,9.1981037984131E-16,-0.707106781186555));
#5989=DIRECTION('',(1.30080831398314E-15,1.,0.));
#5990=DIRECTION('center_axis',(-0.707106781186545,9.19810379841317E-16,
-0.70710678118655));
#5991=DIRECTION('ref_axis',(-0.70710678118655,9.19810379841324E-16,0.707106781186545));
#5992=DIRECTION('',(-1.30080831398314E-15,-1.,0.));
#5993=DIRECTION('',(0.577350269189628,0.577350269189627,-0.577350269189623));
#5994=DIRECTION('',(-0.70710678118655,9.19810379841324E-16,0.707106781186545));
#5995=DIRECTION('center_axis',(0.,0.,1.));
#5996=DIRECTION('ref_axis',(-0.707106781186552,-0.707106781186543,0.));
#5997=DIRECTION('',(-9.19810379841324E-16,-0.70710678118655,0.707106781186545));
#5998=DIRECTION('center_axis',(0.,0.,1.));
#5999=DIRECTION('ref_axis',(-0.707106781186552,-0.707106781186543,0.));
#6000=DIRECTION('center_axis',(-9.19810379841304E-16,-0.707106781186534,
-0.707106781186561));
#6001=DIRECTION('ref_axis',(-1.,1.30080831398314E-15,0.));
#6002=DIRECTION('',(1.,-1.30080831398314E-15,0.));
#6003=DIRECTION('center_axis',(-5.90132173293544E-16,-0.707106781186545,
-0.70710678118655));
#6004=DIRECTION('ref_axis',(-1.,1.30080831398314E-15,-4.66235390918697E-16));
#6005=DIRECTION('',(1.,-8.34572923064443E-16,0.));
#6006=DIRECTION('',(-0.577350269189621,0.577350269189622,-0.577350269189634));
#6007=DIRECTION('center_axis',(-9.19810379841331E-16,-0.707106781186555,
-0.70710678118654));
#6008=DIRECTION('ref_axis',(-1.,1.30080831398314E-15,0.));
#6009=DIRECTION('',(1.,-1.30080831398314E-15,0.));
#6010=DIRECTION('',(-9.1981037984131E-16,-0.70710678118654,0.707106781186555));
#6011=DIRECTION('center_axis',(0.,0.,1.));
#6012=DIRECTION('ref_axis',(0.707106781186547,-0.707106781186548,0.));
#6013=DIRECTION('',(0.707106781186561,-9.19810379841338E-16,0.707106781186534));
#6014=DIRECTION('center_axis',(0.,0.,1.));
#6015=DIRECTION('ref_axis',(0.707106781186547,-0.707106781186549,0.));
#6016=DIRECTION('center_axis',(0.707106781186555,-9.19810379841331E-16,
-0.70710678118654));
#6017=DIRECTION('ref_axis',(-0.70710678118654,9.1981037984131E-16,-0.707106781186555));
#6018=DIRECTION('',(1.30080831398314E-15,1.,0.));
#6019=DIRECTION('center_axis',(-0.422618261740702,0.906307787036649,0.));
#6020=DIRECTION('ref_axis',(-0.906307787036649,-0.422618261740702,0.));
#6021=DIRECTION('',(0.,0.,-1.));
#6022=DIRECTION('',(0.906307787036649,0.422618261740702,0.));
#6023=DIRECTION('',(0.,0.,-1.));
#6024=DIRECTION('center_axis',(-1.30080831398314E-15,-1.,0.));
#6025=DIRECTION('ref_axis',(1.,-1.30080831398314E-15,0.));
#6026=DIRECTION('',(-1.,1.30080831398314E-15,0.));
#6027=DIRECTION('',(0.,0.,1.));
#6028=DIRECTION('center_axis',(0.,0.,-1.));
#6029=DIRECTION('ref_axis',(-0.707106781186549,-0.707106781186547,0.));
#6030=DIRECTION('center_axis',(0.,0.,1.));
#6031=DIRECTION('ref_axis',(-0.707106781186549,-0.707106781186547,0.));
#6032=DIRECTION('',(0.,0.,-1.));
#6033=DIRECTION('center_axis',(-1.,1.30080831398314E-15,0.));
#6034=DIRECTION('ref_axis',(-1.30080831398314E-15,-1.,0.));
#6035=DIRECTION('',(1.30080831398314E-15,1.,0.));
#6036=DIRECTION('',(0.,0.,-1.));
#6037=DIRECTION('center_axis',(-1.30080831398314E-15,-1.,0.));
#6038=DIRECTION('ref_axis',(1.,-1.30080831398314E-15,0.));
#6039=DIRECTION('',(-1.,1.30080831398314E-15,0.));
#6040=DIRECTION('',(0.,0.,1.));
#6041=DIRECTION('center_axis',(0.,0.,-1.));
#6042=DIRECTION('ref_axis',(-0.707106781186549,-0.707106781186547,0.));
#6043=DIRECTION('center_axis',(0.,0.,1.));
#6044=DIRECTION('ref_axis',(-0.707106781186549,-0.707106781186547,0.));
#6045=DIRECTION('',(0.,0.,-1.));
#6046=DIRECTION('center_axis',(-1.,1.30080831398314E-15,0.));
#6047=DIRECTION('ref_axis',(-1.30080831398314E-15,-1.,0.));
#6048=DIRECTION('',(1.30080831398314E-15,1.,0.));
#6049=DIRECTION('',(0.,0.,1.));
#6050=DIRECTION('center_axis',(0.,0.,-1.));
#6051=DIRECTION('ref_axis',(-0.707106781186545,0.70710678118655,0.));
#6052=DIRECTION('center_axis',(0.,0.,1.));
#6053=DIRECTION('ref_axis',(-0.707106781186545,0.70710678118655,0.));
#6054=DIRECTION('',(0.,0.,-1.));
#6055=DIRECTION('center_axis',(1.30080831398314E-15,1.,0.));
#6056=DIRECTION('ref_axis',(-1.,1.30080831398314E-15,0.));
#6057=DIRECTION('',(1.,-1.30080831398314E-15,0.));
#6058=DIRECTION('',(0.,0.,-1.));
#6059=DIRECTION('center_axis',(-1.,1.30080831398314E-15,0.));
#6060=DIRECTION('ref_axis',(-1.30080831398314E-15,-1.,0.));
#6061=DIRECTION('',(1.30080831398314E-15,1.,0.));
#6062=DIRECTION('',(0.,0.,1.));
#6063=DIRECTION('center_axis',(0.,0.,-1.));
#6064=DIRECTION('ref_axis',(-0.707106781186545,0.70710678118655,0.));
#6065=DIRECTION('center_axis',(0.,0.,1.));
#6066=DIRECTION('ref_axis',(-0.707106781186545,0.70710678118655,0.));
#6067=DIRECTION('',(0.,0.,-1.));
#6068=DIRECTION('center_axis',(1.06769061852379E-15,1.,0.));
#6069=DIRECTION('ref_axis',(-1.,1.06769061852379E-15,0.));
#6070=DIRECTION('',(1.,-1.06769061852379E-15,0.));
#6071=DIRECTION('',(0.,0.,-1.));
#6072=DIRECTION('center_axis',(-1.,1.30080831398314E-15,0.));
#6073=DIRECTION('ref_axis',(-1.30080831398314E-15,-1.,0.));
#6074=DIRECTION('',(1.30080831398314E-15,1.,0.));
#6075=DIRECTION('',(0.,0.,1.));
#6076=DIRECTION('center_axis',(0.,0.,-1.));
#6077=DIRECTION('ref_axis',(-0.707106781186545,0.70710678118655,0.));
#6078=DIRECTION('center_axis',(0.,0.,1.));
#6079=DIRECTION('ref_axis',(-0.707106781186545,0.70710678118655,0.));
#6080=DIRECTION('',(0.,0.,-1.));
#6081=DIRECTION('center_axis',(1.30080831398314E-15,1.,0.));
#6082=DIRECTION('ref_axis',(-1.,1.30080831398314E-15,0.));
#6083=DIRECTION('',(1.,-1.30080831398314E-15,0.));
#6084=DIRECTION('',(0.,0.,-1.));
#6085=DIRECTION('center_axis',(-1.,1.30080831398314E-15,0.));
#6086=DIRECTION('ref_axis',(-1.30080831398314E-15,-1.,0.));
#6087=DIRECTION('',(1.30080831398314E-15,1.,0.));
#6088=DIRECTION('',(0.,0.,1.));
#6089=DIRECTION('center_axis',(0.,0.,-1.));
#6090=DIRECTION('ref_axis',(-0.707106781186545,0.70710678118655,0.));
#6091=DIRECTION('center_axis',(0.,0.,1.));
#6092=DIRECTION('ref_axis',(-0.707106781186545,0.70710678118655,0.));
#6093=DIRECTION('',(0.,0.,-1.));
#6094=DIRECTION('center_axis',(1.30080831398314E-15,1.,0.));
#6095=DIRECTION('ref_axis',(-1.,1.30080831398314E-15,0.));
#6096=DIRECTION('',(1.,-1.30080831398314E-15,0.));
#6097=DIRECTION('',(0.,0.,1.));
#6098=DIRECTION('center_axis',(0.,0.,-1.));
#6099=DIRECTION('ref_axis',(0.707106781186547,0.707106781186548,0.));
#6100=DIRECTION('center_axis',(0.,0.,1.));
#6101=DIRECTION('ref_axis',(0.707106781186547,0.707106781186548,0.));
#6102=DIRECTION('',(0.,0.,-1.));
#6103=DIRECTION('center_axis',(1.,-1.30080831398314E-15,0.));
#6104=DIRECTION('ref_axis',(1.30080831398314E-15,1.,0.));
#6105=DIRECTION('',(-1.30080831398314E-15,-1.,0.));
#6106=DIRECTION('',(0.,0.,-1.));
#6107=DIRECTION('center_axis',(1.53392600944249E-15,1.,0.));
#6108=DIRECTION('ref_axis',(-1.,1.53392600944249E-15,0.));
#6109=DIRECTION('',(1.,-1.53392600944249E-15,0.));
#6110=DIRECTION('',(0.,0.,1.));
#6111=DIRECTION('center_axis',(0.,0.,-1.));
#6112=DIRECTION('ref_axis',(0.70710678118655,0.707106781186545,0.));
#6113=DIRECTION('center_axis',(0.,0.,1.));
#6114=DIRECTION('ref_axis',(0.70710678118655,0.707106781186545,0.));
#6115=DIRECTION('',(0.,0.,-1.));
#6116=DIRECTION('center_axis',(1.,-1.76704370490184E-15,0.));
#6117=DIRECTION('ref_axis',(1.76704370490184E-15,1.,0.));
#6118=DIRECTION('',(-1.76704370490184E-15,-1.,0.));
#6119=DIRECTION('',(0.,0.,-1.));
#6120=DIRECTION('center_axis',(1.53392600944249E-15,1.,0.));
#6121=DIRECTION('ref_axis',(-1.,1.53392600944249E-15,0.));
#6122=DIRECTION('',(1.,-1.53392600944249E-15,0.));
#6123=DIRECTION('',(0.,0.,1.));
#6124=DIRECTION('center_axis',(0.,0.,-1.));
#6125=DIRECTION('ref_axis',(0.707106781186548,0.707106781186547,0.));
#6126=DIRECTION('center_axis',(0.,0.,1.));
#6127=DIRECTION('ref_axis',(0.707106781186548,0.707106781186547,0.));
#6128=DIRECTION('',(0.,0.,-1.));
#6129=DIRECTION('center_axis',(1.,-1.41736716171282E-15,0.));
#6130=DIRECTION('ref_axis',(1.41736716171282E-15,1.,0.));
#6131=DIRECTION('',(-1.41736716171282E-15,-1.,0.));
#6132=DIRECTION('',(0.,0.,-1.));
#6133=DIRECTION('center_axis',(1.30080831398314E-15,1.,0.));
#6134=DIRECTION('ref_axis',(-1.,1.30080831398314E-15,0.));
#6135=DIRECTION('',(1.,-1.30080831398314E-15,0.));
#6136=DIRECTION('',(0.,0.,1.));
#6137=DIRECTION('center_axis',(0.,0.,-1.));
#6138=DIRECTION('ref_axis',(0.707106781186548,0.707106781186547,0.));
#6139=DIRECTION('center_axis',(0.,0.,1.));
#6140=DIRECTION('ref_axis',(0.707106781186548,0.707106781186547,0.));
#6141=DIRECTION('',(0.,0.,-1.));
#6142=DIRECTION('center_axis',(1.,-1.37851421246959E-15,0.));
#6143=DIRECTION('ref_axis',(1.37851421246959E-15,1.,0.));
#6144=DIRECTION('',(-1.37851421246959E-15,-1.,0.));
#6145=DIRECTION('',(0.,0.,1.));
#6146=DIRECTION('center_axis',(0.,0.,-1.));
#6147=DIRECTION('ref_axis',(0.707106781186548,-0.707106781186547,0.));
#6148=DIRECTION('center_axis',(0.,0.,1.));
#6149=DIRECTION('ref_axis',(0.707106781186548,-0.707106781186547,0.));
#6150=DIRECTION('',(0.,0.,-1.));
#6151=DIRECTION('center_axis',(-1.30080831398314E-15,-1.,0.));
#6152=DIRECTION('ref_axis',(1.,-1.30080831398314E-15,0.));
#6153=DIRECTION('',(-1.,1.30080831398314E-15,0.));
#6154=DIRECTION('',(0.,0.,-1.));
#6155=DIRECTION('center_axis',(1.,-1.41736716171282E-15,0.));
#6156=DIRECTION('ref_axis',(1.41736716171282E-15,1.,0.));
#6157=DIRECTION('',(-1.41736716171282E-15,-1.,0.));
#6158=DIRECTION('',(0.,0.,1.));
#6159=DIRECTION('center_axis',(0.,0.,-1.));
#6160=DIRECTION('ref_axis',(0.707106781186547,-0.707106781186548,0.));
#6161=DIRECTION('center_axis',(0.,0.,1.));
#6162=DIRECTION('ref_axis',(0.707106781186547,-0.707106781186548,0.));
#6163=DIRECTION('',(0.,0.,-1.));
#6164=DIRECTION('center_axis',(-1.30080831398314E-15,-1.,0.));
#6165=DIRECTION('ref_axis',(1.,-1.30080831398314E-15,0.));
#6166=DIRECTION('',(-1.,1.30080831398314E-15,0.));
#6167=DIRECTION('',(0.,0.,-1.));
#6168=DIRECTION('center_axis',(1.,-1.30080831398314E-15,0.));
#6169=DIRECTION('ref_axis',(1.30080831398314E-15,1.,0.));
#6170=DIRECTION('',(-1.30080831398314E-15,-1.,0.));
#6171=DIRECTION('',(0.,0.,1.));
#6172=DIRECTION('center_axis',(0.,0.,-1.));
#6173=DIRECTION('ref_axis',(0.707106781186548,-0.707106781186547,0.));
#6174=DIRECTION('center_axis',(0.,0.,1.));
#6175=DIRECTION('ref_axis',(0.707106781186548,-0.707106781186547,0.));
#6176=DIRECTION('',(0.,0.,-1.));
#6177=DIRECTION('center_axis',(-1.30080831398314E-15,-1.,0.));
#6178=DIRECTION('ref_axis',(1.,-1.30080831398314E-15,0.));
#6179=DIRECTION('',(-1.,1.30080831398314E-15,0.));
#6180=DIRECTION('',(0.,0.,1.));
#6181=DIRECTION('center_axis',(0.,0.,-1.));
#6182=DIRECTION('ref_axis',(-0.707106781186549,-0.707106781186547,0.));
#6183=DIRECTION('center_axis',(0.,0.,1.));
#6184=DIRECTION('ref_axis',(-0.707106781186549,-0.707106781186547,0.));
#6185=DIRECTION('',(0.,0.,-1.));
#6186=DIRECTION('center_axis',(-1.,1.30080831398314E-15,0.));
#6187=DIRECTION('ref_axis',(-1.30080831398314E-15,-1.,0.));
#6188=DIRECTION('',(1.30080831398314E-15,1.,0.));
#6189=DIRECTION('',(0.,0.,1.));
#6190=DIRECTION('center_axis',(-1.30080831398314E-15,-1.,0.));
#6191=DIRECTION('ref_axis',(1.,-1.30080831398314E-15,0.));
#6192=DIRECTION('',(-1.,1.30080831398314E-15,0.));
#6193=DIRECTION('',(0.,0.,1.));
#6194=DIRECTION('center_axis',(0.,0.,-1.));
#6195=DIRECTION('ref_axis',(-0.707106781186552,-0.707106781186543,0.));
#6196=DIRECTION('center_axis',(0.,0.,1.));
#6197=DIRECTION('ref_axis',(-0.707106781186552,-0.707106781186543,0.));
#6198=DIRECTION('',(0.,0.,-1.));
#6199=DIRECTION('center_axis',(-1.,1.30080831398314E-15,0.));
#6200=DIRECTION('ref_axis',(-1.30080831398314E-15,-1.,0.));
#6201=DIRECTION('',(1.30080831398314E-15,1.,0.));
#6202=DIRECTION('',(0.,0.,-1.));
#6203=DIRECTION('center_axis',(-8.34572923064443E-16,-1.,0.));
#6204=DIRECTION('ref_axis',(1.,-8.34572923064443E-16,0.));
#6205=DIRECTION('',(-1.,8.34572923064443E-16,0.));
#6206=DIRECTION('',(0.,0.,-1.));
#6207=DIRECTION('center_axis',(1.,-1.30080831398314E-15,0.));
#6208=DIRECTION('ref_axis',(1.30080831398314E-15,1.,0.));
#6209=DIRECTION('',(-1.30080831398314E-15,-1.,0.));
#6210=DIRECTION('',(0.,0.,1.));
#6211=DIRECTION('center_axis',(0.,0.,-1.));
#6212=DIRECTION('ref_axis',(0.707106781186547,-0.707106781186549,0.));
#6213=DIRECTION('center_axis',(0.,0.,1.));
#6214=DIRECTION('ref_axis',(0.707106781186547,-0.707106781186549,0.));
#6215=DIRECTION('',(0.,0.,-1.));
#6216=DIRECTION('center_axis',(-1.30080831398314E-15,-1.,0.));
#6217=DIRECTION('ref_axis',(1.,-1.30080831398314E-15,0.));
#6218=DIRECTION('',(-1.,1.30080831398314E-15,0.));
#6219=DIRECTION('',(0.,0.,1.));
#6220=DIRECTION('center_axis',(-0.31622776601684,0.632455532033681,-0.707106781186542));
#6221=DIRECTION('ref_axis',(-0.912870929175274,1.18747009426471E-15,0.408248290463869));
#6222=DIRECTION('',(-0.316227766016844,0.632455532033669,0.707106781186551));
#6223=DIRECTION('',(-0.894427190999916,-0.447213595499957,0.));
#6224=DIRECTION('',(0.316227766016825,-0.632455532033673,-0.707106781186556));
#6225=DIRECTION('center_axis',(0.,0.,-1.));
#6226=DIRECTION('ref_axis',(0.22975292054736,-0.973248989467731,0.));
#6227=DIRECTION('',(9.19810379841324E-16,0.70710678118655,0.707106781186545));
#6228=DIRECTION('center_axis',(0.,0.,-1.));
#6229=DIRECTION('ref_axis',(0.22975292054736,-0.973248989467731,0.));
#6230=DIRECTION('center_axis',(1.12230991499676E-15,0.707106781186545,-0.70710678118655));
#6231=DIRECTION('ref_axis',(-1.,1.30080831398314E-15,-2.8637758899108E-16));
#6232=DIRECTION('',(9.19810379841324E-16,0.70710678118655,0.707106781186545));
#6233=DIRECTION('',(-1.,1.58718590297423E-15,0.));
#6234=DIRECTION('center_axis',(0.,0.,1.));
#6235=DIRECTION('ref_axis',(-0.216439613938108,0.976296007119932,0.));
#6236=DIRECTION('',(-0.298836238730132,0.640856382055783,0.707106781186547));
#6237=DIRECTION('center_axis',(0.,0.,1.));
#6238=DIRECTION('ref_axis',(-0.216439613938108,0.976296007119932,0.));
#6239=DIRECTION('center_axis',(-0.298836238730124,0.640856382055776,-0.707106781186557));
#6240=DIRECTION('ref_axis',(-0.921118787038766,1.1981989763461E-15,0.389281620635026));
#6241=DIRECTION('',(-0.298836238730128,0.640856382055795,0.707106781186538));
#6242=DIRECTION('',(-0.906307787036644,-0.422618261740711,0.));
#6243=DIRECTION('center_axis',(0.,0.,-1.));
#6244=DIRECTION('ref_axis',(-0.342020143325665,-0.93969262078591,0.));
#6245=DIRECTION('',(0.640856382055795,0.298836238730128,0.707106781186538));
#6246=DIRECTION('center_axis',(0.,0.,-1.));
#6247=DIRECTION('ref_axis',(-0.342020143325665,-0.93969262078591,0.));
#6248=DIRECTION('center_axis',(0.640856382055781,0.298836238730114,-0.707106781186557));
#6249=DIRECTION('ref_axis',(-0.740965645273298,9.63854271747391E-16,-0.671542934237808));
#6250=DIRECTION('',(0.640856382055795,0.298836238730128,0.707106781186538));
#6251=DIRECTION('',(-0.422618261740696,0.906307787036651,0.));
#6252=DIRECTION('center_axis',(0.,0.,-1.));
#6253=DIRECTION('ref_axis',(-0.976296007119934,-0.2164396139381,0.));
#6254=DIRECTION('',(0.707106781186561,-9.19810379841338E-16,0.707106781186534));
#6255=DIRECTION('center_axis',(0.,0.,-1.));
#6256=DIRECTION('ref_axis',(-0.976296007119934,-0.2164396139381,0.));
#6257=DIRECTION('center_axis',(0.707106781186555,-4.59905189920665E-16,
-0.70710678118654));
#6258=DIRECTION('ref_axis',(-0.70710678118654,9.1981037984131E-16,-0.707106781186555));
#6259=DIRECTION('',(0.70710678118654,9.54747267805063E-15,0.707106781186555));
#6260=DIRECTION('',(6.50404156991572E-16,1.,0.));
#6261=DIRECTION('center_axis',(0.,0.,-1.));
#6262=DIRECTION('ref_axis',(-0.707106781186549,0.707106781186546,0.));
#6263=DIRECTION('',(-9.19810379841324E-16,-0.70710678118655,0.707106781186545));
#6264=DIRECTION('center_axis',(0.,0.,-1.));
#6265=DIRECTION('ref_axis',(-0.707106781186549,0.707106781186546,0.));
#6266=DIRECTION('center_axis',(-6.0657497661264E-16,-0.70710678118655,-0.707106781186545));
#6267=DIRECTION('ref_axis',(-1.,1.30080831398314E-15,-4.42981755461411E-16));
#6268=DIRECTION('',(-9.19810379841317E-16,-0.707106781186545,0.70710678118655));
#6269=DIRECTION('',(1.,-8.57826558521736E-16,0.));
#6270=DIRECTION('center_axis',(0.,0.,1.));
#6271=DIRECTION('ref_axis',(0.707106781186548,-0.707106781186547,0.));
#6272=DIRECTION('',(0.707106781186561,-9.19810379841338E-16,0.707106781186534));
#6273=DIRECTION('center_axis',(0.,0.,1.));
#6274=DIRECTION('ref_axis',(0.707106781186548,-0.707106781186547,0.));
#6275=DIRECTION('center_axis',(0.707106781186555,-9.19810379841331E-16,
-0.70710678118654));
#6276=DIRECTION('ref_axis',(-0.70710678118654,9.1981037984131E-16,-0.707106781186555));
#6277=DIRECTION('',(0.70710678118654,9.54747267805063E-15,0.707106781186555));
#6278=DIRECTION('',(1.30080831398314E-15,1.,0.));
#6279=DIRECTION('center_axis',(0.,0.,-1.));
#6280=DIRECTION('ref_axis',(-0.707106781186546,0.707106781186549,0.));
#6281=DIRECTION('',(-9.19810379841317E-16,-0.707106781186545,0.70710678118655));
#6282=DIRECTION('center_axis',(0.,0.,-1.));
#6283=DIRECTION('ref_axis',(-0.707106781186546,0.707106781186549,0.));
#6284=DIRECTION('center_axis',(-8.00518320410108E-16,-0.70710678118655,
-0.707106781186545));
#6285=DIRECTION('ref_axis',(-1.,1.30080831398314E-15,-1.68704448331043E-16));
#6286=DIRECTION('',(9.54747267805054E-15,-0.707106781186545,0.70710678118655));
#6287=DIRECTION('',(1.,-1.1321038656521E-15,0.));
#6288=DIRECTION('center_axis',(0.,0.,-1.));
#6289=DIRECTION('ref_axis',(0.22975292054736,0.97324898946773,0.));
#6290=DIRECTION('',(-0.316227766016841,-0.632455532033681,0.707106781186541));
#6291=DIRECTION('center_axis',(0.,0.,-1.));
#6292=DIRECTION('ref_axis',(0.22975292054736,0.973248989467731,0.));
#6293=DIRECTION('center_axis',(-0.316227766016837,-0.632455532033678,-0.707106781186547));
#6294=DIRECTION('ref_axis',(-0.912870929175278,1.18747009426472E-15,0.408248290463861));
#6295=DIRECTION('',(-0.316227766016834,-0.632455532033677,0.707106781186548));
#6296=DIRECTION('',(0.894427190999917,-0.447213595499956,0.));
#6297=DIRECTION('center_axis',(0.,0.,-1.));
#6298=DIRECTION('ref_axis',(0.850650808352039,0.525731112119135,0.));
#6299=DIRECTION('',(-0.707106781186548,9.19810379841321E-16,0.707106781186548));
#6300=DIRECTION('center_axis',(0.,0.,-1.));
#6301=DIRECTION('ref_axis',(0.850650808352039,0.525731112119135,0.));
#6302=DIRECTION('center_axis',(-0.70710678118655,9.19810379841324E-16,-0.707106781186545));
#6303=DIRECTION('ref_axis',(-0.707106781186545,9.19810379841317E-16,0.70710678118655));
#6304=DIRECTION('',(-0.707106781186545,9.19810379841317E-16,0.70710678118655));
#6305=DIRECTION('',(-1.30080831398314E-15,-1.,0.));
#6306=DIRECTION('center_axis',(0.,0.,-1.));
#6307=DIRECTION('ref_axis',(0.850650808352039,-0.525731112119134,0.));
#6308=DIRECTION('center_axis',(0.,0.,-1.));
#6309=DIRECTION('ref_axis',(0.85065080835204,-0.525731112119134,0.));
#6310=DIRECTION('center_axis',(0.,0.,-1.));
#6311=DIRECTION('ref_axis',(-0.707106781186549,0.707106781186546,0.));
#6312=DIRECTION('',(0.,0.,1.));
#6313=DIRECTION('center_axis',(0.,0.,-1.));
#6314=DIRECTION('ref_axis',(-0.707106781186549,0.707106781186546,0.));
#6315=DIRECTION('',(0.,0.,-1.));
#6316=DIRECTION('center_axis',(1.,-6.50404156991572E-16,0.));
#6317=DIRECTION('ref_axis',(6.50404156991572E-16,1.,0.));
#6318=DIRECTION('',(6.50404156991572E-16,1.,0.));
#6319=DIRECTION('',(0.,0.,1.));
#6320=DIRECTION('center_axis',(-1.,6.50404156991572E-16,0.));
#6321=DIRECTION('ref_axis',(-1.30080831398314E-15,-1.,0.));
#6322=DIRECTION('center_axis',(0.,0.,-1.));
#6323=DIRECTION('ref_axis',(-0.976296007119934,-0.2164396139381,0.));
#6324=DIRECTION('center_axis',(0.,0.,-1.));
#6325=DIRECTION('ref_axis',(-0.976296007119934,-0.2164396139381,0.));
#6326=DIRECTION('',(0.,0.,-1.));
#6327=DIRECTION('center_axis',(0.906307787036651,0.422618261740696,0.));
#6328=DIRECTION('ref_axis',(-0.422618261740696,0.906307787036651,0.));
#6329=DIRECTION('',(-0.422618261740696,0.906307787036651,0.));
#6330=DIRECTION('',(0.,0.,1.));
#6331=DIRECTION('center_axis',(0.,0.,-1.));
#6332=DIRECTION('ref_axis',(-0.342020143325665,-0.93969262078591,0.));
#6333=DIRECTION('center_axis',(0.,0.,-1.));
#6334=DIRECTION('ref_axis',(-0.342020143325665,-0.93969262078591,0.));
#6335=DIRECTION('',(0.,0.,-1.));
#6336=DIRECTION('center_axis',(-0.422618261740711,0.906307787036644,0.));
#6337=DIRECTION('ref_axis',(-0.906307787036644,-0.422618261740711,0.));
#6338=DIRECTION('',(-0.906307787036644,-0.422618261740711,0.));
#6339=DIRECTION('',(0.,0.,1.));
#6340=DIRECTION('center_axis',(0.,0.,-1.));
#6341=DIRECTION('ref_axis',(-0.216439613938108,0.976296007119932,0.));
#6342=DIRECTION('center_axis',(0.,0.,1.));
#6343=DIRECTION('ref_axis',(-0.216439613938108,0.976296007119932,0.));
#6344=DIRECTION('',(0.,0.,-1.));
#6345=DIRECTION('center_axis',(1.58718590297423E-15,1.,0.));
#6346=DIRECTION('ref_axis',(-1.,1.58718590297423E-15,0.));
#6347=DIRECTION('',(-1.,1.58718590297423E-15,0.));
#6348=DIRECTION('',(0.,0.,1.));
#6349=DIRECTION('center_axis',(0.,0.,-1.));
#6350=DIRECTION('ref_axis',(0.22975292054736,-0.973248989467731,0.));
#6351=DIRECTION('center_axis',(0.,0.,-1.));
#6352=DIRECTION('ref_axis',(0.22975292054736,-0.973248989467731,0.));
#6353=DIRECTION('',(0.,0.,-1.));
#6354=DIRECTION('center_axis',(-0.447213595499957,0.894427190999916,0.));
#6355=DIRECTION('ref_axis',(-0.894427190999916,-0.447213595499957,0.));
#6356=DIRECTION('',(-0.894427190999916,-0.447213595499957,0.));
#6357=DIRECTION('',(0.,0.,1.));
#6358=DIRECTION('center_axis',(1.,-1.30080831398314E-15,0.));
#6359=DIRECTION('ref_axis',(-1.30080831398314E-15,-1.,0.));
#6360=DIRECTION('center_axis',(-1.,1.30080831398314E-15,0.));
#6361=DIRECTION('ref_axis',(-1.30080831398314E-15,-1.,0.));
#6362=DIRECTION('',(-1.,1.30080831398314E-15,0.));
#6363=DIRECTION('center_axis',(-1.,1.30080831398314E-15,0.));
#6364=DIRECTION('ref_axis',(-1.30080831398314E-15,-1.,0.));
#6365=DIRECTION('center_axis',(1.,-1.30080831398314E-15,0.));
#6366=DIRECTION('ref_axis',(-1.30080831398314E-15,-1.,0.));
#6367=DIRECTION('center_axis',(1.,-1.30080831398314E-15,0.));
#6368=DIRECTION('ref_axis',(-1.30080831398314E-15,-1.,0.));
#6369=DIRECTION('center_axis',(1.,-1.30080831398314E-15,0.));
#6370=DIRECTION('ref_axis',(-1.30080831398314E-15,-1.,0.));
#6371=DIRECTION('',(-1.,1.30080831398314E-15,0.));
#6372=DIRECTION('center_axis',(-1.30080831398314E-15,-1.,0.));
#6373=DIRECTION('ref_axis',(-0.707106781186546,9.19810379841319E-16,0.707106781186549));
#6374=DIRECTION('center_axis',(1.30080831398314E-15,1.,0.));
#6375=DIRECTION('ref_axis',(-0.707106781186546,9.19810379841319E-16,0.707106781186549));
#6376=DIRECTION('',(-1.30080831398314E-15,-1.,0.));
#6377=DIRECTION('center_axis',(-8.57826558521736E-16,-1.,0.));
#6378=DIRECTION('ref_axis',(-0.707106781186546,9.19810379841319E-16,0.707106781186549));
#6379=DIRECTION('',(1.30080831398314E-15,1.,0.));
#6380=DIRECTION('center_axis',(0.,0.,-1.));
#6381=DIRECTION('ref_axis',(-1.,1.30080831398314E-15,0.));
#6382=DIRECTION('',(1.,-8.57826558521736E-16,0.));
#6383=DIRECTION('center_axis',(0.,0.,1.));
#6384=DIRECTION('ref_axis',(0.707106781186548,-0.707106781186547,0.));
#6385=DIRECTION('',(-1.30080831398314E-15,-1.,0.));
#6386=DIRECTION('center_axis',(0.,0.,-1.));
#6387=DIRECTION('ref_axis',(0.707106781186546,-0.707106781186549,0.));
#6388=DIRECTION('',(-1.,1.30080831398314E-15,0.));
#6389=DIRECTION('center_axis',(1.30080831398314E-15,1.,0.));
#6390=DIRECTION('ref_axis',(0.707106781186553,-9.19810379841327E-16,0.707106781186543));
#6391=DIRECTION('',(1.30080831398314E-15,1.,0.));
#6392=DIRECTION('',(-1.30080831398314E-15,-1.,0.));
#6393=DIRECTION('center_axis',(-1.,1.30080831398314E-15,0.));
#6394=DIRECTION('ref_axis',(-1.30080831398314E-15,-1.,0.));
#6395=DIRECTION('',(0.,0.,-1.));
#6396=DIRECTION('',(-1.30080831398314E-15,-1.,0.));
#6397=DIRECTION('',(0.,0.,1.));
#6398=DIRECTION('center_axis',(1.,-1.30080831398314E-15,0.));
#6399=DIRECTION('ref_axis',(1.30080831398314E-15,1.,0.));
#6400=DIRECTION('',(0.,0.,-1.));
#6401=DIRECTION('',(1.30080831398314E-15,1.,0.));
#6402=DIRECTION('',(0.,0.,1.));
#6403=DIRECTION('center_axis',(0.,0.,-1.));
#6404=DIRECTION('ref_axis',(0.707106781186546,-0.707106781186549,0.));
#6405=DIRECTION('center_axis',(0.,0.,-1.));
#6406=DIRECTION('ref_axis',(0.707106781186546,-0.707106781186549,0.));
#6407=DIRECTION('',(0.,0.,-1.));
#6408=DIRECTION('center_axis',(0.,0.,-1.));
#6409=DIRECTION('ref_axis',(0.707106781186546,-0.707106781186549,0.));
#6410=DIRECTION('',(0.,0.,1.));
#6411=DIRECTION('center_axis',(0.,0.,-1.));
#6412=DIRECTION('ref_axis',(0.707106781186546,-0.707106781186549,0.));
#6413=DIRECTION('',(0.,0.,1.));
#6414=DIRECTION('center_axis',(-1.30080831398314E-15,-1.,0.));
#6415=DIRECTION('ref_axis',(1.,-1.30080831398314E-15,0.));
#6416=DIRECTION('',(1.,-1.30080831398314E-15,0.));
#6417=DIRECTION('',(0.,0.,-1.));
#6418=DIRECTION('',(1.,-1.30080831398314E-15,0.));
#6419=DIRECTION('center_axis',(0.,0.,-1.));
#6420=DIRECTION('ref_axis',(-1.,1.30080831398314E-15,0.));
#6421=DIRECTION('center_axis',(0.,0.,-1.));
#6422=DIRECTION('ref_axis',(-0.707106781186546,0.707106781186549,0.));
#6423=DIRECTION('',(1.,-1.1321038656521E-15,0.));
#6424=DIRECTION('center_axis',(0.,0.,-1.));
#6425=DIRECTION('ref_axis',(0.22975292054736,0.973248989467731,0.));
#6426=DIRECTION('',(0.894427190999917,-0.447213595499956,0.));
#6427=DIRECTION('center_axis',(0.,0.,-1.));
#6428=DIRECTION('ref_axis',(0.850650808352039,0.525731112119135,0.));
#6429=DIRECTION('',(-1.30080831398314E-15,-1.,0.));
#6430=DIRECTION('center_axis',(0.,0.,-1.));
#6431=DIRECTION('ref_axis',(0.850650808352039,-0.525731112119134,0.));
#6432=DIRECTION('',(1.,-8.57826558521736E-16,0.));
#6433=DIRECTION('center_axis',(0.,0.,1.));
#6434=DIRECTION('ref_axis',(-0.707106781186546,0.707106781186549,0.));
#6435=DIRECTION('',(6.32466502512737E-16,1.,0.));
#6436=DIRECTION('center_axis',(0.,0.,1.));
#6437=DIRECTION('ref_axis',(-0.976296007119934,-0.216439613938102,0.));
#6438=DIRECTION('',(-0.422618261740697,0.906307787036651,0.));
#6439=DIRECTION('center_axis',(0.,0.,1.));
#6440=DIRECTION('ref_axis',(-0.342020143325663,-0.93969262078591,0.));
#6441=DIRECTION('',(-0.906307787036647,-0.422618261740705,0.));
#6442=DIRECTION('center_axis',(0.,0.,-1.));
#6443=DIRECTION('ref_axis',(-0.216439613938106,0.976296007119933,0.));
#6444=DIRECTION('',(-1.,-1.85197520524524E-15,0.));
#6445=DIRECTION('center_axis',(0.,0.,1.));
#6446=DIRECTION('ref_axis',(0.22975292054736,-0.973248989467731,0.));
#6447=DIRECTION('',(-0.894427190999918,-0.447213595499954,0.));
#6448=DIRECTION('center_axis',(0.,0.,1.));
#6449=DIRECTION('ref_axis',(0.850650808352039,-0.525731112119135,0.));
#6450=DIRECTION('',(-1.54315245912629E-15,-1.,0.));
#6451=DIRECTION('center_axis',(0.,0.,1.));
#6452=DIRECTION('ref_axis',(0.85065080835204,0.525731112119133,0.));
#6453=DIRECTION('',(0.894427190999916,-0.447213595499958,0.));
#6454=DIRECTION('center_axis',(0.,0.,1.));
#6455=DIRECTION('ref_axis',(0.229752920547362,0.97324898946773,0.));
#6456=DIRECTION('',(1.,-1.01148274851429E-15,0.));
#6457=DIRECTION('center_axis',(0.,0.,1.));
#6458=DIRECTION('ref_axis',(-0.707106781186545,0.70710678118655,0.));
#6459=DIRECTION('',(1.30080831398314E-15,1.,0.));
#6460=DIRECTION('center_axis',(0.,0.,-1.));
#6461=DIRECTION('ref_axis',(0.342020143325669,0.939692620785908,0.));
#6462=DIRECTION('',(0.,0.,1.));
#6463=DIRECTION('center_axis',(0.,0.,1.));
#6464=DIRECTION('ref_axis',(0.342020143325669,0.939692620785908,0.));
#6465=DIRECTION('',(0.,0.,-1.));
#6466=DIRECTION('center_axis',(-0.4226182617407,0.90630778703665,0.));
#6467=DIRECTION('ref_axis',(-0.90630778703665,-0.4226182617407,0.));
#6468=DIRECTION('',(0.,0.,-1.));
#6469=DIRECTION('',(0.90630778703665,0.4226182617407,0.));
#6470=DIRECTION('center_axis',(0.,0.,-1.));
#6471=DIRECTION('ref_axis',(0.939692620785907,-0.342020143325672,0.));
#6472=DIRECTION('',(0.,0.,1.));
#6473=DIRECTION('center_axis',(0.,0.,1.));
#6474=DIRECTION('ref_axis',(0.939692620785907,-0.342020143325672,0.));
#6475=DIRECTION('',(0.,0.,-1.));
#6476=DIRECTION('center_axis',(0.90630778703665,0.422618261740699,0.));
#6477=DIRECTION('ref_axis',(-0.422618261740699,0.90630778703665,0.));
#6478=DIRECTION('',(0.422618261740699,-0.90630778703665,0.));
#6479=DIRECTION('center_axis',(0.,0.,-1.));
#6480=DIRECTION('ref_axis',(-0.939692620785909,0.342020143325667,0.));
#6481=DIRECTION('',(0.,0.,1.));
#6482=DIRECTION('center_axis',(0.,0.,1.));
#6483=DIRECTION('ref_axis',(-0.939692620785909,0.342020143325667,0.));
#6484=DIRECTION('center_axis',(-0.90630778703665,-0.4226182617407,0.));
#6485=DIRECTION('ref_axis',(0.4226182617407,-0.90630778703665,0.));
#6486=DIRECTION('',(0.,0.,-1.));
#6487=DIRECTION('',(-0.4226182617407,0.90630778703665,0.));
#6488=DIRECTION('center_axis',(0.,0.,-1.));
#6489=DIRECTION('ref_axis',(-0.342020143325667,-0.939692620785909,0.));
#6490=DIRECTION('',(0.,0.,1.));
#6491=DIRECTION('center_axis',(0.,0.,1.));
#6492=DIRECTION('ref_axis',(-0.342020143325667,-0.939692620785909,0.));
#6493=DIRECTION('center_axis',(0.4226182617407,-0.90630778703665,0.));
#6494=DIRECTION('ref_axis',(0.90630778703665,0.4226182617407,0.));
#6495=DIRECTION('',(-0.90630778703665,-0.4226182617407,0.));
#6496=DIRECTION('center_axis',(0.,0.,-1.));
#6497=DIRECTION('ref_axis',(-0.976296007119934,-0.216439613938101,0.));
#6498=DIRECTION('center_axis',(0.,0.,1.));
#6499=DIRECTION('ref_axis',(-0.976296007119934,-0.216439613938101,0.));
#6500=DIRECTION('',(0.,0.,1.));
#6501=DIRECTION('center_axis',(0.,0.,1.));
#6502=DIRECTION('ref_axis',(-0.976296007119934,-0.216439613938101,0.));
#6503=DIRECTION('',(0.,0.,-1.));
#6504=DIRECTION('center_axis',(1.,-1.30080831398314E-15,0.));
#6505=DIRECTION('ref_axis',(1.30080831398314E-15,1.,0.));
#6506=DIRECTION('',(6.32466502512737E-16,1.,0.));
#6507=DIRECTION('',(0.,0.,-1.));
#6508=DIRECTION('',(0.,0.,1.));
#6509=DIRECTION('',(-1.30080831398314E-15,-1.,0.));
#6510=DIRECTION('center_axis',(0.,0.,-1.));
#6511=DIRECTION('ref_axis',(0.70710678118655,-0.707106781186545,0.));
#6512=DIRECTION('center_axis',(0.,0.,1.));
#6513=DIRECTION('ref_axis',(0.70710678118655,-0.707106781186545,0.));
#6514=DIRECTION('',(0.,0.,1.));
#6515=DIRECTION('center_axis',(0.,0.,1.));
#6516=DIRECTION('ref_axis',(0.70710678118655,-0.707106781186545,0.));
#6517=DIRECTION('',(0.,0.,-1.));
#6518=DIRECTION('center_axis',(0.,0.,-1.));
#6519=DIRECTION('ref_axis',(-1.,1.30080831398314E-15,0.));
#6520=DIRECTION('center_axis',(0.,0.,1.));
#6521=DIRECTION('ref_axis',(-0.707106781186546,0.707106781186549,0.));
#6522=DIRECTION('',(-1.,8.34572923064443E-16,0.));
#6523=DIRECTION('center_axis',(0.,0.,-1.));
#6524=DIRECTION('ref_axis',(0.707106781186553,-0.707106781186542,0.));
#6525=DIRECTION('',(-1.30080831398314E-15,-1.,0.));
#6526=DIRECTION('center_axis',(0.,0.,1.));
#6527=DIRECTION('ref_axis',(-0.707106781186553,0.707106781186542,0.));
#6528=DIRECTION('',(-1.,1.30080831398314E-15,0.));
#6529=DIRECTION('center_axis',(0.,0.,1.));
#6530=DIRECTION('ref_axis',(0.707106781186552,0.707106781186543,0.));
#6531=DIRECTION('',(1.30080831398314E-15,1.,0.));
#6532=DIRECTION('center_axis',(0.,0.,-1.));
#6533=DIRECTION('ref_axis',(-0.707106781186549,-0.707106781186547,0.));
#6534=DIRECTION('',(-1.,1.53392600944249E-15,0.));
#6535=DIRECTION('center_axis',(0.,0.,1.));
#6536=DIRECTION('ref_axis',(0.707106781186549,0.707106781186546,0.));
#6537=DIRECTION('',(1.65048485717217E-15,1.,0.));
#6538=DIRECTION('center_axis',(0.,0.,-1.));
#6539=DIRECTION('ref_axis',(-0.707106781186549,-0.707106781186546,0.));
#6540=DIRECTION('',(-1.,1.30080831398314E-15,0.));
#6541=DIRECTION('center_axis',(0.,0.,1.));
#6542=DIRECTION('ref_axis',(0.707106781186548,0.707106781186547,0.));
#6543=DIRECTION('',(1.33834755403809E-15,1.,0.));
#6544=DIRECTION('center_axis',(0.,0.,-1.));
#6545=DIRECTION('ref_axis',(-0.707106781186549,-0.707106781186546,0.));
#6546=DIRECTION('',(-1.,1.30080831398314E-15,0.));
#6547=DIRECTION('center_axis',(0.,0.,1.));
#6548=DIRECTION('ref_axis',(0.707106781186547,0.707106781186548,0.));
#6549=DIRECTION('',(1.30080831398314E-15,1.,0.));
#6550=DIRECTION('center_axis',(0.,0.,1.));
#6551=DIRECTION('ref_axis',(0.707106781186548,-0.707106781186547,0.));
#6552=DIRECTION('',(1.,-1.30080831398314E-15,0.));
#6553=DIRECTION('center_axis',(0.,0.,-1.));
#6554=DIRECTION('ref_axis',(-0.707106781186548,0.707106781186547,0.));
#6555=DIRECTION('',(1.33834755403809E-15,1.,0.));
#6556=DIRECTION('center_axis',(0.,0.,1.));
#6557=DIRECTION('ref_axis',(0.707106781186542,-0.707106781186553,0.));
#6558=DIRECTION('',(1.,-1.30080831398314E-15,0.));
#6559=DIRECTION('center_axis',(0.,0.,-1.));
#6560=DIRECTION('ref_axis',(-0.707106781186547,0.707106781186548,0.));
#6561=DIRECTION('',(1.41736716171282E-15,1.,0.));
#6562=DIRECTION('center_axis',(0.,0.,1.));
#6563=DIRECTION('ref_axis',(0.707106781186542,-0.707106781186553,0.));
#6564=DIRECTION('',(1.,-1.30080831398314E-15,0.));
#6565=DIRECTION('center_axis',(0.,0.,-1.));
#6566=DIRECTION('ref_axis',(-0.707106781186547,0.707106781186549,0.));
#6567=DIRECTION('',(1.30080831398314E-15,1.,0.));
#6568=DIRECTION('center_axis',(0.,0.,1.));
#6569=DIRECTION('ref_axis',(0.70710678118654,-0.707106781186555,0.));
#6570=DIRECTION('',(1.,-1.04878015690849E-15,0.));
#6571=DIRECTION('center_axis',(0.,0.,-1.));
#6572=DIRECTION('ref_axis',(-0.70710678118655,0.707106781186545,0.));
#6573=DIRECTION('',(1.30080831398314E-15,1.,0.));
#6574=DIRECTION('',(1.,-1.30080831398314E-15,0.));
#6575=DIRECTION('center_axis',(0.,0.,1.));
#6576=DIRECTION('ref_axis',(-0.707106781186549,-0.707106781186547,0.));
#6577=DIRECTION('',(-1.30080831398314E-15,-1.,0.));
#6578=DIRECTION('center_axis',(0.,0.,-1.));
#6579=DIRECTION('ref_axis',(0.707106781186549,0.707106781186547,0.));
#6580=DIRECTION('',(1.,-1.04878015690849E-15,0.));
#6581=DIRECTION('center_axis',(0.,0.,-1.));
#6582=DIRECTION('ref_axis',(-0.216439613938101,0.976296007119934,0.));
#6583=DIRECTION('',(0.906307787036652,0.422618261740695,0.));
#6584=DIRECTION('center_axis',(0.,0.,-1.));
#6585=DIRECTION('ref_axis',(-0.939692620785905,0.342020143325678,0.));
#6586=DIRECTION('',(-0.422618261740695,0.906307787036652,0.));
#6587=DIRECTION('center_axis',(0.,0.,1.));
#6588=DIRECTION('ref_axis',(0.939692620785905,-0.342020143325678,0.));
#6589=DIRECTION('',(0.906307787036653,0.422618261740692,0.));
#6590=DIRECTION('center_axis',(0.,0.,1.));
#6591=DIRECTION('ref_axis',(-0.342020143325678,-0.939692620785905,0.));
#6592=DIRECTION('',(0.422618261740684,-0.906307787036657,0.));
#6593=DIRECTION('center_axis',(0.,0.,-1.));
#6594=DIRECTION('ref_axis',(0.342020143325678,0.939692620785905,0.));
#6595=DIRECTION('',(0.906307787036652,0.422618261740695,0.));
#6596=DIRECTION('center_axis',(0.,0.,1.));
#6597=DIRECTION('ref_axis',(-0.342020143325656,-0.939692620785913,0.));
#6598=DIRECTION('',(0.422618261740703,-0.906307787036648,0.));
#6599=DIRECTION('center_axis',(0.,0.,-1.));
#6600=DIRECTION('ref_axis',(0.342020143325678,0.939692620785905,0.));
#6601=DIRECTION('',(0.906307787036653,0.422618261740693,0.));
#6602=DIRECTION('center_axis',(0.,0.,1.));
#6603=DIRECTION('ref_axis',(-0.342020143325678,-0.939692620785905,0.));
#6604=DIRECTION('',(0.422618261740692,-0.906307787036653,0.));
#6605=DIRECTION('',(1.,-1.30080831398314E-15,0.));
#6606=DIRECTION('center_axis',(0.,0.,1.));
#6607=DIRECTION('ref_axis',(0.707106781186545,-0.70710678118655,0.));
#6608=DIRECTION('',(1.30080831398314E-15,1.,0.));
#6609=DIRECTION('center_axis',(0.,0.,1.));
#6610=DIRECTION('ref_axis',(0.707106781186548,0.707106781186547,0.));
#6611=DIRECTION('',(-1.,1.6283077312767E-15,0.));
#6612=DIRECTION('center_axis',(0.,0.,1.));
#6613=DIRECTION('ref_axis',(-0.707106781186546,0.707106781186549,0.));
#6614=DIRECTION('',(-1.30080831398314E-15,-1.,0.));
#6615=DIRECTION('center_axis',(0.,0.,1.));
#6616=DIRECTION('ref_axis',(-0.707106781186547,-0.707106781186548,0.));
#6617=DIRECTION('',(0.422618261740693,-0.906307787036653,0.));
#6618=DIRECTION('center_axis',(-1.,1.30080831398314E-15,0.));
#6619=DIRECTION('ref_axis',(-1.30080831398314E-15,-1.,0.));
#6620=DIRECTION('',(0.,0.,-1.));
#6621=DIRECTION('',(1.30080831398314E-15,1.,0.));
#6622=DIRECTION('center_axis',(0.,0.,-1.));
#6623=DIRECTION('ref_axis',(-0.70710678118655,0.707106781186545,0.));
#6624=DIRECTION('center_axis',(0.,0.,-1.));
#6625=DIRECTION('ref_axis',(-0.70710678118655,0.707106781186545,0.));
#6626=DIRECTION('',(0.,0.,1.));
#6627=DIRECTION('center_axis',(0.,0.,-1.));
#6628=DIRECTION('ref_axis',(0.70710678118654,-0.707106781186555,0.));
#6629=DIRECTION('',(0.,0.,1.));
#6630=DIRECTION('center_axis',(0.,0.,1.));
#6631=DIRECTION('ref_axis',(0.70710678118654,-0.707106781186555,0.));
#6632=DIRECTION('',(0.,0.,-1.));
#6633=DIRECTION('center_axis',(1.04878015690849E-15,1.,0.));
#6634=DIRECTION('ref_axis',(-1.,1.04878015690849E-15,0.));
#6635=DIRECTION('',(1.,-1.04878015690849E-15,0.));
#6636=DIRECTION('center_axis',(0.,0.,-1.));
#6637=DIRECTION('ref_axis',(-0.707106781186547,0.707106781186549,0.));
#6638=DIRECTION('center_axis',(0.,0.,-1.));
#6639=DIRECTION('ref_axis',(-0.707106781186547,0.707106781186549,0.));
#6640=DIRECTION('',(0.,0.,-1.));
#6641=DIRECTION('',(0.,0.,1.));
#6642=DIRECTION('center_axis',(1.30080831398314E-15,1.,0.));
#6643=DIRECTION('ref_axis',(-1.,1.30080831398314E-15,0.));
#6644=DIRECTION('',(0.,0.,-1.));
#6645=DIRECTION('',(1.,-1.30080831398314E-15,0.));
#6646=DIRECTION('center_axis',(0.,0.,-1.));
#6647=DIRECTION('ref_axis',(-1.,1.30080831398314E-15,0.));
#6648=DIRECTION('',(1.30080831398314E-15,1.,0.));
#6649=DIRECTION('center_axis',(0.,0.,1.));
#6650=DIRECTION('ref_axis',(0.707106781186542,-0.707106781186553,0.));
#6651=DIRECTION('',(1.41736716171282E-15,1.,0.));
#6652=DIRECTION('center_axis',(0.,0.,-1.));
#6653=DIRECTION('ref_axis',(-0.707106781186547,0.707106781186548,0.));
#6654=DIRECTION('',(1.,-1.30080831398314E-15,0.));
#6655=DIRECTION('center_axis',(0.,0.,1.));
#6656=DIRECTION('ref_axis',(0.707106781186542,-0.707106781186553,0.));
#6657=DIRECTION('',(1.33834755403809E-15,1.,0.));
#6658=DIRECTION('center_axis',(0.,0.,-1.));
#6659=DIRECTION('ref_axis',(-0.707106781186548,0.707106781186547,0.));
#6660=DIRECTION('',(1.,-1.30080831398314E-15,0.));
#6661=DIRECTION('center_axis',(0.,0.,1.));
#6662=DIRECTION('ref_axis',(0.707106781186548,-0.707106781186547,0.));
#6663=DIRECTION('',(-1.54315245912629E-15,-1.,0.));
#6664=DIRECTION('center_axis',(0.,0.,1.));
#6665=DIRECTION('ref_axis',(0.850650808352039,-0.525731112119135,0.));
#6666=DIRECTION('',(-0.894427190999918,-0.447213595499954,0.));
#6667=DIRECTION('center_axis',(0.,0.,1.));
#6668=DIRECTION('ref_axis',(0.22975292054736,-0.973248989467731,0.));
#6669=DIRECTION('',(-1.,-1.85197520524524E-15,0.));
#6670=DIRECTION('center_axis',(0.,0.,-1.));
#6671=DIRECTION('ref_axis',(-1.,1.30080831398314E-15,0.));
#6672=DIRECTION('center_axis',(0.,0.,-1.));
#6673=DIRECTION('ref_axis',(0.707106781186542,-0.707106781186553,0.));
#6674=DIRECTION('',(0.,0.,1.));
#6675=DIRECTION('center_axis',(-1.,1.41736716171282E-15,0.));
#6676=DIRECTION('ref_axis',(-1.41736716171282E-15,-1.,0.));
#6677=DIRECTION('',(0.,0.,-1.));
#6678=DIRECTION('center_axis',(0.,0.,-1.));
#6679=DIRECTION('ref_axis',(-0.707106781186547,0.707106781186548,0.));
#6680=DIRECTION('',(0.,0.,1.));
#6681=DIRECTION('center_axis',(0.,0.,-1.));
#6682=DIRECTION('ref_axis',(0.707106781186542,-0.707106781186553,0.));
#6683=DIRECTION('',(0.,0.,1.));
#6684=DIRECTION('',(0.,0.,-1.));
#6685=DIRECTION('center_axis',(1.30080831398314E-15,1.,0.));
#6686=DIRECTION('ref_axis',(-1.,1.30080831398314E-15,0.));
#6687=DIRECTION('center_axis',(0.,0.,-1.));
#6688=DIRECTION('ref_axis',(-0.707106781186548,0.707106781186547,0.));
#6689=DIRECTION('',(0.,0.,-1.));
#6690=DIRECTION('',(0.,0.,1.));
#6691=DIRECTION('center_axis',(1.30080831398314E-15,1.,0.));
#6692=DIRECTION('ref_axis',(-1.,1.30080831398314E-15,0.));
#6693=DIRECTION('',(0.,0.,-1.));
#6694=DIRECTION('center_axis',(0.,0.,-1.));
#6695=DIRECTION('ref_axis',(0.707106781186548,-0.707106781186547,0.));
#6696=DIRECTION('',(0.,0.,1.));
#6697=DIRECTION('center_axis',(-1.,1.30080831398314E-15,0.));
#6698=DIRECTION('ref_axis',(-1.30080831398314E-15,-1.,0.));
#6699=DIRECTION('',(0.,0.,-1.));
#6700=DIRECTION('',(-1.54315245912629E-15,-1.,0.));
#6701=DIRECTION('',(0.,0.,-1.));
#6702=DIRECTION('',(0.,0.,1.));
#6703=DIRECTION('center_axis',(0.,0.,-1.));
#6704=DIRECTION('ref_axis',(0.707106781186547,0.707106781186548,0.));
#6705=DIRECTION('',(0.,0.,1.));
#6706=DIRECTION('center_axis',(0.,0.,1.));
#6707=DIRECTION('ref_axis',(0.707106781186547,0.707106781186548,0.));
#6708=DIRECTION('center_axis',(0.,0.,-1.));
#6709=DIRECTION('ref_axis',(-0.707106781186549,-0.707106781186546,0.));
#6710=DIRECTION('center_axis',(0.,0.,-1.));
#6711=DIRECTION('ref_axis',(-0.707106781186549,-0.707106781186546,0.));
#6712=DIRECTION('',(0.,0.,-1.));
#6713=DIRECTION('',(0.,0.,1.));
#6714=DIRECTION('center_axis',(-1.,1.33834755403809E-15,0.));
#6715=DIRECTION('ref_axis',(-1.33834755403809E-15,-1.,0.));
#6716=DIRECTION('',(0.,0.,-1.));
#6717=DIRECTION('',(1.33834755403809E-15,1.,0.));
#6718=DIRECTION('center_axis',(0.,0.,-1.));
#6719=DIRECTION('ref_axis',(-1.,1.30080831398314E-15,0.));
#6720=DIRECTION('center_axis',(0.,0.,1.));
#6721=DIRECTION('ref_axis',(0.707106781186548,0.707106781186547,0.));
#6722=DIRECTION('',(-1.,1.30080831398314E-15,0.));
#6723=DIRECTION('center_axis',(0.,0.,-1.));
#6724=DIRECTION('ref_axis',(-0.707106781186549,-0.707106781186546,0.));
#6725=DIRECTION('',(1.65048485717217E-15,1.,0.));
#6726=DIRECTION('center_axis',(0.,0.,1.));
#6727=DIRECTION('ref_axis',(0.707106781186549,0.707106781186546,0.));
#6728=DIRECTION('',(-1.,1.53392600944249E-15,0.));
#6729=DIRECTION('center_axis',(0.,0.,-1.));
#6730=DIRECTION('ref_axis',(-0.707106781186549,-0.707106781186547,0.));
#6731=DIRECTION('',(1.30080831398314E-15,1.,0.));
#6732=DIRECTION('center_axis',(0.,0.,1.));
#6733=DIRECTION('ref_axis',(0.707106781186552,0.707106781186543,0.));
#6734=DIRECTION('',(-1.,1.30080831398314E-15,0.));
#6735=DIRECTION('center_axis',(0.,0.,1.));
#6736=DIRECTION('ref_axis',(-0.707106781186553,0.707106781186542,0.));
#6737=DIRECTION('',(-1.30080831398314E-15,-1.,0.));
#6738=DIRECTION('center_axis',(0.,0.,-1.));
#6739=DIRECTION('ref_axis',(0.707106781186553,-0.707106781186542,0.));
#6740=DIRECTION('',(-1.,8.34572923064443E-16,0.));
#6741=DIRECTION('',(1.30080831398314E-15,1.,0.));
#6742=DIRECTION('center_axis',(0.,0.,1.));
#6743=DIRECTION('ref_axis',(-0.707106781186545,0.70710678118655,0.));
#6744=DIRECTION('',(1.,-1.01148274851429E-15,0.));
#6745=DIRECTION('center_axis',(0.,0.,1.));
#6746=DIRECTION('ref_axis',(0.229752920547362,0.97324898946773,0.));
#6747=DIRECTION('',(0.894427190999916,-0.447213595499958,0.));
#6748=DIRECTION('center_axis',(0.,0.,1.));
#6749=DIRECTION('ref_axis',(0.85065080835204,0.525731112119133,0.));
#6750=DIRECTION('',(-1.,1.30080831398314E-15,0.));
#6751=DIRECTION('center_axis',(0.,0.,-1.));
#6752=DIRECTION('ref_axis',(-1.,1.30080831398314E-15,0.));
#6753=DIRECTION('center_axis',(0.,0.,-1.));
#6754=DIRECTION('ref_axis',(-1.,1.30080831398314E-15,0.));
#6755=DIRECTION('center_axis',(0.,0.,-1.));
#6756=DIRECTION('ref_axis',(0.707106781186548,0.707106781186547,0.));
#6757=DIRECTION('',(0.,0.,1.));
#6758=DIRECTION('center_axis',(-1.30080831398314E-15,-1.,0.));
#6759=DIRECTION('ref_axis',(1.,-1.30080831398314E-15,0.));
#6760=DIRECTION('',(0.,0.,-1.));
#6761=DIRECTION('center_axis',(0.,0.,-1.));
#6762=DIRECTION('ref_axis',(-0.707106781186549,-0.707106781186546,0.));
#6763=DIRECTION('',(0.,0.,1.));
#6764=DIRECTION('center_axis',(0.,0.,-1.));
#6765=DIRECTION('ref_axis',(0.707106781186549,0.707106781186546,0.));
#6766=DIRECTION('',(0.,0.,1.));
#6767=DIRECTION('',(0.,0.,-1.));
#6768=DIRECTION('center_axis',(-1.,1.65048485717217E-15,0.));
#6769=DIRECTION('ref_axis',(-1.65048485717217E-15,-1.,0.));
#6770=DIRECTION('center_axis',(0.,0.,-1.));
#6771=DIRECTION('ref_axis',(-0.707106781186549,-0.707106781186547,0.));
#6772=DIRECTION('',(0.,0.,-1.));
#6773=DIRECTION('',(0.,0.,1.));
#6774=DIRECTION('center_axis',(-1.,1.30080831398314E-15,0.));
#6775=DIRECTION('ref_axis',(-1.30080831398314E-15,-1.,0.));
#6776=DIRECTION('',(0.,0.,-1.));
#6777=DIRECTION('center_axis',(0.,0.,-1.));
#6778=DIRECTION('ref_axis',(0.707106781186552,0.707106781186543,0.));
#6779=DIRECTION('',(0.,0.,1.));
#6780=DIRECTION('center_axis',(-1.30080831398314E-15,-1.,0.));
#6781=DIRECTION('ref_axis',(1.,-1.30080831398314E-15,0.));
#6782=DIRECTION('',(0.,0.,-1.));
#6783=DIRECTION('center_axis',(0.,0.,-1.));
#6784=DIRECTION('ref_axis',(-0.707106781186553,0.707106781186542,0.));
#6785=DIRECTION('',(0.,0.,1.));
#6786=DIRECTION('center_axis',(0.,0.,-1.));
#6787=DIRECTION('ref_axis',(0.707106781186553,-0.707106781186542,0.));
#6788=DIRECTION('',(0.,0.,-1.));
#6789=DIRECTION('',(0.,0.,1.));
#6790=DIRECTION('center_axis',(-8.34572923064443E-16,-1.,0.));
#6791=DIRECTION('ref_axis',(1.,-8.34572923064443E-16,0.));
#6792=DIRECTION('center_axis',(0.,0.,-1.));
#6793=DIRECTION('ref_axis',(-0.342020143325678,-0.939692620785905,0.));
#6794=DIRECTION('',(0.,0.,1.));
#6795=DIRECTION('center_axis',(0.,0.,1.));
#6796=DIRECTION('ref_axis',(-0.342020143325678,-0.939692620785905,0.));
#6797=DIRECTION('',(0.,0.,-1.));
#6798=DIRECTION('center_axis',(0.906307787036653,0.422618261740692,0.));
#6799=DIRECTION('ref_axis',(-0.422618261740692,0.906307787036653,0.));
#6800=DIRECTION('',(0.422618261740692,-0.906307787036653,0.));
#6801=DIRECTION('center_axis',(0.,0.,-1.));
#6802=DIRECTION('ref_axis',(0.342020143325678,0.939692620785905,0.));
#6803=DIRECTION('center_axis',(0.,0.,-1.));
#6804=DIRECTION('ref_axis',(0.342020143325678,0.939692620785905,0.));
#6805=DIRECTION('',(0.,0.,-1.));
#6806=DIRECTION('',(0.,0.,1.));
#6807=DIRECTION('center_axis',(0.906307787036648,0.422618261740703,0.));
#6808=DIRECTION('ref_axis',(-0.422618261740703,0.906307787036648,0.));
#6809=DIRECTION('',(0.,0.,-1.));
#6810=DIRECTION('',(0.422618261740703,-0.906307787036648,0.));
#6811=DIRECTION('center_axis',(0.,0.,-1.));
#6812=DIRECTION('ref_axis',(-1.,1.30080831398314E-15,0.));
#6813=DIRECTION('center_axis',(0.,0.,1.));
#6814=DIRECTION('ref_axis',(-0.342020143325656,-0.939692620785913,0.));
#6815=DIRECTION('',(0.906307787036652,0.422618261740695,0.));
#6816=DIRECTION('center_axis',(0.,0.,-1.));
#6817=DIRECTION('ref_axis',(0.342020143325678,0.939692620785905,0.));
#6818=DIRECTION('',(0.422618261740684,-0.906307787036657,0.));
#6819=DIRECTION('center_axis',(0.,0.,1.));
#6820=DIRECTION('ref_axis',(-0.342020143325678,-0.939692620785905,0.));
#6821=DIRECTION('',(0.906307787036653,0.422618261740692,0.));
#6822=DIRECTION('center_axis',(0.,0.,1.));
#6823=DIRECTION('ref_axis',(0.939692620785905,-0.342020143325678,0.));
#6824=DIRECTION('',(-0.422618261740695,0.906307787036652,0.));
#6825=DIRECTION('center_axis',(0.,0.,-1.));
#6826=DIRECTION('ref_axis',(-0.939692620785905,0.342020143325678,0.));
#6827=DIRECTION('',(0.906307787036652,0.422618261740695,0.));
#6828=DIRECTION('center_axis',(0.,0.,-1.));
#6829=DIRECTION('ref_axis',(-0.216439613938101,0.976296007119934,0.));
#6830=DIRECTION('',(1.,-1.04878015690849E-15,0.));
#6831=DIRECTION('center_axis',(0.,0.,-1.));
#6832=DIRECTION('ref_axis',(0.707106781186549,0.707106781186547,0.));
#6833=DIRECTION('',(-1.30080831398314E-15,-1.,0.));
#6834=DIRECTION('center_axis',(0.,0.,1.));
#6835=DIRECTION('ref_axis',(-0.707106781186549,-0.707106781186547,0.));
#6836=DIRECTION('',(-1.,-1.85197520524524E-15,0.));
#6837=DIRECTION('center_axis',(0.,0.,-1.));
#6838=DIRECTION('ref_axis',(-0.216439613938106,0.976296007119933,0.));
#6839=DIRECTION('',(-0.906307787036647,-0.422618261740705,0.));
#6840=DIRECTION('center_axis',(0.,0.,1.));
#6841=DIRECTION('ref_axis',(-0.342020143325663,-0.93969262078591,0.));
#6842=DIRECTION('',(-0.422618261740697,0.906307787036651,0.));
#6843=DIRECTION('center_axis',(0.,0.,1.));
#6844=DIRECTION('ref_axis',(-0.976296007119934,-0.216439613938102,0.));
#6845=DIRECTION('',(0.906307787036653,0.422618261740693,0.));
#6846=DIRECTION('center_axis',(0.,0.,-1.));
#6847=DIRECTION('ref_axis',(-1.,1.30080831398314E-15,0.));
#6848=DIRECTION('center_axis',(0.,0.,-1.));
#6849=DIRECTION('ref_axis',(-0.342020143325656,-0.939692620785913,0.));
#6850=DIRECTION('',(0.,0.,1.));
#6851=DIRECTION('center_axis',(-0.422618261740695,0.906307787036652,0.));
#6852=DIRECTION('ref_axis',(-0.906307787036652,-0.422618261740695,0.));
#6853=DIRECTION('',(0.,0.,-1.));
#6854=DIRECTION('center_axis',(0.,0.,-1.));
#6855=DIRECTION('ref_axis',(0.342020143325678,0.939692620785905,0.));
#6856=DIRECTION('',(0.,0.,1.));
#6857=DIRECTION('center_axis',(0.,0.,-1.));
#6858=DIRECTION('ref_axis',(-0.342020143325678,-0.939692620785905,0.));
#6859=DIRECTION('',(0.,0.,1.));
#6860=DIRECTION('',(0.,0.,-1.));
#6861=DIRECTION('center_axis',(0.906307787036657,0.422618261740684,0.));
#6862=DIRECTION('ref_axis',(-0.422618261740684,0.906307787036657,0.));
#6863=DIRECTION('center_axis',(0.,0.,-1.));
#6864=DIRECTION('ref_axis',(0.939692620785905,-0.342020143325678,0.));
#6865=DIRECTION('',(0.,0.,1.));
#6866=DIRECTION('',(0.,0.,-1.));
#6867=DIRECTION('center_axis',(-0.906307787036652,-0.422618261740695,0.));
#6868=DIRECTION('ref_axis',(0.422618261740695,-0.906307787036652,0.));
#6869=DIRECTION('',(0.,0.,-1.));
#6870=DIRECTION('center_axis',(0.,0.,-1.));
#6871=DIRECTION('ref_axis',(-0.939692620785905,0.342020143325678,0.));
#6872=DIRECTION('',(0.,0.,1.));
#6873=DIRECTION('center_axis',(0.,0.,-1.));
#6874=DIRECTION('ref_axis',(-0.216439613938101,0.976296007119934,0.));
#6875=DIRECTION('',(0.,0.,-1.));
#6876=DIRECTION('',(0.,0.,1.));
#6877=DIRECTION('center_axis',(-0.422618261740695,0.906307787036652,0.));
#6878=DIRECTION('ref_axis',(-0.906307787036652,-0.422618261740695,0.));
#6879=DIRECTION('center_axis',(0.,0.,-1.));
#6880=DIRECTION('ref_axis',(0.707106781186549,0.707106781186547,0.));
#6881=DIRECTION('',(0.,0.,-1.));
#6882=DIRECTION('',(0.,0.,1.));
#6883=DIRECTION('center_axis',(1.04878015690849E-15,1.,0.));
#6884=DIRECTION('ref_axis',(-1.,1.04878015690849E-15,0.));
#6885=DIRECTION('center_axis',(0.,0.,-1.));
#6886=DIRECTION('ref_axis',(-0.707106781186549,-0.707106781186547,0.));
#6887=DIRECTION('',(0.,0.,1.));
#6888=DIRECTION('',(0.,0.,-1.));
#6889=DIRECTION('center_axis',(1.,-1.30080831398314E-15,0.));
#6890=DIRECTION('ref_axis',(1.30080831398314E-15,1.,0.));
#6891=DIRECTION('center_axis',(0.,0.,-1.));
#6892=DIRECTION('ref_axis',(-1.,1.30080831398314E-15,0.));
#6893=DIRECTION('',(0.,0.,1.));
#6894=DIRECTION('center_axis',(0.,0.,-1.));
#6895=DIRECTION('ref_axis',(-1.,1.30080831398314E-15,0.));
#6896=DIRECTION('center_axis',(0.,0.,1.));
#6897=DIRECTION('ref_axis',(-1.,1.30080831398314E-15,0.));
#6898=DIRECTION('center_axis',(0.,0.,-1.));
#6899=DIRECTION('ref_axis',(-1.,1.30080831398314E-15,0.));
#6900=DIRECTION('',(0.,0.,1.));
#6901=DIRECTION('center_axis',(0.,0.,-1.));
#6902=DIRECTION('ref_axis',(-1.,1.30080831398314E-15,0.));
#6903=DIRECTION('center_axis',(0.,0.,1.));
#6904=DIRECTION('ref_axis',(-1.,1.30080831398314E-15,0.));
#6905=DIRECTION('center_axis',(0.,0.,-1.));
#6906=DIRECTION('ref_axis',(-1.,1.30080831398314E-15,0.));
#6907=DIRECTION('',(0.,0.,1.));
#6908=DIRECTION('center_axis',(0.,0.,-1.));
#6909=DIRECTION('ref_axis',(-1.,1.30080831398314E-15,0.));
#6910=DIRECTION('center_axis',(0.,0.,1.));
#6911=DIRECTION('ref_axis',(-1.,1.30080831398314E-15,0.));
#6912=DIRECTION('center_axis',(0.,0.,-1.));
#6913=DIRECTION('ref_axis',(-1.,1.30080831398314E-15,0.));
#6914=DIRECTION('',(0.,0.,1.));
#6915=DIRECTION('center_axis',(0.,0.,-1.));
#6916=DIRECTION('ref_axis',(-1.,1.30080831398314E-15,0.));
#6917=DIRECTION('center_axis',(0.,0.,1.));
#6918=DIRECTION('ref_axis',(-1.,1.30080831398314E-15,0.));
#6919=DIRECTION('center_axis',(-8.57826558521736E-16,-1.,0.));
#6920=DIRECTION('ref_axis',(1.,-8.57826558521736E-16,0.));
#6921=DIRECTION('',(0.,0.,-1.));
#6922=DIRECTION('center_axis',(0.,0.,-1.));
#6923=DIRECTION('ref_axis',(0.707106781186548,-0.707106781186547,0.));
#6924=DIRECTION('',(0.,0.,1.));
#6925=DIRECTION('center_axis',(1.,-1.30080831398314E-15,0.));
#6926=DIRECTION('ref_axis',(1.30080831398314E-15,1.,0.));
#6927=DIRECTION('',(0.,0.,-1.));
#6928=DIRECTION('center_axis',(0.,0.,-1.));
#6929=DIRECTION('ref_axis',(-0.707106781186546,0.707106781186549,0.));
#6930=DIRECTION('',(0.,0.,1.));
#6931=DIRECTION('center_axis',(-1.1321038656521E-15,-1.,0.));
#6932=DIRECTION('ref_axis',(1.,-1.1321038656521E-15,0.));
#6933=DIRECTION('',(0.,0.,-1.));
#6934=DIRECTION('center_axis',(0.,0.,-1.));
#6935=DIRECTION('ref_axis',(0.22975292054736,0.973248989467731,0.));
#6936=DIRECTION('',(0.,0.,1.));
#6937=DIRECTION('center_axis',(-0.447213595499956,-0.894427190999917,0.));
#6938=DIRECTION('ref_axis',(0.894427190999917,-0.447213595499956,0.));
#6939=DIRECTION('',(0.,0.,-1.));
#6940=DIRECTION('center_axis',(0.,0.,-1.));
#6941=DIRECTION('ref_axis',(0.850650808352039,0.525731112119135,0.));
#6942=DIRECTION('',(0.,0.,1.));
#6943=DIRECTION('center_axis',(-1.,1.30080831398314E-15,0.));
#6944=DIRECTION('ref_axis',(-1.30080831398314E-15,-1.,0.));
#6945=DIRECTION('',(0.,0.,-1.));
#6946=DIRECTION('center_axis',(0.,0.,-1.));
#6947=DIRECTION('ref_axis',(0.850650808352039,-0.525731112119134,0.));
#6948=DIRECTION('center_axis',(0.,0.,-1.));
#6949=DIRECTION('ref_axis',(-0.976296007119934,-0.216439613938102,0.));
#6950=DIRECTION('',(0.,0.,1.));
#6951=DIRECTION('center_axis',(0.,0.,-1.));
#6952=DIRECTION('ref_axis',(-0.707106781186546,0.707106781186549,0.));
#6953=DIRECTION('center_axis',(0.,0.,-1.));
#6954=DIRECTION('ref_axis',(-0.707106781186545,0.70710678118655,0.));
#6955=DIRECTION('',(0.,0.,1.));
#6956=DIRECTION('',(0.,0.,-1.));
#6957=DIRECTION('center_axis',(-1.01148274851429E-15,-1.,0.));
#6958=DIRECTION('ref_axis',(1.,-1.01148274851429E-15,0.));
#6959=DIRECTION('',(0.,0.,1.));
#6960=DIRECTION('center_axis',(0.,0.,-1.));
#6961=DIRECTION('ref_axis',(0.229752920547362,0.97324898946773,0.));
#6962=DIRECTION('',(0.,0.,-1.));
#6963=DIRECTION('center_axis',(-0.447213595499958,-0.894427190999916,0.));
#6964=DIRECTION('ref_axis',(0.894427190999916,-0.447213595499958,0.));
#6965=DIRECTION('',(0.,0.,1.));
#6966=DIRECTION('center_axis',(0.,0.,-1.));
#6967=DIRECTION('ref_axis',(0.85065080835204,0.525731112119133,0.));
#6968=DIRECTION('center_axis',(0.,0.,-1.));
#6969=DIRECTION('ref_axis',(0.850650808352039,-0.525731112119135,0.));
#6970=DIRECTION('',(0.,0.,-1.));
#6971=DIRECTION('center_axis',(-0.447213595499954,0.894427190999918,0.));
#6972=DIRECTION('ref_axis',(-0.894427190999918,-0.447213595499954,0.));
#6973=DIRECTION('',(0.,0.,1.));
#6974=DIRECTION('center_axis',(0.,0.,-1.));
#6975=DIRECTION('ref_axis',(-0.342020143325663,-0.93969262078591,0.));
#6976=DIRECTION('',(0.,0.,1.));
#6977=DIRECTION('',(0.,0.,-1.));
#6978=DIRECTION('center_axis',(-0.422618261740705,0.906307787036647,0.));
#6979=DIRECTION('ref_axis',(-0.906307787036647,-0.422618261740705,0.));
#6980=DIRECTION('',(0.,0.,-1.));
#6981=DIRECTION('center_axis',(0.,0.,-1.));
#6982=DIRECTION('ref_axis',(-0.216439613938106,0.976296007119933,0.));
#6983=DIRECTION('',(0.,0.,1.));
#6984=DIRECTION('center_axis',(0.,0.,-1.));
#6985=DIRECTION('ref_axis',(0.22975292054736,-0.973248989467731,0.));
#6986=DIRECTION('',(0.,0.,-1.));
#6987=DIRECTION('center_axis',(0.906307787036651,0.422618261740697,0.));
#6988=DIRECTION('ref_axis',(-0.422618261740697,0.906307787036651,0.));
#6989=DIRECTION('center_axis',(-1.85197520524524E-15,1.,0.));
#6990=DIRECTION('ref_axis',(-1.,-1.85197520524524E-15,0.));
#6991=DIRECTION('center_axis',(-1.,1.30080831398314E-15,0.));
#6992=DIRECTION('ref_axis',(-1.30080831398314E-15,-1.,0.));
#6993=DIRECTION('center_axis',(-1.,1.33834755403809E-15,0.));
#6994=DIRECTION('ref_axis',(-1.33834755403809E-15,-1.,0.));
#6995=DIRECTION('center_axis',(-1.30080831398314E-15,-1.,0.));
#6996=DIRECTION('ref_axis',(1.,-1.30080831398314E-15,0.));
#6997=DIRECTION('center_axis',(-1.53392600944249E-15,-1.,0.));
#6998=DIRECTION('ref_axis',(1.,-1.53392600944249E-15,0.));
#6999=DIRECTION('center_axis',(1.,-1.30080831398314E-15,0.));
#7000=DIRECTION('ref_axis',(1.30080831398314E-15,1.,0.));
#7001=DIRECTION('center_axis',(0.,0.,-1.));
#7002=DIRECTION('ref_axis',(0.70710678118655,-0.707106781186545,0.));
#7003=DIRECTION('center_axis',(0.,0.,1.));
#7004=DIRECTION('ref_axis',(0.70710678118655,-0.707106781186545,0.));
#7005=DIRECTION('',(0.,0.,-1.));
#7006=DIRECTION('center_axis',(0.,0.,-1.));
#7007=DIRECTION('ref_axis',(-0.707106781186553,-0.707106781186542,0.));
#7008=DIRECTION('',(0.,0.,1.));
#7009=DIRECTION('center_axis',(0.,0.,1.));
#7010=DIRECTION('ref_axis',(-0.707106781186553,-0.707106781186542,0.));
#7011=DIRECTION('',(0.,0.,-1.));
#7012=DIRECTION('center_axis',(-1.67088265552486E-15,-1.,0.));
#7013=DIRECTION('ref_axis',(1.,-1.67088265552486E-15,0.));
#7014=DIRECTION('',(-1.,1.67088265552486E-15,0.));
#7015=DIRECTION('center_axis',(-1.,1.30080831398314E-15,0.));
#7016=DIRECTION('ref_axis',(-1.30080831398314E-15,-1.,0.));
#7017=DIRECTION('',(1.30080831398314E-15,1.,0.));
#7018=DIRECTION('center_axis',(0.,0.,-1.));
#7019=DIRECTION('ref_axis',(0.707106781186553,0.707106781186542,0.));
#7020=DIRECTION('center_axis',(0.,0.,1.));
#7021=DIRECTION('ref_axis',(0.707106781186553,0.707106781186542,0.));
#7022=DIRECTION('',(0.,0.,1.));
#7023=DIRECTION('center_axis',(0.,0.,1.));
#7024=DIRECTION('ref_axis',(0.707106781186553,0.707106781186542,0.));
#7025=DIRECTION('',(0.,0.,-1.));
#7026=DIRECTION('center_axis',(-1.30080831398314E-15,-1.,0.));
#7027=DIRECTION('ref_axis',(1.,-1.30080831398314E-15,0.));
#7028=DIRECTION('',(1.,-1.30080831398314E-15,0.));
#7029=DIRECTION('',(0.,0.,-1.));
#7030=DIRECTION('',(1.,-1.30080831398314E-15,0.));
#7031=DIRECTION('center_axis',(0.,0.,-1.));
#7032=DIRECTION('ref_axis',(0.707106781186551,-0.707106781186544,0.));
#7033=DIRECTION('center_axis',(0.,0.,1.));
#7034=DIRECTION('ref_axis',(0.707106781186551,-0.707106781186544,0.));
#7035=DIRECTION('',(0.,0.,1.));
#7036=DIRECTION('center_axis',(0.,0.,1.));
#7037=DIRECTION('ref_axis',(0.707106781186551,-0.707106781186544,0.));
#7038=DIRECTION('',(0.,0.,-1.));
#7039=DIRECTION('center_axis',(-1.,1.30080831398314E-15,0.));
#7040=DIRECTION('ref_axis',(-1.30080831398314E-15,-1.,0.));
#7041=DIRECTION('',(-1.30080831398314E-15,-1.,0.));
#7042=DIRECTION('',(-1.30080831398314E-15,-1.,0.));
#7043=DIRECTION('center_axis',(0.,0.,-1.));
#7044=DIRECTION('ref_axis',(-0.707106781186544,-0.707106781186551,0.));
#7045=DIRECTION('center_axis',(0.,0.,1.));
#7046=DIRECTION('ref_axis',(-0.707106781186544,-0.707106781186551,0.));
#7047=DIRECTION('',(0.,0.,1.));
#7048=DIRECTION('center_axis',(0.,0.,1.));
#7049=DIRECTION('ref_axis',(-0.707106781186544,-0.707106781186551,0.));
#7050=DIRECTION('',(0.,0.,-1.));
#7051=DIRECTION('center_axis',(1.30080831398314E-15,1.,0.));
#7052=DIRECTION('ref_axis',(-1.,1.30080831398314E-15,0.));
#7053=DIRECTION('',(-1.,1.30080831398314E-15,0.));
#7054=DIRECTION('',(-1.,1.30080831398314E-15,0.));
#7055=DIRECTION('center_axis',(0.,0.,-1.));
#7056=DIRECTION('ref_axis',(-0.707106781186542,0.707106781186553,0.));
#7057=DIRECTION('center_axis',(0.,0.,1.));
#7058=DIRECTION('ref_axis',(-0.707106781186542,0.707106781186553,0.));
#7059=DIRECTION('',(0.,0.,1.));
#7060=DIRECTION('center_axis',(0.,0.,1.));
#7061=DIRECTION('ref_axis',(-0.707106781186542,0.707106781186553,0.));
#7062=DIRECTION('center_axis',(1.,-1.30080831398314E-15,0.));
#7063=DIRECTION('ref_axis',(1.30080831398314E-15,1.,0.));
#7064=DIRECTION('',(1.30080831398314E-15,1.,0.));
#7065=DIRECTION('',(1.30080831398314E-15,1.,0.));
#7066=DIRECTION('center_axis',(0.,0.,-1.));
#7067=DIRECTION('ref_axis',(0.707106781186548,0.707106781186547,0.));
#7068=DIRECTION('center_axis',(0.,0.,1.));
#7069=DIRECTION('ref_axis',(0.707106781186548,0.707106781186547,0.));
#7070=DIRECTION('',(0.,0.,1.));
#7071=DIRECTION('',(0.,0.,-1.));
#7072=DIRECTION('center_axis',(0.,0.,-1.));
#7073=DIRECTION('ref_axis',(-1.,1.30080831398314E-15,0.));
#7074=DIRECTION('',(1.30080831398314E-15,1.,0.));
#7075=DIRECTION('center_axis',(0.,0.,1.));
#7076=DIRECTION('ref_axis',(0.707106781186545,-0.70710678118655,0.));
#7077=DIRECTION('',(1.,-1.30080831398314E-15,0.));
#7078=DIRECTION('center_axis',(0.,0.,1.));
#7079=DIRECTION('ref_axis',(-0.707106781186547,-0.707106781186548,0.));
#7080=DIRECTION('',(-1.30080831398314E-15,-1.,0.));
#7081=DIRECTION('center_axis',(0.,0.,1.));
#7082=DIRECTION('ref_axis',(-0.707106781186546,0.707106781186549,0.));
#7083=DIRECTION('',(-1.,1.6283077312767E-15,0.));
#7084=DIRECTION('center_axis',(-1.6283077312767E-15,-1.,0.));
#7085=DIRECTION('ref_axis',(1.,-1.6283077312767E-15,0.));
#7086=DIRECTION('',(0.,0.,-1.));
#7087=DIRECTION('center_axis',(0.,0.,-1.));
#7088=DIRECTION('ref_axis',(-0.707106781186546,0.707106781186549,0.));
#7089=DIRECTION('',(0.,0.,1.));
#7090=DIRECTION('center_axis',(0.,0.,-1.));
#7091=DIRECTION('ref_axis',(-0.707106781186547,-0.707106781186548,0.));
#7092=DIRECTION('',(0.,0.,1.));
#7093=DIRECTION('',(0.,0.,-1.));
#7094=DIRECTION('center_axis',(1.30080831398314E-15,1.,0.));
#7095=DIRECTION('ref_axis',(-1.,1.30080831398314E-15,0.));
#7096=DIRECTION('',(0.,0.,-1.));
#7097=DIRECTION('center_axis',(0.,0.,-1.));
#7098=DIRECTION('ref_axis',(0.707106781186545,-0.70710678118655,0.));
#7099=DIRECTION('',(0.,0.,1.));
#7100=DIRECTION('center_axis',(-1.,1.30080831398314E-15,0.));
#7101=DIRECTION('ref_axis',(-1.30080831398314E-15,-1.,0.));
#7102=DIRECTION('center_axis',(0.,0.,-1.));
#7103=DIRECTION('ref_axis',(-1.,1.30080831398314E-15,0.));
#7104=DIRECTION('center_axis',(1.,-1.30080831398314E-15,0.));
#7105=DIRECTION('ref_axis',(1.30080831398314E-15,1.,0.));
#7106=DIRECTION('center_axis',(1.,-1.30080831398314E-15,0.));
#7107=DIRECTION('ref_axis',(1.30080831398314E-15,1.,0.));
#7108=DIRECTION('center_axis',(-0.422618261740693,0.906307787036653,0.));
#7109=DIRECTION('ref_axis',(-0.906307787036653,-0.422618261740693,0.));
#7110=DIRECTION('center_axis',(-0.422618261740692,0.906307787036653,0.));
#7111=DIRECTION('ref_axis',(-0.906307787036653,-0.422618261740692,0.));
#7112=DIRECTION('center_axis',(0.906307787036653,0.422618261740693,0.));
#7113=DIRECTION('ref_axis',(-0.422618261740693,0.906307787036653,0.));
#7114=CARTESIAN_POINT('',(0.,0.,0.));
#7115=CARTESIAN_POINT('Origin',(145.,-21.8417485788352,19.85));
#7116=CARTESIAN_POINT('',(144.85,9.09500000000006,19.7));
#7117=CARTESIAN_POINT('',(145.15,9.09500000000006,20.));
#7118=CARTESIAN_POINT('',(144.85,9.09500000000006,19.7));
#7119=CARTESIAN_POINT('',(144.85,-12.9049999999999,19.7));
#7120=CARTESIAN_POINT('',(144.85,-21.8417485788352,19.7));
#7121=CARTESIAN_POINT('',(145.15,-12.9049999999999,20.));
#7122=CARTESIAN_POINT('',(145.15,-12.9049999999999,20.));
#7123=CARTESIAN_POINT('',(145.15,-21.8417485788352,20.));
#7124=CARTESIAN_POINT('Origin',(143.85,9.09500000000006,19.85));
#7125=CARTESIAN_POINT('',(143.85,10.3950000000001,20.));
#7126=CARTESIAN_POINT('Origin',(143.85,9.09500000000006,20.));
#7127=CARTESIAN_POINT('',(143.85,10.0950000000001,19.7));
#7128=CARTESIAN_POINT('',(143.85,10.0950000000001,19.7));
#7129=CARTESIAN_POINT('Origin',(143.85,9.09500000000006,19.7));
#7130=CARTESIAN_POINT('Origin',(172.175,10.245,19.85));
#7131=CARTESIAN_POINT('',(138.85,10.0950000000001,19.7));
#7132=CARTESIAN_POINT('',(138.85,10.3950000000001,20.));
#7133=CARTESIAN_POINT('',(138.85,10.0950000000001,19.7));
#7134=CARTESIAN_POINT('',(172.175,10.095,19.7));
#7135=CARTESIAN_POINT('',(172.175,10.395,20.));
#7136=CARTESIAN_POINT('Origin',(138.85,9.09500000000007,19.85));
#7137=CARTESIAN_POINT('',(137.55,9.09500000000007,20.));
#7138=CARTESIAN_POINT('Origin',(138.85,9.09500000000007,20.));
#7139=CARTESIAN_POINT('',(137.85,9.09500000000007,19.7));
#7140=CARTESIAN_POINT('',(137.85,9.09500000000007,19.7));
#7141=CARTESIAN_POINT('Origin',(138.85,9.09500000000007,19.7));
#7142=CARTESIAN_POINT('Origin',(137.7,-10.3417485788351,19.85));
#7143=CARTESIAN_POINT('',(137.85,-12.9049999999999,19.7));
#7144=CARTESIAN_POINT('',(137.55,-12.9049999999999,20.));
#7145=CARTESIAN_POINT('',(137.85,-12.9049999999999,19.7));
#7146=CARTESIAN_POINT('',(137.85,-10.3417485788351,19.7));
#7147=CARTESIAN_POINT('',(137.55,-10.3417485788351,20.));
#7148=CARTESIAN_POINT('Origin',(138.85,-12.9049999999999,19.85));
#7149=CARTESIAN_POINT('',(138.85,-14.2049999999999,20.));
#7150=CARTESIAN_POINT('Origin',(138.85,-12.9049999999999,20.));
#7151=CARTESIAN_POINT('',(138.85,-13.9049999999999,19.7));
#7152=CARTESIAN_POINT('',(138.85,-13.9049999999999,19.7));
#7153=CARTESIAN_POINT('Origin',(138.85,-12.9049999999999,19.7));
#7154=CARTESIAN_POINT('Origin',(169.175,-14.055,19.85));
#7155=CARTESIAN_POINT('',(143.85,-13.9049999999999,19.7));
#7156=CARTESIAN_POINT('',(143.85,-14.2049999999999,20.));
#7157=CARTESIAN_POINT('',(143.85,-13.9049999999999,19.7));
#7158=CARTESIAN_POINT('',(169.175,-13.905,19.7));
#7159=CARTESIAN_POINT('',(169.175,-14.205,20.));
#7160=CARTESIAN_POINT('Origin',(143.85,-12.9049999999999,19.85));
#7161=CARTESIAN_POINT('Origin',(143.85,-12.9049999999999,20.));
#7162=CARTESIAN_POINT('Origin',(143.85,-12.9049999999999,19.7));
#7163=CARTESIAN_POINT('Origin',(138.85,9.09500000000007,0.));
#7164=CARTESIAN_POINT('',(137.85,9.09500000000007,18.));
#7165=CARTESIAN_POINT('',(137.85,9.09500000000007,0.));
#7166=CARTESIAN_POINT('',(138.85,10.0950000000001,18.));
#7167=CARTESIAN_POINT('Origin',(138.85,9.09500000000007,18.));
#7168=CARTESIAN_POINT('',(138.85,10.0950000000001,0.));
#7169=CARTESIAN_POINT('Origin',(144.35,10.0950000000001,0.));
#7170=CARTESIAN_POINT('',(143.85,10.0950000000001,18.));
#7171=CARTESIAN_POINT('',(142.85,10.0950000000001,18.));
#7172=CARTESIAN_POINT('',(143.85,10.0950000000001,0.));
#7173=CARTESIAN_POINT('Origin',(143.85,9.09500000000006,0.));
#7174=CARTESIAN_POINT('',(144.85,9.09500000000006,18.));
#7175=CARTESIAN_POINT('Origin',(143.85,9.09500000000006,18.));
#7176=CARTESIAN_POINT('',(144.85,9.09500000000006,0.));
#7177=CARTESIAN_POINT('Origin',(144.85,-13.4049999999999,0.));
#7178=CARTESIAN_POINT('',(144.85,-12.9049999999999,18.));
#7179=CARTESIAN_POINT('',(144.85,-7.79999999999998,18.));
#7180=CARTESIAN_POINT('',(144.85,-12.9049999999999,0.));
#7181=CARTESIAN_POINT('Origin',(200.,-30.2784971576704,20.));
#7182=CARTESIAN_POINT('',(229.437894235849,-72.9843806066998,20.));
#7183=CARTESIAN_POINT('',(269.82969030335,-52.7884825729495,20.));
#7184=CARTESIAN_POINT('',(247.505384074066,-63.9506356875916,20.));
#7185=CARTESIAN_POINT('',(271.875,-49.4791019662499,20.));
#7186=CARTESIAN_POINT('Origin',(268.175,-49.4791019662499,20.));
#7187=CARTESIAN_POINT('',(271.875,11.9381189606246,20.));
#7188=CARTESIAN_POINT('',(271.875,-7.93412112102317,20.));
#7189=CARTESIAN_POINT('',(269.82969030335,15.2474995673243,20.));
#7190=CARTESIAN_POINT('Origin',(268.175,11.9381189606246,20.));
#7191=CARTESIAN_POINT('',(227.555928224599,36.3843806066996,20.));
#7192=CARTESIAN_POINT('',(229.443841251633,35.4404240931826,20.));
#7193=CARTESIAN_POINT('',(225.901237921249,36.7749999999999,20.));
#7194=CARTESIAN_POINT('Origin',(225.901237921249,33.0749999999999,20.));
#7195=CARTESIAN_POINT('',(151.875,36.775,20.));
#7196=CARTESIAN_POINT('',(173.9375,36.775,20.));
#7197=CARTESIAN_POINT('',(148.175,33.075,20.));
#7198=CARTESIAN_POINT('Origin',(151.875,33.075,20.));
#7199=CARTESIAN_POINT('',(148.175,28.0025,20.));
#7200=CARTESIAN_POINT('',(148.175,-3.13799857883519,20.));
#7201=CARTESIAN_POINT('',(143.875,23.7025,20.));
#7202=CARTESIAN_POINT('Origin',(143.875,28.0025,20.));
#7203=CARTESIAN_POINT('',(131.825,23.7025,20.));
#7204=CARTESIAN_POINT('',(163.9125,23.7025,20.));
#7205=CARTESIAN_POINT('',(128.125,20.0025,20.));
#7206=CARTESIAN_POINT('Origin',(131.825,20.0025,20.));
#7207=CARTESIAN_POINT('',(128.125,-57.0454762386072,20.));
#7208=CARTESIAN_POINT('',(128.125,-44.1053760234247,20.));
#7209=CARTESIAN_POINT('',(128.471661187964,-58.6091638070478,20.));
#7210=CARTESIAN_POINT('Origin',(131.825,-57.0454762386072,20.));
#7211=CARTESIAN_POINT('',(144.918711810325,-93.8799776886719,20.));
#7212=CARTESIAN_POINT('',(138.502487804023,-80.1203409036167,20.));
#7213=CARTESIAN_POINT('',(149.835738190801,-95.6696289322669,20.));
#7214=CARTESIAN_POINT('Origin',(148.272050622361,-92.3162901202313,20.));
#7215=CARTESIAN_POINT('',(196.782752750118,-73.7778765157425,20.));
#7216=CARTESIAN_POINT('',(206.836527887259,-69.0897241759254,20.));
#7217=CARTESIAN_POINT('',(198.600011275603,-73.3750000000001,20.));
#7218=CARTESIAN_POINT('Origin',(198.600011275603,-77.6750000000001,20.));
#7219=CARTESIAN_POINT('',(227.783203932499,-73.3750000000001,20.));
#7220=CARTESIAN_POINT('',(214.363737921249,-73.3750000000001,20.));
#7221=CARTESIAN_POINT('Origin',(227.783203932499,-69.6750000000002,20.));
#7222=CARTESIAN_POINT('',(139.393703728114,-59.0794042639199,20.));
#7223=CARTESIAN_POINT('',(152.071939010205,-53.1674460599901,20.));
#7224=CARTESIAN_POINT('',(177.216939686727,-41.4421396802151,20.));
#7225=CARTESIAN_POINT('',(150.075,-50.8875000000001,20.));
#7226=CARTESIAN_POINT('Origin',(152.375,-50.8875000000001,20.));
#7227=CARTESIAN_POINT('',(150.075,-49.3775000000001,20.));
#7228=CARTESIAN_POINT('',(150.075,-39.4279985788352,20.));
#7229=CARTESIAN_POINT('',(133.325,-49.3775,20.));
#7230=CARTESIAN_POINT('',(165.9125,-49.3775000000001,20.));
#7231=CARTESIAN_POINT('',(131.025,-47.0775,20.));
#7232=CARTESIAN_POINT('Origin',(133.325,-47.0775,20.));
#7233=CARTESIAN_POINT('',(131.025,-31.0275,20.));
#7234=CARTESIAN_POINT('',(131.025,-29.9029985788352,20.));
#7235=CARTESIAN_POINT('',(133.325,-28.7275,20.));
#7236=CARTESIAN_POINT('Origin',(133.325,-31.0275,20.));
#7237=CARTESIAN_POINT('',(150.075,-28.7275000000001,20.));
#7238=CARTESIAN_POINT('',(175.4375,-28.7275000000001,20.));
#7239=CARTESIAN_POINT('',(150.075,22.3125,20.));
#7240=CARTESIAN_POINT('',(150.075,-3.2329985788352,20.));
#7241=CARTESIAN_POINT('',(152.375,24.6125,20.));
#7242=CARTESIAN_POINT('Origin',(152.375,22.3125,20.));
#7243=CARTESIAN_POINT('',(169.125,24.6125,20.));
#7244=CARTESIAN_POINT('',(184.9625,24.6124999999999,20.));
#7245=CARTESIAN_POINT('',(169.125,26.1225,20.));
#7246=CARTESIAN_POINT('',(169.125,-1.32799857883522,20.));
#7247=CARTESIAN_POINT('',(171.425,28.4224999999999,20.));
#7248=CARTESIAN_POINT('Origin',(171.425,26.1225,20.));
#7249=CARTESIAN_POINT('',(188.175,28.4224999999999,20.));
#7250=CARTESIAN_POINT('',(194.4875,28.4224999999999,20.));
#7251=CARTESIAN_POINT('',(188.175,29.9324999999999,20.));
#7252=CARTESIAN_POINT('',(188.175,0.577001421164757,20.));
#7253=CARTESIAN_POINT('',(190.475,32.2324999999999,20.));
#7254=CARTESIAN_POINT('Origin',(190.475,29.9324999999999,20.));
#7255=CARTESIAN_POINT('',(206.525,32.2324999999999,20.));
#7256=CARTESIAN_POINT('',(204.0125,32.2324999999999,20.));
#7257=CARTESIAN_POINT('',(208.825,29.9324999999999,20.));
#7258=CARTESIAN_POINT('Origin',(206.525,29.9324999999999,20.));
#7259=CARTESIAN_POINT('',(208.825,29.3749999999999,20.));
#7260=CARTESIAN_POINT('',(208.825,-0.851748578835271,20.));
#7261=CARTESIAN_POINT('',(225.575,29.3749999999999,20.));
#7262=CARTESIAN_POINT('',(213.5375,29.3749999999999,20.));
#7263=CARTESIAN_POINT('',(227.875,27.0749999999999,20.));
#7264=CARTESIAN_POINT('Origin',(225.575,27.0749999999999,20.));
#7265=CARTESIAN_POINT('',(227.875,19.8499999999999,20.));
#7266=CARTESIAN_POINT('',(227.875,-5.6142485788353,20.));
#7267=CARTESIAN_POINT('',(244.625,19.8499999999999,20.));
#7268=CARTESIAN_POINT('',(223.0625,19.8499999999999,20.));
#7269=CARTESIAN_POINT('',(246.925,17.5499999999999,20.));
#7270=CARTESIAN_POINT('Origin',(244.625,17.5499999999999,20.));
#7271=CARTESIAN_POINT('',(246.925,10.3249999999999,20.));
#7272=CARTESIAN_POINT('',(246.925,-10.3767485788353,20.));
#7273=CARTESIAN_POINT('',(263.675,10.3249999999998,20.));
#7274=CARTESIAN_POINT('',(232.5875,10.3249999999999,20.));
#7275=CARTESIAN_POINT('',(265.975,8.02499999999982,20.));
#7276=CARTESIAN_POINT('Origin',(263.675,8.02499999999983,20.));
#7277=CARTESIAN_POINT('',(265.975,-46.1250000000002,20.));
#7278=CARTESIAN_POINT('',(265.975,-38.9517485788354,20.));
#7279=CARTESIAN_POINT('',(263.675,-48.4250000000002,20.));
#7280=CARTESIAN_POINT('Origin',(263.675,-46.1250000000002,20.));
#7281=CARTESIAN_POINT('',(246.925,-48.4250000000002,20.));
#7282=CARTESIAN_POINT('',(223.0625,-48.4250000000001,20.));
#7283=CARTESIAN_POINT('',(246.925,-55.6500000000002,20.));
#7284=CARTESIAN_POINT('',(246.925,-43.7142485788353,20.));
#7285=CARTESIAN_POINT('',(244.625,-57.9500000000002,20.));
#7286=CARTESIAN_POINT('Origin',(244.625,-55.6500000000002,20.));
#7287=CARTESIAN_POINT('',(227.875,-57.9500000000002,20.));
#7288=CARTESIAN_POINT('',(213.5375,-57.9500000000001,20.));
#7289=CARTESIAN_POINT('',(227.875,-65.1750000000001,20.));
#7290=CARTESIAN_POINT('',(227.875,-48.4767485788353,20.));
#7291=CARTESIAN_POINT('',(225.575,-67.4750000000002,20.));
#7292=CARTESIAN_POINT('Origin',(225.575,-65.1750000000001,20.));
#7293=CARTESIAN_POINT('',(209.525,-67.4750000000001,20.));
#7294=CARTESIAN_POINT('',(204.0125,-67.4750000000001,20.));
#7295=CARTESIAN_POINT('',(207.225,-65.1750000000001,20.));
#7296=CARTESIAN_POINT('Origin',(209.525,-65.1750000000001,20.));
#7297=CARTESIAN_POINT('',(207.225,-64.6175000000001,20.));
#7298=CARTESIAN_POINT('',(207.225,-47.0479985788353,20.));
#7299=CARTESIAN_POINT('',(190.475,-64.6175000000001,20.));
#7300=CARTESIAN_POINT('',(194.4875,-64.6175000000001,20.));
#7301=CARTESIAN_POINT('',(188.175,-62.3175000000001,20.));
#7302=CARTESIAN_POINT('Origin',(190.475,-62.3175000000001,20.));
#7303=CARTESIAN_POINT('',(188.175,-49.3775000000001,20.));
#7304=CARTESIAN_POINT('',(188.175,-39.4279985788353,20.));
#7305=CARTESIAN_POINT('',(170.725,-49.3775000000001,20.));
#7306=CARTESIAN_POINT('',(184.9625,-49.3775000000001,20.));
#7307=CARTESIAN_POINT('',(170.725,-50.8875000000001,20.));
#7308=CARTESIAN_POINT('',(170.725,-41.3329985788353,20.));
#7309=CARTESIAN_POINT('',(168.425,-53.1875000000001,20.));
#7310=CARTESIAN_POINT('Origin',(168.425,-50.8875000000001,20.));
#7311=CARTESIAN_POINT('',(156.893248461694,-53.1875000000001,20.));
#7312=CARTESIAN_POINT('',(175.4375,-53.1875000000001,20.));
#7313=CARTESIAN_POINT('',(160.049890563317,-59.9569408325021,20.));
#7314=CARTESIAN_POINT('',(158.102854674922,-55.7815088953598,20.));
#7315=CARTESIAN_POINT('',(175.230545996181,-52.8780849483454,20.));
#7316=CARTESIAN_POINT('',(190.411087031458,-45.7992824086592,20.));
#7317=CARTESIAN_POINT('',(178.287075908369,-53.9905708565261,20.));
#7318=CARTESIAN_POINT('Origin',(176.202567998184,-54.9625928585297,20.));
#7319=CARTESIAN_POINT('',(185.070099009307,-68.5368108384643,20.));
#7320=CARTESIAN_POINT('',(179.393456961051,-56.3632126807238,20.));
#7321=CARTESIAN_POINT('',(183.957613101126,-71.5933407506522,20.));
#7322=CARTESIAN_POINT('Origin',(182.985591099122,-69.5088328404679,20.));
#7323=CARTESIAN_POINT('',(152.14620977614,-86.4272417377507,20.));
#7324=CARTESIAN_POINT('',(181.872990793356,-72.5654160971263,20.));
#7325=CARTESIAN_POINT('',(149.089679863952,-85.3147558295701,20.));
#7326=CARTESIAN_POINT('Origin',(151.174187774136,-84.3427338275664,20.));
#7327=CARTESIAN_POINT('',(138.281217819933,-62.1359341761078,20.));
#7328=CARTESIAN_POINT('',(137.374879401076,-60.1922851645434,20.));
#7329=CARTESIAN_POINT('Origin',(140.365725730118,-61.1639121741042,20.));
#7330=CARTESIAN_POINT('Origin',(177.280332425988,-41.5780858482706,19.85));
#7331=CARTESIAN_POINT('',(152.375,-53.1107788368725,19.9232788368725));
#7332=CARTESIAN_POINT('',(153.382145748168,-52.8875000000001,19.7));
#7333=CARTESIAN_POINT('',(175.398509728895,-48.0065896146688,14.8190896146686));
#7334=CARTESIAN_POINT('Ctrl Pts',(152.071939010205,-53.1674460599901,20.));
#7335=CARTESIAN_POINT('Ctrl Pts',(152.225692430835,-53.1438795280486,19.9563795280486));
#7336=CARTESIAN_POINT('Ctrl Pts',(152.375,-53.1107788368725,19.9232788368725));
#7337=CARTESIAN_POINT('',(139.520489206636,-59.3512966000309,19.7));
#7338=CARTESIAN_POINT('',(139.520489206636,-59.3512966000309,19.7));
#7339=CARTESIAN_POINT('',(177.343725165249,-41.7140320163261,19.7));
#7340=CARTESIAN_POINT('Origin',(140.365725730118,-61.1639121741042,19.85));
#7341=CARTESIAN_POINT('',(138.553110156044,-62.0091486975855,19.7));
#7342=CARTESIAN_POINT('',(138.553110156044,-62.0091486975855,19.7));
#7343=CARTESIAN_POINT('Origin',(140.365725730118,-61.1639121741042,19.7));
#7344=CARTESIAN_POINT('Origin',(137.510825569131,-60.1288924252823,19.85));
#7345=CARTESIAN_POINT('',(149.361572200063,-85.1879703510478,19.7));
#7346=CARTESIAN_POINT('',(149.361572200063,-85.1879703510478,19.7));
#7347=CARTESIAN_POINT('',(137.646771737187,-60.0654996860212,19.7));
#7348=CARTESIAN_POINT('Origin',(151.174187774136,-84.3427338275664,19.85));
#7349=CARTESIAN_POINT('',(152.019424297618,-86.1553494016397,19.7));
#7350=CARTESIAN_POINT('',(152.019424297618,-86.1553494016397,19.7));
#7351=CARTESIAN_POINT('Origin',(151.174187774136,-84.3427338275664,19.7));
#7352=CARTESIAN_POINT('Origin',(181.809598054095,-72.4294699290708,19.85));
#7353=CARTESIAN_POINT('',(183.830827622604,-71.3214484145412,19.7));
#7354=CARTESIAN_POINT('',(183.830827622604,-71.3214484145412,19.7));
#7355=CARTESIAN_POINT('',(181.746205314834,-72.2935237610153,19.7));
#7356=CARTESIAN_POINT('Origin',(182.985591099122,-69.5088328404679,19.85));
#7357=CARTESIAN_POINT('',(184.798206673196,-68.6635963169865,19.7));
#7358=CARTESIAN_POINT('',(184.798206673196,-68.6635963169865,19.7));
#7359=CARTESIAN_POINT('Origin',(182.985591099122,-69.5088328404679,19.7));
#7360=CARTESIAN_POINT('Origin',(179.257510792995,-56.4266054199849,19.85));
#7361=CARTESIAN_POINT('',(178.015183572258,-54.1173563350483,19.7));
#7362=CARTESIAN_POINT('',(178.015183572258,-54.1173563350483,19.7));
#7363=CARTESIAN_POINT('',(179.12156462494,-56.489998159246,19.7));
#7364=CARTESIAN_POINT('Origin',(176.202567998184,-54.9625928585297,19.85));
#7365=CARTESIAN_POINT('',(175.357331474703,-53.1499772844565,19.7));
#7366=CARTESIAN_POINT('',(175.357331474703,-53.1499772844565,19.7));
#7367=CARTESIAN_POINT('Origin',(176.202567998184,-54.9625928585297,19.7));
#7368=CARTESIAN_POINT('Origin',(190.47447977072,-45.9352285767147,19.85));
#7369=CARTESIAN_POINT('',(159.904783705728,-60.3556186471353,19.7));
#7370=CARTESIAN_POINT('',(163.073510626295,-51.6496129844596,26.2511588629673));
#7371=CARTESIAN_POINT('',(190.537872509981,-46.0711747447702,19.7));
#7372=CARTESIAN_POINT('Origin',(152.375,-50.8875000000001,19.85));
#7373=CARTESIAN_POINT('',(152.375,-52.8875000000001,19.7));
#7374=CARTESIAN_POINT('',(152.375,-52.8875000000001,19.7));
#7375=CARTESIAN_POINT('',(150.375,-50.8875000000001,19.7));
#7376=CARTESIAN_POINT('Origin',(152.375,-50.8875000000001,19.7));
#7377=CARTESIAN_POINT('',(150.375,-50.8875000000001,19.7));
#7378=CARTESIAN_POINT('Origin',(157.966908506867,-55.8449016346209,19.85));
#7379=CARTESIAN_POINT('',(156.422342788559,-52.8875000000001,19.7));
#7380=CARTESIAN_POINT('',(156.893248461694,-53.1875000000001,20.));
#7381=CARTESIAN_POINT('',(157.830962338811,-55.9082943738821,19.7));
#7382=CARTESIAN_POINT('Origin',(150.225,-39.4279985788352,19.85));
#7383=CARTESIAN_POINT('',(150.375,-49.0775000000001,19.7));
#7384=CARTESIAN_POINT('',(150.375,-39.4279985788352,19.7));
#7385=CARTESIAN_POINT('',(150.075,-49.3775000000001,20.));
#7386=CARTESIAN_POINT('Origin',(175.4375,-53.0375000000001,19.85));
#7387=CARTESIAN_POINT('',(175.4375,-52.8875000000001,19.7));
#7388=CARTESIAN_POINT('Origin',(175.4375,-28.8775000000001,19.85));
#7389=CARTESIAN_POINT('',(150.375,-29.0275000000001,19.7));
#7390=CARTESIAN_POINT('',(133.325,-29.0275,19.7));
#7391=CARTESIAN_POINT('',(175.4375,-29.0275000000001,19.7));
#7392=CARTESIAN_POINT('',(150.075,-28.7275000000001,20.));
#7393=CARTESIAN_POINT('',(133.325,-29.0275,19.7));
#7394=CARTESIAN_POINT('Origin',(133.325,-31.0275,19.85));
#7395=CARTESIAN_POINT('',(131.325,-31.0275,19.7));
#7396=CARTESIAN_POINT('',(131.325,-31.0275,19.7));
#7397=CARTESIAN_POINT('Origin',(133.325,-31.0275,19.7));
#7398=CARTESIAN_POINT('Origin',(131.175,-29.9029985788352,19.85));
#7399=CARTESIAN_POINT('',(131.325,-47.0775,19.7));
#7400=CARTESIAN_POINT('',(131.325,-47.0775,19.7));
#7401=CARTESIAN_POINT('',(131.325,-29.9029985788352,19.7));
#7402=CARTESIAN_POINT('Origin',(133.325,-47.0775,19.85));
#7403=CARTESIAN_POINT('',(133.325,-49.0775,19.7));
#7404=CARTESIAN_POINT('',(133.325,-49.0775,19.7));
#7405=CARTESIAN_POINT('Origin',(133.325,-47.0775,19.7));
#7406=CARTESIAN_POINT('Origin',(165.9125,-49.2275000000001,19.85));
#7407=CARTESIAN_POINT('',(165.9125,-49.0775000000001,19.7));
#7408=CARTESIAN_POINT('Origin',(184.9625,24.4624999999999,19.85));
#7409=CARTESIAN_POINT('',(169.425,24.3125,19.7));
#7410=CARTESIAN_POINT('',(152.375,24.3125,19.7));
#7411=CARTESIAN_POINT('',(184.9625,24.3124999999999,19.7));
#7412=CARTESIAN_POINT('',(169.125,24.6125,20.));
#7413=CARTESIAN_POINT('',(152.375,24.3125,19.7));
#7414=CARTESIAN_POINT('Origin',(152.375,22.3125,19.85));
#7415=CARTESIAN_POINT('',(150.375,22.3125,19.7));
#7416=CARTESIAN_POINT('',(150.375,22.3125,19.7));
#7417=CARTESIAN_POINT('Origin',(152.375,22.3125,19.7));
#7418=CARTESIAN_POINT('Origin',(150.225,-3.2329985788352,19.85));
#7419=CARTESIAN_POINT('',(150.375,-3.2329985788352,19.7));
#7420=CARTESIAN_POINT('Origin',(194.4875,28.2724999999999,19.85));
#7421=CARTESIAN_POINT('',(188.475,28.1224999999999,19.7));
#7422=CARTESIAN_POINT('',(171.425,28.1225,19.7));
#7423=CARTESIAN_POINT('',(194.4875,28.1224999999999,19.7));
#7424=CARTESIAN_POINT('',(188.175,28.4224999999999,20.));
#7425=CARTESIAN_POINT('',(171.425,28.1225,19.7));
#7426=CARTESIAN_POINT('Origin',(171.425,26.1225,19.85));
#7427=CARTESIAN_POINT('',(169.425,26.1225,19.7));
#7428=CARTESIAN_POINT('',(169.425,26.1225,19.7));
#7429=CARTESIAN_POINT('Origin',(171.425,26.1225,19.7));
#7430=CARTESIAN_POINT('Origin',(169.275,-1.32799857883522,19.85));
#7431=CARTESIAN_POINT('',(169.425,-1.32799857883522,19.7));
#7432=CARTESIAN_POINT('Origin',(208.675,-0.851748578835271,19.85));
#7433=CARTESIAN_POINT('',(208.525,29.0749999999999,19.7));
#7434=CARTESIAN_POINT('',(208.525,29.9324999999999,19.7));
#7435=CARTESIAN_POINT('',(208.525,-0.851748578835271,19.7));
#7436=CARTESIAN_POINT('',(208.825,29.3749999999999,20.));
#7437=CARTESIAN_POINT('',(208.525,29.9324999999999,19.7));
#7438=CARTESIAN_POINT('Origin',(206.525,29.9324999999999,19.85));
#7439=CARTESIAN_POINT('',(206.525,31.9324999999999,19.7));
#7440=CARTESIAN_POINT('',(206.525,31.9324999999999,19.7));
#7441=CARTESIAN_POINT('Origin',(206.525,29.9324999999999,19.7));
#7442=CARTESIAN_POINT('Origin',(204.0125,32.0824999999999,19.85));
#7443=CARTESIAN_POINT('',(190.475,31.9324999999999,19.7));
#7444=CARTESIAN_POINT('',(190.475,31.9324999999999,19.7));
#7445=CARTESIAN_POINT('',(204.0125,31.9324999999999,19.7));
#7446=CARTESIAN_POINT('Origin',(190.475,29.9324999999999,19.85));
#7447=CARTESIAN_POINT('',(188.475,29.9324999999999,19.7));
#7448=CARTESIAN_POINT('',(188.475,29.9324999999999,19.7));
#7449=CARTESIAN_POINT('Origin',(190.475,29.9324999999999,19.7));
#7450=CARTESIAN_POINT('Origin',(188.325,0.577001421164757,19.85));
#7451=CARTESIAN_POINT('',(188.475,0.577001421164756,19.7));
#7452=CARTESIAN_POINT('Origin',(227.725,-5.6142485788353,19.85));
#7453=CARTESIAN_POINT('',(227.575,19.5499999999999,19.7));
#7454=CARTESIAN_POINT('',(227.575,27.0749999999999,19.7));
#7455=CARTESIAN_POINT('',(227.575,-5.6142485788353,19.7));
#7456=CARTESIAN_POINT('',(227.875,19.8499999999999,20.));
#7457=CARTESIAN_POINT('',(227.575,27.0749999999999,19.7));
#7458=CARTESIAN_POINT('Origin',(225.575,27.0749999999999,19.85));
#7459=CARTESIAN_POINT('',(225.575,29.0749999999999,19.7));
#7460=CARTESIAN_POINT('',(225.575,29.0749999999999,19.7));
#7461=CARTESIAN_POINT('Origin',(225.575,27.0749999999999,19.7));
#7462=CARTESIAN_POINT('Origin',(213.5375,29.2249999999999,19.85));
#7463=CARTESIAN_POINT('',(213.5375,29.0749999999999,19.7));
#7464=CARTESIAN_POINT('Origin',(246.775,-10.3767485788353,19.85));
#7465=CARTESIAN_POINT('',(246.625,10.0249999999998,19.7));
#7466=CARTESIAN_POINT('',(246.625,17.5499999999999,19.7));
#7467=CARTESIAN_POINT('',(246.625,-10.3767485788353,19.7));
#7468=CARTESIAN_POINT('',(246.925,10.3249999999999,20.));
#7469=CARTESIAN_POINT('',(246.625,17.5499999999999,19.7));
#7470=CARTESIAN_POINT('Origin',(244.625,17.5499999999999,19.85));
#7471=CARTESIAN_POINT('',(244.625,19.5499999999999,19.7));
#7472=CARTESIAN_POINT('',(244.625,19.5499999999999,19.7));
#7473=CARTESIAN_POINT('Origin',(244.625,17.5499999999999,19.7));
#7474=CARTESIAN_POINT('Origin',(223.0625,19.6999999999999,19.85));
#7475=CARTESIAN_POINT('',(223.0625,19.5499999999999,19.7));
#7476=CARTESIAN_POINT('Origin',(223.0625,-48.2750000000001,19.85));
#7477=CARTESIAN_POINT('',(246.625,-48.1250000000002,19.7));
#7478=CARTESIAN_POINT('',(263.675,-48.1250000000002,19.7));
#7479=CARTESIAN_POINT('',(223.0625,-48.1250000000001,19.7));
#7480=CARTESIAN_POINT('',(246.925,-48.4250000000002,20.));
#7481=CARTESIAN_POINT('',(263.675,-48.1250000000002,19.7));
#7482=CARTESIAN_POINT('Origin',(263.675,-46.1250000000002,19.85));
#7483=CARTESIAN_POINT('',(265.675,-46.1250000000002,19.7));
#7484=CARTESIAN_POINT('',(265.675,-46.1250000000002,19.7));
#7485=CARTESIAN_POINT('Origin',(263.675,-46.1250000000002,19.7));
#7486=CARTESIAN_POINT('Origin',(265.825,-38.9517485788354,19.85));
#7487=CARTESIAN_POINT('',(265.675,8.02499999999982,19.7));
#7488=CARTESIAN_POINT('',(265.675,8.02499999999982,19.7));
#7489=CARTESIAN_POINT('',(265.675,-38.9517485788354,19.7));
#7490=CARTESIAN_POINT('Origin',(263.675,8.02499999999983,19.85));
#7491=CARTESIAN_POINT('',(263.675,10.0249999999998,19.7));
#7492=CARTESIAN_POINT('',(263.675,10.0249999999998,19.7));
#7493=CARTESIAN_POINT('Origin',(263.675,8.02499999999983,19.7));
#7494=CARTESIAN_POINT('Origin',(232.5875,10.1749999999999,19.85));
#7495=CARTESIAN_POINT('',(232.5875,10.0249999999999,19.7));
#7496=CARTESIAN_POINT('Origin',(213.5375,-57.8000000000001,19.85));
#7497=CARTESIAN_POINT('',(227.575,-57.6500000000001,19.7));
#7498=CARTESIAN_POINT('',(244.625,-57.6500000000002,19.7));
#7499=CARTESIAN_POINT('',(213.5375,-57.6500000000001,19.7));
#7500=CARTESIAN_POINT('',(227.875,-57.9500000000002,20.));
#7501=CARTESIAN_POINT('',(244.625,-57.6500000000002,19.7));
#7502=CARTESIAN_POINT('Origin',(244.625,-55.6500000000002,19.85));
#7503=CARTESIAN_POINT('',(246.625,-55.6500000000002,19.7));
#7504=CARTESIAN_POINT('',(246.625,-55.6500000000002,19.7));
#7505=CARTESIAN_POINT('Origin',(244.625,-55.6500000000002,19.7));
#7506=CARTESIAN_POINT('Origin',(246.775,-43.7142485788353,19.85));
#7507=CARTESIAN_POINT('',(246.625,-43.7142485788353,19.7));
#7508=CARTESIAN_POINT('Origin',(207.375,-47.0479985788353,19.85));
#7509=CARTESIAN_POINT('',(207.525,-64.3175000000001,19.7));
#7510=CARTESIAN_POINT('',(207.525,-65.1750000000001,19.7));
#7511=CARTESIAN_POINT('',(207.525,-47.0479985788353,19.7));
#7512=CARTESIAN_POINT('',(207.225,-64.6175000000001,20.));
#7513=CARTESIAN_POINT('',(207.525,-65.1750000000001,19.7));
#7514=CARTESIAN_POINT('Origin',(209.525,-65.1750000000001,19.85));
#7515=CARTESIAN_POINT('',(209.525,-67.1750000000001,19.7));
#7516=CARTESIAN_POINT('',(209.525,-67.1750000000001,19.7));
#7517=CARTESIAN_POINT('Origin',(209.525,-65.1750000000001,19.7));
#7518=CARTESIAN_POINT('Origin',(204.0125,-67.3250000000001,19.85));
#7519=CARTESIAN_POINT('',(225.575,-67.1750000000002,19.7));
#7520=CARTESIAN_POINT('',(225.575,-67.1750000000002,19.7));
#7521=CARTESIAN_POINT('',(204.0125,-67.1750000000001,19.7));
#7522=CARTESIAN_POINT('Origin',(225.575,-65.1750000000001,19.85));
#7523=CARTESIAN_POINT('',(227.575,-65.1750000000001,19.7));
#7524=CARTESIAN_POINT('',(227.575,-65.1750000000001,19.7));
#7525=CARTESIAN_POINT('Origin',(225.575,-65.1750000000001,19.7));
#7526=CARTESIAN_POINT('Origin',(227.725,-48.4767485788353,19.85));
#7527=CARTESIAN_POINT('',(227.575,-48.4767485788353,19.7));
#7528=CARTESIAN_POINT('Origin',(188.325,-39.4279985788353,19.85));
#7529=CARTESIAN_POINT('',(188.475,-49.0775000000001,19.7));
#7530=CARTESIAN_POINT('',(188.475,-62.3175000000001,19.7));
#7531=CARTESIAN_POINT('',(188.475,-39.4279985788353,19.7));
#7532=CARTESIAN_POINT('',(188.175,-49.3775000000001,20.));
#7533=CARTESIAN_POINT('',(188.475,-62.3175000000001,19.7));
#7534=CARTESIAN_POINT('Origin',(190.475,-62.3175000000001,19.85));
#7535=CARTESIAN_POINT('',(190.475,-64.3175000000001,19.7));
#7536=CARTESIAN_POINT('',(190.475,-64.3175000000001,19.7));
#7537=CARTESIAN_POINT('Origin',(190.475,-62.3175000000001,19.7));
#7538=CARTESIAN_POINT('Origin',(194.4875,-64.4675000000001,19.85));
#7539=CARTESIAN_POINT('',(194.4875,-64.3175000000001,19.7));
#7540=CARTESIAN_POINT('Origin',(184.9625,-49.2275000000001,19.85));
#7541=CARTESIAN_POINT('',(170.425,-49.0775000000001,19.7));
#7542=CARTESIAN_POINT('',(184.9625,-49.0775000000001,19.7));
#7543=CARTESIAN_POINT('',(170.725,-49.3775000000001,20.));
#7544=CARTESIAN_POINT('Origin',(175.4375,-53.0375000000001,19.85));
#7545=CARTESIAN_POINT('',(168.425,-52.8875000000001,19.7));
#7546=CARTESIAN_POINT('',(175.4375,-52.8875000000001,19.7));
#7547=CARTESIAN_POINT('',(168.425,-52.8875000000001,19.7));
#7548=CARTESIAN_POINT('Origin',(168.425,-50.8875000000001,19.85));
#7549=CARTESIAN_POINT('',(170.425,-50.8875000000001,19.7));
#7550=CARTESIAN_POINT('',(170.425,-50.8875000000001,19.7));
#7551=CARTESIAN_POINT('Origin',(168.425,-50.8875000000001,19.7));
#7552=CARTESIAN_POINT('Origin',(170.575,-41.3329985788353,19.85));
#7553=CARTESIAN_POINT('',(170.425,-41.3329985788353,19.7));
#7554=CARTESIAN_POINT('Origin',(154.353937408875,-52.4343461064815,0.));
#7555=CARTESIAN_POINT('',(139.520489206636,-59.3512966000309,13.));
#7556=CARTESIAN_POINT('',(139.520489206636,-59.3512966000309,0.));
#7557=CARTESIAN_POINT('',(153.382145748168,-52.8875000000001,13.));
#7558=CARTESIAN_POINT('',(177.81241910713,-41.4954764418962,13.));
#7559=CARTESIAN_POINT('',(153.382145748168,-52.8875000000001,0.));
#7560=CARTESIAN_POINT('Origin',(150.875,-52.8875000000001,0.));
#7561=CARTESIAN_POINT('',(152.375,-52.8875000000001,13.));
#7562=CARTESIAN_POINT('',(175.3125,-52.8875000000001,13.));
#7563=CARTESIAN_POINT('',(152.375,-52.8875000000001,0.));
#7564=CARTESIAN_POINT('Origin',(152.375,-50.8875000000001,0.));
#7565=CARTESIAN_POINT('',(150.375,-50.8875000000001,13.));
#7566=CARTESIAN_POINT('Origin',(152.375,-50.8875000000001,13.));
#7567=CARTESIAN_POINT('',(150.375,-50.8875000000001,0.));
#7568=CARTESIAN_POINT('Origin',(150.375,-48.5775000000001,0.));
#7569=CARTESIAN_POINT('',(150.375,-49.0775000000001,13.));
#7570=CARTESIAN_POINT('',(150.375,-37.9362622373775,13.));
#7571=CARTESIAN_POINT('',(150.375,-49.0775000000001,0.));
#7572=CARTESIAN_POINT('Origin',(131.825,-49.0775,0.));
#7573=CARTESIAN_POINT('',(133.325,-49.0775,13.));
#7574=CARTESIAN_POINT('',(165.7875,-49.0775000000001,13.));
#7575=CARTESIAN_POINT('',(133.325,-49.0775,0.));
#7576=CARTESIAN_POINT('Origin',(133.325,-47.0775,0.));
#7577=CARTESIAN_POINT('',(131.325,-47.0775,13.));
#7578=CARTESIAN_POINT('Origin',(133.325,-47.0775,13.));
#7579=CARTESIAN_POINT('',(131.325,-47.0775,0.));
#7580=CARTESIAN_POINT('Origin',(131.325,-29.5275,0.));
#7581=CARTESIAN_POINT('',(131.325,-31.0275,13.));
#7582=CARTESIAN_POINT('',(131.325,-28.4112622373775,13.));
#7583=CARTESIAN_POINT('',(131.325,-31.0275,0.));
#7584=CARTESIAN_POINT('Origin',(133.325,-31.0275,0.));
#7585=CARTESIAN_POINT('',(133.325,-29.0275,13.));
#7586=CARTESIAN_POINT('Origin',(133.325,-31.0275,13.));
#7587=CARTESIAN_POINT('',(133.325,-29.0275,0.));
#7588=CARTESIAN_POINT('Origin',(150.875,-29.0275000000001,0.));
#7589=CARTESIAN_POINT('',(150.375,-29.0275000000001,13.));
#7590=CARTESIAN_POINT('',(175.3125,-29.0275000000001,13.));
#7591=CARTESIAN_POINT('',(150.375,-29.0275000000001,0.));
#7592=CARTESIAN_POINT('Origin',(150.375,23.8125,0.));
#7593=CARTESIAN_POINT('',(150.375,22.3125,13.));
#7594=CARTESIAN_POINT('',(150.375,-1.74126223737748,13.));
#7595=CARTESIAN_POINT('',(150.375,22.3125,0.));
#7596=CARTESIAN_POINT('Origin',(152.375,22.3125,0.));
#7597=CARTESIAN_POINT('',(152.375,24.3125,13.));
#7598=CARTESIAN_POINT('Origin',(152.375,22.3125,13.));
#7599=CARTESIAN_POINT('',(152.375,24.3125,0.));
#7600=CARTESIAN_POINT('Origin',(169.925,24.3125,0.));
#7601=CARTESIAN_POINT('',(169.425,24.3125,13.));
#7602=CARTESIAN_POINT('',(184.8375,24.3124999999999,13.));
#7603=CARTESIAN_POINT('',(169.425,24.3125,0.));
#7604=CARTESIAN_POINT('Origin',(169.425,27.6225,0.));
#7605=CARTESIAN_POINT('',(169.425,26.1225,13.));
#7606=CARTESIAN_POINT('',(169.425,0.163737762622506,13.));
#7607=CARTESIAN_POINT('',(169.425,26.1225,0.));
#7608=CARTESIAN_POINT('Origin',(171.425,26.1225,0.));
#7609=CARTESIAN_POINT('',(171.425,28.1225,13.));
#7610=CARTESIAN_POINT('Origin',(171.425,26.1225,13.));
#7611=CARTESIAN_POINT('',(171.425,28.1225,0.));
#7612=CARTESIAN_POINT('Origin',(188.975,28.1224999999999,0.));
#7613=CARTESIAN_POINT('',(188.475,28.1224999999999,13.));
#7614=CARTESIAN_POINT('',(194.3625,28.1224999999999,13.));
#7615=CARTESIAN_POINT('',(188.475,28.1224999999999,0.));
#7616=CARTESIAN_POINT('Origin',(188.475,31.4324999999999,0.));
#7617=CARTESIAN_POINT('',(188.475,29.9324999999999,13.));
#7618=CARTESIAN_POINT('',(188.475,2.06873776262248,13.));
#7619=CARTESIAN_POINT('',(188.475,29.9324999999999,0.));
#7620=CARTESIAN_POINT('Origin',(190.475,29.9324999999999,0.));
#7621=CARTESIAN_POINT('',(190.475,31.9324999999999,13.));
#7622=CARTESIAN_POINT('Origin',(190.475,29.9324999999999,13.));
#7623=CARTESIAN_POINT('',(190.475,31.9324999999999,0.));
#7624=CARTESIAN_POINT('Origin',(208.025,31.9324999999999,0.));
#7625=CARTESIAN_POINT('',(206.525,31.9324999999999,13.));
#7626=CARTESIAN_POINT('',(203.8875,31.9324999999999,13.));
#7627=CARTESIAN_POINT('',(206.525,31.9324999999999,0.));
#7628=CARTESIAN_POINT('Origin',(206.525,29.9324999999999,0.));
#7629=CARTESIAN_POINT('',(208.525,29.9324999999999,13.));
#7630=CARTESIAN_POINT('Origin',(206.525,29.9324999999999,13.));
#7631=CARTESIAN_POINT('',(208.525,29.9324999999999,0.));
#7632=CARTESIAN_POINT('Origin',(208.525,28.5749999999999,0.));
#7633=CARTESIAN_POINT('',(208.525,29.0749999999999,13.));
#7634=CARTESIAN_POINT('',(208.525,0.639987762622455,13.));
#7635=CARTESIAN_POINT('',(208.525,29.0749999999999,0.));
#7636=CARTESIAN_POINT('Origin',(227.075,29.0749999999999,0.));
#7637=CARTESIAN_POINT('',(225.575,29.0749999999999,13.));
#7638=CARTESIAN_POINT('',(213.4125,29.0749999999999,13.));
#7639=CARTESIAN_POINT('',(225.575,29.0749999999999,0.));
#7640=CARTESIAN_POINT('Origin',(225.575,27.0749999999999,0.));
#7641=CARTESIAN_POINT('',(227.575,27.0749999999999,13.));
#7642=CARTESIAN_POINT('Origin',(225.575,27.0749999999999,13.));
#7643=CARTESIAN_POINT('',(227.575,27.0749999999999,0.));
#7644=CARTESIAN_POINT('Origin',(227.575,19.0499999999999,0.));
#7645=CARTESIAN_POINT('',(227.575,19.5499999999999,13.));
#7646=CARTESIAN_POINT('',(227.575,-4.12251223737758,13.));
#7647=CARTESIAN_POINT('',(227.575,19.5499999999999,0.));
#7648=CARTESIAN_POINT('Origin',(246.125,19.5499999999999,0.));
#7649=CARTESIAN_POINT('',(244.625,19.5499999999998,13.));
#7650=CARTESIAN_POINT('',(222.9375,19.5499999999999,13.));
#7651=CARTESIAN_POINT('',(244.625,19.5499999999999,0.));
#7652=CARTESIAN_POINT('Origin',(244.625,17.5499999999999,0.));
#7653=CARTESIAN_POINT('',(246.625,17.5499999999999,13.));
#7654=CARTESIAN_POINT('Origin',(244.625,17.5499999999999,13.));
#7655=CARTESIAN_POINT('',(246.625,17.5499999999999,0.));
#7656=CARTESIAN_POINT('Origin',(246.625,9.52499999999985,0.));
#7657=CARTESIAN_POINT('',(246.625,10.0249999999999,13.));
#7658=CARTESIAN_POINT('',(246.625,-8.8850122373776,13.));
#7659=CARTESIAN_POINT('',(246.625,10.0249999999998,0.));
#7660=CARTESIAN_POINT('Origin',(265.175,10.0249999999998,0.));
#7661=CARTESIAN_POINT('',(263.675,10.0249999999998,13.));
#7662=CARTESIAN_POINT('',(232.4625,10.0249999999999,13.));
#7663=CARTESIAN_POINT('',(263.675,10.0249999999998,0.));
#7664=CARTESIAN_POINT('Origin',(263.675,8.02499999999983,0.));
#7665=CARTESIAN_POINT('',(265.675,8.02499999999983,13.));
#7666=CARTESIAN_POINT('Origin',(263.675,8.02499999999983,13.));
#7667=CARTESIAN_POINT('',(265.675,8.02499999999982,0.));
#7668=CARTESIAN_POINT('Origin',(265.675,-47.6250000000002,0.));
#7669=CARTESIAN_POINT('',(265.675,-46.1250000000002,13.));
#7670=CARTESIAN_POINT('',(265.675,-37.4600122373776,13.));
#7671=CARTESIAN_POINT('',(265.675,-46.1250000000002,0.));
#7672=CARTESIAN_POINT('Origin',(263.675,-46.1250000000002,0.));
#7673=CARTESIAN_POINT('',(263.675,-48.1250000000002,13.));
#7674=CARTESIAN_POINT('Origin',(263.675,-46.1250000000002,13.));
#7675=CARTESIAN_POINT('',(263.675,-48.1250000000002,0.));
#7676=CARTESIAN_POINT('Origin',(246.125,-48.1250000000002,0.));
#7677=CARTESIAN_POINT('',(246.625,-48.1250000000002,13.));
#7678=CARTESIAN_POINT('',(222.9375,-48.1250000000001,13.));
#7679=CARTESIAN_POINT('',(246.625,-48.1250000000002,0.));
#7680=CARTESIAN_POINT('Origin',(246.625,-57.1500000000002,0.));
#7681=CARTESIAN_POINT('',(246.625,-55.6500000000002,13.));
#7682=CARTESIAN_POINT('',(246.625,-42.2225122373776,13.));
#7683=CARTESIAN_POINT('',(246.625,-55.6500000000002,0.));
#7684=CARTESIAN_POINT('Origin',(244.625,-55.6500000000002,0.));
#7685=CARTESIAN_POINT('',(244.625,-57.6500000000001,13.));
#7686=CARTESIAN_POINT('Origin',(244.625,-55.6500000000002,13.));
#7687=CARTESIAN_POINT('',(244.625,-57.6500000000002,0.));
#7688=CARTESIAN_POINT('Origin',(227.075,-57.6500000000001,0.));
#7689=CARTESIAN_POINT('',(227.575,-57.6500000000001,13.));
#7690=CARTESIAN_POINT('',(213.4125,-57.6500000000001,13.));
#7691=CARTESIAN_POINT('',(227.575,-57.6500000000001,0.));
#7692=CARTESIAN_POINT('Origin',(227.575,-66.6750000000002,0.));
#7693=CARTESIAN_POINT('',(227.575,-65.1750000000001,13.));
#7694=CARTESIAN_POINT('',(227.575,-46.9850122373776,13.));
#7695=CARTESIAN_POINT('',(227.575,-65.1750000000001,0.));
#7696=CARTESIAN_POINT('Origin',(225.575,-65.1750000000001,0.));
#7697=CARTESIAN_POINT('',(225.575,-67.1750000000001,13.));
#7698=CARTESIAN_POINT('Origin',(225.575,-65.1750000000001,13.));
#7699=CARTESIAN_POINT('',(225.575,-67.1750000000002,0.));
#7700=CARTESIAN_POINT('Origin',(208.025,-67.1750000000001,0.));
#7701=CARTESIAN_POINT('',(209.525,-67.1750000000001,13.));
#7702=CARTESIAN_POINT('',(203.8875,-67.1750000000001,13.));
#7703=CARTESIAN_POINT('',(209.525,-67.1750000000001,0.));
#7704=CARTESIAN_POINT('Origin',(209.525,-65.1750000000001,0.));
#7705=CARTESIAN_POINT('',(207.525,-65.1750000000001,13.));
#7706=CARTESIAN_POINT('Origin',(209.525,-65.1750000000001,13.));
#7707=CARTESIAN_POINT('',(207.525,-65.1750000000001,0.));
#7708=CARTESIAN_POINT('Origin',(207.525,-63.8175000000001,0.));
#7709=CARTESIAN_POINT('',(207.525,-64.3175000000001,13.));
#7710=CARTESIAN_POINT('',(207.525,-45.5562622373776,13.));
#7711=CARTESIAN_POINT('',(207.525,-64.3175000000001,0.));
#7712=CARTESIAN_POINT('Origin',(188.975,-64.3175000000001,0.));
#7713=CARTESIAN_POINT('',(190.475,-64.3175000000001,13.));
#7714=CARTESIAN_POINT('',(194.3625,-64.3175000000001,13.));
#7715=CARTESIAN_POINT('',(190.475,-64.3175000000001,0.));
#7716=CARTESIAN_POINT('Origin',(190.475,-62.3175000000001,0.));
#7717=CARTESIAN_POINT('',(188.475,-62.3175000000001,13.));
#7718=CARTESIAN_POINT('Origin',(190.475,-62.3175000000001,13.));
#7719=CARTESIAN_POINT('',(188.475,-62.3175000000001,0.));
#7720=CARTESIAN_POINT('Origin',(188.475,-48.5775000000001,0.));
#7721=CARTESIAN_POINT('',(188.475,-49.0775000000001,13.));
#7722=CARTESIAN_POINT('',(188.475,-37.9362622373775,13.));
#7723=CARTESIAN_POINT('',(188.475,-49.0775000000001,0.));
#7724=CARTESIAN_POINT('Origin',(169.925,-49.0775000000001,0.));
#7725=CARTESIAN_POINT('',(170.425,-49.0775000000001,13.));
#7726=CARTESIAN_POINT('',(184.8375,-49.0775000000001,13.));
#7727=CARTESIAN_POINT('',(170.425,-49.0775000000001,0.));
#7728=CARTESIAN_POINT('Origin',(170.425,-52.3875000000001,0.));
#7729=CARTESIAN_POINT('',(170.425,-50.8875000000001,13.));
#7730=CARTESIAN_POINT('',(170.425,-39.8412622373775,13.));
#7731=CARTESIAN_POINT('',(170.425,-50.8875000000001,0.));
#7732=CARTESIAN_POINT('Origin',(168.425,-50.8875000000001,0.));
#7733=CARTESIAN_POINT('',(168.425,-52.8875000000001,13.));
#7734=CARTESIAN_POINT('Origin',(168.425,-50.8875000000001,13.));
#7735=CARTESIAN_POINT('',(168.425,-52.8875000000001,0.));
#7736=CARTESIAN_POINT('Origin',(150.875,-52.8875000000001,0.));
#7737=CARTESIAN_POINT('',(156.422342788559,-52.8875000000001,13.));
#7738=CARTESIAN_POINT('',(175.3125,-52.8875000000001,13.));
#7739=CARTESIAN_POINT('',(156.422342788559,-52.8875000000001,0.));
#7740=CARTESIAN_POINT('Origin',(247.572466113391,-64.0847997662416,19.85));
#7741=CARTESIAN_POINT('',(229.572058314499,-73.2527087639998,19.7));
#7742=CARTESIAN_POINT('',(229.572058314499,-73.2527087639998,19.7));
#7743=CARTESIAN_POINT('',(269.963854382,-53.0568107302495,19.7));
#7744=CARTESIAN_POINT('',(247.639548152716,-64.2189638448915,19.7));
#7745=CARTESIAN_POINT('',(269.82969030335,-52.7884825729495,20.));
#7746=CARTESIAN_POINT('Origin',(227.783203932499,-69.6750000000002,19.85));
#7747=CARTESIAN_POINT('',(227.783203932499,-73.6750000000002,19.7));
#7748=CARTESIAN_POINT('',(227.783203932499,-73.6750000000002,19.7));
#7749=CARTESIAN_POINT('Origin',(227.783203932499,-69.6750000000002,19.7));
#7750=CARTESIAN_POINT('Origin',(214.363737921249,-73.5250000000001,19.85));
#7751=CARTESIAN_POINT('',(198.600011275603,-73.6750000000001,19.7));
#7752=CARTESIAN_POINT('',(198.600011275603,-73.6750000000001,19.7));
#7753=CARTESIAN_POINT('',(214.363737921249,-73.6750000000001,19.7));
#7754=CARTESIAN_POINT('Origin',(198.600011275603,-77.6750000000001,19.85));
#7755=CARTESIAN_POINT('',(196.90953822864,-74.0497688518535,19.7));
#7756=CARTESIAN_POINT('',(196.90953822864,-74.0497688518535,19.7));
#7757=CARTESIAN_POINT('Origin',(198.600011275603,-77.6750000000001,19.7));
#7758=CARTESIAN_POINT('Origin',(206.89992062652,-69.2256703439809,19.85));
#7759=CARTESIAN_POINT('',(149.962523669324,-95.9415212683779,19.7));
#7760=CARTESIAN_POINT('',(149.962523669324,-95.9415212683779,19.7));
#7761=CARTESIAN_POINT('',(206.963313365781,-69.3616165120364,19.7));
#7762=CARTESIAN_POINT('Origin',(148.272050622361,-92.3162901202313,19.85));
#7763=CARTESIAN_POINT('',(144.646819474214,-94.0067631671941,19.7));
#7764=CARTESIAN_POINT('',(144.646819474214,-94.0067631671941,19.7));
#7765=CARTESIAN_POINT('Origin',(148.272050622361,-92.3162901202313,19.7));
#7766=CARTESIAN_POINT('Origin',(138.366541635967,-80.1837336428778,19.85));
#7767=CARTESIAN_POINT('',(128.199768851853,-58.73594928557,19.7));
#7768=CARTESIAN_POINT('',(128.199768851853,-58.73594928557,19.7));
#7769=CARTESIAN_POINT('',(138.230595467912,-80.2471263821389,19.7));
#7770=CARTESIAN_POINT('Origin',(131.825,-57.0454762386072,19.85));
#7771=CARTESIAN_POINT('',(127.825,-57.0454762386072,19.7));
#7772=CARTESIAN_POINT('',(127.825,-57.0454762386072,19.7));
#7773=CARTESIAN_POINT('Origin',(131.825,-57.0454762386072,19.7));
#7774=CARTESIAN_POINT('Origin',(127.975,-44.1053760234247,19.85));
#7775=CARTESIAN_POINT('',(127.825,20.0025,19.7));
#7776=CARTESIAN_POINT('',(127.825,20.0025,19.7));
#7777=CARTESIAN_POINT('',(127.825,-44.1053760234247,19.7));
#7778=CARTESIAN_POINT('Origin',(131.825,20.0025,19.85));
#7779=CARTESIAN_POINT('',(131.825,24.0025,19.7));
#7780=CARTESIAN_POINT('',(131.825,24.0025,19.7));
#7781=CARTESIAN_POINT('Origin',(131.825,20.0025,19.7));
#7782=CARTESIAN_POINT('Origin',(163.9125,23.8525,19.85));
#7783=CARTESIAN_POINT('',(143.875,24.0025,19.7));
#7784=CARTESIAN_POINT('',(143.875,24.0025,19.7));
#7785=CARTESIAN_POINT('',(163.9125,24.0025,19.7));
#7786=CARTESIAN_POINT('Origin',(143.875,28.0025,19.85));
#7787=CARTESIAN_POINT('',(147.875,28.0025,19.7));
#7788=CARTESIAN_POINT('',(147.875,28.0025,19.7));
#7789=CARTESIAN_POINT('Origin',(143.875,28.0025,19.7));
#7790=CARTESIAN_POINT('Origin',(148.025,-3.13799857883519,19.85));
#7791=CARTESIAN_POINT('',(147.875,33.075,19.7));
#7792=CARTESIAN_POINT('',(147.875,33.075,19.7));
#7793=CARTESIAN_POINT('',(147.875,-3.13799857883519,19.7));
#7794=CARTESIAN_POINT('Origin',(151.875,33.075,19.85));
#7795=CARTESIAN_POINT('',(151.875,37.075,19.7));
#7796=CARTESIAN_POINT('',(151.875,37.075,19.7));
#7797=CARTESIAN_POINT('Origin',(151.875,33.075,19.7));
#7798=CARTESIAN_POINT('Origin',(173.9375,36.925,19.85));
#7799=CARTESIAN_POINT('',(225.901237921249,37.0749999999999,19.7));
#7800=CARTESIAN_POINT('',(225.901237921249,37.0749999999999,19.7));
#7801=CARTESIAN_POINT('',(173.9375,37.075,19.7));
#7802=CARTESIAN_POINT('Origin',(225.901237921249,33.0749999999999,19.85));
#7803=CARTESIAN_POINT('',(227.690092303249,36.6527087639996,19.7));
#7804=CARTESIAN_POINT('',(227.690092303249,36.6527087639996,19.7));
#7805=CARTESIAN_POINT('Origin',(225.901237921249,33.0749999999999,19.7));
#7806=CARTESIAN_POINT('Origin',(229.510923290958,35.5745881718326,19.85));
#7807=CARTESIAN_POINT('',(269.963854382,15.5158277246243,19.7));
#7808=CARTESIAN_POINT('',(269.963854382,15.5158277246243,19.7));
#7809=CARTESIAN_POINT('',(229.578005330283,35.7087522504826,19.7));
#7810=CARTESIAN_POINT('Origin',(268.175,11.9381189606246,19.85));
#7811=CARTESIAN_POINT('',(272.175,11.9381189606246,19.7));
#7812=CARTESIAN_POINT('',(272.175,11.9381189606246,19.7));
#7813=CARTESIAN_POINT('Origin',(268.175,11.9381189606246,19.7));
#7814=CARTESIAN_POINT('Origin',(272.025,-7.93412112102317,19.85));
#7815=CARTESIAN_POINT('',(272.175,-49.4791019662499,19.7));
#7816=CARTESIAN_POINT('',(272.175,-49.4791019662499,19.7));
#7817=CARTESIAN_POINT('',(272.175,-7.93412112102317,19.7));
#7818=CARTESIAN_POINT('Origin',(268.175,-49.4791019662499,19.85));
#7819=CARTESIAN_POINT('Origin',(268.175,-49.4791019662499,19.7));
#7820=CARTESIAN_POINT('Origin',(131.825,20.0025,0.));
#7821=CARTESIAN_POINT('',(131.825,24.0025,0.));
#7822=CARTESIAN_POINT('',(131.825,24.0025,0.));
#7823=CARTESIAN_POINT('',(127.825,20.0025,0.));
#7824=CARTESIAN_POINT('Origin',(131.825,20.0025,0.));
#7825=CARTESIAN_POINT('',(127.825,20.0025,0.));
#7826=CARTESIAN_POINT('Origin',(127.825,-57.932254889179,0.));
#7827=CARTESIAN_POINT('',(127.825,-57.0454762386072,0.));
#7828=CARTESIAN_POINT('',(127.825,-57.932254889179,0.));
#7829=CARTESIAN_POINT('',(127.825,-57.0454762386072,0.));
#7830=CARTESIAN_POINT('',(127.825,-19.765,9.5));
#7831=CARTESIAN_POINT('Origin',(127.825,-24.765,9.5));
#7832=CARTESIAN_POINT('Origin',(131.825,-57.0454762386072,0.));
#7833=CARTESIAN_POINT('',(128.199768851853,-58.73594928557,0.));
#7834=CARTESIAN_POINT('Origin',(131.825,-57.0454762386072,0.));
#7835=CARTESIAN_POINT('',(128.199768851853,-58.73594928557,0.));
#7836=CARTESIAN_POINT('Origin',(146.337292521177,-97.6319943153407,0.));
#7837=CARTESIAN_POINT('',(144.646819474214,-94.0067631671941,0.));
#7838=CARTESIAN_POINT('',(146.337292521177,-97.6319943153407,0.));
#7839=CARTESIAN_POINT('',(144.646819474214,-94.0067631671941,0.));
#7840=CARTESIAN_POINT('Origin',(148.272050622361,-92.3162901202313,0.));
#7841=CARTESIAN_POINT('',(149.962523669324,-95.9415212683779,0.));
#7842=CARTESIAN_POINT('Origin',(148.272050622361,-92.3162901202313,0.));
#7843=CARTESIAN_POINT('',(149.962523669324,-95.9415212683779,0.));
#7844=CARTESIAN_POINT('Origin',(197.713232625031,-73.6750000000001,0.));
#7845=CARTESIAN_POINT('',(196.90953822864,-74.0497688518535,0.));
#7846=CARTESIAN_POINT('',(197.713232625031,-73.6750000000001,0.));
#7847=CARTESIAN_POINT('',(196.90953822864,-74.0497688518535,0.));
#7848=CARTESIAN_POINT('Origin',(198.600011275603,-77.6750000000001,0.));
#7849=CARTESIAN_POINT('',(198.600011275603,-73.6750000000001,0.));
#7850=CARTESIAN_POINT('Origin',(198.600011275603,-77.6750000000001,0.));
#7851=CARTESIAN_POINT('',(198.600011275603,-73.6750000000001,0.));
#7852=CARTESIAN_POINT('Origin',(228.727475842499,-73.6750000000002,0.));
#7853=CARTESIAN_POINT('',(227.783203932499,-73.6750000000002,0.));
#7854=CARTESIAN_POINT('',(228.727475842499,-73.6750000000002,0.));
#7855=CARTESIAN_POINT('',(227.783203932499,-73.6750000000002,0.));
#7856=CARTESIAN_POINT('Origin',(227.783203932499,-69.6750000000002,0.));
#7857=CARTESIAN_POINT('',(229.572058314499,-73.2527087639998,0.));
#7858=CARTESIAN_POINT('Origin',(227.783203932499,-69.6750000000002,0.));
#7859=CARTESIAN_POINT('',(229.572058314499,-73.2527087639998,0.));
#7860=CARTESIAN_POINT('Origin',(272.175,-51.9512379212494,0.));
#7861=CARTESIAN_POINT('',(269.963854382,-53.0568107302495,0.));
#7862=CARTESIAN_POINT('',(272.175,-51.9512379212494,0.));
#7863=CARTESIAN_POINT('',(269.963854382,-53.0568107302495,0.));
#7864=CARTESIAN_POINT('Origin',(128.825,-24.765,9.5));
#7865=CARTESIAN_POINT('',(128.825,-19.765,9.5));
#7866=CARTESIAN_POINT('Origin',(128.825,-24.765,9.5));
#7867=CARTESIAN_POINT('',(128.825,-19.765,9.5));
#7868=CARTESIAN_POINT('Origin',(128.825,-24.765,9.5));
#7869=CARTESIAN_POINT('',(128.825,-22.015,9.5));
#7870=CARTESIAN_POINT('Origin',(128.825,-24.765,9.5));
#7871=CARTESIAN_POINT('Origin',(129.625,-24.765,9.5));
#7872=CARTESIAN_POINT('',(129.625,-22.015,9.5));
#7873=CARTESIAN_POINT('Origin',(129.625,-24.765,9.5));
#7874=CARTESIAN_POINT('',(129.625,-22.015,9.5));
#7875=CARTESIAN_POINT('Origin',(136.35,25.920625,1.8));
#7876=CARTESIAN_POINT('',(134.35,22.2025,1.8));
#7877=CARTESIAN_POINT('',(136.35,22.2025,3.8));
#7878=CARTESIAN_POINT('Origin',(136.35,22.2025,1.8));
#7879=CARTESIAN_POINT('',(134.35,24.0025,1.8));
#7880=CARTESIAN_POINT('',(134.35,25.920625,1.8));
#7881=CARTESIAN_POINT('',(136.35,24.0025,3.8));
#7882=CARTESIAN_POINT('Origin',(136.35,24.0025,1.8));
#7883=CARTESIAN_POINT('',(136.35,25.920625,3.8));
#7884=CARTESIAN_POINT('Origin',(141.35,29.63875,3.8));
#7885=CARTESIAN_POINT('',(143.875,24.0025,3.8));
#7886=CARTESIAN_POINT('',(134.5875,24.0025,3.8));
#7887=CARTESIAN_POINT('',(146.35,24.8601481737399,3.8));
#7888=CARTESIAN_POINT('Origin',(143.875,28.0025,3.8));
#7889=CARTESIAN_POINT('',(146.35,22.2598644601612,3.8));
#7890=CARTESIAN_POINT('',(146.35,33.356875,3.8));
#7891=CARTESIAN_POINT('',(145.675,22.2025,3.8));
#7892=CARTESIAN_POINT('Origin',(145.675,26.2025,3.8));
#7893=CARTESIAN_POINT('',(135.5875,22.2025,3.8));
#7894=CARTESIAN_POINT('Origin',(146.35,33.356875,1.8));
#7895=CARTESIAN_POINT('',(147.875,33.075,3.09397642946077));
#7896=CARTESIAN_POINT('',(148.35,34.9656017560555,1.8));
#7897=CARTESIAN_POINT('Ctrl Pts',(148.35,34.9656017560555,1.8));
#7898=CARTESIAN_POINT('Ctrl Pts',(148.35,34.9656017560555,1.90807773362241));
#7899=CARTESIAN_POINT('Ctrl Pts',(148.340488207475,34.9481850374854,2.0238991267104));
#7900=CARTESIAN_POINT('Ctrl Pts',(148.303779824823,34.87721605671,2.24149525964642));
#7901=CARTESIAN_POINT('Ctrl Pts',(148.276868831008,34.8236850897054,2.34332502719878));
#7902=CARTESIAN_POINT('Ctrl Pts',(148.207713064941,34.6751398603767,2.55228906461123));
#7903=CARTESIAN_POINT('Ctrl Pts',(148.160636055015,34.5653470867458,2.65494897827857));
#7904=CARTESIAN_POINT('Ctrl Pts',(148.06981120888,34.3152804719239,2.82546111718824));
#7905=CARTESIAN_POINT('Ctrl Pts',(148.026092825702,34.1748272858336,2.89306587222907));
#7906=CARTESIAN_POINT('Ctrl Pts',(147.916356841417,33.7261345091687,3.05013654349369));
#7907=CARTESIAN_POINT('Ctrl Pts',(147.875,33.389934634596,3.09397642946078));
#7908=CARTESIAN_POINT('Ctrl Pts',(147.875,33.075,3.09397642946078));
#7909=CARTESIAN_POINT('',(148.35,23.228550605676,1.8));
#7910=CARTESIAN_POINT('',(148.35,33.356875,1.8));
#7911=CARTESIAN_POINT('Ctrl Pts',(146.35,22.2598644601612,3.8));
#7912=CARTESIAN_POINT('Ctrl Pts',(146.616690086982,22.3055232097193,3.8));
#7913=CARTESIAN_POINT('Ctrl Pts',(146.892254195837,22.3829167263599,3.74389427424337));
#7914=CARTESIAN_POINT('Ctrl Pts',(147.387873179268,22.5780014924085,3.53077543587281));
#7915=CARTESIAN_POINT('Ctrl Pts',(147.60842810034,22.6948713894138,3.37417464186906));
#7916=CARTESIAN_POINT('Ctrl Pts',(147.94842551861,22.9055385415,3.02555415688174));
#7917=CARTESIAN_POINT('Ctrl Pts',(148.095927765766,23.0156780138221,2.80993009815672));
#7918=CARTESIAN_POINT('Ctrl Pts',(148.296733575749,23.1787208401666,2.32768240728787));
#7919=CARTESIAN_POINT('Ctrl Pts',(148.35,23.228550605676,2.06000963182489));
#7920=CARTESIAN_POINT('Ctrl Pts',(148.35,23.228550605676,1.8));
#7921=CARTESIAN_POINT('',(147.875,28.0025,3.09397642946076));
#7922=CARTESIAN_POINT('Ctrl Pts',(147.875,28.0025,3.09397642946076));
#7923=CARTESIAN_POINT('Ctrl Pts',(147.875,27.5004814177218,3.09397642946076));
#7924=CARTESIAN_POINT('Ctrl Pts',(147.778417042718,26.993494689693,3.21994265787077));
#7925=CARTESIAN_POINT('Ctrl Pts',(147.405413375887,26.0554665237842,3.51543394656151));
#7926=CARTESIAN_POINT('Ctrl Pts',(147.127586624221,25.6219769257629,3.67532729442419));
#7927=CARTESIAN_POINT('Ctrl Pts',(146.659299835245,25.124542878585,3.78029951120127));
#7928=CARTESIAN_POINT('Ctrl Pts',(146.510150497497,24.9862869714364,3.8));
#7929=CARTESIAN_POINT('Ctrl Pts',(146.35,24.8601481737399,3.8));
#7930=CARTESIAN_POINT('',(147.875,33.356875,3.09397642946076));
#7931=CARTESIAN_POINT('Origin',(148.35,37.075,0.));
#7932=CARTESIAN_POINT('',(148.35,34.9656017560555,0.));
#7933=CARTESIAN_POINT('',(148.35,34.9656017560555,0.));
#7934=CARTESIAN_POINT('',(148.35,23.228550605676,0.));
#7935=CARTESIAN_POINT('',(148.35,3.39825142116481,0.));
#7936=CARTESIAN_POINT('',(148.35,23.228550605676,0.));
#7937=CARTESIAN_POINT('Origin',(134.35,22.2025,0.));
#7938=CARTESIAN_POINT('',(134.35,22.2025,0.));
#7939=CARTESIAN_POINT('',(134.35,22.2025,0.));
#7940=CARTESIAN_POINT('',(134.35,24.0025,0.));
#7941=CARTESIAN_POINT('',(134.35,-4.03799857883518,0.));
#7942=CARTESIAN_POINT('',(134.35,24.0025,0.));
#7943=CARTESIAN_POINT('Origin',(145.675,26.2025,0.));
#7944=CARTESIAN_POINT('',(149.675,26.2025,0.));
#7945=CARTESIAN_POINT('Origin',(145.675,26.2025,0.));
#7946=CARTESIAN_POINT('',(149.675,26.2025,5.4));
#7947=CARTESIAN_POINT('',(149.675,26.2025,0.));
#7948=CARTESIAN_POINT('',(149.574730759938,25.3125000000001,5.4));
#7949=CARTESIAN_POINT('Origin',(145.675,26.2025,5.4));
#7950=CARTESIAN_POINT('',(149.574730759938,25.3125000000001,13.));
#7951=CARTESIAN_POINT('',(149.574730759937,25.3125,0.));
#7952=CARTESIAN_POINT('',(145.675,22.2025,13.));
#7953=CARTESIAN_POINT('Origin',(145.675,26.2025,13.));
#7954=CARTESIAN_POINT('',(145.675,22.2025,0.));
#7955=CARTESIAN_POINT('Origin',(129.825,22.2025,0.));
#7956=CARTESIAN_POINT('',(133.625,22.2025,13.));
#7957=CARTESIAN_POINT('',(150.875,22.2025,13.));
#7958=CARTESIAN_POINT('',(133.625,22.2025,0.));
#7959=CARTESIAN_POINT('',(133.625,22.2025,0.));
#7960=CARTESIAN_POINT('',(164.9125,22.2024999999999,0.));
#7961=CARTESIAN_POINT('Origin',(200.,-30.2784971576704,0.));
#7962=CARTESIAN_POINT('',(151.875,37.075,0.));
#7963=CARTESIAN_POINT('Origin',(151.875,33.075,0.));
#7964=CARTESIAN_POINT('',(225.901237921249,37.0749999999999,0.));
#7965=CARTESIAN_POINT('',(147.875,37.075,0.));
#7966=CARTESIAN_POINT('',(227.690092303249,36.6527087639996,0.));
#7967=CARTESIAN_POINT('Origin',(225.901237921249,33.0749999999999,0.));
#7968=CARTESIAN_POINT('',(269.963854382,15.5158277246243,0.));
#7969=CARTESIAN_POINT('',(226.845509831248,37.0749999999999,0.));
#7970=CARTESIAN_POINT('',(272.175,11.9381189606246,0.));
#7971=CARTESIAN_POINT('Origin',(268.175,11.9381189606246,0.));
#7972=CARTESIAN_POINT('',(272.175,-49.4791019662499,0.));
#7973=CARTESIAN_POINT('',(272.175,14.4102549156242,0.));
#7974=CARTESIAN_POINT('Origin',(268.175,-49.4791019662499,0.));
#7975=CARTESIAN_POINT('',(127.825,24.0025,0.));
#7976=CARTESIAN_POINT('',(129.625,18.2025,0.));
#7977=CARTESIAN_POINT('Origin',(133.625,18.2025,0.));
#7978=CARTESIAN_POINT('',(129.625,-56.64642584585,0.));
#7979=CARTESIAN_POINT('',(129.625,-43.9058508270461,0.));
#7980=CARTESIAN_POINT('',(129.999768851853,-58.3368988928128,0.));
#7981=CARTESIAN_POINT('Origin',(133.625,-56.64642584585,0.));
#7982=CARTESIAN_POINT('',(145.517460619747,-91.6146962793948,0.));
#7983=CARTESIAN_POINT('',(139.481593049011,-78.6707365026727,0.));
#7984=CARTESIAN_POINT('',(150.833164814856,-93.5494543805787,0.));
#7985=CARTESIAN_POINT('Origin',(149.142691767894,-89.924223232432,0.));
#7986=CARTESIAN_POINT('',(196.510487835884,-72.2497688518535,0.));
#7987=CARTESIAN_POINT('',(206.383431733836,-67.6459395037037,0.));
#7988=CARTESIAN_POINT('',(198.200960882847,-71.8750000000001,0.));
#7989=CARTESIAN_POINT('Origin',(198.200960882847,-75.8750000000001,0.));
#7990=CARTESIAN_POINT('',(227.358281573,-71.875,0.));
#7991=CARTESIAN_POINT('',(214.1512767415,-71.8750000000001,0.));
#7992=CARTESIAN_POINT('',(229.147135955,-71.4527087639997,0.));
#7993=CARTESIAN_POINT('Origin',(227.358281573,-67.875,0.));
#7994=CARTESIAN_POINT('',(268.163854382,-51.9443495505,0.));
#7995=CARTESIAN_POINT('',(246.337055916766,-62.8577487831169,0.));
#7996=CARTESIAN_POINT('',(270.375,-48.3666407865003,0.));
#7997=CARTESIAN_POINT('Origin',(266.375,-48.3666407865003,0.));
#7998=CARTESIAN_POINT('',(270.375,10.8256577808748,0.));
#7999=CARTESIAN_POINT('',(270.375,-8.49035171089808,0.));
#8000=CARTESIAN_POINT('',(268.163854382,14.4033665448745,0.));
#8001=CARTESIAN_POINT('Origin',(266.375,10.8256577808748,0.));
#8002=CARTESIAN_POINT('',(227.26516994375,34.8527087639996,0.));
#8003=CARTESIAN_POINT('',(228.963051914584,34.0037677785827,0.));
#8004=CARTESIAN_POINT('',(225.47631556175,35.2749999999999,0.));
#8005=CARTESIAN_POINT('Origin',(225.47631556175,31.2749999999999,0.));
#8006=CARTESIAN_POINT('',(153.675,35.275,0.));
#8007=CARTESIAN_POINT('',(174.8375,35.2749999999999,0.));
#8008=CARTESIAN_POINT('',(149.675,31.275,0.));
#8009=CARTESIAN_POINT('Origin',(153.675,31.275,0.));
#8010=CARTESIAN_POINT('',(149.675,-2.7329985788352,0.));
#8011=CARTESIAN_POINT('Origin',(176.202567998184,-54.9625928585297,0.));
#8012=CARTESIAN_POINT('',(175.357331474703,-53.1499772844565,13.));
#8013=CARTESIAN_POINT('',(175.357331474703,-53.1499772844565,0.));
#8014=CARTESIAN_POINT('',(178.015183572258,-54.1173563350483,13.));
#8015=CARTESIAN_POINT('Origin',(176.202567998184,-54.9625928585297,13.));
#8016=CARTESIAN_POINT('',(178.015183572258,-54.1173563350483,0.));
#8017=CARTESIAN_POINT('Origin',(176.716793155258,-52.5160498918454,0.));
#8018=CARTESIAN_POINT('',(159.904783705728,-60.3556186471353,13.));
#8019=CARTESIAN_POINT('',(159.904783705728,-60.3556186471353,0.));
#8020=CARTESIAN_POINT('',(191.006566451861,-45.8526191703403,13.));
#8021=CARTESIAN_POINT('Origin',(182.985591099122,-69.5088328404679,0.));
#8022=CARTESIAN_POINT('',(184.798206673196,-68.6635963169865,13.));
#8023=CARTESIAN_POINT('',(184.798206673196,-68.6635963169865,0.));
#8024=CARTESIAN_POINT('',(183.830827622604,-71.3214484145412,13.));
#8025=CARTESIAN_POINT('Origin',(182.985591099122,-69.5088328404679,13.));
#8026=CARTESIAN_POINT('',(183.830827622604,-71.3214484145412,0.));
#8027=CARTESIAN_POINT('Origin',(185.432134065807,-70.0230579975415,0.));
#8028=CARTESIAN_POINT('',(178.527870683059,-55.2168173922181,13.));
#8029=CARTESIAN_POINT('Origin',(140.365725730118,-61.1639121741042,0.));
#8030=CARTESIAN_POINT('',(138.553110156044,-62.0091486975855,13.));
#8031=CARTESIAN_POINT('',(138.553110156044,-62.0091486975855,0.));
#8032=CARTESIAN_POINT('Origin',(140.365725730118,-61.1639121741042,13.));
#8033=CARTESIAN_POINT('Origin',(137.919182763433,-60.6496870170306,0.));
#8034=CARTESIAN_POINT('',(149.361572200063,-85.1879703510478,13.));
#8035=CARTESIAN_POINT('',(149.361572200063,-85.1879703510478,0.));
#8036=CARTESIAN_POINT('',(137.053077795306,-58.7923189189933,13.));
#8037=CARTESIAN_POINT('Origin',(151.174187774136,-84.3427338275664,0.));
#8038=CARTESIAN_POINT('',(152.019424297618,-86.1553494016397,13.));
#8039=CARTESIAN_POINT('',(152.019424297618,-86.1553494016397,0.));
#8040=CARTESIAN_POINT('Origin',(151.174187774136,-84.3427338275664,13.));
#8041=CARTESIAN_POINT('Origin',(150.659962617063,-86.7892767942508,0.));
#8042=CARTESIAN_POINT('',(182.214899256714,-72.0749681865854,13.));
#8043=CARTESIAN_POINT('Origin',(130.625,-53.2889671424196,0.));
#8044=CARTESIAN_POINT('',(129.625,-53.2889671424196,13.));
#8045=CARTESIAN_POINT('',(129.718692212963,-53.7115854041603,13.));
#8046=CARTESIAN_POINT('Origin',(130.625,-53.2889671424196,13.));
#8047=CARTESIAN_POINT('',(129.718692212963,-53.7115854041603,5.4));
#8048=CARTESIAN_POINT('',(129.718692212963,-53.7115854041603,0.));
#8049=CARTESIAN_POINT('',(129.625,-53.2889671424196,5.4));
#8050=CARTESIAN_POINT('Origin',(130.625,-53.2889671424196,5.4));
#8051=CARTESIAN_POINT('',(129.625,-53.2889671424196,0.));
#8052=CARTESIAN_POINT('Origin',(129.625,-52.7564623975882,0.));
#8053=CARTESIAN_POINT('',(129.625,-56.64642584585,5.4));
#8054=CARTESIAN_POINT('',(129.625,22.2025,5.4));
#8055=CARTESIAN_POINT('',(129.625,-56.64642584585,0.));
#8056=CARTESIAN_POINT('',(129.625,18.2025,13.));
#8057=CARTESIAN_POINT('',(129.625,18.2025,0.));
#8058=CARTESIAN_POINT('',(129.625,-40.0257434361716,13.));
#8059=CARTESIAN_POINT('Origin',(217.525,-70.8750000000001,0.));
#8060=CARTESIAN_POINT('',(217.525,-71.8750000000001,13.));
#8061=CARTESIAN_POINT('',(218.525,-70.8750000000001,13.));
#8062=CARTESIAN_POINT('Origin',(217.525,-70.8750000000001,13.));
#8063=CARTESIAN_POINT('',(218.525,-70.8750000000001,5.4));
#8064=CARTESIAN_POINT('',(218.525,-70.8750000000001,0.));
#8065=CARTESIAN_POINT('',(217.525,-71.8750000000001,5.4));
#8066=CARTESIAN_POINT('Origin',(217.525,-70.8750000000001,5.4));
#8067=CARTESIAN_POINT('',(217.525,-71.8750000000001,0.));
#8068=CARTESIAN_POINT('Origin',(199.75,-27.295024474755,13.));
#8069=CARTESIAN_POINT('Origin',(133.625,18.2025,13.));
#8070=CARTESIAN_POINT('',(156.475,25.3125,13.));
#8071=CARTESIAN_POINT('',(174.7125,25.3125,13.));
#8072=CARTESIAN_POINT('',(157.475,26.3125,13.));
#8073=CARTESIAN_POINT('Origin',(156.475,26.3125,13.));
#8074=CARTESIAN_POINT('',(157.475,32.575,13.));
#8075=CARTESIAN_POINT('',(157.475,-1.24126223737748,13.));
#8076=CARTESIAN_POINT('',(158.475,33.575,13.));
#8077=CARTESIAN_POINT('Origin',(158.475,32.575,13.));
#8078=CARTESIAN_POINT('',(228.525,33.5749999999999,13.));
#8079=CARTESIAN_POINT('',(178.8625,33.575,13.));
#8080=CARTESIAN_POINT('',(229.525,32.5749999999999,13.));
#8081=CARTESIAN_POINT('Origin',(228.525,32.5749999999999,13.));
#8082=CARTESIAN_POINT('',(229.525,21.5499999999999,13.));
#8083=CARTESIAN_POINT('',(229.525,2.88998776262243,13.));
#8084=CARTESIAN_POINT('',(230.525,20.5499999999999,13.));
#8085=CARTESIAN_POINT('Origin',(230.525,21.5499999999999,13.));
#8086=CARTESIAN_POINT('',(246.625,20.5499999999999,13.));
#8087=CARTESIAN_POINT('',(214.3875,20.5499999999999,13.));
#8088=CARTESIAN_POINT('',(247.625,19.5499999999998,13.));
#8089=CARTESIAN_POINT('Origin',(246.625,19.5499999999998,13.));
#8090=CARTESIAN_POINT('',(247.625,12.0249999999998,13.));
#8091=CARTESIAN_POINT('',(247.625,-3.62251223737761,13.));
#8092=CARTESIAN_POINT('',(248.625,11.0249999999998,13.));
#8093=CARTESIAN_POINT('Origin',(248.625,12.0249999999998,13.));
#8094=CARTESIAN_POINT('',(265.675,11.0249999999998,13.));
#8095=CARTESIAN_POINT('',(223.4375,11.0249999999999,13.));
#8096=CARTESIAN_POINT('',(266.675,10.0249999999998,13.));
#8097=CARTESIAN_POINT('Origin',(265.675,10.0249999999998,13.));
#8098=CARTESIAN_POINT('',(266.675,-2.55000000000019,13.));
#8099=CARTESIAN_POINT('',(266.675,-8.38501223737763,13.));
#8100=CARTESIAN_POINT('',(267.675,-3.55000000000018,13.));
#8101=CARTESIAN_POINT('Origin',(267.675,-2.55000000000019,13.));
#8102=CARTESIAN_POINT('',(269.375,-3.55000000000019,13.));
#8103=CARTESIAN_POINT('',(232.9625,-3.55000000000014,13.));
#8104=CARTESIAN_POINT('',(270.375,-4.55000000000019,13.));
#8105=CARTESIAN_POINT('Origin',(269.375,-4.55000000000019,13.));
#8106=CARTESIAN_POINT('',(270.375,-33.5500000000002,13.));
#8107=CARTESIAN_POINT('',(270.375,-15.6725122373776,13.));
#8108=CARTESIAN_POINT('',(269.375,-34.5500000000002,13.));
#8109=CARTESIAN_POINT('Origin',(269.375,-33.5500000000002,13.));
#8110=CARTESIAN_POINT('',(267.675,-34.5500000000002,13.));
#8111=CARTESIAN_POINT('',(234.7125,-34.5500000000001,13.));
#8112=CARTESIAN_POINT('',(266.675,-35.5500000000002,13.));
#8113=CARTESIAN_POINT('Origin',(267.675,-35.5500000000002,13.));
#8114=CARTESIAN_POINT('',(266.675,-48.1250000000002,13.));
#8115=CARTESIAN_POINT('',(266.675,-30.6725122373776,13.));
#8116=CARTESIAN_POINT('',(265.675,-49.1250000000002,13.));
#8117=CARTESIAN_POINT('Origin',(265.675,-48.1250000000002,13.));
#8118=CARTESIAN_POINT('',(248.625,-49.1250000000002,13.));
#8119=CARTESIAN_POINT('',(232.9625,-49.1250000000001,13.));
#8120=CARTESIAN_POINT('',(247.625,-50.1250000000002,13.));
#8121=CARTESIAN_POINT('Origin',(248.625,-50.1250000000002,13.));
#8122=CARTESIAN_POINT('',(247.625,-57.6500000000002,13.));
#8123=CARTESIAN_POINT('',(247.625,-37.9600122373776,13.));
#8124=CARTESIAN_POINT('',(246.625,-58.6500000000002,13.));
#8125=CARTESIAN_POINT('Origin',(246.625,-57.6500000000002,13.));
#8126=CARTESIAN_POINT('',(229.575,-58.6500000000001,13.));
#8127=CARTESIAN_POINT('',(223.4375,-58.6500000000001,13.));
#8128=CARTESIAN_POINT('',(228.575,-59.6500000000001,13.));
#8129=CARTESIAN_POINT('Origin',(229.575,-59.6500000000001,13.));
#8130=CARTESIAN_POINT('',(228.575,-67.1750000000001,13.));
#8131=CARTESIAN_POINT('',(228.575,-42.7225122373776,13.));
#8132=CARTESIAN_POINT('',(227.575,-68.1750000000002,13.));
#8133=CARTESIAN_POINT('Origin',(227.575,-67.1750000000001,13.));
#8134=CARTESIAN_POINT('',(219.525,-68.1750000000002,13.));
#8135=CARTESIAN_POINT('',(213.9125,-68.1750000000001,13.));
#8136=CARTESIAN_POINT('',(218.525,-69.1750000000001,13.));
#8137=CARTESIAN_POINT('Origin',(219.525,-69.1750000000001,13.));
#8138=CARTESIAN_POINT('',(218.525,-47.4850122373776,13.));
#8139=CARTESIAN_POINT('',(198.525,-71.8750000000001,13.));
#8140=CARTESIAN_POINT('',(208.8875,-71.8750000000001,13.));
#8141=CARTESIAN_POINT('',(197.525,-70.8750000000001,13.));
#8142=CARTESIAN_POINT('Origin',(198.525,-70.8750000000001,13.));
#8143=CARTESIAN_POINT('',(197.525,-69.1750000000001,13.));
#8144=CARTESIAN_POINT('',(197.525,-49.2350122373775,13.));
#8145=CARTESIAN_POINT('',(196.525,-68.1750000000001,13.));
#8146=CARTESIAN_POINT('Origin',(196.525,-69.1750000000001,13.));
#8147=CARTESIAN_POINT('',(193.16630426841,-68.1750000000001,13.));
#8148=CARTESIAN_POINT('',(198.8875,-68.1750000000001,13.));
#8149=CARTESIAN_POINT('',(192.743686006669,-68.2686922129635,13.));
#8150=CARTESIAN_POINT('Origin',(193.16630426841,-69.1750000000001,13.));
#8151=CARTESIAN_POINT('',(178.770283772773,-74.7845966851093,13.));
#8152=CARTESIAN_POINT('',(203.618762781711,-63.1975606297378,13.));
#8153=CARTESIAN_POINT('',(178.286594247477,-76.1135227338866,13.));
#8154=CARTESIAN_POINT('Origin',(179.192902034514,-75.6909044721459,13.));
#8155=CARTESIAN_POINT('',(178.920521640088,-77.4729844144417,13.));
#8156=CARTESIAN_POINT('',(170.537094341248,-59.4946665544897,13.));
#8157=CARTESIAN_POINT('',(178.436832114792,-78.801910463219,13.));
#8158=CARTESIAN_POINT('Origin',(178.014213853051,-77.8956026761823,13.));
#8159=CARTESIAN_POINT('',(161.216984161096,-86.8316574362921,13.));
#8160=CARTESIAN_POINT('',(197.280802041255,-70.0148229764672,13.));
#8161=CARTESIAN_POINT('',(159.888058112318,-86.3479679109962,13.));
#8162=CARTESIAN_POINT('Origin',(160.794365899355,-85.9253496492555,13.));
#8163=CARTESIAN_POINT('',(159.254130719707,-84.9885062304412,13.));
#8164=CARTESIAN_POINT('',(152.244212771524,-69.955688678358,13.));
#8165=CARTESIAN_POINT('',(157.92520467093,-84.5048167051452,13.));
#8166=CARTESIAN_POINT('Origin',(158.347822932671,-85.4111244921819,13.));
#8167=CARTESIAN_POINT('',(150.629426985285,-87.9068937121578,13.));
#8168=CARTESIAN_POINT('',(186.738560254796,-71.0689283392456,13.));
#8169=CARTESIAN_POINT('',(149.300500936508,-87.4232041868618,13.));
#8170=CARTESIAN_POINT('Origin',(150.206808723544,-87.0005859251211,13.));
#8171=CARTESIAN_POINT('',(147.911143401035,-84.4437173369789,13.));
#8172=CARTESIAN_POINT('',(142.39623755376,-72.6169635815386,13.));
#8173=CARTESIAN_POINT('',(146.582217352258,-83.960027811683,13.));
#8174=CARTESIAN_POINT('Origin',(147.004835613998,-84.8663355987196,13.));
#8175=CARTESIAN_POINT('',(145.222755671703,-84.5939552042941,13.));
#8176=CARTESIAN_POINT('',(179.949769565983,-68.4004826805365,13.));
#8177=CARTESIAN_POINT('',(143.893829622925,-84.1102656789981,13.));
#8178=CARTESIAN_POINT('Origin',(144.800137409962,-83.6876474172574,13.));
#8179=CARTESIAN_POINT('',(138.106863269654,-71.7000762856526,13.));
#8180=CARTESIAN_POINT('',(146.93,-22.995,13.));
#8181=CARTESIAN_POINT('',(135.77,-22.995,13.));
#8182=CARTESIAN_POINT('',(173.94,-22.9950000000001,13.));
#8183=CARTESIAN_POINT('',(148.93,-20.995,13.));
#8184=CARTESIAN_POINT('Origin',(146.93,-20.995,13.));
#8185=CARTESIAN_POINT('',(148.93,16.605,13.));
#8186=CARTESIAN_POINT('',(148.93,-4.74501223737747,13.));
#8187=CARTESIAN_POINT('',(146.93,18.605,13.));
#8188=CARTESIAN_POINT('Origin',(146.93,16.605,13.));
#8189=CARTESIAN_POINT('',(135.77,18.605,13.));
#8190=CARTESIAN_POINT('',(167.16,18.6049999999999,13.));
#8191=CARTESIAN_POINT('',(133.77,16.605,13.));
#8192=CARTESIAN_POINT('Origin',(135.77,16.605,13.));
#8193=CARTESIAN_POINT('',(133.77,-20.995,13.));
#8194=CARTESIAN_POINT('',(133.77,-24.7450122373775,13.));
#8195=CARTESIAN_POINT('Origin',(135.77,-20.995,13.));
#8196=CARTESIAN_POINT('',(157.237268396931,-54.6351136068542,13.));
#8197=CARTESIAN_POINT('Origin',(218.525,-67.6750000000001,0.));
#8198=CARTESIAN_POINT('',(218.525,-69.1750000000001,5.4));
#8199=CARTESIAN_POINT('',(218.525,-69.1750000000001,0.));
#8200=CARTESIAN_POINT('',(218.525,-48.8287318568855,5.4));
#8201=CARTESIAN_POINT('Origin',(219.525,-69.1750000000001,0.));
#8202=CARTESIAN_POINT('',(219.525,-68.1750000000002,5.4));
#8203=CARTESIAN_POINT('Origin',(219.525,-69.1750000000001,5.4));
#8204=CARTESIAN_POINT('',(219.525,-68.1750000000001,0.));
#8205=CARTESIAN_POINT('Origin',(227.575,-67.1750000000001,0.));
#8206=CARTESIAN_POINT('',(228.575,-67.1750000000001,5.4));
#8207=CARTESIAN_POINT('',(228.575,-67.1750000000001,0.));
#8208=CARTESIAN_POINT('',(227.575,-68.1750000000002,5.4));
#8209=CARTESIAN_POINT('Origin',(227.575,-67.1750000000001,5.4));
#8210=CARTESIAN_POINT('',(227.575,-68.1750000000002,0.));
#8211=CARTESIAN_POINT('Origin',(228.075,-68.1750000000002,0.));
#8212=CARTESIAN_POINT('',(214.0375,-68.1750000000001,5.4));
#8213=CARTESIAN_POINT('Origin',(229.575,-59.6500000000001,0.));
#8214=CARTESIAN_POINT('',(228.575,-59.6500000000001,5.4));
#8215=CARTESIAN_POINT('',(229.575,-58.6500000000001,5.4));
#8216=CARTESIAN_POINT('Origin',(229.575,-59.6500000000001,5.4));
#8217=CARTESIAN_POINT('',(228.575,-59.6500000000001,0.));
#8218=CARTESIAN_POINT('',(229.575,-58.6500000000001,0.));
#8219=CARTESIAN_POINT('Origin',(247.125,-58.6500000000002,0.));
#8220=CARTESIAN_POINT('',(246.625,-58.6500000000002,5.4));
#8221=CARTESIAN_POINT('',(246.625,-58.6500000000002,0.));
#8222=CARTESIAN_POINT('',(223.5625,-58.6500000000001,5.4));
#8223=CARTESIAN_POINT('Origin',(200.,-29.9824637137708,5.4));
#8224=CARTESIAN_POINT('',(228.575,-44.0662318568855,5.4));
#8225=CARTESIAN_POINT('',(247.625,-57.6500000000002,5.4));
#8226=CARTESIAN_POINT('Origin',(246.625,-57.6500000000002,5.4));
#8227=CARTESIAN_POINT('',(247.625,-50.1250000000002,5.4));
#8228=CARTESIAN_POINT('',(247.625,-39.3037318568855,5.4));
#8229=CARTESIAN_POINT('',(248.625,-49.1250000000002,5.4));
#8230=CARTESIAN_POINT('Origin',(248.625,-50.1250000000002,5.4));
#8231=CARTESIAN_POINT('',(265.675,-49.1250000000002,5.4));
#8232=CARTESIAN_POINT('',(233.0875,-49.1250000000001,5.4));
#8233=CARTESIAN_POINT('',(266.675,-48.1250000000002,5.4));
#8234=CARTESIAN_POINT('Origin',(265.675,-48.1250000000002,5.4));
#8235=CARTESIAN_POINT('',(266.675,-35.5500000000002,5.4));
#8236=CARTESIAN_POINT('',(266.675,-32.0162318568855,5.4));
#8237=CARTESIAN_POINT('',(267.675,-34.5500000000002,5.4));
#8238=CARTESIAN_POINT('Origin',(267.675,-35.5500000000002,5.4));
#8239=CARTESIAN_POINT('',(269.375,-34.5500000000002,5.4));
#8240=CARTESIAN_POINT('',(234.8375,-34.5500000000001,5.4));
#8241=CARTESIAN_POINT('',(270.375,-33.5500000000002,5.4));
#8242=CARTESIAN_POINT('Origin',(269.375,-33.5500000000002,5.4));
#8243=CARTESIAN_POINT('',(270.375,-48.3666407865003,5.4));
#8244=CARTESIAN_POINT('',(270.375,-50.8387767414999,5.4));
#8245=CARTESIAN_POINT('',(268.163854382,-51.9443495505,5.4));
#8246=CARTESIAN_POINT('Origin',(266.375,-48.3666407865003,5.4));
#8247=CARTESIAN_POINT('',(229.147135955,-71.4527087639997,5.4));
#8248=CARTESIAN_POINT('',(228.302553482999,-71.875,5.4));
#8249=CARTESIAN_POINT('',(227.358281573,-71.875,5.4));
#8250=CARTESIAN_POINT('Origin',(227.358281573,-67.875,5.4));
#8251=CARTESIAN_POINT('',(197.314182232275,-71.8750000000001,5.4));
#8252=CARTESIAN_POINT('',(256.125,-52.1250000000002,5.4));
#8253=CARTESIAN_POINT('Origin',(254.625,-52.1250000000002,5.4));
#8254=CARTESIAN_POINT('Origin',(246.625,-57.6500000000002,0.));
#8255=CARTESIAN_POINT('',(247.625,-57.6500000000002,0.));
#8256=CARTESIAN_POINT('Origin',(247.625,-48.6250000000002,0.));
#8257=CARTESIAN_POINT('',(247.625,-50.1250000000002,0.));
#8258=CARTESIAN_POINT('Origin',(248.625,-50.1250000000002,0.));
#8259=CARTESIAN_POINT('',(248.625,-49.1250000000002,0.));
#8260=CARTESIAN_POINT('Origin',(265.675,-48.1250000000002,0.));
#8261=CARTESIAN_POINT('',(266.675,-48.1250000000002,0.));
#8262=CARTESIAN_POINT('',(265.675,-49.1250000000002,0.));
#8263=CARTESIAN_POINT('Origin',(266.175,-49.1250000000002,0.));
#8264=CARTESIAN_POINT('Origin',(267.675,-35.5500000000002,0.));
#8265=CARTESIAN_POINT('',(266.675,-35.5500000000002,0.));
#8266=CARTESIAN_POINT('',(267.675,-34.5500000000002,0.));
#8267=CARTESIAN_POINT('Origin',(269.675,-34.5500000000002,0.));
#8268=CARTESIAN_POINT('',(269.375,-34.5500000000002,0.));
#8269=CARTESIAN_POINT('Origin',(269.375,-33.5500000000002,0.));
#8270=CARTESIAN_POINT('',(270.375,-33.5500000000002,0.));
#8271=CARTESIAN_POINT('Origin',(270.375,-4.05000000000019,0.));
#8272=CARTESIAN_POINT('',(270.375,-4.55000000000019,5.4));
#8273=CARTESIAN_POINT('',(270.375,-4.55000000000019,0.));
#8274=CARTESIAN_POINT('',(270.375,10.8256577808748,5.4));
#8275=CARTESIAN_POINT('',(270.375,-50.8387767414999,5.4));
#8276=CARTESIAN_POINT('',(270.375,10.8256577808748,0.));
#8277=CARTESIAN_POINT('',(270.375,-48.3666407865003,0.));
#8278=CARTESIAN_POINT('Origin',(269.375,-4.55000000000019,0.));
#8279=CARTESIAN_POINT('',(269.375,-3.55000000000019,5.4));
#8280=CARTESIAN_POINT('',(269.375,-3.55000000000019,0.));
#8281=CARTESIAN_POINT('Origin',(269.375,-4.55000000000019,5.4));
#8282=CARTESIAN_POINT('Origin',(267.675,-2.55000000000019,0.));
#8283=CARTESIAN_POINT('',(267.675,-3.55000000000018,5.4));
#8284=CARTESIAN_POINT('',(266.675,-2.55000000000019,5.4));
#8285=CARTESIAN_POINT('Origin',(267.675,-2.55000000000019,5.4));
#8286=CARTESIAN_POINT('',(267.675,-3.55000000000019,0.));
#8287=CARTESIAN_POINT('',(266.675,-2.55000000000019,0.));
#8288=CARTESIAN_POINT('Origin',(266.675,10.5249999999998,0.));
#8289=CARTESIAN_POINT('',(266.675,10.0249999999998,5.4));
#8290=CARTESIAN_POINT('',(266.675,10.0249999999998,0.));
#8291=CARTESIAN_POINT('',(266.675,-9.72873185688554,5.4));
#8292=CARTESIAN_POINT('Origin',(200.,-29.9824637137708,5.4));
#8293=CARTESIAN_POINT('',(265.675,11.0249999999998,5.4));
#8294=CARTESIAN_POINT('Origin',(265.675,10.0249999999998,5.4));
#8295=CARTESIAN_POINT('',(248.625,11.0249999999998,5.4));
#8296=CARTESIAN_POINT('',(223.5625,11.0249999999999,5.4));
#8297=CARTESIAN_POINT('',(247.625,12.0249999999998,5.4));
#8298=CARTESIAN_POINT('Origin',(248.625,12.0249999999998,5.4));
#8299=CARTESIAN_POINT('',(247.625,19.5499999999998,5.4));
#8300=CARTESIAN_POINT('',(247.625,-4.96623185688552,5.4));
#8301=CARTESIAN_POINT('',(246.625,20.5499999999999,5.4));
#8302=CARTESIAN_POINT('Origin',(246.625,19.5499999999998,5.4));
#8303=CARTESIAN_POINT('',(230.525,20.5499999999999,5.4));
#8304=CARTESIAN_POINT('',(214.5125,20.5499999999999,5.4));
#8305=CARTESIAN_POINT('',(229.525,21.5499999999999,5.4));
#8306=CARTESIAN_POINT('Origin',(230.525,21.5499999999999,5.4));
#8307=CARTESIAN_POINT('',(229.525,32.5749999999999,5.4));
#8308=CARTESIAN_POINT('',(229.525,1.54626814311452,5.4));
#8309=CARTESIAN_POINT('',(228.525,33.5749999999999,5.4));
#8310=CARTESIAN_POINT('Origin',(228.525,32.5749999999999,5.4));
#8311=CARTESIAN_POINT('',(158.475,33.575,5.4));
#8312=CARTESIAN_POINT('',(178.9875,33.5749999999999,5.4));
#8313=CARTESIAN_POINT('',(157.475,32.575,5.4));
#8314=CARTESIAN_POINT('Origin',(158.475,32.575,5.4));
#8315=CARTESIAN_POINT('',(157.475,26.3125,5.4));
#8316=CARTESIAN_POINT('',(157.475,-2.5849818568854,5.4));
#8317=CARTESIAN_POINT('',(156.475,25.3125,5.4));
#8318=CARTESIAN_POINT('Origin',(156.475,26.3125,5.4));
#8319=CARTESIAN_POINT('',(174.8375,25.3125,5.4));
#8320=CARTESIAN_POINT('',(149.675,31.275,5.4));
#8321=CARTESIAN_POINT('',(149.675,35.275,5.4));
#8322=CARTESIAN_POINT('',(153.675,35.275,5.4));
#8323=CARTESIAN_POINT('Origin',(153.675,31.275,5.4));
#8324=CARTESIAN_POINT('',(225.47631556175,35.2749999999999,5.4));
#8325=CARTESIAN_POINT('',(226.420587471749,35.2749999999999,5.4));
#8326=CARTESIAN_POINT('',(227.26516994375,34.8527087639996,5.4));
#8327=CARTESIAN_POINT('Origin',(225.47631556175,31.2749999999999,5.4));
#8328=CARTESIAN_POINT('',(268.163854382,14.4033665448745,5.4));
#8329=CARTESIAN_POINT('',(270.375,13.2977937358744,5.4));
#8330=CARTESIAN_POINT('Origin',(266.375,10.8256577808748,5.4));
#8331=CARTESIAN_POINT('',(233.0875,-3.55000000000014,5.4));
#8332=CARTESIAN_POINT('',(155.375,28.3125,5.4));
#8333=CARTESIAN_POINT('Origin',(153.875,28.3125,5.4));
#8334=CARTESIAN_POINT('',(256.125,14.0249999999998,5.4));
#8335=CARTESIAN_POINT('Origin',(254.625,14.0249999999998,5.4));
#8336=CARTESIAN_POINT('Origin',(265.675,10.0249999999998,0.));
#8337=CARTESIAN_POINT('',(265.675,11.0249999999998,0.));
#8338=CARTESIAN_POINT('Origin',(247.125,11.0249999999998,0.));
#8339=CARTESIAN_POINT('',(248.625,11.0249999999998,0.));
#8340=CARTESIAN_POINT('Origin',(248.625,12.0249999999998,0.));
#8341=CARTESIAN_POINT('',(247.625,12.0249999999998,0.));
#8342=CARTESIAN_POINT('Origin',(246.625,19.5499999999998,0.));
#8343=CARTESIAN_POINT('',(246.625,20.5499999999999,0.));
#8344=CARTESIAN_POINT('',(247.625,19.5499999999998,0.));
#8345=CARTESIAN_POINT('Origin',(247.625,20.0499999999998,0.));
#8346=CARTESIAN_POINT('Origin',(230.525,21.5499999999999,0.));
#8347=CARTESIAN_POINT('',(230.525,20.5499999999999,0.));
#8348=CARTESIAN_POINT('',(229.525,21.5499999999999,0.));
#8349=CARTESIAN_POINT('Origin',(229.525,33.0749999999999,0.));
#8350=CARTESIAN_POINT('',(229.525,32.5749999999999,0.));
#8351=CARTESIAN_POINT('Origin',(228.525,32.5749999999999,0.));
#8352=CARTESIAN_POINT('',(228.525,33.5749999999999,0.));
#8353=CARTESIAN_POINT('Origin',(157.975,33.575,0.));
#8354=CARTESIAN_POINT('',(158.475,33.575,0.));
#8355=CARTESIAN_POINT('Origin',(158.475,32.575,0.));
#8356=CARTESIAN_POINT('',(157.475,32.575,0.));
#8357=CARTESIAN_POINT('Origin',(156.475,26.3125,0.));
#8358=CARTESIAN_POINT('',(157.475,26.3125,0.));
#8359=CARTESIAN_POINT('',(156.475,25.3125,0.));
#8360=CARTESIAN_POINT('Origin',(149.675,25.3125,0.));
#8361=CARTESIAN_POINT('Origin',(144.800137409962,-83.6876474172574,0.));
#8362=CARTESIAN_POINT('',(145.222755671703,-84.5939552042941,5.4));
#8363=CARTESIAN_POINT('',(145.222755671703,-84.5939552042941,0.));
#8364=CARTESIAN_POINT('',(143.893829622925,-84.1102656789981,5.4));
#8365=CARTESIAN_POINT('Origin',(144.800137409962,-83.6876474172574,5.4));
#8366=CARTESIAN_POINT('',(143.893829622925,-84.1102656789981,0.));
#8367=CARTESIAN_POINT('Origin',(144.105138753796,-84.5634195725165,0.));
#8368=CARTESIAN_POINT('',(138.643863517866,-72.8516770342576,5.4));
#8369=CARTESIAN_POINT('Origin',(147.004835613998,-84.8663355987196,0.));
#8370=CARTESIAN_POINT('',(146.582217352258,-83.960027811683,5.4));
#8371=CARTESIAN_POINT('',(147.911143401035,-84.4437173369789,5.4));
#8372=CARTESIAN_POINT('Origin',(147.004835613998,-84.8663355987196,5.4));
#8373=CARTESIAN_POINT('',(146.582217352258,-83.960027811683,0.));
#8374=CARTESIAN_POINT('',(147.911143401035,-84.4437173369789,0.));
#8375=CARTESIAN_POINT('Origin',(149.511810067378,-87.8763580803802,0.));
#8376=CARTESIAN_POINT('',(149.300500936508,-87.4232041868618,5.4));
#8377=CARTESIAN_POINT('',(149.300500936508,-87.4232041868618,0.));
#8378=CARTESIAN_POINT('',(142.933237801971,-73.7685643301437,5.4));
#8379=CARTESIAN_POINT('Origin',(200.,-29.9824637137708,5.4));
#8380=CARTESIAN_POINT('',(150.629426985285,-87.9068937121578,5.4));
#8381=CARTESIAN_POINT('Origin',(150.206808723544,-87.0005859251211,5.4));
#8382=CARTESIAN_POINT('',(157.92520467093,-84.5048167051453,5.4));
#8383=CARTESIAN_POINT('',(186.326560006584,-71.2610472101485,5.4));
#8384=CARTESIAN_POINT('',(159.254130719707,-84.9885062304412,5.4));
#8385=CARTESIAN_POINT('Origin',(158.347822932671,-85.4111244921819,5.4));
#8386=CARTESIAN_POINT('',(159.888058112318,-86.3479679109962,5.4));
#8387=CARTESIAN_POINT('',(152.781213019736,-71.1072894269631,5.4));
#8388=CARTESIAN_POINT('',(161.216984161096,-86.8316574362921,5.4));
#8389=CARTESIAN_POINT('Origin',(160.794365899355,-85.9253496492555,5.4));
#8390=CARTESIAN_POINT('',(178.436832114792,-78.801910463219,5.4));
#8391=CARTESIAN_POINT('',(196.868801793043,-70.20694184737,5.4));
#8392=CARTESIAN_POINT('',(178.920521640088,-77.4729844144417,5.4));
#8393=CARTESIAN_POINT('Origin',(178.014213853051,-77.8956026761823,5.4));
#8394=CARTESIAN_POINT('',(178.286594247477,-76.1135227338866,5.4));
#8395=CARTESIAN_POINT('',(171.074094589459,-60.6462673030948,5.4));
#8396=CARTESIAN_POINT('',(178.770283772773,-74.7845966851092,5.4));
#8397=CARTESIAN_POINT('Origin',(179.192902034514,-75.6909044721459,5.4));
#8398=CARTESIAN_POINT('',(192.743686006669,-68.2686922129635,5.4));
#8399=CARTESIAN_POINT('',(203.2067625335,-63.3896795006406,5.4));
#8400=CARTESIAN_POINT('',(193.16630426841,-68.1750000000001,5.4));
#8401=CARTESIAN_POINT('Origin',(193.16630426841,-69.1750000000001,5.4));
#8402=CARTESIAN_POINT('',(196.525,-68.1750000000001,5.4));
#8403=CARTESIAN_POINT('',(199.0125,-68.1750000000001,5.4));
#8404=CARTESIAN_POINT('',(197.525,-69.1750000000001,5.4));
#8405=CARTESIAN_POINT('Origin',(196.525,-69.1750000000001,5.4));
#8406=CARTESIAN_POINT('',(197.525,-70.8750000000001,5.4));
#8407=CARTESIAN_POINT('',(197.525,-50.5787318568855,5.4));
#8408=CARTESIAN_POINT('',(198.525,-71.8750000000001,5.4));
#8409=CARTESIAN_POINT('Origin',(198.525,-70.8750000000001,5.4));
#8410=CARTESIAN_POINT('',(198.200960882847,-71.8750000000001,5.4));
#8411=CARTESIAN_POINT('',(214.1512767415,-71.8750000000001,5.4));
#8412=CARTESIAN_POINT('',(196.510487835884,-72.2497688518535,5.4));
#8413=CARTESIAN_POINT('Origin',(198.200960882847,-75.8750000000001,5.4));
#8414=CARTESIAN_POINT('',(150.833164814856,-93.5494543805787,5.4));
#8415=CARTESIAN_POINT('',(147.20793366671,-95.2399274275415,5.4));
#8416=CARTESIAN_POINT('',(145.517460619747,-91.6146962793948,5.4));
#8417=CARTESIAN_POINT('Origin',(149.142691767894,-89.924223232432,5.4));
#8418=CARTESIAN_POINT('',(129.999768851853,-58.3368988928128,5.4));
#8419=CARTESIAN_POINT('',(129.625,-57.5332044964217,5.4));
#8420=CARTESIAN_POINT('Origin',(133.625,-56.64642584585,5.4));
#8421=CARTESIAN_POINT('',(179.537769317771,-68.5926015514393,5.4));
#8422=CARTESIAN_POINT('',(150.497584910304,-90.3229010470645,5.4));
#8423=CARTESIAN_POINT('Origin',(148.997584910304,-90.3229010470645,5.4));
#8424=CARTESIAN_POINT('Origin',(150.206808723544,-87.0005859251211,0.));
#8425=CARTESIAN_POINT('',(150.629426985285,-87.9068937121578,0.));
#8426=CARTESIAN_POINT('Origin',(159.284666351485,-83.8708893125342,0.));
#8427=CARTESIAN_POINT('',(157.92520467093,-84.5048167051452,0.));
#8428=CARTESIAN_POINT('Origin',(158.347822932671,-85.4111244921819,0.));
#8429=CARTESIAN_POINT('',(159.254130719707,-84.9885062304412,0.));
#8430=CARTESIAN_POINT('Origin',(160.794365899355,-85.9253496492555,0.));
#8431=CARTESIAN_POINT('',(161.216984161096,-86.8316574362921,0.));
#8432=CARTESIAN_POINT('',(159.888058112318,-86.3479679109962,0.));
#8433=CARTESIAN_POINT('Origin',(160.099367243189,-86.8011218045145,0.));
#8434=CARTESIAN_POINT('Origin',(178.014213853051,-77.8956026761823,0.));
#8435=CARTESIAN_POINT('',(178.920521640088,-77.4729844144417,0.));
#8436=CARTESIAN_POINT('',(178.436832114792,-78.801910463219,0.));
#8437=CARTESIAN_POINT('Origin',(177.652666854866,-74.7540610533316,0.));
#8438=CARTESIAN_POINT('',(178.286594247477,-76.1135227338866,0.));
#8439=CARTESIAN_POINT('Origin',(179.192902034514,-75.6909044721459,0.));
#8440=CARTESIAN_POINT('',(178.770283772773,-74.7845966851092,0.));
#8441=CARTESIAN_POINT('Origin',(193.16630426841,-69.1750000000001,0.));
#8442=CARTESIAN_POINT('',(192.743686006669,-68.2686922129635,0.));
#8443=CARTESIAN_POINT('',(193.16630426841,-68.1750000000001,0.));
#8444=CARTESIAN_POINT('Origin',(193.045071405316,-68.1281538935184,0.));
#8445=CARTESIAN_POINT('Origin',(196.525,-69.1750000000001,0.));
#8446=CARTESIAN_POINT('',(196.525,-68.1750000000001,0.));
#8447=CARTESIAN_POINT('',(197.525,-69.1750000000001,0.));
#8448=CARTESIAN_POINT('Origin',(198.025,-68.1750000000001,0.));
#8449=CARTESIAN_POINT('Origin',(198.525,-70.8750000000001,0.));
#8450=CARTESIAN_POINT('',(198.525,-71.8750000000001,0.));
#8451=CARTESIAN_POINT('',(197.525,-70.8750000000001,0.));
#8452=CARTESIAN_POINT('Origin',(197.525,-71.1750000000001,0.));
#8453=CARTESIAN_POINT('Origin',(254.625,-52.1250000000002,5.4));
#8454=CARTESIAN_POINT('',(256.125,-52.1250000000002,15.4));
#8455=CARTESIAN_POINT('',(256.125,-52.1250000000002,5.4));
#8456=CARTESIAN_POINT('Origin',(254.625,-52.1250000000002,15.4));
#8457=CARTESIAN_POINT('Origin',(254.625,-52.1250000000002,15.4));
#8458=CARTESIAN_POINT('Origin',(153.875,28.3125,5.4));
#8459=CARTESIAN_POINT('',(155.375,28.3125,15.4));
#8460=CARTESIAN_POINT('',(155.375,28.3125,5.4));
#8461=CARTESIAN_POINT('Origin',(153.875,28.3125,15.4));
#8462=CARTESIAN_POINT('Origin',(153.875,28.3125,15.4));
#8463=CARTESIAN_POINT('Origin',(148.997584910304,-90.3229010470645,5.4));
#8464=CARTESIAN_POINT('',(150.497584910304,-90.3229010470645,15.4));
#8465=CARTESIAN_POINT('',(150.497584910304,-90.3229010470645,5.4));
#8466=CARTESIAN_POINT('Origin',(148.997584910304,-90.3229010470645,15.4));
#8467=CARTESIAN_POINT('Origin',(148.997584910304,-90.3229010470645,15.4));
#8468=CARTESIAN_POINT('Origin',(254.625,14.0249999999998,5.4));
#8469=CARTESIAN_POINT('',(256.125,14.0249999999998,15.4));
#8470=CARTESIAN_POINT('',(256.125,14.0249999999998,5.4));
#8471=CARTESIAN_POINT('Origin',(254.625,14.0249999999998,15.4));
#8472=CARTESIAN_POINT('Origin',(254.625,14.0249999999998,15.4));
#8473=CARTESIAN_POINT('Origin',(127.825,24.0025,0.));
#8474=CARTESIAN_POINT('',(143.875,24.0025,0.));
#8475=CARTESIAN_POINT('Origin',(143.875,28.0025,0.));
#8476=CARTESIAN_POINT('',(147.875,28.0025,0.));
#8477=CARTESIAN_POINT('Origin',(147.875,24.0025,0.));
#8478=CARTESIAN_POINT('',(147.875,33.075,0.));
#8479=CARTESIAN_POINT('Origin',(151.875,33.075,0.));
#8480=CARTESIAN_POINT('',(151.875,37.075,0.));
#8481=CARTESIAN_POINT('Origin',(147.875,37.075,0.));
#8482=CARTESIAN_POINT('',(225.901237921249,37.0749999999999,0.));
#8483=CARTESIAN_POINT('Origin',(225.901237921249,33.0749999999999,0.));
#8484=CARTESIAN_POINT('',(227.690092303249,36.6527087639996,0.));
#8485=CARTESIAN_POINT('Origin',(226.845509831248,37.0749999999999,0.));
#8486=CARTESIAN_POINT('',(269.963854382,15.5158277246243,0.));
#8487=CARTESIAN_POINT('Origin',(268.175,11.9381189606246,0.));
#8488=CARTESIAN_POINT('',(272.175,11.9381189606246,0.));
#8489=CARTESIAN_POINT('Origin',(272.175,14.4102549156242,0.));
#8490=CARTESIAN_POINT('',(272.175,-49.4791019662499,0.));
#8491=CARTESIAN_POINT('Origin',(268.175,-49.4791019662499,0.));
#8492=CARTESIAN_POINT('Origin',(133.625,-56.64642584585,0.));
#8493=CARTESIAN_POINT('',(129.999768851853,-58.3368988928128,0.));
#8494=CARTESIAN_POINT('Origin',(133.625,18.2025,0.));
#8495=CARTESIAN_POINT('Origin',(153.675,31.275,0.));
#8496=CARTESIAN_POINT('',(149.675,31.275,0.));
#8497=CARTESIAN_POINT('',(153.675,35.275,0.));
#8498=CARTESIAN_POINT('Origin',(149.675,35.275,0.));
#8499=CARTESIAN_POINT('',(225.47631556175,35.2749999999999,0.));
#8500=CARTESIAN_POINT('Origin',(225.47631556175,31.2749999999999,0.));
#8501=CARTESIAN_POINT('',(227.26516994375,34.8527087639996,0.));
#8502=CARTESIAN_POINT('Origin',(226.420587471749,35.2749999999999,0.));
#8503=CARTESIAN_POINT('',(268.163854382,14.4033665448745,0.));
#8504=CARTESIAN_POINT('Origin',(266.375,10.8256577808748,0.));
#8505=CARTESIAN_POINT('Origin',(266.375,-48.3666407865003,0.));
#8506=CARTESIAN_POINT('',(268.163854382,-51.9443495504999,0.));
#8507=CARTESIAN_POINT('Origin',(270.375,-50.8387767414999,0.));
#8508=CARTESIAN_POINT('',(229.147135955,-71.4527087639997,0.));
#8509=CARTESIAN_POINT('Origin',(149.142691767894,-89.924223232432,0.));
#8510=CARTESIAN_POINT('',(150.833164814856,-93.5494543805787,0.));
#8511=CARTESIAN_POINT('',(145.517460619747,-91.6146962793948,0.));
#8512=CARTESIAN_POINT('Origin',(197.314182232275,-71.8750000000001,0.));
#8513=CARTESIAN_POINT('',(196.510487835884,-72.2497688518535,0.));
#8514=CARTESIAN_POINT('Origin',(198.200960882847,-75.8750000000001,0.));
#8515=CARTESIAN_POINT('',(198.200960882847,-71.8750000000001,0.));
#8516=CARTESIAN_POINT('Origin',(227.358281573,-67.875,0.));
#8517=CARTESIAN_POINT('',(227.358281573,-71.875,0.));
#8518=CARTESIAN_POINT('Origin',(147.20793366671,-95.2399274275415,0.));
#8519=CARTESIAN_POINT('Origin',(228.302553482999,-71.875,0.));
#8520=CARTESIAN_POINT('Origin',(228.575,-58.1500000000001,0.));
#8521=CARTESIAN_POINT('Origin',(266.675,-34.0500000000002,0.));
#8522=CARTESIAN_POINT('Origin',(266.175,-3.55000000000018,0.));
#8523=CARTESIAN_POINT('Origin',(229.025,20.5499999999999,0.));
#8524=CARTESIAN_POINT('Origin',(157.475,24.8125,0.));
#8525=CARTESIAN_POINT('Origin',(143.85,-12.9049999999999,0.));
#8526=CARTESIAN_POINT('',(143.85,-13.9049999999999,18.));
#8527=CARTESIAN_POINT('Origin',(143.85,-12.9049999999999,18.));
#8528=CARTESIAN_POINT('',(143.85,-13.9049999999999,0.));
#8529=CARTESIAN_POINT('Origin',(138.85,-12.9049999999999,0.));
#8530=CARTESIAN_POINT('',(138.85,-13.9049999999999,18.));
#8531=CARTESIAN_POINT('',(138.85,-13.9049999999999,0.));
#8532=CARTESIAN_POINT('',(137.85,-12.9049999999999,18.));
#8533=CARTESIAN_POINT('Origin',(138.85,-12.9049999999999,18.));
#8534=CARTESIAN_POINT('',(137.85,-12.9049999999999,0.));
#8535=CARTESIAN_POINT('Origin',(138.35,-13.9049999999999,0.));
#8536=CARTESIAN_POINT('',(139.85,-13.9049999999999,18.));
#8537=CARTESIAN_POINT('Origin',(137.85,9.59500000000007,0.));
#8538=CARTESIAN_POINT('',(137.85,3.70000000000003,18.));
#8539=CARTESIAN_POINT('Origin',(145.43,-17.345,18.));
#8540=CARTESIAN_POINT('',(146.93,-17.345,19.));
#8541=CARTESIAN_POINT('',(145.43,-15.845,19.));
#8542=CARTESIAN_POINT('Origin',(145.43,-17.345,19.));
#8543=CARTESIAN_POINT('',(145.43,-15.845,18.));
#8544=CARTESIAN_POINT('',(145.43,-15.845,18.));
#8545=CARTESIAN_POINT('',(146.93,-17.345,18.));
#8546=CARTESIAN_POINT('Origin',(145.43,-17.345,18.));
#8547=CARTESIAN_POINT('',(146.93,-17.345,18.));
#8548=CARTESIAN_POINT('Origin',(135.77,-15.845,18.));
#8549=CARTESIAN_POINT('',(137.27,-15.845,19.));
#8550=CARTESIAN_POINT('',(146.93,-15.845,19.));
#8551=CARTESIAN_POINT('',(137.27,-15.845,18.));
#8552=CARTESIAN_POINT('',(137.27,-15.845,18.));
#8553=CARTESIAN_POINT('',(138.56,-15.845,18.));
#8554=CARTESIAN_POINT('Origin',(145.43,-19.545,18.));
#8555=CARTESIAN_POINT('',(145.43,-21.045,19.));
#8556=CARTESIAN_POINT('',(146.93,-19.545,19.));
#8557=CARTESIAN_POINT('Origin',(145.43,-19.545,19.));
#8558=CARTESIAN_POINT('',(146.93,-19.545,18.));
#8559=CARTESIAN_POINT('',(146.93,-19.545,18.));
#8560=CARTESIAN_POINT('',(145.43,-21.045,18.));
#8561=CARTESIAN_POINT('Origin',(145.43,-19.545,18.));
#8562=CARTESIAN_POINT('',(145.43,-21.045,18.));
#8563=CARTESIAN_POINT('Origin',(146.93,-15.845,18.));
#8564=CARTESIAN_POINT('',(146.93,-9.02000000000002,18.));
#8565=CARTESIAN_POINT('',(146.93,-19.545,19.));
#8566=CARTESIAN_POINT('Origin',(137.27,-19.545,18.));
#8567=CARTESIAN_POINT('',(135.77,-19.545,19.));
#8568=CARTESIAN_POINT('',(137.27,-21.045,19.));
#8569=CARTESIAN_POINT('Origin',(137.27,-19.545,19.));
#8570=CARTESIAN_POINT('',(137.27,-21.045,18.));
#8571=CARTESIAN_POINT('',(137.27,-21.045,18.));
#8572=CARTESIAN_POINT('',(135.77,-19.545,18.));
#8573=CARTESIAN_POINT('Origin',(137.27,-19.545,18.));
#8574=CARTESIAN_POINT('',(135.77,-19.545,18.));
#8575=CARTESIAN_POINT('Origin',(146.93,-21.045,18.));
#8576=CARTESIAN_POINT('',(144.14,-21.045,18.));
#8577=CARTESIAN_POINT('',(146.93,-21.045,19.));
#8578=CARTESIAN_POINT('Origin',(137.27,-17.345,18.));
#8579=CARTESIAN_POINT('',(135.77,-17.345,19.));
#8580=CARTESIAN_POINT('Origin',(137.27,-17.345,19.));
#8581=CARTESIAN_POINT('',(135.77,-17.345,18.));
#8582=CARTESIAN_POINT('',(135.77,-17.345,18.));
#8583=CARTESIAN_POINT('Origin',(137.27,-17.345,18.));
#8584=CARTESIAN_POINT('Origin',(135.77,-21.045,18.));
#8585=CARTESIAN_POINT('',(135.77,-11.62,18.));
#8586=CARTESIAN_POINT('',(135.77,-15.845,19.));
#8587=CARTESIAN_POINT('Origin',(146.93,16.605,13.));
#8588=CARTESIAN_POINT('',(148.93,16.605,18.));
#8589=CARTESIAN_POINT('',(146.93,18.605,18.));
#8590=CARTESIAN_POINT('Origin',(146.93,16.605,18.));
#8591=CARTESIAN_POINT('',(146.93,18.605,13.));
#8592=CARTESIAN_POINT('',(148.93,16.605,13.));
#8593=CARTESIAN_POINT('Origin',(141.35,-2.19500000000001,18.));
#8594=CARTESIAN_POINT('',(148.93,-20.995,18.));
#8595=CARTESIAN_POINT('',(148.93,7.80499999999998,18.));
#8596=CARTESIAN_POINT('',(146.93,-22.995,18.));
#8597=CARTESIAN_POINT('Origin',(146.93,-20.995,18.));
#8598=CARTESIAN_POINT('',(135.77,-22.995,18.));
#8599=CARTESIAN_POINT('',(144.74,-22.995,18.));
#8600=CARTESIAN_POINT('',(133.77,-20.995,18.));
#8601=CARTESIAN_POINT('Origin',(135.77,-20.995,18.));
#8602=CARTESIAN_POINT('',(133.77,16.605,18.));
#8603=CARTESIAN_POINT('',(133.77,-12.195,18.));
#8604=CARTESIAN_POINT('',(135.77,18.605,18.));
#8605=CARTESIAN_POINT('Origin',(135.77,16.605,18.));
#8606=CARTESIAN_POINT('',(137.96,18.605,18.));
#8607=CARTESIAN_POINT('Origin',(134.57,18.605,13.));
#8608=CARTESIAN_POINT('',(135.77,18.605,13.));
#8609=CARTESIAN_POINT('Origin',(135.77,16.605,13.));
#8610=CARTESIAN_POINT('',(133.77,16.605,13.));
#8611=CARTESIAN_POINT('Origin',(135.77,-20.995,13.));
#8612=CARTESIAN_POINT('',(135.77,-22.995,13.));
#8613=CARTESIAN_POINT('',(133.77,-20.995,13.));
#8614=CARTESIAN_POINT('Origin',(148.13,-22.995,13.));
#8615=CARTESIAN_POINT('',(146.93,-22.995,13.));
#8616=CARTESIAN_POINT('Origin',(146.93,-20.995,13.));
#8617=CARTESIAN_POINT('',(148.93,-20.995,13.));
#8618=CARTESIAN_POINT('Origin',(148.93,17.805,13.));
#8619=CARTESIAN_POINT('Origin',(141.35,-18.445,19.));
#8620=CARTESIAN_POINT('Origin',(133.77,-22.195,13.));
#8621=CARTESIAN_POINT('Origin',(149.675,22.2025,0.));
#8622=CARTESIAN_POINT('Origin',(147.941679032813,-83.3261004190719,0.));
#8623=CARTESIAN_POINT('Origin',(178.88998600831,-78.5906013323486,0.));
#8624=CARTESIAN_POINT('Origin',(160.116092836598,-60.8087725406537,0.));
#8625=UNCERTAINTY_MEASURE_WITH_UNIT(LENGTH_MEASURE(0.01),#8629,
'DISTANCE_ACCURACY_VALUE',
'Maximum model space distance between geometric entities at asserted c
onnectivities');
#8626=UNCERTAINTY_MEASURE_WITH_UNIT(LENGTH_MEASURE(0.01),#8629,
'DISTANCE_ACCURACY_VALUE',
'Maximum model space distance between geometric entities at asserted c
onnectivities');
#8627=(
GEOMETRIC_REPRESENTATION_CONTEXT(3)
GLOBAL_UNCERTAINTY_ASSIGNED_CONTEXT((#8625))
GLOBAL_UNIT_ASSIGNED_CONTEXT((#8629,#8631,#8632))
REPRESENTATION_CONTEXT('','3D')
);
#8628=(
GEOMETRIC_REPRESENTATION_CONTEXT(3)
GLOBAL_UNCERTAINTY_ASSIGNED_CONTEXT((#8626))
GLOBAL_UNIT_ASSIGNED_CONTEXT((#8629,#8631,#8632))
REPRESENTATION_CONTEXT('','3D')
);
#8629=(
LENGTH_UNIT()
NAMED_UNIT(*)
SI_UNIT(.MILLI.,.METRE.)
);
#8630=(
LENGTH_UNIT()
NAMED_UNIT(*)
SI_UNIT($,.METRE.)
);
#8631=(
NAMED_UNIT(*)
PLANE_ANGLE_UNIT()
SI_UNIT($,.RADIAN.)
);
#8632=(
NAMED_UNIT(*)
SI_UNIT($,.STERADIAN.)
SOLID_ANGLE_UNIT()
);
#8633=SHAPE_DEFINITION_REPRESENTATION(#8634,#8635);
#8634=PRODUCT_DEFINITION_SHAPE('',$,#8637);
#8635=SHAPE_REPRESENTATION('',(#5109),#8627);
#8636=PRODUCT_DEFINITION_CONTEXT('part definition',#8641,'design');
#8637=PRODUCT_DEFINITION('Top','Top v9',#8638,#8636);
#8638=PRODUCT_DEFINITION_FORMATION('',$,#8643);
#8639=PRODUCT_RELATED_PRODUCT_CATEGORY('Top v9','Top v9',(#8643));
#8640=APPLICATION_PROTOCOL_DEFINITION('international standard',
'ap242_managed_model_based_3d_engineering',2011,#8641);
#8641=APPLICATION_CONTEXT('Managed model based 3d engineering');
#8642=PRODUCT_CONTEXT('part definition',#8641,'mechanical');
#8643=PRODUCT('Top','Top v9',$,(#8642));
#8644=PRESENTATION_STYLE_ASSIGNMENT((#8646));
#8645=PRESENTATION_STYLE_ASSIGNMENT((#8647));
#8646=SURFACE_STYLE_USAGE(.BOTH.,#8648);
#8647=SURFACE_STYLE_USAGE(.BOTH.,#8649);
#8648=SURFACE_SIDE_STYLE('',(#8650));
#8649=SURFACE_SIDE_STYLE('',(#8651));
#8650=SURFACE_STYLE_FILL_AREA(#8652);
#8651=SURFACE_STYLE_FILL_AREA(#8653);
#8652=FILL_AREA_STYLE('\X2\AC15CCA0\X0\ - \X2\C0C8D2F4\X0\',(#8654));
#8653=FILL_AREA_STYLE('\X2\C54CB8E8BBF8B284\X0\ - \X2\C0C8D2F4\X0\',(#8655));
#8654=FILL_AREA_STYLE_COLOUR('\X2\AC15CCA0\X0\ - \X2\C0C8D2F4\X0\',#8656);
#8655=FILL_AREA_STYLE_COLOUR('\X2\C54CB8E8BBF8B284\X0\ - \X2\C0C8D2F4\X0\',
#8657);
#8656=COLOUR_RGB('\X2\AC15CCA0\X0\ - \X2\C0C8D2F4\X0\',0.627450980392157,
0.627450980392157,0.627450980392157);
#8657=COLOUR_RGB('\X2\C54CB8E8BBF8B284\X0\ - \X2\C0C8D2F4\X0\',0.96078431372549,
0.96078431372549,0.964705882352941);
ENDSEC;
END-ISO-10303-21;
