  0
SECTION
  2
HEADER
  9
$ACADVER
  1
AC1027
  9
$ACADMAINTVER
 70
     8
  9
$DWGCODEPAGE
  3
ANSI_1251
  9
$REQUIREDVERSIONS
160
                 0
  9
$LASTSAVEDBY
  1
Autodesk
  9
$INSBASE
 10
0.0
 20
0.0
 30
0.0
  9
$EXTMIN
 10
1.000000E+20
 20
1.000000E+20
 30
1.000000E+20
  9
$EXTMAX
 10
-1.000000E+20
 20
-1.000000E+20
 30
-1.000000E+20
  9
$LIMMIN
 10
0.0
 20
0.0
  9
$LIMMAX
 10
420.0
 20
297.0
  9
$ORTHOMODE
 70
     0
  9
$REGENMODE
 70
     1
  9
$FILLMODE
 70
     1
  9
$QTEXTMODE
 70
     0
  9
$MIRRTEXT
 70
     0
  9
$LTSCALE
 40
1.0
  9
$ATTMODE
 70
     1
  9
$TEXTSIZE
 40
2.5
  9
$TRACEWID
 40
1.0
  9
$TEXTSTYLE
  7
Standard
  9
$CLAYER
  8
0
  9
$CELTYPE
  6
ByLayer
  9
$CECOLOR
 62
   256
  9
$CELTSCALE
 40
1.0
  9
$DISPSILH
 70
     0
  9
$DIMSCALE
 40
1.0
  9
$DIMASZ
 40
2.5
  9
$DIMEXO
 40
0.5
  9
$DIMDLI
 40
6.0
  9
$DIMRND
 40
0.0
  9
$DIMDLE
 40
0.0
  9
$DIMEXE
 40
0.0
  9
$DIMTP
 40
0.0
  9
$DIMTM
 40
0.0
  9
$DIMTXT
 40
2.5
  9
$DIMCEN
 40
2.5
  9
$DIMTSZ
 40
0.0
  9
$DIMTOL
 70
     0
  9
$DIMLIM
 70
     0
  9
$DIMTIH
 70
     0
  9
$DIMTOH
 70
     1
  9
$DIMSE1
 70
     0
  9
$DIMSE2
 70
     0
  9
$DIMTAD
 70
     0
  9
$DIMZIN
 70
     0
  9
$DIMBLK
  1

  9
$DIMASO
 70
     1
  9
$DIMSHO
 70
     1
  9
$DIMPOST
  1

  9
$DIMAPOST
  1

  9
$DIMALT
 70
     0
  9
$DIMALTD
 70
     2
  9
$DIMALTF
 40
25.4
  9
$DIMLFAC
 40
1.0
  9
$DIMTOFL
 70
     0
  9
$DIMTVP
 40
0.0
  9
$DIMTIX
 70
     0
  9
$DIMSOXD
 70
     0
  9
$DIMSAH
 70
     0
  9
$DIMBLK1
  1

  9
$DIMBLK2
  1

  9
$DIMSTYLE
  2
Standard
  9
$DIMCLRD
 70
     0
  9
$DIMCLRE
 70
     0
  9
$DIMCLRT
 70
     0
  9
$DIMTFAC
 40
1.0
  9
$DIMGAP
 40
1.0
  9
$DIMJUST
 70
     0
  9
$DIMSD1
 70
     0
  9
$DIMSD2
 70
     0
  9
$DIMTOLJ
 70
     1
  9
$DIMTZIN
 70
     0
  9
$DIMALTZ
 70
     0
  9
$DIMALTTZ
 70
     0
  9
$DIMUPT
 70
     0
  9
$DIMDEC
 70
     4
  9
$DIMTDEC
 70
     4
  9
$DIMALTU
 70
     2
  9
$DIMALTTD
 70
     2
  9
$DIMTXSTY
  7
Standard
  9
$DIMAUNIT
 70
     0
  9
$DIMADEC
 70
     0
  9
$DIMALTRND
 40
0.0
  9
$DIMAZIN
 70
     0
  9
$DIMDSEP
 70
    46
  9
$DIMATFIT
 70
     3
  9
$DIMFRAC
 70
     0
  9
$DIMLDRBLK
  1

  9
$DIMLUNIT
 70
     2
  9
$DIMLWD
 70
    -2
  9
$DIMLWE
 70
    -2
  9
$DIMTMOVE
 70
     0
  9
$DIMFXL
 40
1.0
  9
$DIMFXLON
 70
     0
  9
$DIMJOGANG
 40
0.785398
  9
$DIMTFILL
 70
     0
  9
$DIMTFILLCLR
 70
     0
  9
$DIMARCSYM
 70
     0
  9
$DIMLTYPE
  6
ByLayer
  9
$DIMLTEX1
  6
ByLayer
  9
$DIMLTEX2
  6
ByLayer
  9
$DIMTXTDIRECTION
 70
     0
  9
$LUNITS
 70
     2
  9
$LUPREC
 70
     4
  9
$SKETCHINC
 40
1.0
  9
$FILLETRAD
 40
0.0
  9
$AUNITS
 70
     0
  9
$AUPREC
 70
     0
  9
$MENU
  1
.
  9
$ELEVATION
 40
0.0
  9
$PELEVATION
 40
0.0
  9
$THICKNESS
 40
0.0
  9
$LIMCHECK
 70
     0
  9
$CHAMFERA
 40
0.0
  9
$CHAMFERB
 40
0.0
  9
$CHAMFERC
 40
0.0
  9
$CHAMFERD
 40
0.0
  9
$SKPOLY
 70
     0
  9
$TDCREATE
 40
2454083.28338338
  9
$TDUCREATE
 40
2454082.90838338
  9
$TDUPDATE
 40
2460728.725388171
  9
$TDUUPDATE
 40
2460728.350388171
  9
$TDINDWG
 40
0.0105753588
  9
$TDUSRTIMER
 40
0.0105751505
  9
$USRTIMER
 70
     1
  9
$ANGBASE
 50
0.0
  9
$ANGDIR
 70
     0
  9
$PDMODE
 70
     0
  9
$PDSIZE
 40
0.0
  9
$PLINEWID
 40
0.0
  9
$SPLFRAME
 70
     0
  9
$SPLINETYPE
 70
     6
  9
$SPLINESEGS
 70
     8
  9
$HANDSEED
  5
49E
  9
$SURFTAB1
 70
     6
  9
$SURFTAB2
 70
     6
  9
$SURFTYPE
 70
     6
  9
$SURFU
 70
     6
  9
$SURFV
 70
     6
  9
$UCSBASE
  2

  9
$UCSNAME
  2

  9
$UCSORG
 10
0.0
 20
0.0
 30
0.0
  9
$UCSXDIR
 10
1.0
 20
0.0
 30
0.0
  9
$UCSYDIR
 10
0.0
 20
1.0
 30
0.0
  9
$UCSORTHOREF
  2

  9
$UCSORTHOVIEW
 70
     0
  9
$UCSORGTOP
 10
0.0
 20
0.0
 30
0.0
  9
$UCSORGBOTTOM
 10
0.0
 20
0.0
 30
0.0
  9
$UCSORGLEFT
 10
0.0
 20
0.0
 30
0.0
  9
$UCSORGRIGHT
 10
0.0
 20
0.0
 30
0.0
  9
$UCSORGFRONT
 10
0.0
 20
0.0
 30
0.0
  9
$UCSORGBACK
 10
0.0
 20
0.0
 30
0.0
  9
$PUCSBASE
  2

  9
$PUCSNAME
  2

  9
$PUCSORG
 10
0.0
 20
0.0
 30
0.0
  9
$PUCSXDIR
 10
1.0
 20
0.0
 30
0.0
  9
$PUCSYDIR
 10
0.0
 20
1.0
 30
0.0
  9
$PUCSORTHOREF
  2

  9
$PUCSORTHOVIEW
 70
     0
  9
$PUCSORGTOP
 10
0.0
 20
0.0
 30
0.0
  9
$PUCSORGBOTTOM
 10
0.0
 20
0.0
 30
0.0
  9
$PUCSORGLEFT
 10
0.0
 20
0.0
 30
0.0
  9
$PUCSORGRIGHT
 10
0.0
 20
0.0
 30
0.0
  9
$PUCSORGFRONT
 10
0.0
 20
0.0
 30
0.0
  9
$PUCSORGBACK
 10
0.0
 20
0.0
 30
0.0
  9
$USERI1
 70
     0
  9
$USERI2
 70
     0
  9
$USERI3
 70
     0
  9
$USERI4
 70
     0
  9
$USERI5
 70
     0
  9
$USERR1
 40
0.0
  9
$USERR2
 40
0.0
  9
$USERR3
 40
0.0
  9
$USERR4
 40
0.0
  9
$USERR5
 40
0.0
  9
$WORLDVIEW
 70
     1
  9
$SHADEDGE
 70
     3
  9
$SHADEDIF
 70
    70
  9
$TILEMODE
 70
     1
  9
$MAXACTVP
 70
    64
  9
$PINSBASE
 10
0.0
 20
0.0
 30
0.0
  9
$PLIMCHECK
 70
     0
  9
$PEXTMIN
 10
0.0
 20
0.0
 30
0.0
  9
$PEXTMAX
 10
0.0
 20
0.0
 30
0.0
  9
$PLIMMIN
 10
-20.0
 20
-7.5
  9
$PLIMMAX
 10
277.0
 20
202.5
  9
$UNITMODE
 70
     0
  9
$VISRETAIN
 70
     1
  9
$PLINEGEN
 70
     0
  9
$PSLTSCALE
 70
     0
  9
$TREEDEPTH
 70
  3020
  9
$CMLSTYLE
  2
Standard
  9
$CMLJUST
 70
     0
  9
$CMLSCALE
 40
20.0
  9
$PROXYGRAPHICS
 70
     1
  9
$MEASUREMENT
 70
     1
  9
$CELWEIGHT
370
    -1
  9
$ENDCAPS
280
     0
  9
$JOINSTYLE
280
     0
  9
$LWDISPLAY
290
     1
  9
$INSUNITS
 70
     4
  9
$HYPERLINKBASE
  1

  9
$STYLESHEET
  1

  9
$XEDIT
290
     1
  9
$CEPSNTYPE
380
     0
  9
$PSTYLEMODE
290
     1
  9
$FINGERPRINTGUID
  2
{78B0F746-B111-4909-95E5-2EF5CBA97683}
  9
$VERSIONGUID
  2
{88884FFE-1838-4093-901C-E4DA6EFB818F}
  9
$EXTNAMES
290
     1
  9
$PSVPSCALE
 40
0.0
  9
$OLESTARTUP
290
     0
  9
$SORTENTS
280
   127
  9
$INDEXCTL
280
     0
  9
$HIDETEXT
280
     1
  9
$XCLIPFRAME
280
     0
  9
$HALOGAP
280
     0
  9
$OBSCOLOR
 70
   257
  9
$OBSLTYPE
280
     0
  9
$INTERSECTIONDISPLAY
280
     0
  9
$INTERSECTIONCOLOR
 70
   257
  9
$DIMASSOC
280
     2
  9
$PROJECTNAME
  1

  9
$CAMERADISPLAY
290
     0
  9
$LENSLENGTH
 40
50.0
  9
$CAMERAHEIGHT
 40
0.0
  9
$STEPSPERSEC
 40
2.0
  9
$STEPSIZE
 40
6.0
  9
$3DDWFPREC
 40
2.0
  9
$PSOLWIDTH
 40
5.0
  9
$PSOLHEIGHT
 40
80.0
  9
$LOFTANG1
 40
1.570796
  9
$LOFTANG2
 40
1.570796
  9
$LOFTMAG1
 40
0.0
  9
$LOFTMAG2
 40
0.0
  9
$LOFTPARAM
 70
     7
  9
$LOFTNORMALS
280
     1
  9
$LATITUDE
 40
37.795
  9
$LONGITUDE
 40
-122.394
  9
$NORTHDIRECTION
 40
0.0
  9
$TIMEZONE
 70
 -8000
  9
$LIGHTGLYPHDISPLAY
280
     1
  9
$TILEMODELIGHTSYNCH
280
     1
  9
$CMATERIAL
347
EC
  9
$SOLIDHIST
280
     1
  9
$SHOWHIST
280
     1
  9
$DWFFRAME
280
     2
  9
$DGNFRAME
280
     0
  9
$REALWORLDSCALE
290
     1
  9
$INTERFERECOLOR
 62
     1
  9
$CSHADOW
280
     0
  9
$SHADOWPLANELOCATION
 40
0.0
  0
ENDSEC
  0
SECTION
  2
CLASSES
  0
CLASS
  1
ACDBDICTIONARYWDFLT
  2
AcDbDictionaryWithDefault
  3
ObjectDBX Classes
 90
        0
 91
       10
280
     0
281
     0
  0
CLASS
  1
ACDBPLACEHOLDER
  2
AcDbPlaceHolder
  3
ObjectDBX Classes
 90
        0
 91
        1
280
     0
281
     0
  0
CLASS
  1
LAYOUT
  2
AcDbLayout
  3
ObjectDBX Classes
 90
        0
 91
        1
280
     0
281
     0
  0
CLASS
  1
DICTIONARYVAR
  2
AcDbDictionaryVar
  3
ObjectDBX Classes
 90
        0
 91
        6
280
     0
281
     0
  0
CLASS
  1
TABLESTYLE
  2
AcDbTableStyle
  3
ObjectDBX Classes
 90
     4095
 91
        7
280
     0
281
     0
  0
CLASS
  1
MATERIAL
  2
AcDbMaterial
  3
ObjectDBX Classes
 90
     1153
 91
        9
280
     0
281
     0
  0
CLASS
  1
VISUALSTYLE
  2
AcDbVisualStyle
  3
ObjectDBX Classes
 90
     4095
 91
        9
280
     0
281
     0
  0
CLASS
  1
SCALE
  2
AcDbScale
  3
ObjectDBX Classes
 90
     1153
 91
        9
280
     0
281
     0
  0
CLASS
  1
MLEADERSTYLE
  2
AcDbMLeaderStyle
  3
ACDB_MLEADERSTYLE_CLASS
 90
     4095
 91
        6
280
     0
281
     0
  0
CLASS
  1
CELLSTYLEMAP
  2
AcDbCellStyleMap
  3
ObjectDBX Classes
 90
     1152
 91
        6
280
     0
281
     0
  0
CLASS
  1
EXACXREFPANELOBJECT
  2
ExAcXREFPanelObject
  3
EXAC_ESW
 90
     1025
 91
        1
280
     1
281
     0
  0
CLASS
  1
NPOCOLLECTION
  2
AcDbImpNonPersistentObjectsCollection
  3
ObjectDBX Classes
 90
     1153
 91
        1
280
     1
281
     0
  0
CLASS
  1
LAYER_INDEX
  2
AcDbLayerIndex
  3
ObjectDBX Classes
 90
        0
 91
        6
280
     0
281
     0
  0
CLASS
  1
SPATIAL_INDEX
  2
AcDbSpatialIndex
  3
AutoCAD 2000
 90
        0
 91
        6
280
     0
281
     0
  0
CLASS
  1
IDBUFFER
  2
AcDbIdBuffer
  3
ObjectDBX Classes
 90
        0
 91
        6
280
     0
281
     0
  0
CLASS
  1
Wall
  2
PtDbWall
  3
NanoSPDS
 90
      893
 91
        1
280
     1
281
     1
  0
CLASS
  1
SORTENTSTABLE
  2
AcDbSortentsTable
  3
ObjectDBX Classes
 90
        0
 91
        6
280
     0
281
     0
  0
CLASS
  1
Format
  2
mcsDbObjectFormat
  3
NanoSPDS
 90
      893
 91
        1
280
     1
281
     1
  0
CLASS
  1
NOTEPOSITION
  2
mcsDbObjectNotePosition
  3
NanoSPDS
 90
      893
 91
        6
280
     0
281
     1
  0
CLASS
  1
mcsDbObject
  2
mcsDbObject
  3
NanoSPDS
 90
      893
 91
       23
280
     0
281
     1
  0
CLASS
  1
McDbContainer2
  2
McDbContainer2
  3
NanoSPDS
 90
      893
 91
        6
280
     0
281
     0
  0
CLASS
  1
spdsLevelMark
  2
mcsDbObjectLevelMark
  3
NanoSPDS
 90
      893
 91
        1
280
     1
281
     1
  0
CLASS
  1
spdsRelationMark
  2
mcsDbObjectRelationMark
  3
NanoSPDS
 90
      893
 91
        1
280
     1
281
     1
  0
CLASS
  1
LAYOUTPRINTCONFIG
  2
CAcLayoutPrintConfig
  3
"CSD_APP"
 90
     4095
 91
        6
280
     0
281
     1
  0
CLASS
  1
SUN
  2
AcDbSun
  3
SCENEOE
 90
     1153
 91
        9
280
     0
281
     0
  0
CLASS
  1
CSACDOCUMENTOPTIONS
  2
CDocDataContainer
  3
"DERU003_CSAPP"
 90
     4095
 91
        6
280
     0
281
     0
  0
ENDSEC
  0
SECTION
  2
TABLES
  0
TABLE
  2
VPORT
  5
8
330
0
100
AcDbSymbolTable
 70
     1
  0
VPORT
  5
EA
330
8
100
AcDbSymbolTableRecord
100
AcDbViewportTableRecord
  2
*Active
 70
     0
 10
0.0
 20
0.0
 11
1.0
 21
1.0
 12
-32.582933
 22
-120.18047
 13
0.0
 23
0.0
 14
10.0
 24
10.0
 15
10.0
 25
10.0
 16
0.0
 26
0.0
 36
1.0
 17
210.0
 27
148.5
 37
0.0
 40
323.608869
 41
1.958188
 42
50.0
 43
0.0
 44
0.0
 50
0.0
 51
0.0
 71
    16
 72
  1000
 73
     1
 74
     3
 75
     0
 76
     0
 77
     0
 78
     0
281
     0
 65
     1
110
0.0
120
0.0
130
0.0
111
1.0
121
0.0
131
0.0
112
0.0
122
1.0
132
0.0
 79
     0
146
0.0
 60
     2
 61
     5
292
     1
282
     1
141
0.0
142
0.0
 63
   250
421
  3355443
361
364
  0
ENDTAB
  0
TABLE
  2
LTYPE
  5
5
330
0
100
AcDbSymbolTable
 70
     1
  0
LTYPE
  5
14
330
5
100
AcDbSymbolTableRecord
100
AcDbLinetypeTableRecord
  2
ByBlock
 70
     0
  3

 72
    65
 73
     0
 40
0.0
  0
LTYPE
  5
15
330
5
100
AcDbSymbolTableRecord
100
AcDbLinetypeTableRecord
  2
ByLayer
 70
     0
  3

 72
    65
 73
     0
 40
0.0
  0
LTYPE
  5
16
330
5
100
AcDbSymbolTableRecord
100
AcDbLinetypeTableRecord
  2
Continuous
 70
     0
  3
Solid line
 72
    65
 73
     0
 40
0.0
  0
ENDTAB
  0
TABLE
  2
LAYER
  5
2
330
0
100
AcDbSymbolTable
 70
     3
  0
LAYER
  5
10
330
2
100
AcDbSymbolTableRecord
100
AcDbLayerTableRecord
  2
0
 70
     0
 62
     7
  6
Continuous
370
    -3
390
F
347
EE
348
0
  0
LAYER
  5
22D
330
2
100
AcDbSymbolTableRecord
100
AcDbLayerTableRecord
  2
Defpoints
 70
     0
 62
     7
  6
Continuous
290
     0
370
    -3
390
F
347
EE
348
0
  0
LAYER
  5
497
330
2
100
AcDbSymbolTableRecord
100
AcDbLayerTableRecord
  2
DIMENSION
 70
     0
 62
     3
  6
Continuous
370
    25
390
F
347
EE
348
0
  0
ENDTAB
  0
TABLE
  2
STYLE
  5
3
330
0
100
AcDbSymbolTable
 70
     2
  0
STYLE
  5
11
330
3
100
AcDbSymbolTableRecord
100
AcDbTextStyleTableRecord
  2
Standard
 70
     0
 40
0.0
 41
1.0
 50
0.0
 71
     0
 42
2.5
  3
txt.shx
  4

  0
STYLE
  5
1E3
330
3
100
AcDbSymbolTableRecord
100
AcDbTextStyleTableRecord
  2

 70
     1
 40
0.0
 41
1.0
 50
0.0
 71
     0
 42
0.2
  3
GOST 2.303-68.shx
  4

  0
ENDTAB
  0
TABLE
  2
VIEW
  5
6
330
0
100
AcDbSymbolTable
 70
     0
  0
ENDTAB
  0
TABLE
  2
UCS
  5
7
330
0
100
AcDbSymbolTable
 70
     0
  0
ENDTAB
  0
TABLE
  2
APPID
  5
9
330
0
100
AcDbSymbolTable
 70
    14
  0
APPID
  5
12
330
9
100
AcDbSymbolTableRecord
100
AcDbRegAppTableRecord
  2
ACAD
 70
     0
  0
APPID
  5
9E
330
9
100
AcDbSymbolTableRecord
100
AcDbRegAppTableRecord
  2
ACAD_PSEXT
 70
     0
  0
APPID
  5
133
330
9
100
AcDbSymbolTableRecord
100
AcDbRegAppTableRecord
  2
AcadAnnoPO
 70
     0
  0
APPID
  5
134
330
9
100
AcDbSymbolTableRecord
100
AcDbRegAppTableRecord
  2
AcadAnnotative
 70
     0
  0
APPID
  5
135
330
9
100
AcDbSymbolTableRecord
100
AcDbRegAppTableRecord
  2
ACAD_DSTYLE_DIMJAG
 70
     0
  0
APPID
  5
136
330
9
100
AcDbSymbolTableRecord
100
AcDbRegAppTableRecord
  2
ACAD_DSTYLE_DIMTALN
 70
     0
  0
APPID
  5
165
330
9
100
AcDbSymbolTableRecord
100
AcDbRegAppTableRecord
  2
ACAD_MLEADERVER
 70
     0
  0
APPID
  5
1E1
330
9
100
AcDbSymbolTableRecord
100
AcDbRegAppTableRecord
  2
MCS_DIM1
 70
     0
  0
APPID
  5
1E2
330
9
100
AcDbSymbolTableRecord
100
AcDbRegAppTableRecord
  2
McsXdata5
 70
     0
  0
APPID
  5
209
330
9
100
AcDbSymbolTableRecord
100
AcDbRegAppTableRecord
  2
MCS_PARAMS_DATA
 70
     0
  0
APPID
  5
20C
330
9
100
AcDbSymbolTableRecord
100
AcDbRegAppTableRecord
  2
MCS_PARAMS_HIDDEN_DATA
 70
     0
  0
APPID
  5
34D
330
9
100
AcDbSymbolTableRecord
100
AcDbRegAppTableRecord
  2
MCS_DOCUMENT_ID
 70
     0
  0
APPID
  5
353
330
9
100
AcDbSymbolTableRecord
100
AcDbRegAppTableRecord
  2
McSubentIdentification
 70
     0
  0
APPID
  5
355
330
9
100
AcDbSymbolTableRecord
100
AcDbRegAppTableRecord
  2
MC_VERSION_DATA
 70
     0
  0
ENDTAB
  0
TABLE
  2
DIMSTYLE
  5
A
330
0
100
AcDbSymbolTable
 70
     1
100
AcDbDimStyleTable
  0
DIMSTYLE
105
1B0
330
A
100
AcDbSymbolTableRecord
100
AcDbDimStyleTableRecord
  2
Standard
 70
     0
 40
100.0
 41
2.5
 42
0.5
 43
6.0
 44
0.0
 50
45.000001
 73
     0
140
2.5
141
2.5
147
1.0
178
     0
340
11
345
15
346
15
347
15
  0
ENDTAB
  0
TABLE
  2
BLOCK_RECORD
  5
1
330
0
100
AcDbSymbolTable
 70
    10
  0
BLOCK_RECORD
  5
1F
102
{ACAD_XDICTIONARY
360
234
102
}
330
1
100
AcDbSymbolTableRecord
100
AcDbBlockTableRecord
  2
*Model_Space
340
22
 70
     0
280
     1
281
     0
  0
BLOCK_RECORD
  5
D6
330
1
100
AcDbSymbolTableRecord
100
AcDbBlockTableRecord
  2
*Paper_Space
340
D7
 70
     0
280
     1
281
     0
  0
BLOCK_RECORD
  5
21A
330
1
100
AcDbSymbolTableRecord
100
AcDbBlockTableRecord
  2
*Paper_Space0
340
21B
 70
     0
280
     1
281
     0
  0
BLOCK_RECORD
  5
1EC
330
1
100
AcDbSymbolTableRecord
100
AcDbBlockTableRecord
  2
_ARCHTICK
340
0
 70
     0
280
     1
281
     0
  0
BLOCK_RECORD
  5
1F4
330
1
100
AcDbSymbolTableRecord
100
AcDbBlockTableRecord
  2
_OPEN30
340
0
 70
     0
280
     1
281
     0
  0
BLOCK_RECORD
  5
1FC
330
1
100
AcDbSymbolTableRecord
100
AcDbBlockTableRecord
  2
_DOT
340
0
 70
     0
280
     1
281
     0
  0
BLOCK_RECORD
  5
224
330
1
100
AcDbSymbolTableRecord
100
AcDbBlockTableRecord
  2
*Paper_Space4
340
225
 70
     0
280
     1
281
     0
  0
BLOCK_RECORD
  5
D2
330
1
100
AcDbSymbolTableRecord
100
AcDbBlockTableRecord
  2
*Paper_Space5
340
D3
 70
     0
280
     1
281
     0
  0
BLOCK_RECORD
  5
21F
330
1
100
AcDbSymbolTableRecord
100
AcDbBlockTableRecord
  2
*Paper_Space6
340
220
 70
     0
280
     1
281
     0
  0
BLOCK_RECORD
  5
210
330
1
100
AcDbSymbolTableRecord
100
AcDbBlockTableRecord
  2
*Paper_Space7
340
211
 70
     0
280
     1
281
     0
  0
BLOCK_RECORD
  5
215
330
1
100
AcDbSymbolTableRecord
100
AcDbBlockTableRecord
  2
*Paper_Space8
340
216
 70
     0
280
     1
281
     0
  0
BLOCK_RECORD
  5
48A
330
1
100
AcDbSymbolTableRecord
100
AcDbBlockTableRecord
  2
*D9
340
0
 70
     0
280
     1
281
     0
  0
ENDTAB
  0
ENDSEC
  0
SECTION
  2
BLOCKS
  0
BLOCK
  5
20
330
1F
100
AcDbEntity
  8
0
100
AcDbBlockBegin
  2
*Model_Space
 70
     0
 10
0.0
 20
0.0
 30
0.0
  3
*Model_Space
  1
*Model_Space
  0
ENDBLK
  5
21
330
1F
100
AcDbEntity
  8
0
100
AcDbBlockEnd
  0
BLOCK
  5
D8
330
D6
100
AcDbEntity
 67
     1
  8
0
100
AcDbBlockBegin
  2
*Paper_Space
 70
     0
 10
0.0
 20
0.0
 30
0.0
  3
*Paper_Space
  1
*Paper_Space
  0
ENDBLK
  5
D9
330
D6
100
AcDbEntity
 67
     1
  8
0
100
AcDbBlockEnd
  0
BLOCK
  5
21C
330
21A
100
AcDbEntity
  8
0
100
AcDbBlockBegin
  2
*Paper_Space0
 70
     0
 10
0.0
 20
0.0
 30
0.0
  3
*Paper_Space0
  1
*Paper_Space0
  0
VIEWPORT
  5
21E
330
21A
100
AcDbEntity
  8
0
 48
100.0
100
AcDbViewport
 10
0.0
 20
0.0
 30
0.0
 40
840.779612
 41
486.114466
 68
     1
 69
     1
 12
328.692132
 22
196.71883
 13
0.0
 23
0.0
 14
10.0
 24
10.0
 15
10.0
 25
10.0
 16
0.0
 26
0.0
 36
1.0
 17
0.0
 27
0.0
 37
0.0
 42
50.0
 43
0.0
 44
0.0
 45
486.114466
 50
0.0
 51
0.0
 72
   100
 90
   557168
  1

281
     0
 71
     1
 74
     0
110
0.0
120
0.0
130
0.0
111
1.0
121
0.0
131
0.0
112
0.0
122
1.0
132
0.0
 79
     0
146
0.0
170
     0
 61
     5
348
F5
292
     1
282
     1
141
0.0
142
0.0
 63
   256
  0
ENDBLK
  5
21D
330
21A
100
AcDbEntity
  8
0
100
AcDbBlockEnd
  0
BLOCK
  5
1ED
330
1EC
100
AcDbEntity
  8
0
100
AcDbBlockBegin
  2
_ARCHTICK
 70
     0
 10
0.0
 20
0.0
 30
0.0
  3
_ARCHTICK
  1
_ARCHTICK
  0
POLYLINE
  5
1EF
330
1EC
100
AcDbEntity
  8
0
  6
ByBlock
 62
     0
100
AcDb2dPolyline
 66
     1
 10
0.0
 20
0.0
 30
0.0
 40
0.15
 41
0.15
  0
VERTEX
  5
1F0
330
1EF
100
AcDbEntity
  8
0
  6
ByBlock
 62
     0
100
AcDbVertex
100
AcDb2dVertex
 10
-0.5
 20
-0.5
 30
0.0
  0
VERTEX
  5
1F1
330
1EF
100
AcDbEntity
  8
0
  6
ByBlock
 62
     0
100
AcDbVertex
100
AcDb2dVertex
 10
0.5
 20
0.5
 30
0.0
  0
SEQEND
  5
1F2
330
1EF
100
AcDbEntity
  8
0
  6
ByBlock
 62
     0
  0
ENDBLK
  5
1EE
330
1EC
100
AcDbEntity
  8
0
100
AcDbBlockEnd
  0
BLOCK
  5
1F5
330
1F4
100
AcDbEntity
  8
0
100
AcDbBlockBegin
  2
_OPEN30
 70
     0
 10
0.0
 20
0.0
 30
0.0
  3
_OPEN30
  1
_OPEN30
  0
LINE
  5
1F7
330
1F4
100
AcDbEntity
  8
0
  6
ByBlock
 62
     0
370
    -2
100
AcDbLine
 10
-1.0
 20
0.267949
 30
0.0
 11
0.0
 21
0.0
 31
0.0
  0
LINE
  5
1F8
330
1F4
100
AcDbEntity
  8
0
  6
ByBlock
 62
     0
370
    -2
100
AcDbLine
 10
0.0
 20
0.0
 30
0.0
 11
-1.0
 21
-0.267949
 31
0.0
  0
LINE
  5
1F9
330
1F4
100
AcDbEntity
  8
0
  6
ByBlock
 62
     0
370
    -2
100
AcDbLine
 10
0.0
 20
0.0
 30
0.0
 11
-1.0
 21
0.0
 31
0.0
  0
ENDBLK
  5
1F6
330
1F4
100
AcDbEntity
  8
0
100
AcDbBlockEnd
  0
BLOCK
  5
1FD
330
1FC
100
AcDbEntity
  8
0
100
AcDbBlockBegin
  2
_DOT
 70
     0
 10
0.0
 20
0.0
 30
0.0
  3
_DOT
  1
_DOT
  0
POLYLINE
  5
1FF
330
1FC
100
AcDbEntity
  8
0
  6
ByBlock
 62
     0
100
AcDb2dPolyline
 66
     1
 10
0.0
 20
0.0
 30
0.0
 70
     1
 40
0.5
 41
0.5
  0
VERTEX
  5
201
330
1FF
100
AcDbEntity
  8
0
  6
ByBlock
 62
     0
100
AcDbVertex
100
AcDb2dVertex
 10
-0.25
 20
0.0
 30
0.0
 42
1.0
  0
VERTEX
  5
202
330
1FF
100
AcDbEntity
  8
0
  6
ByBlock
 62
     0
100
AcDbVertex
100
AcDb2dVertex
 10
0.25
 20
0.0
 30
0.0
 42
1.0
  0
SEQEND
  5
203
330
1FF
100
AcDbEntity
  8
0
  6
ByBlock
 62
     0
  0
LINE
  5
200
330
1FC
100
AcDbEntity
  8
0
  6
ByBlock
 62
     0
370
    -2
100
AcDbLine
 10
-0.5
 20
0.0
 30
0.0
 11
-1.0
 21
0.0
 31
0.0
  0
ENDBLK
  5
1FE
330
1FC
100
AcDbEntity
  8
0
100
AcDbBlockEnd
  0
BLOCK
  5
226
330
224
100
AcDbEntity
  8
0
100
AcDbBlockBegin
  2
*Paper_Space4
 70
     0
 10
0.0
 20
0.0
 30
0.0
  3
*Paper_Space4
  1
*Paper_Space4
  0
VIEWPORT
  5
228
330
224
100
AcDbEntity
  8
0
 48
100.0
100
AcDbViewport
 10
0.0
 20
0.0
 30
0.0
 40
1715.87676
 41
992.070339
 68
     1
 69
     1
 12
497.20797
 22
380.27835
 13
0.0
 23
0.0
 14
10.0
 24
10.0
 15
10.0
 25
10.0
 16
0.0
 26
0.0
 36
1.0
 17
0.0
 27
0.0
 37
0.0
 42
50.0
 43
0.0
 44
0.0
 45
992.070339
 50
0.0
 51
0.0
 72
   100
 90
   557168
  1

281
     0
 71
     1
 74
     0
110
0.0
120
0.0
130
0.0
111
1.0
121
0.0
131
0.0
112
0.0
122
1.0
132
0.0
 79
     0
146
0.0
170
     0
 61
     5
348
F5
292
     1
282
     1
141
0.0
142
0.0
 63
   256
  0
ENDBLK
  5
227
330
224
100
AcDbEntity
  8
0
100
AcDbBlockEnd
  0
BLOCK
  5
D4
330
D2
100
AcDbEntity
  8
0
100
AcDbBlockBegin
  2
*Paper_Space5
 70
     0
 10
0.0
 20
0.0
 30
0.0
  3
*Paper_Space5
  1
*Paper_Space5
  0
VIEWPORT
  5
229
330
D2
100
AcDbEntity
  8
0
 48
100.0
100
AcDbViewport
 10
0.0
 20
0.0
 30
0.0
 40
460.802478
 41
238.196088
 68
     1
 69
     1
 12
128.5
 22
97.5
 13
0.0
 23
0.0
 14
10.0
 24
10.0
 15
10.0
 25
10.0
 16
0.0
 26
0.0
 36
1.0
 17
0.0
 27
0.0
 37
0.0
 42
50.0
 43
0.0
 44
0.0
 45
238.196088
 50
0.0
 51
0.0
 72
   100
 90
   557168
  1

281
     0
 71
     1
 74
     0
110
0.0
120
0.0
130
0.0
111
1.0
121
0.0
131
0.0
112
0.0
122
1.0
132
0.0
 79
     0
146
0.0
170
     0
 61
     5
348
F5
292
     1
282
     1
141
0.0
142
0.0
 63
   256
  0
ENDBLK
  5
D5
330
D2
100
AcDbEntity
  8
0
100
AcDbBlockEnd
  0
BLOCK
  5
221
330
21F
100
AcDbEntity
  8
0
100
AcDbBlockBegin
  2
*Paper_Space6
 70
     0
 10
0.0
 20
0.0
 30
0.0
  3
*Paper_Space6
  1
*Paper_Space6
  0
VIEWPORT
  5
223
330
21F
100
AcDbEntity
  8
0
 48
100.0
100
AcDbViewport
 10
0.0
 20
0.0
 30
0.0
 40
1201.113732
 41
694.449237
 68
     1
 69
     1
 12
454.893705
 22
285.342469
 13
0.0
 23
0.0
 14
10.0
 24
10.0
 15
10.0
 25
10.0
 16
0.0
 26
0.0
 36
1.0
 17
0.0
 27
0.0
 37
0.0
 42
50.0
 43
0.0
 44
0.0
 45
694.449237
 50
0.0
 51
0.0
 72
   100
 90
   557168
  1

281
     0
 71
     1
 74
     0
110
0.0
120
0.0
130
0.0
111
1.0
121
0.0
131
0.0
112
0.0
122
1.0
132
0.0
 79
     0
146
0.0
170
     0
 61
     5
348
F5
292
     1
282
     1
141
0.0
142
0.0
 63
   256
  0
ENDBLK
  5
222
330
21F
100
AcDbEntity
  8
0
100
AcDbBlockEnd
  0
BLOCK
  5
212
330
210
100
AcDbEntity
  8
0
100
AcDbBlockBegin
  2
*Paper_Space7
 70
     0
 10
0.0
 20
0.0
 30
0.0
  3
*Paper_Space7
  1
*Paper_Space7
  0
VIEWPORT
  5
214
330
210
100
AcDbEntity
  8
0
 48
100.0
100
AcDbViewport
 10
0.0
 20
0.0
 30
0.0
 40
588.545729
 41
340.280126
 68
     1
 69
     1
 12
151.627136
 22
129.479246
 13
0.0
 23
0.0
 14
10.0
 24
10.0
 15
10.0
 25
10.0
 16
0.0
 26
0.0
 36
1.0
 17
0.0
 27
0.0
 37
0.0
 42
50.0
 43
0.0
 44
0.0
 45
340.280126
 50
0.0
 51
0.0
 72
   100
 90
   557168
  1

281
     0
 71
     1
 74
     0
110
0.0
120
0.0
130
0.0
111
1.0
121
0.0
131
0.0
112
0.0
122
1.0
132
0.0
 79
     0
146
0.0
170
     0
 61
     5
348
F5
292
     1
282
     1
141
0.0
142
0.0
 63
   256
  0
ENDBLK
  5
213
330
210
100
AcDbEntity
  8
0
100
AcDbBlockEnd
  0
BLOCK
  5
217
330
215
100
AcDbEntity
  8
0
100
AcDbBlockBegin
  2
*Paper_Space8
 70
     0
 10
0.0
 20
0.0
 30
0.0
  3
*Paper_Space8
  1
*Paper_Space8
  0
VIEWPORT
  5
219
330
215
100
AcDbEntity
  8
0
 48
100.0
100
AcDbViewport
 10
0.0
 20
0.0
 30
0.0
 40
588.545729
 41
340.280126
 68
     1
 69
     1
 12
213.910905
 22
130.914724
 13
0.0
 23
0.0
 14
10.0
 24
10.0
 15
10.0
 25
10.0
 16
0.0
 26
0.0
 36
1.0
 17
0.0
 27
0.0
 37
0.0
 42
50.0
 43
0.0
 44
0.0
 45
340.280126
 50
0.0
 51
0.0
 72
   100
 90
   557168
  1

281
     0
 71
     1
 74
     0
110
0.0
120
0.0
130
0.0
111
1.0
121
0.0
131
0.0
112
0.0
122
1.0
132
0.0
 79
     0
146
0.0
170
     0
 61
     5
348
F5
292
     1
282
     1
141
0.0
142
0.0
 63
   256
  0
ENDBLK
  5
218
330
215
100
AcDbEntity
  8
0
100
AcDbBlockEnd
  0
BLOCK
  5
48B
330
48A
100
AcDbEntity
  8
0
100
AcDbBlockBegin
  2
*D9
 70
     1
 10
0.0
 20
0.0
 30
0.0
  3
*D9
  1
*D9
  0
LINE
  5
48D
330
48A
100
AcDbEntity
  8
DIMENSION
 62
     0
370
    -2
100
AcDbLine
 10
33.106849
 20
110.32397
 30
0.0
 11
27.606849
 21
110.32397
 31
0.0
  0
LINE
  5
48E
330
48A
100
AcDbEntity
  8
DIMENSION
 62
     0
370
    -2
100
AcDbLine
 10
32.106849
 20
111.32397
 30
0.0
 11
27.606849
 21
111.32397
 31
0.0
  0
LINE
  5
48F
330
48A
100
AcDbEntity
  8
DIMENSION
 62
     0
370
    -2
100
AcDbLine
 10
27.606849
 20
116.32397
 30
0.0
 11
30.106849
 21
116.32397
 31
0.0
  0
LINE
  5
490
330
48A
100
AcDbEntity
  8
DIMENSION
 62
     0
370
    -2
100
AcDbLine
 10
27.606849
 20
107.82397
 30
0.0
 11
27.606849
 21
105.32397
 31
0.0
  0
LINE
  5
491
330
48A
100
AcDbEntity
  8
DIMENSION
 62
     0
370
    -2
100
AcDbLine
 10
27.606849
 20
113.82397
 30
0.0
 11
27.606849
 21
116.32397
 31
0.0
  0
SOLID
  5
492
330
48A
100
AcDbEntity
  8
DIMENSION
 62
     0
100
AcDbTrace
 10
28.023516
 20
107.82397
 30
0.0
 11
27.190182
 21
107.82397
 31
0.0
 12
27.606849
 22
110.32397
 32
0.0
 13
27.606849
 23
110.32397
 33
0.0
  0
SOLID
  5
493
330
48A
100
AcDbEntity
  8
DIMENSION
 62
     0
100
AcDbTrace
 10
27.190182
 20
113.82397
 30
0.0
 11
28.023516
 21
113.82397
 31
0.0
 12
27.606849
 22
111.32397
 32
0.0
 13
27.606849
 23
111.32397
 33
0.0
  0
MTEXT
  5
494
330
48A
100
AcDbEntity
  8
DIMENSION
 62
     0
100
AcDbMText
 10
36.106849
 20
116.32397
 30
0.0
 40
2.5
 41
0.0
 46
0.0
 71
     5
 72
     1
  1
\A1;1.0000
 73
     1
 44
1.0
  0
POINT
  5
495
330
48A
100
AcDbEntity
  8
Defpoints
 62
     0
100
AcDbPoint
 10
33.606849
 20
110.32397
 30
0.0
  0
POINT
  5
496
330
48A
100
AcDbEntity
  8
Defpoints
 62
     0
100
AcDbPoint
 10
32.606849
 20
111.32397
 30
0.0
  0
POINT
  5
49A
330
48A
100
AcDbEntity
  8
Defpoints
 62
     0
100
AcDbPoint
 10
27.606849
 20
111.32397
 30
0.0
  0
ENDBLK
  5
48C
330
48A
100
AcDbEntity
  8
0
100
AcDbBlockEnd
  0
ENDSEC
  0
SECTION
  2
ENTITIES
  0
LWPOLYLINE
  5
389
330
1F
100
AcDbEntity
  8
0
  6
ByBlock
100
AcDbPolyline
 90
        8
 70
     1
 43
0.0
 10
5.816651
 20
171.807915
 42
-0.414214
 10
6.816651
 20
172.807915
 10
18.816651
 20
172.807915
 42
-0.414214
 10
19.816651
 20
171.807915
 10
19.816651
 20
159.807915
 42
-0.414214
 10
18.816651
 20
158.807915
 10
6.816651
 20
158.807915
 42
-0.414214
 10
5.816651
 20
159.807915
  0
LINE
  5
38A
330
1F
100
AcDbEntity
  8
0
  6
ByBlock
 62
     6
100
AcDbLine
 10
6.816651
 20
159.807915
 30
0.0
 11
18.816651
 21
171.807915
 31
0.0
  0
LINE
  5
38B
330
1F
100
AcDbEntity
  8
0
  6
ByBlock
 62
     6
100
AcDbLine
 10
6.816651
 20
171.807915
 30
0.0
 11
18.816651
 21
159.807915
 31
0.0
  0
LWPOLYLINE
  5
38C
330
1F
100
AcDbEntity
  8
0
  6
ByBlock
 62
     4
100
AcDbPolyline
 90
        4
 70
     1
 43
0.0
 10
3.291651
 20
175.332915
 10
22.341651
 20
175.332915
 10
22.341651
 20
156.282915
 10
3.291651
 20
156.282915
  0
LINE
  5
38D
330
1F
100
AcDbEntity
  8
0
  6
ByBlock
 62
     6
100
AcDbLine
 10
3.291651
 20
156.282915
 30
0.0
 11
22.341651
 21
175.332915
 31
0.0
  0
LINE
  5
38E
330
1F
100
AcDbEntity
  8
0
  6
ByBlock
 62
     6
100
AcDbLine
 10
3.291651
 20
175.332915
 30
0.0
 11
22.341651
 21
156.282915
 31
0.0
  0
LWPOLYLINE
  5
38F
330
1F
100
AcDbEntity
  8
0
 62
     4
100
AcDbPolyline
 90
        4
 70
     1
 43
0.0
 10
57.857938
 20
159.782915
 10
77.857938
 20
159.782915
 10
77.857938
 20
156.282915
 10
57.857938
 20
156.282915
  0
LWPOLYLINE
  5
390
330
1F
100
AcDbEntity
  8
0
 62
     4
100
AcDbPolyline
 90
        4
 70
     1
 43
0.0
 10
25.187774
 20
159.782915
 10
55.187774
 20
159.782915
 10
55.187774
 20
156.282915
 10
25.187774
 20
156.282915
  0
LINE
  5
391
330
1F
100
AcDbEntity
  8
0
 62
     6
100
AcDbLine
 10
25.187774
 20
159.782915
 30
0.0
 11
55.187774
 21
156.282915
 31
0.0
  0
LINE
  5
392
330
1F
100
AcDbEntity
  8
0
 62
     6
100
AcDbLine
 10
25.187774
 20
156.282915
 30
0.0
 11
55.187774
 21
159.782915
 31
0.0
  0
LINE
  5
393
330
1F
100
AcDbEntity
  8
0
 62
     6
100
AcDbLine
 10
57.857938
 20
159.782915
 30
0.0
 11
77.857938
 21
156.282915
 31
0.0
  0
LINE
  5
394
330
1F
100
AcDbEntity
  8
0
 62
     6
100
AcDbLine
 10
57.857938
 20
156.282915
 30
0.0
 11
77.857938
 21
159.782915
 31
0.0
  0
LWPOLYLINE
  5
395
330
1F
100
AcDbEntity
  8
0
  6
ByBlock
100
AcDbPolyline
 90
        8
 70
     1
 43
0.0
 10
17.043749
 20
59.17397
 42
-0.414214
 10
18.043749
 20
60.17397
 10
30.043749
 20
60.17397
 42
-0.414214
 10
31.043749
 20
59.17397
 10
31.043749
 20
47.17397
 42
-0.414214
 10
30.043749
 20
46.17397
 10
18.043749
 20
46.17397
 42
-0.414214
 10
17.043749
 20
47.17397
  0
LINE
  5
396
330
1F
100
AcDbEntity
  8
0
  6
ByBlock
 62
     6
100
AcDbLine
 10
18.043749
 20
47.17397
 30
0.0
 11
30.043749
 21
59.17397
 31
0.0
  0
LINE
  5
397
330
1F
100
AcDbEntity
  8
0
  6
ByBlock
 62
     6
100
AcDbLine
 10
18.043749
 20
59.17397
 30
0.0
 11
30.043749
 21
47.17397
 31
0.0
  0
LWPOLYLINE
  5
398
330
1F
100
AcDbEntity
  8
0
  6
ByBlock
 62
     4
100
AcDbPolyline
 90
        4
 70
     1
 43
0.0
 10
14.518749
 20
62.69897
 10
33.568749
 20
62.69897
 10
33.568749
 20
43.64897
 10
14.518749
 20
43.64897
  0
LINE
  5
399
330
1F
100
AcDbEntity
  8
0
  6
ByBlock
 62
     6
100
AcDbLine
 10
14.518749
 20
43.64897
 30
0.0
 11
33.568749
 21
62.69897
 31
0.0
  0
LINE
  5
39A
330
1F
100
AcDbEntity
  8
0
  6
ByBlock
 62
     6
100
AcDbLine
 10
14.518749
 20
62.69897
 30
0.0
 11
33.568749
 21
43.64897
 31
0.0
  0
LWPOLYLINE
  5
39B
330
1F
100
AcDbEntity
  8
0
  6
ByBlock
100
AcDbPolyline
 90
        8
 70
     1
 43
0.0
 10
17.043749
 20
78.22397
 42
-0.414214
 10
18.043749
 20
79.22397
 10
30.043749
 20
79.22397
 42
-0.414214
 10
31.043749
 20
78.22397
 10
31.043749
 20
66.22397
 42
-0.414214
 10
30.043749
 20
65.22397
 10
18.043749
 20
65.22397
 42
-0.414214
 10
17.043749
 20
66.22397
  0
LINE
  5
39C
330
1F
100
AcDbEntity
  8
0
  6
ByBlock
 62
     6
100
AcDbLine
 10
18.043749
 20
66.22397
 30
0.0
 11
30.043749
 21
78.22397
 31
0.0
  0
LINE
  5
39D
330
1F
100
AcDbEntity
  8
0
  6
ByBlock
 62
     6
100
AcDbLine
 10
18.043749
 20
78.22397
 30
0.0
 11
30.043749
 21
66.22397
 31
0.0
  0
LWPOLYLINE
  5
39E
330
1F
100
AcDbEntity
  8
0
  6
ByBlock
 62
     4
100
AcDbPolyline
 90
        4
 70
     1
 43
0.0
 10
14.518749
 20
81.74897
 10
33.568749
 20
81.74897
 10
33.568749
 20
62.69897
 10
14.518749
 20
62.69897
  0
LINE
  5
39F
330
1F
100
AcDbEntity
  8
0
  6
ByBlock
 62
     6
100
AcDbLine
 10
14.518749
 20
62.69897
 30
0.0
 11
33.568749
 21
81.74897
 31
0.0
  0
LINE
  5
3A0
330
1F
100
AcDbEntity
  8
0
  6
ByBlock
 62
     6
100
AcDbLine
 10
14.518749
 20
81.74897
 30
0.0
 11
33.568749
 21
62.69897
 31
0.0
  0
LWPOLYLINE
  5
3A1
330
1F
100
AcDbEntity
  8
0
  6
ByBlock
100
AcDbPolyline
 90
        8
 70
     1
 43
0.0
 10
17.043749
 20
97.27397
 42
-0.414214
 10
18.043749
 20
98.27397
 10
30.043749
 20
98.27397
 42
-0.414214
 10
31.043749
 20
97.27397
 10
31.043749
 20
85.27397
 42
-0.414214
 10
30.043749
 20
84.27397
 10
18.043749
 20
84.27397
 42
-0.414214
 10
17.043749
 20
85.27397
  0
LINE
  5
3A2
330
1F
100
AcDbEntity
  8
0
  6
ByBlock
 62
     6
100
AcDbLine
 10
18.043749
 20
85.27397
 30
0.0
 11
30.043749
 21
97.27397
 31
0.0
  0
LINE
  5
3A3
330
1F
100
AcDbEntity
  8
0
  6
ByBlock
 62
     6
100
AcDbLine
 10
18.043749
 20
97.27397
 30
0.0
 11
30.043749
 21
85.27397
 31
0.0
  0
LWPOLYLINE
  5
3A4
330
1F
100
AcDbEntity
  8
0
  6
ByBlock
 62
     4
100
AcDbPolyline
 90
        4
 70
     1
 43
0.0
 10
14.518749
 20
100.79897
 10
33.568749
 20
100.79897
 10
33.568749
 20
81.74897
 10
14.518749
 20
81.74897
  0
LINE
  5
3A5
330
1F
100
AcDbEntity
  8
0
  6
ByBlock
 62
     6
100
AcDbLine
 10
14.518749
 20
81.74897
 30
0.0
 11
33.568749
 21
100.79897
 31
0.0
  0
LINE
  5
3A6
330
1F
100
AcDbEntity
  8
0
  6
ByBlock
 62
     6
100
AcDbLine
 10
14.518749
 20
100.79897
 30
0.0
 11
33.568749
 21
81.74897
 31
0.0
  0
LWPOLYLINE
  5
3A7
330
1F
100
AcDbEntity
  8
0
  6
ByBlock
100
AcDbPolyline
 90
        8
 70
     1
 43
0.0
 10
36.093749
 20
49.64897
 42
-0.414214
 10
37.093749
 20
50.64897
 10
49.093749
 20
50.64897
 42
-0.414214
 10
50.093749
 20
49.64897
 10
50.093749
 20
37.64897
 42
-0.414214
 10
49.093749
 20
36.64897
 10
37.093749
 20
36.64897
 42
-0.414214
 10
36.093749
 20
37.64897
  0
LINE
  5
3A8
330
1F
100
AcDbEntity
  8
0
  6
ByBlock
 62
     6
100
AcDbLine
 10
37.093749
 20
37.64897
 30
0.0
 11
49.093749
 21
49.64897
 31
0.0
  0
LINE
  5
3A9
330
1F
100
AcDbEntity
  8
0
  6
ByBlock
 62
     6
100
AcDbLine
 10
37.093749
 20
49.64897
 30
0.0
 11
49.093749
 21
37.64897
 31
0.0
  0
LWPOLYLINE
  5
3AA
330
1F
100
AcDbEntity
  8
0
  6
ByBlock
 62
     4
100
AcDbPolyline
 90
        4
 70
     1
 43
0.0
 10
33.568749
 20
53.17397
 10
52.618749
 20
53.17397
 10
52.618749
 20
34.12397
 10
33.568749
 20
34.12397
  0
LINE
  5
3AB
330
1F
100
AcDbEntity
  8
0
  6
ByBlock
 62
     6
100
AcDbLine
 10
33.568749
 20
34.12397
 30
0.0
 11
52.618749
 21
53.17397
 31
0.0
  0
LINE
  5
3AC
330
1F
100
AcDbEntity
  8
0
  6
ByBlock
 62
     6
100
AcDbLine
 10
33.568749
 20
53.17397
 30
0.0
 11
52.618749
 21
34.12397
 31
0.0
  0
LWPOLYLINE
  5
3AD
330
1F
100
AcDbEntity
  8
0
  6
ByBlock
100
AcDbPolyline
 90
        8
 70
     1
 43
0.0
 10
36.093749
 20
68.69897
 42
-0.414214
 10
37.093749
 20
69.69897
 10
49.093749
 20
69.69897
 42
-0.414214
 10
50.093749
 20
68.69897
 10
50.093749
 20
56.69897
 42
-0.414214
 10
49.093749
 20
55.69897
 10
37.093749
 20
55.69897
 42
-0.414214
 10
36.093749
 20
56.69897
  0
LINE
  5
3AE
330
1F
100
AcDbEntity
  8
0
  6
ByBlock
 62
     6
100
AcDbLine
 10
37.093749
 20
56.69897
 30
0.0
 11
49.093749
 21
68.69897
 31
0.0
  0
LINE
  5
3AF
330
1F
100
AcDbEntity
  8
0
  6
ByBlock
 62
     6
100
AcDbLine
 10
37.093749
 20
68.69897
 30
0.0
 11
49.093749
 21
56.69897
 31
0.0
  0
LWPOLYLINE
  5
3B0
330
1F
100
AcDbEntity
  8
0
  6
ByBlock
 62
     4
100
AcDbPolyline
 90
        4
 70
     1
 43
0.0
 10
33.568749
 20
72.22397
 10
52.618749
 20
72.22397
 10
52.618749
 20
53.17397
 10
33.568749
 20
53.17397
  0
LINE
  5
3B1
330
1F
100
AcDbEntity
  8
0
  6
ByBlock
 62
     6
100
AcDbLine
 10
33.568749
 20
53.17397
 30
0.0
 11
52.618749
 21
72.22397
 31
0.0
  0
LINE
  5
3B2
330
1F
100
AcDbEntity
  8
0
  6
ByBlock
 62
     6
100
AcDbLine
 10
33.568749
 20
72.22397
 30
0.0
 11
52.618749
 21
53.17397
 31
0.0
  0
LWPOLYLINE
  5
3B3
330
1F
100
AcDbEntity
  8
0
  6
ByBlock
100
AcDbPolyline
 90
        8
 70
     1
 43
0.0
 10
36.093749
 20
87.74897
 42
-0.414214
 10
37.093749
 20
88.74897
 10
49.093749
 20
88.74897
 42
-0.414214
 10
50.093749
 20
87.74897
 10
50.093749
 20
75.74897
 42
-0.414214
 10
49.093749
 20
74.74897
 10
37.093749
 20
74.74897
 42
-0.414214
 10
36.093749
 20
75.74897
  0
LINE
  5
3B4
330
1F
100
AcDbEntity
  8
0
  6
ByBlock
 62
     6
100
AcDbLine
 10
37.093749
 20
75.74897
 30
0.0
 11
49.093749
 21
87.74897
 31
0.0
  0
LINE
  5
3B5
330
1F
100
AcDbEntity
  8
0
  6
ByBlock
 62
     6
100
AcDbLine
 10
37.093749
 20
87.74897
 30
0.0
 11
49.093749
 21
75.74897
 31
0.0
  0
LWPOLYLINE
  5
3B6
330
1F
100
AcDbEntity
  8
0
  6
ByBlock
 62
     4
100
AcDbPolyline
 90
        4
 70
     1
 43
0.0
 10
33.568749
 20
91.27397
 10
52.618749
 20
91.27397
 10
52.618749
 20
72.22397
 10
33.568749
 20
72.22397
  0
LINE
  5
3B7
330
1F
100
AcDbEntity
  8
0
  6
ByBlock
 62
     6
100
AcDbLine
 10
33.568749
 20
72.22397
 30
0.0
 11
52.618749
 21
91.27397
 31
0.0
  0
LINE
  5
3B8
330
1F
100
AcDbEntity
  8
0
  6
ByBlock
 62
     6
100
AcDbLine
 10
33.568749
 20
91.27397
 30
0.0
 11
52.618749
 21
72.22397
 31
0.0
  0
LWPOLYLINE
  5
3B9
330
1F
100
AcDbEntity
  8
0
  6
ByBlock
100
AcDbPolyline
 90
        8
 70
     1
 43
0.0
 10
36.093749
 20
106.79897
 42
-0.414214
 10
37.093749
 20
107.79897
 10
49.093749
 20
107.79897
 42
-0.414214
 10
50.093749
 20
106.79897
 10
50.093749
 20
94.79897
 42
-0.414214
 10
49.093749
 20
93.79897
 10
37.093749
 20
93.79897
 42
-0.414214
 10
36.093749
 20
94.79897
  0
LINE
  5
3BA
330
1F
100
AcDbEntity
  8
0
  6
ByBlock
 62
     6
100
AcDbLine
 10
37.093749
 20
94.79897
 30
0.0
 11
49.093749
 21
106.79897
 31
0.0
  0
LINE
  5
3BB
330
1F
100
AcDbEntity
  8
0
  6
ByBlock
 62
     6
100
AcDbLine
 10
37.093749
 20
106.79897
 30
0.0
 11
49.093749
 21
94.79897
 31
0.0
  0
LWPOLYLINE
  5
3BC
330
1F
100
AcDbEntity
  8
0
  6
ByBlock
 62
     4
100
AcDbPolyline
 90
        4
 70
     1
 43
0.0
 10
33.568749
 20
110.32397
 10
52.618749
 20
110.32397
 10
52.618749
 20
91.27397
 10
33.568749
 20
91.27397
  0
LINE
  5
3BD
330
1F
100
AcDbEntity
  8
0
  6
ByBlock
 62
     6
100
AcDbLine
 10
33.568749
 20
91.27397
 30
0.0
 11
52.618749
 21
110.32397
 31
0.0
  0
LINE
  5
3BE
330
1F
100
AcDbEntity
  8
0
  6
ByBlock
 62
     6
100
AcDbLine
 10
33.568749
 20
110.32397
 30
0.0
 11
52.618749
 21
91.27397
 31
0.0
  0
LWPOLYLINE
  5
3BF
330
1F
100
AcDbEntity
  8
0
  6
ByBlock
100
AcDbPolyline
 90
        8
 70
     1
 43
0.0
 10
55.143749
 20
116.32397
 42
-0.414214
 10
56.143749
 20
117.32397
 10
68.143749
 20
117.32397
 42
-0.414214
 10
69.143749
 20
116.32397
 10
69.143749
 20
104.32397
 42
-0.414214
 10
68.143749
 20
103.32397
 10
56.143749
 20
103.32397
 42
-0.414214
 10
55.143749
 20
104.32397
  0
LINE
  5
3C0
330
1F
100
AcDbEntity
  8
0
  6
ByBlock
 62
     6
100
AcDbLine
 10
56.143749
 20
104.32397
 30
0.0
 11
68.143749
 21
116.32397
 31
0.0
  0
LINE
  5
3C1
330
1F
100
AcDbEntity
  8
0
  6
ByBlock
 62
     6
100
AcDbLine
 10
56.143749
 20
116.32397
 30
0.0
 11
68.143749
 21
104.32397
 31
0.0
  0
LWPOLYLINE
  5
3C2
330
1F
100
AcDbEntity
  8
0
  6
ByBlock
 62
     4
100
AcDbPolyline
 90
        4
 70
     1
 43
0.0
 10
52.618749
 20
119.84897
 10
71.668749
 20
119.84897
 10
71.668749
 20
100.79897
 10
52.618749
 20
100.79897
  0
LINE
  5
3C3
330
1F
100
AcDbEntity
  8
0
  6
ByBlock
 62
     6
100
AcDbLine
 10
52.618749
 20
100.79897
 30
0.0
 11
71.668749
 21
119.84897
 31
0.0
  0
LINE
  5
3C4
330
1F
100
AcDbEntity
  8
0
  6
ByBlock
 62
     6
100
AcDbLine
 10
52.618749
 20
119.84897
 30
0.0
 11
71.668749
 21
100.79897
 31
0.0
  0
LWPOLYLINE
  5
3C5
330
1F
100
AcDbEntity
  8
0
  6
ByBlock
100
AcDbPolyline
 90
        8
 70
     1
 43
0.0
 10
55.143749
 20
97.27397
 42
-0.414214
 10
56.143749
 20
98.27397
 10
68.143749
 20
98.27397
 42
-0.414214
 10
69.143749
 20
97.27397
 10
69.143749
 20
85.27397
 42
-0.414214
 10
68.143749
 20
84.27397
 10
56.143749
 20
84.27397
 42
-0.414214
 10
55.143749
 20
85.27397
  0
LINE
  5
3C6
330
1F
100
AcDbEntity
  8
0
  6
ByBlock
 62
     6
100
AcDbLine
 10
56.143749
 20
85.27397
 30
0.0
 11
68.143749
 21
97.27397
 31
0.0
  0
LINE
  5
3C7
330
1F
100
AcDbEntity
  8
0
  6
ByBlock
 62
     6
100
AcDbLine
 10
56.143749
 20
97.27397
 30
0.0
 11
68.143749
 21
85.27397
 31
0.0
  0
LWPOLYLINE
  5
3C8
330
1F
100
AcDbEntity
  8
0
  6
ByBlock
 62
     4
100
AcDbPolyline
 90
        4
 70
     1
 43
0.0
 10
52.618749
 20
100.79897
 10
71.668749
 20
100.79897
 10
71.668749
 20
81.74897
 10
52.618749
 20
81.74897
  0
LINE
  5
3C9
330
1F
100
AcDbEntity
  8
0
  6
ByBlock
 62
     6
100
AcDbLine
 10
52.618749
 20
81.74897
 30
0.0
 11
71.668749
 21
100.79897
 31
0.0
  0
LINE
  5
3CA
330
1F
100
AcDbEntity
  8
0
  6
ByBlock
 62
     6
100
AcDbLine
 10
52.618749
 20
100.79897
 30
0.0
 11
71.668749
 21
81.74897
 31
0.0
  0
LWPOLYLINE
  5
3CB
330
1F
100
AcDbEntity
  8
0
  6
ByBlock
100
AcDbPolyline
 90
        8
 70
     1
 43
0.0
 10
55.143749
 20
78.22397
 42
-0.414214
 10
56.143749
 20
79.22397
 10
68.143749
 20
79.22397
 42
-0.414214
 10
69.143749
 20
78.22397
 10
69.143749
 20
66.22397
 42
-0.414214
 10
68.143749
 20
65.22397
 10
56.143749
 20
65.22397
 42
-0.414214
 10
55.143749
 20
66.22397
  0
LINE
  5
3CC
330
1F
100
AcDbEntity
  8
0
  6
ByBlock
 62
     6
100
AcDbLine
 10
56.143749
 20
66.22397
 30
0.0
 11
68.143749
 21
78.22397
 31
0.0
  0
LINE
  5
3CD
330
1F
100
AcDbEntity
  8
0
  6
ByBlock
 62
     6
100
AcDbLine
 10
56.143749
 20
78.22397
 30
0.0
 11
68.143749
 21
66.22397
 31
0.0
  0
LWPOLYLINE
  5
3CE
330
1F
100
AcDbEntity
  8
0
  6
ByBlock
 62
     4
100
AcDbPolyline
 90
        4
 70
     1
 43
0.0
 10
52.618749
 20
81.74897
 10
71.668749
 20
81.74897
 10
71.668749
 20
62.69897
 10
52.618749
 20
62.69897
  0
LINE
  5
3CF
330
1F
100
AcDbEntity
  8
0
  6
ByBlock
 62
     6
100
AcDbLine
 10
52.618749
 20
62.69897
 30
0.0
 11
71.668749
 21
81.74897
 31
0.0
  0
LINE
  5
3D0
330
1F
100
AcDbEntity
  8
0
  6
ByBlock
 62
     6
100
AcDbLine
 10
52.618749
 20
81.74897
 30
0.0
 11
71.668749
 21
62.69897
 31
0.0
  0
LWPOLYLINE
  5
3D1
330
1F
100
AcDbEntity
  8
0
  6
ByBlock
100
AcDbPolyline
 90
        8
 70
     1
 43
0.0
 10
55.143749
 20
59.17397
 42
-0.414214
 10
56.143749
 20
60.17397
 10
68.143749
 20
60.17397
 42
-0.414214
 10
69.143749
 20
59.17397
 10
69.143749
 20
47.17397
 42
-0.414214
 10
68.143749
 20
46.17397
 10
56.143749
 20
46.17397
 42
-0.414214
 10
55.143749
 20
47.17397
  0
LINE
  5
3D2
330
1F
100
AcDbEntity
  8
0
  6
ByBlock
 62
     6
100
AcDbLine
 10
56.143749
 20
47.17397
 30
0.0
 11
68.143749
 21
59.17397
 31
0.0
  0
LINE
  5
3D3
330
1F
100
AcDbEntity
  8
0
  6
ByBlock
 62
     6
100
AcDbLine
 10
56.143749
 20
59.17397
 30
0.0
 11
68.143749
 21
47.17397
 31
0.0
  0
LWPOLYLINE
  5
3D4
330
1F
100
AcDbEntity
  8
0
  6
ByBlock
 62
     4
100
AcDbPolyline
 90
        4
 70
     1
 43
0.0
 10
52.618749
 20
62.69897
 10
71.668749
 20
62.69897
 10
71.668749
 20
43.64897
 10
52.618749
 20
43.64897
  0
LINE
  5
3D5
330
1F
100
AcDbEntity
  8
0
  6
ByBlock
 62
     6
100
AcDbLine
 10
52.618749
 20
43.64897
 30
0.0
 11
71.668749
 21
62.69897
 31
0.0
  0
LINE
  5
3D6
330
1F
100
AcDbEntity
  8
0
  6
ByBlock
 62
     6
100
AcDbLine
 10
52.618749
 20
62.69897
 30
0.0
 11
71.668749
 21
43.64897
 31
0.0
  0
LWPOLYLINE
  5
3D7
330
1F
100
AcDbEntity
  8
0
  6
ByBlock
100
AcDbPolyline
 90
        8
 70
     1
 43
0.0
 10
55.143749
 20
40.12397
 42
-0.414214
 10
56.143749
 20
41.12397
 10
68.143749
 20
41.12397
 42
-0.414214
 10
69.143749
 20
40.12397
 10
69.143749
 20
28.12397
 42
-0.414214
 10
68.143749
 20
27.12397
 10
56.143749
 20
27.12397
 42
-0.414214
 10
55.143749
 20
28.12397
  0
LINE
  5
3D8
330
1F
100
AcDbEntity
  8
0
  6
ByBlock
 62
     6
100
AcDbLine
 10
56.143749
 20
28.12397
 30
0.0
 11
68.143749
 21
40.12397
 31
0.0
  0
LINE
  5
3D9
330
1F
100
AcDbEntity
  8
0
  6
ByBlock
 62
     6
100
AcDbLine
 10
56.143749
 20
40.12397
 30
0.0
 11
68.143749
 21
28.12397
 31
0.0
  0
LWPOLYLINE
  5
3DA
330
1F
100
AcDbEntity
  8
0
  6
ByBlock
 62
     4
100
AcDbPolyline
 90
        4
 70
     1
 43
0.0
 10
52.618749
 20
43.64897
 10
71.668749
 20
43.64897
 10
71.668749
 20
24.59897
 10
52.618749
 20
24.59897
  0
LINE
  5
3DB
330
1F
100
AcDbEntity
  8
0
  6
ByBlock
 62
     6
100
AcDbLine
 10
52.618749
 20
24.59897
 30
0.0
 11
71.668749
 21
43.64897
 31
0.0
  0
LINE
  5
3DC
330
1F
100
AcDbEntity
  8
0
  6
ByBlock
 62
     6
100
AcDbLine
 10
52.618749
 20
43.64897
 30
0.0
 11
71.668749
 21
24.59897
 31
0.0
  0
LWPOLYLINE
  5
3DD
330
1F
100
AcDbEntity
  8
0
  6
ByBlock
100
AcDbPolyline
 90
        8
 70
     1
 43
0.0
 10
74.193749
 20
119.18147
 42
-0.414214
 10
75.193749
 20
120.18147
 10
87.193749
 20
120.18147
 42
-0.414214
 10
88.193749
 20
119.18147
 10
88.193749
 20
107.18147
 42
-0.414214
 10
87.193749
 20
106.18147
 10
75.193749
 20
106.18147
 42
-0.414214
 10
74.193749
 20
107.18147
  0
LINE
  5
3DE
330
1F
100
AcDbEntity
  8
0
  6
ByBlock
 62
     6
100
AcDbLine
 10
75.193749
 20
107.18147
 30
0.0
 11
87.193749
 21
119.18147
 31
0.0
  0
LINE
  5
3DF
330
1F
100
AcDbEntity
  8
0
  6
ByBlock
 62
     6
100
AcDbLine
 10
75.193749
 20
119.18147
 30
0.0
 11
87.193749
 21
107.18147
 31
0.0
  0
LWPOLYLINE
  5
3E0
330
1F
100
AcDbEntity
  8
0
  6
ByBlock
 62
     4
100
AcDbPolyline
 90
        4
 70
     1
 43
0.0
 10
71.668749
 20
122.70647
 10
90.718749
 20
122.70647
 10
90.718749
 20
103.65647
 10
71.668749
 20
103.65647
  0
LINE
  5
3E1
330
1F
100
AcDbEntity
  8
0
  6
ByBlock
 62
     6
100
AcDbLine
 10
71.668749
 20
103.65647
 30
0.0
 11
90.718749
 21
122.70647
 31
0.0
  0
LINE
  5
3E2
330
1F
100
AcDbEntity
  8
0
  6
ByBlock
 62
     6
100
AcDbLine
 10
71.668749
 20
122.70647
 30
0.0
 11
90.718749
 21
103.65647
 31
0.0
  0
LWPOLYLINE
  5
3E3
330
1F
100
AcDbEntity
  8
0
  6
ByBlock
100
AcDbPolyline
 90
        8
 70
     1
 43
0.0
 10
74.193749
 20
100.13147
 42
-0.414214
 10
75.193749
 20
101.13147
 10
87.193749
 20
101.13147
 42
-0.414214
 10
88.193749
 20
100.13147
 10
88.193749
 20
88.13147
 42
-0.414214
 10
87.193749
 20
87.13147
 10
75.193749
 20
87.13147
 42
-0.414214
 10
74.193749
 20
88.13147
  0
LINE
  5
3E4
330
1F
100
AcDbEntity
  8
0
  6
ByBlock
 62
     6
100
AcDbLine
 10
75.193749
 20
88.13147
 30
0.0
 11
87.193749
 21
100.13147
 31
0.0
  0
LINE
  5
3E5
330
1F
100
AcDbEntity
  8
0
  6
ByBlock
 62
     6
100
AcDbLine
 10
75.193749
 20
100.13147
 30
0.0
 11
87.193749
 21
88.13147
 31
0.0
  0
LWPOLYLINE
  5
3E6
330
1F
100
AcDbEntity
  8
0
  6
ByBlock
 62
     4
100
AcDbPolyline
 90
        4
 70
     1
 43
0.0
 10
71.668749
 20
103.65647
 10
90.718749
 20
103.65647
 10
90.718749
 20
84.60647
 10
71.668749
 20
84.60647
  0
LINE
  5
3E7
330
1F
100
AcDbEntity
  8
0
  6
ByBlock
 62
     6
100
AcDbLine
 10
71.668749
 20
84.60647
 30
0.0
 11
90.718749
 21
103.65647
 31
0.0
  0
LINE
  5
3E8
330
1F
100
AcDbEntity
  8
0
  6
ByBlock
 62
     6
100
AcDbLine
 10
71.668749
 20
103.65647
 30
0.0
 11
90.718749
 21
84.60647
 31
0.0
  0
LWPOLYLINE
  5
3E9
330
1F
100
AcDbEntity
  8
0
  6
ByBlock
100
AcDbPolyline
 90
        8
 70
     1
 43
0.0
 10
74.193749
 20
81.08147
 42
-0.414214
 10
75.193749
 20
82.08147
 10
87.193749
 20
82.08147
 42
-0.414214
 10
88.193749
 20
81.08147
 10
88.193749
 20
69.08147
 42
-0.414214
 10
87.193749
 20
68.08147
 10
75.193749
 20
68.08147
 42
-0.414214
 10
74.193749
 20
69.08147
  0
LINE
  5
3EA
330
1F
100
AcDbEntity
  8
0
  6
ByBlock
 62
     6
100
AcDbLine
 10
75.193749
 20
69.08147
 30
0.0
 11
87.193749
 21
81.08147
 31
0.0
  0
LINE
  5
3EB
330
1F
100
AcDbEntity
  8
0
  6
ByBlock
 62
     6
100
AcDbLine
 10
75.193749
 20
81.08147
 30
0.0
 11
87.193749
 21
69.08147
 31
0.0
  0
LWPOLYLINE
  5
3EC
330
1F
100
AcDbEntity
  8
0
  6
ByBlock
 62
     4
100
AcDbPolyline
 90
        4
 70
     1
 43
0.0
 10
71.668749
 20
84.60647
 10
90.718749
 20
84.60647
 10
90.718749
 20
65.55647
 10
71.668749
 20
65.55647
  0
LINE
  5
3ED
330
1F
100
AcDbEntity
  8
0
  6
ByBlock
 62
     6
100
AcDbLine
 10
71.668749
 20
65.55647
 30
0.0
 11
90.718749
 21
84.60647
 31
0.0
  0
LINE
  5
3EE
330
1F
100
AcDbEntity
  8
0
  6
ByBlock
 62
     6
100
AcDbLine
 10
71.668749
 20
84.60647
 30
0.0
 11
90.718749
 21
65.55647
 31
0.0
  0
LWPOLYLINE
  5
3EF
330
1F
100
AcDbEntity
  8
0
  6
ByBlock
100
AcDbPolyline
 90
        8
 70
     1
 43
0.0
 10
74.193749
 20
62.03147
 42
-0.414214
 10
75.193749
 20
63.03147
 10
87.193749
 20
63.03147
 42
-0.414214
 10
88.193749
 20
62.03147
 10
88.193749
 20
50.03147
 42
-0.414214
 10
87.193749
 20
49.03147
 10
75.193749
 20
49.03147
 42
-0.414214
 10
74.193749
 20
50.03147
  0
LINE
  5
3F0
330
1F
100
AcDbEntity
  8
0
  6
ByBlock
 62
     6
100
AcDbLine
 10
75.193749
 20
50.03147
 30
0.0
 11
87.193749
 21
62.03147
 31
0.0
  0
LINE
  5
3F1
330
1F
100
AcDbEntity
  8
0
  6
ByBlock
 62
     6
100
AcDbLine
 10
75.193749
 20
62.03147
 30
0.0
 11
87.193749
 21
50.03147
 31
0.0
  0
LWPOLYLINE
  5
3F2
330
1F
100
AcDbEntity
  8
0
  6
ByBlock
 62
     4
100
AcDbPolyline
 90
        4
 70
     1
 43
0.0
 10
71.668749
 20
65.55647
 10
90.718749
 20
65.55647
 10
90.718749
 20
46.50647
 10
71.668749
 20
46.50647
  0
LINE
  5
3F3
330
1F
100
AcDbEntity
  8
0
  6
ByBlock
 62
     6
100
AcDbLine
 10
71.668749
 20
46.50647
 30
0.0
 11
90.718749
 21
65.55647
 31
0.0
  0
LINE
  5
3F4
330
1F
100
AcDbEntity
  8
0
  6
ByBlock
 62
     6
100
AcDbLine
 10
71.668749
 20
65.55647
 30
0.0
 11
90.718749
 21
46.50647
 31
0.0
  0
LWPOLYLINE
  5
3F5
330
1F
100
AcDbEntity
  8
0
  6
ByBlock
100
AcDbPolyline
 90
        8
 70
     1
 43
0.0
 10
74.193749
 20
42.98147
 42
-0.414214
 10
75.193749
 20
43.98147
 10
87.193749
 20
43.98147
 42
-0.414214
 10
88.193749
 20
42.98147
 10
88.193749
 20
30.98147
 42
-0.414214
 10
87.193749
 20
29.98147
 10
75.193749
 20
29.98147
 42
-0.414214
 10
74.193749
 20
30.98147
  0
LINE
  5
3F6
330
1F
100
AcDbEntity
  8
0
  6
ByBlock
 62
     6
100
AcDbLine
 10
75.193749
 20
30.98147
 30
0.0
 11
87.193749
 21
42.98147
 31
0.0
  0
LINE
  5
3F7
330
1F
100
AcDbEntity
  8
0
  6
ByBlock
 62
     6
100
AcDbLine
 10
75.193749
 20
42.98147
 30
0.0
 11
87.193749
 21
30.98147
 31
0.0
  0
LWPOLYLINE
  5
3F8
330
1F
100
AcDbEntity
  8
0
  6
ByBlock
 62
     4
100
AcDbPolyline
 90
        4
 70
     1
 43
0.0
 10
71.668749
 20
46.50647
 10
90.718749
 20
46.50647
 10
90.718749
 20
27.45647
 10
71.668749
 20
27.45647
  0
LINE
  5
3F9
330
1F
100
AcDbEntity
  8
0
  6
ByBlock
 62
     6
100
AcDbLine
 10
71.668749
 20
27.45647
 30
0.0
 11
90.718749
 21
46.50647
 31
0.0
  0
LINE
  5
3FA
330
1F
100
AcDbEntity
  8
0
  6
ByBlock
 62
     6
100
AcDbLine
 10
71.668749
 20
46.50647
 30
0.0
 11
90.718749
 21
27.45647
 31
0.0
  0
LWPOLYLINE
  5
3FB
330
1F
100
AcDbEntity
  8
0
  6
ByBlock
100
AcDbPolyline
 90
        8
 70
     1
 43
0.0
 10
93.243749
 20
115.37147
 42
-0.414214
 10
94.243749
 20
116.37147
 10
106.243749
 20
116.37147
 42
-0.414214
 10
107.243749
 20
115.37147
 10
107.243749
 20
103.37147
 42
-0.414214
 10
106.243749
 20
102.37147
 10
94.243749
 20
102.37147
 42
-0.414214
 10
93.243749
 20
103.37147
  0
LINE
  5
3FC
330
1F
100
AcDbEntity
  8
0
  6
ByBlock
 62
     6
100
AcDbLine
 10
94.243749
 20
103.37147
 30
0.0
 11
106.243749
 21
115.37147
 31
0.0
  0
LINE
  5
3FD
330
1F
100
AcDbEntity
  8
0
  6
ByBlock
 62
     6
100
AcDbLine
 10
94.243749
 20
115.37147
 30
0.0
 11
106.243749
 21
103.37147
 31
0.0
  0
LWPOLYLINE
  5
3FE
330
1F
100
AcDbEntity
  8
0
  6
ByBlock
 62
     4
100
AcDbPolyline
 90
        4
 70
     1
 43
0.0
 10
90.718749
 20
118.89647
 10
109.768749
 20
118.89647
 10
109.768749
 20
99.84647
 10
90.718749
 20
99.84647
  0
LINE
  5
3FF
330
1F
100
AcDbEntity
  8
0
  6
ByBlock
 62
     6
100
AcDbLine
 10
90.718749
 20
99.84647
 30
0.0
 11
109.768749
 21
118.89647
 31
0.0
  0
LINE
  5
400
330
1F
100
AcDbEntity
  8
0
  6
ByBlock
 62
     6
100
AcDbLine
 10
90.718749
 20
118.89647
 30
0.0
 11
109.768749
 21
99.84647
 31
0.0
  0
LWPOLYLINE
  5
401
330
1F
100
AcDbEntity
  8
0
  6
ByBlock
100
AcDbPolyline
 90
        8
 70
     1
 43
0.0
 10
93.243749
 20
96.32147
 42
-0.414214
 10
94.243749
 20
97.32147
 10
106.243749
 20
97.32147
 42
-0.414214
 10
107.243749
 20
96.32147
 10
107.243749
 20
84.32147
 42
-0.414214
 10
106.243749
 20
83.32147
 10
94.243749
 20
83.32147
 42
-0.414214
 10
93.243749
 20
84.32147
  0
LINE
  5
402
330
1F
100
AcDbEntity
  8
0
  6
ByBlock
 62
     6
100
AcDbLine
 10
94.243749
 20
84.32147
 30
0.0
 11
106.243749
 21
96.32147
 31
0.0
  0
LINE
  5
403
330
1F
100
AcDbEntity
  8
0
  6
ByBlock
 62
     6
100
AcDbLine
 10
94.243749
 20
96.32147
 30
0.0
 11
106.243749
 21
84.32147
 31
0.0
  0
LWPOLYLINE
  5
404
330
1F
100
AcDbEntity
  8
0
  6
ByBlock
 62
     4
100
AcDbPolyline
 90
        4
 70
     1
 43
0.0
 10
90.718749
 20
99.84647
 10
109.768749
 20
99.84647
 10
109.768749
 20
80.79647
 10
90.718749
 20
80.79647
  0
LINE
  5
405
330
1F
100
AcDbEntity
  8
0
  6
ByBlock
 62
     6
100
AcDbLine
 10
90.718749
 20
80.79647
 30
0.0
 11
109.768749
 21
99.84647
 31
0.0
  0
LINE
  5
406
330
1F
100
AcDbEntity
  8
0
  6
ByBlock
 62
     6
100
AcDbLine
 10
90.718749
 20
99.84647
 30
0.0
 11
109.768749
 21
80.79647
 31
0.0
  0
LWPOLYLINE
  5
407
330
1F
100
AcDbEntity
  8
0
  6
ByBlock
100
AcDbPolyline
 90
        8
 70
     1
 43
0.0
 10
93.243749
 20
77.27147
 42
-0.414214
 10
94.243749
 20
78.27147
 10
106.243749
 20
78.27147
 42
-0.414214
 10
107.243749
 20
77.27147
 10
107.243749
 20
65.27147
 42
-0.414214
 10
106.243749
 20
64.27147
 10
94.243749
 20
64.27147
 42
-0.414214
 10
93.243749
 20
65.27147
  0
LINE
  5
408
330
1F
100
AcDbEntity
  8
0
  6
ByBlock
 62
     6
100
AcDbLine
 10
94.243749
 20
65.27147
 30
0.0
 11
106.243749
 21
77.27147
 31
0.0
  0
LINE
  5
409
330
1F
100
AcDbEntity
  8
0
  6
ByBlock
 62
     6
100
AcDbLine
 10
94.243749
 20
77.27147
 30
0.0
 11
106.243749
 21
65.27147
 31
0.0
  0
LWPOLYLINE
  5
40A
330
1F
100
AcDbEntity
  8
0
  6
ByBlock
 62
     4
100
AcDbPolyline
 90
        4
 70
     1
 43
0.0
 10
90.718749
 20
80.79647
 10
109.768749
 20
80.79647
 10
109.768749
 20
61.74647
 10
90.718749
 20
61.74647
  0
LINE
  5
40B
330
1F
100
AcDbEntity
  8
0
  6
ByBlock
 62
     6
100
AcDbLine
 10
90.718749
 20
61.74647
 30
0.0
 11
109.768749
 21
80.79647
 31
0.0
  0
LINE
  5
40C
330
1F
100
AcDbEntity
  8
0
  6
ByBlock
 62
     6
100
AcDbLine
 10
90.718749
 20
80.79647
 30
0.0
 11
109.768749
 21
61.74647
 31
0.0
  0
LWPOLYLINE
  5
40D
330
1F
100
AcDbEntity
  8
0
  6
ByBlock
100
AcDbPolyline
 90
        8
 70
     1
 43
0.0
 10
93.243749
 20
58.22147
 42
-0.414214
 10
94.243749
 20
59.22147
 10
106.243749
 20
59.22147
 42
-0.414214
 10
107.243749
 20
58.22147
 10
107.243749
 20
46.22147
 42
-0.414214
 10
106.243749
 20
45.22147
 10
94.243749
 20
45.22147
 42
-0.414214
 10
93.243749
 20
46.22147
  0
LINE
  5
40E
330
1F
100
AcDbEntity
  8
0
  6
ByBlock
 62
     6
100
AcDbLine
 10
94.243749
 20
46.22147
 30
0.0
 11
106.243749
 21
58.22147
 31
0.0
  0
LINE
  5
40F
330
1F
100
AcDbEntity
  8
0
  6
ByBlock
 62
     6
100
AcDbLine
 10
94.243749
 20
58.22147
 30
0.0
 11
106.243749
 21
46.22147
 31
0.0
  0
LWPOLYLINE
  5
410
330
1F
100
AcDbEntity
  8
0
  6
ByBlock
 62
     4
100
AcDbPolyline
 90
        4
 70
     1
 43
0.0
 10
90.718749
 20
61.74647
 10
109.768749
 20
61.74647
 10
109.768749
 20
42.69647
 10
90.718749
 20
42.69647
  0
LINE
  5
411
330
1F
100
AcDbEntity
  8
0
  6
ByBlock
 62
     6
100
AcDbLine
 10
90.718749
 20
42.69647
 30
0.0
 11
109.768749
 21
61.74647
 31
0.0
  0
LINE
  5
412
330
1F
100
AcDbEntity
  8
0
  6
ByBlock
 62
     6
100
AcDbLine
 10
90.718749
 20
61.74647
 30
0.0
 11
109.768749
 21
42.69647
 31
0.0
  0
LWPOLYLINE
  5
413
330
1F
100
AcDbEntity
  8
0
  6
ByBlock
100
AcDbPolyline
 90
        8
 70
     1
 43
0.0
 10
112.293749
 20
111.56147
 42
-0.414214
 10
113.293749
 20
112.56147
 10
125.293749
 20
112.56147
 42
-0.414214
 10
126.293749
 20
111.56147
 10
126.293749
 20
99.56147
 42
-0.414214
 10
125.293749
 20
98.56147
 10
113.293749
 20
98.56147
 42
-0.414214
 10
112.293749
 20
99.56147
  0
LINE
  5
414
330
1F
100
AcDbEntity
  8
0
  6
ByBlock
 62
     6
100
AcDbLine
 10
113.293749
 20
99.56147
 30
0.0
 11
125.293749
 21
111.56147
 31
0.0
  0
LINE
  5
415
330
1F
100
AcDbEntity
  8
0
  6
ByBlock
 62
     6
100
AcDbLine
 10
113.293749
 20
111.56147
 30
0.0
 11
125.293749
 21
99.56147
 31
0.0
  0
LWPOLYLINE
  5
416
330
1F
100
AcDbEntity
  8
0
  6
ByBlock
 62
     4
100
AcDbPolyline
 90
        4
 70
     1
 43
0.0
 10
109.768749
 20
115.08647
 10
128.818749
 20
115.08647
 10
128.818749
 20
96.03647
 10
109.768749
 20
96.03647
  0
LINE
  5
417
330
1F
100
AcDbEntity
  8
0
  6
ByBlock
 62
     6
100
AcDbLine
 10
109.768749
 20
96.03647
 30
0.0
 11
128.818749
 21
115.08647
 31
0.0
  0
LINE
  5
418
330
1F
100
AcDbEntity
  8
0
  6
ByBlock
 62
     6
100
AcDbLine
 10
109.768749
 20
115.08647
 30
0.0
 11
128.818749
 21
96.03647
 31
0.0
  0
LWPOLYLINE
  5
419
330
1F
100
AcDbEntity
  8
0
  6
ByBlock
100
AcDbPolyline
 90
        8
 70
     1
 43
0.0
 10
112.293749
 20
92.51147
 42
-0.414214
 10
113.293749
 20
93.51147
 10
125.293749
 20
93.51147
 42
-0.414214
 10
126.293749
 20
92.51147
 10
126.293749
 20
80.51147
 42
-0.414214
 10
125.293749
 20
79.51147
 10
113.293749
 20
79.51147
 42
-0.414214
 10
112.293749
 20
80.51147
  0
LINE
  5
41A
330
1F
100
AcDbEntity
  8
0
  6
ByBlock
 62
     6
100
AcDbLine
 10
113.293749
 20
80.51147
 30
0.0
 11
125.293749
 21
92.51147
 31
0.0
  0
LINE
  5
41B
330
1F
100
AcDbEntity
  8
0
  6
ByBlock
 62
     6
100
AcDbLine
 10
113.293749
 20
92.51147
 30
0.0
 11
125.293749
 21
80.51147
 31
0.0
  0
LWPOLYLINE
  5
41C
330
1F
100
AcDbEntity
  8
0
  6
ByBlock
 62
     4
100
AcDbPolyline
 90
        4
 70
     1
 43
0.0
 10
109.768749
 20
96.03647
 10
128.818749
 20
96.03647
 10
128.818749
 20
76.98647
 10
109.768749
 20
76.98647
  0
LINE
  5
41D
330
1F
100
AcDbEntity
  8
0
  6
ByBlock
 62
     6
100
AcDbLine
 10
109.768749
 20
76.98647
 30
0.0
 11
128.818749
 21
96.03647
 31
0.0
  0
LINE
  5
41E
330
1F
100
AcDbEntity
  8
0
  6
ByBlock
 62
     6
100
AcDbLine
 10
109.768749
 20
96.03647
 30
0.0
 11
128.818749
 21
76.98647
 31
0.0
  0
LWPOLYLINE
  5
41F
330
1F
100
AcDbEntity
  8
0
  6
ByBlock
100
AcDbPolyline
 90
        8
 70
     1
 43
0.0
 10
112.293749
 20
73.46147
 42
-0.414214
 10
113.293749
 20
74.46147
 10
125.293749
 20
74.46147
 42
-0.414214
 10
126.293749
 20
73.46147
 10
126.293749
 20
61.46147
 42
-0.414214
 10
125.293749
 20
60.46147
 10
113.293749
 20
60.46147
 42
-0.414214
 10
112.293749
 20
61.46147
  0
LINE
  5
420
330
1F
100
AcDbEntity
  8
0
  6
ByBlock
 62
     6
100
AcDbLine
 10
113.293749
 20
61.46147
 30
0.0
 11
125.293749
 21
73.46147
 31
0.0
  0
LINE
  5
421
330
1F
100
AcDbEntity
  8
0
  6
ByBlock
 62
     6
100
AcDbLine
 10
113.293749
 20
73.46147
 30
0.0
 11
125.293749
 21
61.46147
 31
0.0
  0
LWPOLYLINE
  5
422
330
1F
100
AcDbEntity
  8
0
  6
ByBlock
 62
     4
100
AcDbPolyline
 90
        4
 70
     1
 43
0.0
 10
109.768749
 20
76.98647
 10
128.818749
 20
76.98647
 10
128.818749
 20
57.93647
 10
109.768749
 20
57.93647
  0
LINE
  5
423
330
1F
100
AcDbEntity
  8
0
  6
ByBlock
 62
     6
100
AcDbLine
 10
109.768749
 20
57.93647
 30
0.0
 11
128.818749
 21
76.98647
 31
0.0
  0
LINE
  5
424
330
1F
100
AcDbEntity
  8
0
  6
ByBlock
 62
     6
100
AcDbLine
 10
109.768749
 20
76.98647
 30
0.0
 11
128.818749
 21
57.93647
 31
0.0
  0
LWPOLYLINE
  5
425
330
1F
100
AcDbEntity
  8
0
  6
ByBlock
100
AcDbPolyline
 90
        8
 70
     1
 43
0.0
 10
112.293749
 20
54.41147
 42
-0.414214
 10
113.293749
 20
55.41147
 10
125.293749
 20
55.41147
 42
-0.414214
 10
126.293749
 20
54.41147
 10
126.293749
 20
42.41147
 42
-0.414214
 10
125.293749
 20
41.41147
 10
113.293749
 20
41.41147
 42
-0.414214
 10
112.293749
 20
42.41147
  0
LINE
  5
426
330
1F
100
AcDbEntity
  8
0
  6
ByBlock
 62
     6
100
AcDbLine
 10
113.293749
 20
42.41147
 30
0.0
 11
125.293749
 21
54.41147
 31
0.0
  0
LINE
  5
427
330
1F
100
AcDbEntity
  8
0
  6
ByBlock
 62
     6
100
AcDbLine
 10
113.293749
 20
54.41147
 30
0.0
 11
125.293749
 21
42.41147
 31
0.0
  0
LWPOLYLINE
  5
428
330
1F
100
AcDbEntity
  8
0
  6
ByBlock
 62
     4
100
AcDbPolyline
 90
        4
 70
     1
 43
0.0
 10
109.768749
 20
57.93647
 10
128.818749
 20
57.93647
 10
128.818749
 20
38.88647
 10
109.768749
 20
38.88647
  0
LINE
  5
429
330
1F
100
AcDbEntity
  8
0
  6
ByBlock
 62
     6
100
AcDbLine
 10
109.768749
 20
38.88647
 30
0.0
 11
128.818749
 21
57.93647
 31
0.0
  0
LINE
  5
42A
330
1F
100
AcDbEntity
  8
0
  6
ByBlock
 62
     6
100
AcDbLine
 10
109.768749
 20
57.93647
 30
0.0
 11
128.818749
 21
38.88647
 31
0.0
  0
LWPOLYLINE
  5
42B
330
1F
100
AcDbEntity
  8
0
  6
ByBlock
100
AcDbPolyline
 90
        8
 70
     1
 43
0.0
 10
131.343749
 20
58.22147
 42
-0.414214
 10
132.343749
 20
59.22147
 10
144.343749
 20
59.22147
 42
-0.414214
 10
145.343749
 20
58.22147
 10
145.343749
 20
46.22147
 42
-0.414214
 10
144.343749
 20
45.22147
 10
132.343749
 20
45.22147
 42
-0.414214
 10
131.343749
 20
46.22147
  0
LINE
  5
42C
330
1F
100
AcDbEntity
  8
0
  6
ByBlock
 62
     6
100
AcDbLine
 10
132.343749
 20
46.22147
 30
0.0
 11
144.343749
 21
58.22147
 31
0.0
  0
LINE
  5
42D
330
1F
100
AcDbEntity
  8
0
  6
ByBlock
 62
     6
100
AcDbLine
 10
132.343749
 20
58.22147
 30
0.0
 11
144.343749
 21
46.22147
 31
0.0
  0
LWPOLYLINE
  5
42E
330
1F
100
AcDbEntity
  8
0
  6
ByBlock
 62
     4
100
AcDbPolyline
 90
        4
 70
     1
 43
0.0
 10
128.818749
 20
61.74647
 10
147.868749
 20
61.74647
 10
147.868749
 20
42.69647
 10
128.818749
 20
42.69647
  0
LINE
  5
42F
330
1F
100
AcDbEntity
  8
0
  6
ByBlock
 62
     6
100
AcDbLine
 10
128.818749
 20
42.69647
 30
0.0
 11
147.868749
 21
61.74647
 31
0.0
  0
LINE
  5
430
330
1F
100
AcDbEntity
  8
0
  6
ByBlock
 62
     6
100
AcDbLine
 10
128.818749
 20
61.74647
 30
0.0
 11
147.868749
 21
42.69647
 31
0.0
  0
LWPOLYLINE
  5
431
330
1F
100
AcDbEntity
  8
0
  6
ByBlock
100
AcDbPolyline
 90
        8
 70
     1
 43
0.0
 10
118.254497
 20
18.103714
 42
-0.414214
 10
117.770808
 20
19.43264
 10
122.842227
 20
30.308333
 42
-0.414214
 10
124.171153
 20
30.792023
 10
135.046847
 20
25.720603
 42
-0.414214
 10
135.530536
 20
24.391677
 10
130.459117
 20
13.515984
 42
-0.414214
 10
129.130191
 20
13.032294
  0
LINE
  5
432
330
1F
100
AcDbEntity
  8
0
  6
ByBlock
 62
     6
100
AcDbLine
 10
129.552809
 20
13.938602
 30
0.0
 11
123.748535
 21
29.885715
 31
0.0
  0
LINE
  5
433
330
1F
100
AcDbEntity
  8
0
  6
ByBlock
 62
     6
100
AcDbLine
 10
118.677116
 20
19.010021
 30
0.0
 11
134.624228
 21
24.814296
 31
0.0
  0
LWPOLYLINE
  5
434
330
1F
100
AcDbEntity
  8
0
 62
     4
100
AcDbPolyline
 90
        4
 70
     1
 43
0.0
 10
111.979932
 20
12.988725
 10
124.056249
 20
38.88647
 10
141.321412
 20
30.835592
 10
129.245095
 20
4.937847
  0
LINE
  5
435
330
1F
100
AcDbEntity
  8
0
 62
     6
100
AcDbLine
 10
111.979932
 20
12.988725
 30
0.0
 11
141.321412
 21
30.835592
 31
0.0
  0
LINE
  5
436
330
1F
100
AcDbEntity
  8
0
 62
     6
100
AcDbLine
 10
129.245095
 20
4.937847
 30
0.0
 11
124.056249
 21
38.88647
 31
0.0
  0
LWPOLYLINE
  5
437
330
1F
100
AcDbEntity
  8
0
  6
ByBlock
100
AcDbPolyline
 90
        8
 70
     1
 43
0.0
 10
103.564344
 20
34.04292
 42
-0.414214
 10
104.89327
 20
34.52661
 10
115.768964
 20
29.455191
 42
-0.414214
 10
116.252653
 20
28.126264
 10
111.181234
 20
17.250571
 42
-0.414214
 10
109.852308
 20
16.766881
 10
98.976615
 20
21.838301
 42
-0.414214
 10
98.492925
 20
23.167227
  0
LINE
  5
438
330
1F
100
AcDbEntity
  8
0
  6
ByBlock
 62
     6
100
AcDbLine
 10
99.399233
 20
22.744608
 30
0.0
 11
115.346345
 21
28.548883
 31
0.0
  0
LINE
  5
439
330
1F
100
AcDbEntity
  8
0
  6
ByBlock
 62
     6
100
AcDbLine
 10
104.470652
 20
33.620302
 30
0.0
 11
110.274926
 21
17.673189
 31
0.0
  0
LWPOLYLINE
  5
43A
330
1F
100
AcDbEntity
  8
0
  6
ByBlock
 62
     4
100
AcDbPolyline
 90
        4
 70
     1
 43
0.0
 10
102.765646
 20
38.304766
 10
120.03081
 20
30.253888
 10
111.979932
 20
12.988725
 10
94.714769
 20
21.039603
  0
LINE
  5
43B
330
1F
100
AcDbEntity
  8
0
  6
ByBlock
 62
     6
100
AcDbLine
 10
94.714769
 20
21.039603
 30
0.0
 11
120.03081
 21
30.253888
 31
0.0
  0
LINE
  5
43C
330
1F
100
AcDbEntity
  8
0
  6
ByBlock
 62
     6
100
AcDbLine
 10
102.765646
 20
38.304766
 30
0.0
 11
111.979932
 21
12.988725
 31
0.0
  0
LINE
  5
43D
330
1F
100
AcDbEntity
  8
0
 62
     4
100
AcDbLine
 10
51.618749
 20
23.59897
 30
0.0
 11
86.859986
 21
23.59897
 31
0.0
  0
LINE
  5
43E
330
1F
100
AcDbEntity
  8
0
 62
     4
100
AcDbLine
 10
129.728785
 20
3.608921
 30
0.0
 11
86.859986
 21
23.59897
 31
0.0
  0
LINE
  5
43F
330
1F
100
AcDbEntity
  8
0
 62
     4
100
AcDbLine
 10
131.963379
 20
8.401023
 30
0.0
 11
129.728785
 21
3.608921
 31
0.0
  0
LWPOLYLINE
  5
440
330
1F
100
AcDbEntity
  8
0
 62
     4
100
AcDbPolyline
 90
        4
 70
     1
 43
0.0
 10
131.963379
 20
8.401023
 10
140.415744
 20
26.527179
 10
143.587821
 20
25.048015
 10
135.135456
 20
6.92186
  0
LINE
  5
441
330
1F
100
AcDbEntity
  8
0
 62
     6
100
AcDbLine
 10
131.963379
 20
8.401023
 30
0.0
 11
143.587821
 21
25.048015
 31
0.0
  0
LINE
  5
442
330
1F
100
AcDbEntity
  8
0
 62
     6
100
AcDbLine
 10
135.135456
 20
6.92186
 30
0.0
 11
140.415744
 21
26.527179
 31
0.0
  0
LINE
  5
443
330
1F
100
AcDbEntity
  8
0
 62
     4
100
AcDbLine
 10
143.587821
 20
25.048015
 30
0.0
 11
148.868749
 21
36.373001
 31
0.0
  0
LWPOLYLINE
  5
444
330
1F
100
AcDbEntity
  8
0
 62
     4
100
AcDbPolyline
 90
        4
 70
     1
 43
0.0
 10
61.668749
 20
23.59897
 10
81.668749
 20
23.59897
 10
81.668749
 20
20.09897
 10
61.668749
 20
20.09897
  0
LINE
  5
445
330
1F
100
AcDbEntity
  8
0
 62
     6
100
AcDbLine
 10
61.668749
 20
23.59897
 30
0.0
 11
81.668749
 21
20.09897
 31
0.0
  0
LINE
  5
446
330
1F
100
AcDbEntity
  8
0
 62
     6
100
AcDbLine
 10
61.668749
 20
20.09897
 30
0.0
 11
81.668749
 21
23.59897
 31
0.0
  0
LWPOLYLINE
  5
447
330
1F
100
AcDbEntity
  8
0
 62
     4
100
AcDbPolyline
 90
        4
 70
     1
 43
0.0
 10
102.494236
 20
16.3086
 10
120.620392
 20
7.856235
 10
119.141228
 20
4.684157
 10
101.015072
 20
13.136523
  0
LINE
  5
448
330
1F
100
AcDbEntity
  8
0
 62
     6
100
AcDbLine
 10
102.494236
 20
16.3086
 30
0.0
 11
119.141228
 21
4.684157
 31
0.0
  0
LINE
  5
449
330
1F
100
AcDbEntity
  8
0
 62
     6
100
AcDbLine
 10
101.015072
 20
13.136523
 30
0.0
 11
120.620392
 21
7.856235
 31
0.0
  0
LWPOLYLINE
  5
44A
330
1F
100
AcDbEntity
  8
0
 62
     4
100
AcDbPolyline
 90
        4
 70
     1
 43
0.0
 10
128.818749
 20
111.27647
 10
147.868749
 20
111.27647
 10
147.868749
 20
76.98647
 10
128.818749
 20
76.98647
  0
LINE
  5
44B
330
1F
100
AcDbEntity
  8
0
 62
     4
100
AcDbLine
 10
51.618749
 20
33.12397
 30
0.0
 11
51.618749
 21
23.59897
 31
0.0
  0
LINE
  5
44C
330
1F
100
AcDbEntity
  8
0
 62
     4
100
AcDbLine
 10
32.568749
 20
42.64897
 30
0.0
 11
32.568749
 21
33.12397
 31
0.0
  0
LINE
  5
44D
330
1F
100
AcDbEntity
  8
0
 62
     4
100
AcDbLine
 10
51.618749
 20
33.12397
 30
0.0
 11
32.568749
 21
33.12397
 31
0.0
  0
LINE
  5
44E
330
1F
100
AcDbEntity
  8
0
 62
     4
100
AcDbLine
 10
13.518749
 20
101.79897
 30
0.0
 11
13.518749
 21
42.64897
 31
0.0
  0
LINE
  5
44F
330
1F
100
AcDbEntity
  8
0
 62
     4
100
AcDbLine
 10
32.568749
 20
42.64897
 30
0.0
 11
13.518749
 21
42.64897
 31
0.0
  0
LINE
  5
450
330
1F
100
AcDbEntity
  8
0
 62
     4
100
AcDbLine
 10
32.568749
 20
101.79897
 30
0.0
 11
13.518749
 21
101.79897
 31
0.0
  0
LINE
  5
451
330
1F
100
AcDbEntity
  8
0
 62
     4
100
AcDbLine
 10
32.568749
 20
101.79897
 30
0.0
 11
32.568749
 21
111.32397
 31
0.0
  0
LINE
  5
452
330
1F
100
AcDbEntity
  8
0
 62
     4
100
AcDbLine
 10
51.618749
 20
111.32397
 30
0.0
 11
32.568749
 21
111.32397
 31
0.0
  0
LINE
  5
453
330
1F
100
AcDbEntity
  8
0
 62
     4
100
AcDbLine
 10
51.618749
 20
111.32397
 30
0.0
 11
51.618749
 21
120.84897
 31
0.0
  0
LINE
  5
454
330
1F
100
AcDbEntity
  8
0
 62
     4
100
AcDbLine
 10
70.668749
 20
120.84897
 30
0.0
 11
51.618749
 21
120.84897
 31
0.0
  0
LINE
  5
455
330
1F
100
AcDbEntity
  8
0
 62
     4
100
AcDbLine
 10
70.668749
 20
120.84897
 30
0.0
 11
70.668749
 21
123.70647
 31
0.0
  0
LINE
  5
456
330
1F
100
AcDbEntity
  8
0
 62
     4
100
AcDbLine
 10
91.718749
 20
123.70647
 30
0.0
 11
70.668749
 21
123.70647
 31
0.0
  0
LINE
  5
457
330
1F
100
AcDbEntity
  8
0
 62
     4
100
AcDbLine
 10
91.718749
 20
119.89647
 30
0.0
 11
91.718749
 21
123.70647
 31
0.0
  0
LINE
  5
458
330
1F
100
AcDbEntity
  8
0
 62
     4
100
AcDbLine
 10
91.718749
 20
119.89647
 30
0.0
 11
110.768749
 21
119.89647
 31
0.0
  0
LINE
  5
459
330
1F
100
AcDbEntity
  8
0
 62
     4
100
AcDbLine
 10
110.768749
 20
116.08647
 30
0.0
 11
110.768749
 21
119.89647
 31
0.0
  0
LINE
  5
45A
330
1F
100
AcDbEntity
  8
0
 62
     4
100
AcDbLine
 10
110.768749
 20
116.08647
 30
0.0
 11
129.818749
 21
116.08647
 31
0.0
  0
LINE
  5
45B
330
1F
100
AcDbEntity
  8
0
 62
     4
100
AcDbLine
 10
129.818749
 20
111.27647
 30
0.0
 11
129.818749
 21
116.08647
 31
0.0
  0
LINE
  5
45C
330
1F
100
AcDbEntity
  8
0
 62
     4
100
AcDbLine
 10
129.818749
 20
76.98647
 30
0.0
 11
129.818749
 21
62.74647
 31
0.0
  0
LINE
  5
45D
330
1F
100
AcDbEntity
  8
0
 62
     4
100
AcDbLine
 10
148.868749
 20
36.373001
 30
0.0
 11
148.868749
 21
62.74647
 31
0.0
  0
LINE
  5
45E
330
1F
100
AcDbEntity
  8
0
 62
     4
100
AcDbLine
 10
148.868749
 20
76.98647
 30
0.0
 11
148.868749
 21
111.27647
 31
0.0
  0
LINE
  5
45F
330
1F
100
AcDbEntity
  8
0
 62
     4
100
AcDbLine
 10
147.868749
 20
76.98647
 30
0.0
 11
148.868749
 21
76.98647
 31
0.0
  0
LINE
  5
460
330
1F
100
AcDbEntity
  8
0
 62
     4
100
AcDbLine
 10
147.868749
 20
111.27647
 30
0.0
 11
148.868749
 21
111.27647
 31
0.0
  0
LINE
  5
461
330
1F
100
AcDbEntity
  8
0
 62
     4
100
AcDbLine
 10
129.818749
 20
62.74647
 30
0.0
 11
148.868749
 21
62.74647
 31
0.0
  0
LWPOLYLINE
  5
462
330
1F
100
AcDbEntity
  8
0
 62
     4
100
AcDbPolyline
 90
        4
 70
     1
 43
0.0
 10
10.018749
 20
57.22397
 10
10.018749
 20
87.22397
 10
13.518749
 20
87.22397
 10
13.518749
 20
57.22397
  0
LINE
  5
463
330
1F
100
AcDbEntity
  8
0
 62
     6
100
AcDbLine
 10
10.018749
 20
57.22397
 30
0.0
 11
13.518749
 21
87.22397
 31
0.0
  0
LINE
  5
464
330
1F
100
AcDbEntity
  8
0
 62
     6
100
AcDbLine
 10
13.518749
 20
57.22397
 30
0.0
 11
10.018749
 21
87.22397
 31
0.0
  0
LWPOLYLINE
  5
465
330
1F
100
AcDbEntity
  8
0
 62
     4
100
AcDbPolyline
 90
        4
 70
     1
 43
0.0
 10
50.668749
 20
124.34897
 10
70.668749
 20
124.34897
 10
70.668749
 20
120.84897
 10
50.668749
 20
120.84897
  0
LINE
  5
466
330
1F
100
AcDbEntity
  8
0
 62
     6
100
AcDbLine
 10
50.668749
 20
124.34897
 30
0.0
 11
70.668749
 21
120.84897
 31
0.0
  0
LINE
  5
467
330
1F
100
AcDbEntity
  8
0
 62
     6
100
AcDbLine
 10
50.668749
 20
120.84897
 30
0.0
 11
70.668749
 21
124.34897
 31
0.0
  0
LINE
  5
468
330
1F
100
AcDbEntity
  8
0
 62
     4
100
AcDbLine
 10
50.668749
 20
120.84897
 30
0.0
 11
50.668749
 21
111.32397
 31
0.0
  0
LWPOLYLINE
  5
469
330
1F
100
AcDbEntity
  8
0
 62
     4
100
AcDbPolyline
 90
        4
 70
     1
 43
0.0
 10
91.718749
 20
124.34897
 10
121.718749
 20
124.34897
 10
121.718749
 20
120.84897
 10
91.718749
 20
120.84897
  0
LINE
  5
46A
330
1F
100
AcDbEntity
  8
0
 62
     6
100
AcDbLine
 10
91.718749
 20
124.34897
 30
0.0
 11
121.718749
 21
120.84897
 31
0.0
  0
LINE
  5
46B
330
1F
100
AcDbEntity
  8
0
 62
     6
100
AcDbLine
 10
91.718749
 20
120.84897
 30
0.0
 11
121.718749
 21
124.34897
 31
0.0
  0
LINE
  5
46C
330
1F
100
AcDbEntity
  8
0
 62
     4
100
AcDbLine
 10
70.668749
 20
124.34897
 30
0.0
 11
91.718749
 21
124.34897
 31
0.0
  0
LINE
  5
46D
330
1F
100
AcDbEntity
  8
0
 62
     4
100
AcDbLine
 10
121.718749
 20
120.84897
 30
0.0
 11
121.718749
 21
116.08647
 31
0.0
  0
LINE
  5
46E
330
1F
100
AcDbEntity
  8
0
 62
     6
100
AcDbLine
 10
71.668749
 20
24.59897
 30
0.0
 11
71.668749
 21
22.609722
 31
0.0
  0
LINE
  5
478
330
1F
100
AcDbEntity
  8
0
 62
     6
100
AcDbLine
 10
71.668749
 20
21.84897
 30
0.0
 11
71.668749
 21
23.795772
 31
0.0
  0
LWPOLYLINE
  5
47F
330
1F
100
AcDbEntity
  8
0
100
AcDbPolyline
 90
       37
 70
     0
 43
0.0
 10
13.518749
 20
101.79897
 10
13.518749
 20
87.22397
 10
10.018749
 20
87.22397
 10
10.018749
 20
57.22397
 10
13.518749
 20
57.22397
 10
13.518749
 20
42.64897
 10
32.568749
 20
42.64897
 10
32.568749
 20
33.12397
 10
51.618749
 20
33.12397
 10
51.618749
 20
23.59897
 10
61.668749
 20
23.59897
 10
61.668749
 20
20.09897
 10
81.668749
 20
20.09897
 10
81.668749
 20
23.59897
 10
86.859986
 20
23.59897
 10
102.494237
 20
16.308599
 10
101.015072
 20
13.136523
 10
119.141228
 20
4.684157
 10
120.620391
 20
7.856234
 10
129.728785
 20
3.608921
 10
131.963379
 20
8.401023
 10
135.135456
 20
6.92186
 10
148.868749
 20
36.373001
 10
148.868749
 20
62.74647
 10
129.818749
 20
62.74647
 10
129.818749
 20
76.98647
 10
148.868749
 20
76.98647
 10
148.868749
 20
111.27647
 10
129.818749
 20
111.27647
 10
129.818749
 20
116.08647
 10
121.718749
 20
116.08647
 10
121.718749
 20
124.34897
 10
50.668749
 20
124.34897
 10
50.668749
 20
111.32397
 10
32.568749
 20
111.32397
 10
32.568749
 20
101.79897
 10
13.518749
 20
101.79897
  0
VIEWPORT
  5
20F
330
D6
100
AcDbEntity
 67
     1
  8
0
 48
100.0
100
AcDbViewport
 10
0.0
 20
0.0
 30
0.0
 40
466.965848
 41
238.196088
 68
     1
 69
     1
 12
128.5
 22
97.5
 13
0.0
 23
0.0
 14
10.0
 24
10.0
 15
10.0
 25
10.0
 16
0.0
 26
0.0
 36
1.0
 17
0.0
 27
0.0
 37
0.0
 42
50.0
 43
0.0
 44
0.0
 45
238.196088
 50
0.0
 51
0.0
 72
   100
 90
   557168
  1

281
     0
 71
     1
 74
     0
110
0.0
120
0.0
130
0.0
111
1.0
121
0.0
131
0.0
112
0.0
122
1.0
132
0.0
 79
     0
146
0.0
170
     0
 61
     5
348
F5
292
     1
282
     1
141
0.0
142
0.0
 63
   256
  0
ENDSEC
  0
SECTION
  2
OBJECTS
  0
DICTIONARY
  5
C
330
0
100
AcDbDictionary
281
     1
  3
ACAD_COLOR
350
6B
  3
ACAD_DETAILVIEWSTYLE
350
474
  3
ACAD_GROUP
350
D
  3
ACAD_IMAGE_DICT
350
351
  3
ACAD_LAYOUT
350
1A
  3
ACAD_MATERIAL
350
6A
  3
ACAD_MLEADERSTYLE
350
12D
  3
ACAD_MLINESTYLE
350
17
  3
ACAD_PLOTSETTINGS
350
19
  3
ACAD_PLOTSTYLENAME
350
E
  3
ACAD_SCALELIST
350
10C
  3
ACAD_SECTIONVIEWSTYLE
350
475
  3
ACAD_TABLESTYLE
350
7E
  3
ACAD_VISUALSTYLE
350
EF
  3
ACDB_RECOMPOSE_DATA
350
49D
  3
AcDbVariableDictionary
350
5E
  3
HOST_DOC_SETTINGS
350
365
  3
MCS_STREAM_DICT
350
34E
  0
SUN
  5
364
330
EA
100
AcDbSun
 90
        1
290
     0
 63
     7
421
 16777215
 40
1.0
291
     1
 91
  2455826
 92
 54000000
292
     0
 70
     2
 71
   256
280
     1
  0
DICTIONARY
  5
234
330
1F
100
AcDbDictionary
280
     1
281
     1
  3
ACAD_SORTENTS
360
235
  0
DICTIONARY
  5
6B
102
{ACAD_REACTORS
330
C
102
}
330
C
100
AcDbDictionary
281
     1
  0
DICTIONARY
  5
474
102
{ACAD_REACTORS
330
C
102
}
330
C
100
AcDbDictionary
281
     1
  0
DICTIONARY
  5
D
102
{ACAD_REACTORS
330
C
102
}
330
C
100
AcDbDictionary
281
     1
  0
DICTIONARY
  5
351
102
{ACAD_REACTORS
330
C
102
}
330
C
100
AcDbDictionary
281
     1
  0
DICTIONARY
  5
1A
102
{ACAD_REACTORS
330
C
102
}
330
C
100
AcDbDictionary
281
     1
  3
A0
350
225
  3
A1
350
220
  3
A2
350
21B
  3
A3
350
216
  3
A4
350
211
  3
Layout1
350
D3
  3
Layout2
350
D7
  3
Model
350
22
  0
DICTIONARY
  5
6A
102
{ACAD_REACTORS
330
C
102
}
330
C
100
AcDbDictionary
281
     1
  3
ByBlock
350
ED
  3
ByLayer
350
EC
  3
Global
350
EE
  0
DICTIONARY
  5
12D
102
{ACAD_REACTORS
330
C
102
}
330
C
100
AcDbDictionary
281
     1
  3
Standard
350
12E
  3
Аннотативный
350
13B
  0
DICTIONARY
  5
17
102
{ACAD_REACTORS
330
C
102
}
330
C
100
AcDbDictionary
281
     1
  3
Standard
350
18
  0
DICTIONARY
  5
19
102
{ACAD_REACTORS
330
C
102
}
330
C
100
AcDbDictionary
281
     1
  0
ACDBDICTIONARYWDFLT
  5
E
102
{ACAD_REACTORS
330
C
102
}
330
C
100
AcDbDictionary
281
     1
  3
Normal
350
F
100
AcDbDictionaryWithDefault
340
F
  0
DICTIONARY
  5
10C
102
{ACAD_REACTORS
330
C
102
}
330
C
100
AcDbDictionary
281
     1
  3
A0
350
10D
  3
A1
350
1BE
  3
A2
350
1BF
  3
A3
350
1C0
  3
A4
350
1C1
  3
A5
350
1C2
  3
A6
350
1C3
  3
A7
350
1C4
  3
A8
350
1C5
  3
A9
350
1C6
  3
B0
350
1C7
  3
B1
350
1C8
  3
B2
350
1C9
  3
B3
350
1CA
  3
B4
350
1CB
  3
B5
350
1CC
  3
B6
350
1CD
  0
DICTIONARY
  5
475
102
{ACAD_REACTORS
330
C
102
}
330
C
100
AcDbDictionary
281
     1
  0
DICTIONARY
  5
7E
102
{ACAD_REACTORS
330
C
102
}
330
C
100
AcDbDictionary
281
     1
  3
Standard
350
7F
  0
DICTIONARY
  5
EF
102
{ACAD_REACTORS
330
C
102
}
330
C
100
AcDbDictionary
281
     1
  3
2dWireframe
350
F5
  3
3D Hidden
350
F7
  3
3dWireframe
350
F6
  3
Basic
350
F4
  3
Brighten
350
FB
  3
ColorChange
350
FF
  3
Conceptual
350
F8
  3
Dim
350
FA
  3
EdgeColorOff
350
35E
  3
Facepattern
350
FE
  3
Flat
350
F0
  3
FlatWithEdges
350
F1
  3
Gouraud
350
F2
  3
GouraudWithEdges
350
F3
  3
Hidden
350
35B
  3
JitterOff
350
35C
  3
Linepattern
350
FD
  3
OverhangOff
350
35D
  3
Realistic
350
F9
  3
Shaded
350
363
  3
Shaded with edges
350
362
  3
Shades of Gray
350
35F
  3
Sketchy
350
360
  3
Thicken
350
FC
  3
Wireframe
350
35A
  3
X-Ray
350
361
  0
XRECORD
  5
49D
102
{ACAD_REACTORS
330
C
102
}
330
C
100
AcDbXrecord
280
     1
 90
        1
330
7F
  0
DICTIONARY
  5
5E
102
{ACAD_REACTORS
330
C
102
}
330
C
100
AcDbDictionary
281
     1
  3
CANNOSCALE
350
146
  3
CMLEADERSTYLE
350
145
  3
CTABLESTYLE
350
84
  3
DIMASSOC
350
5F
  3
HIDETEXT
350
63
  3
LAYEREVAL
350
1AE
  3
LAYERNOTIFY
350
1AF
  3
XCLIPFRAME
350
356
  0
DICTIONARY
  5
365
102
{ACAD_REACTORS
330
C
102
}
330
C
100
AcDbDictionary
281
     1
  3
NCDocParameters
350
366
  0
DICTIONARY
  5
34E
102
{ACAD_REACTORS
330
C
102
}
330
C
100
AcDbDictionary
281
     1
  3
MC_VERSION_DATA
350
470
  3
MCS_DOCUMENT_ID
350
357
  3
MCS_PARAMS_DATA
350
367
  0
SORTENTSTABLE
  5
235
102
{ACAD_REACTORS
330
234
102
}
330
234
100
AcDbSortentsTable
330
1F
331
0
  5
237
  0
LAYOUT
  5
225
102
{ACAD_REACTORS
330
1A
102
}
330
1A
100
AcDbPlotSettings
  1

  2
none_device
  4
ISO_A0_(1189.00_x_841.00_MM)
  6

 40
7.5
 41
20.0
 42
7.5
 43
20.0
 44
1189.0
 45
841.0
 46
0.0
 47
0.0
 48
0.0
 49
0.0
140
0.0
141
0.0
142
1.0
143
1.0
 70
   688
 72
     1
 73
     0
 74
     5
  7

 75
    16
 76
     0
 77
     2
 78
   300
147
1.0
148
0.0
149
0.0
100
AcDbLayout
  1
A0
 70
     0
 71
     7
 10
0.0
 20
0.0
 11
0.0
 21
0.0
 12
0.0
 22
0.0
 32
0.0
 14
0.0
 24
0.0
 34
0.0
 15
0.0
 25
0.0
 35
0.0
146
0.0
 13
0.0
 23
0.0
 33
0.0
 16
1.0
 26
0.0
 36
0.0
 17
0.0
 27
1.0
 37
0.0
 76
     0
330
224
331
228
  0
LAYOUT
  5
220
102
{ACAD_REACTORS
330
1A
102
}
330
1A
100
AcDbPlotSettings
  1

  2
none_device
  4
ISO_A1_(841.00_x_594.00_MM)
  6

 40
7.5
 41
20.0
 42
7.5
 43
20.0
 44
841.0
 45
594.0
 46
0.0
 47
0.0
 48
0.0
 49
0.0
140
0.0
141
0.0
142
1.0
143
1.0
 70
   688
 72
     1
 73
     0
 74
     5
  7

 75
    16
 76
     0
 77
     2
 78
   300
147
1.0
148
0.0
149
0.0
100
AcDbLayout
  1
A1
 70
     1
 71
     6
 10
-20.0
 20
-7.5
 11
277.0
 21
202.5
 12
0.0
 22
0.0
 32
0.0
 14
0.0
 24
0.0
 34
0.0
 15
0.0
 25
0.0
 35
0.0
146
0.0
 13
0.0
 23
0.0
 33
0.0
 16
1.0
 26
0.0
 36
0.0
 17
0.0
 27
1.0
 37
0.0
 76
     0
330
21F
331
223
  0
LAYOUT
  5
21B
102
{ACAD_REACTORS
330
1A
102
}
330
1A
100
AcDbPlotSettings
  1

  2
none_device
  4
ISO_A2_(594.00_x_420.00_MM)
  6

 40
7.5
 41
20.0
 42
7.5
 43
20.0
 44
594.0
 45
420.0
 46
0.0
 47
0.0
 48
0.0
 49
0.0
140
0.0
141
0.0
142
1.0
143
1.0
 70
   688
 72
     1
 73
     0
 74
     5
  7

 75
    16
 76
     0
 77
     2
 78
   300
147
1.0
148
0.0
149
0.0
100
AcDbLayout
  1
A2
 70
     1
 71
     5
 10
0.0
 20
0.0
 11
0.0
 21
0.0
 12
0.0
 22
0.0
 32
0.0
 14
0.0
 24
0.0
 34
0.0
 15
0.0
 25
0.0
 35
0.0
146
0.0
 13
0.0
 23
0.0
 33
0.0
 16
1.0
 26
0.0
 36
0.0
 17
0.0
 27
1.0
 37
0.0
 76
     0
330
21A
331
21E
  0
LAYOUT
  5
216
102
{ACAD_REACTORS
330
1A
102
}
330
1A
100
AcDbPlotSettings
  1

  2
none_device
  4
ISO_A3_(420.00_x_297.00_MM)
  6

 40
7.5
 41
20.0
 42
7.5
 43
20.0
 44
420.0
 45
297.0
 46
0.0
 47
0.0
 48
0.0
 49
0.0
140
0.0
141
0.0
142
1.0
143
1.0
 70
   688
 72
     1
 73
     0
 74
     5
  7

 75
    16
 76
     0
 77
     2
 78
   300
147
1.0
148
0.0
149
0.0
100
AcDbLayout
  1
A3
 70
     1
 71
     4
 10
0.0
 20
0.0
 11
0.0
 21
0.0
 12
0.0
 22
0.0
 32
0.0
 14
0.0
 24
0.0
 34
0.0
 15
0.0
 25
0.0
 35
0.0
146
0.0
 13
0.0
 23
0.0
 33
0.0
 16
1.0
 26
0.0
 36
0.0
 17
0.0
 27
1.0
 37
0.0
 76
     0
330
215
331
219
  0
LAYOUT
  5
211
102
{ACAD_REACTORS
330
1A
102
}
330
1A
100
AcDbPlotSettings
  1

  2
none_device
  4
ISO_A4_(210.00_x_297.00_MM)
  6

 40
7.5
 41
20.0
 42
7.5
 43
20.0
 44
210.0
 45
297.0
 46
0.0
 47
0.0
 48
0.0
 49
0.0
140
0.0
141
0.0
142
1.0
143
1.0
 70
   688
 72
     1
 73
     0
 74
     5
  7

 75
    16
 76
     0
 77
     2
 78
   300
147
1.0
148
0.0
149
0.0
100
AcDbLayout
  1
A4
 70
     1
 71
     3
 10
0.0
 20
0.0
 11
0.0
 21
0.0
 12
0.0
 22
0.0
 32
0.0
 14
0.0
 24
0.0
 34
0.0
 15
0.0
 25
0.0
 35
0.0
146
0.0
 13
0.0
 23
0.0
 33
0.0
 16
1.0
 26
0.0
 36
0.0
 17
0.0
 27
1.0
 37
0.0
 76
     0
330
210
331
214
  0
LAYOUT
  5
D3
102
{ACAD_REACTORS
330
1A
102
}
330
1A
100
AcDbPlotSettings
  1

  2
none_device
  4
ISO_A4_(210.00_x_297.00_MM)
  6

 40
7.5
 41
20.0
 42
7.5
 43
20.0
 44
210.0
 45
297.0
 46
0.0
 47
0.0
 48
0.0
 49
0.0
140
0.0
141
0.0
142
1.0
143
1.0
 70
   688
 72
     1
 73
     1
 74
     5
  7

 75
    16
 76
     0
 77
     2
 78
   300
147
1.0
148
0.0
149
0.0
100
AcDbLayout
  1
Layout1
 70
     0
 71
     1
 10
0.0
 20
0.0
 11
12.0
 21
9.0
 12
0.0
 22
0.0
 32
0.0
 14
0.0
 24
0.0
 34
0.0
 15
0.0
 25
0.0
 35
0.0
146
0.0
 13
0.0
 23
0.0
 33
0.0
 16
1.0
 26
0.0
 36
0.0
 17
0.0
 27
1.0
 37
0.0
 76
     0
330
D2
331
229
  0
LAYOUT
  5
D7
102
{ACAD_REACTORS
330
1A
102
}
330
1A
100
AcDbPlotSettings
  1

  2
none_device
  4
ISO_A4_(210.00_x_297.00_MM)
  6

 40
7.5
 41
20.0
 42
7.5
 43
20.0
 44
210.0
 45
297.0
 46
0.0
 47
0.0
 48
0.0
 49
0.0
140
0.0
141
0.0
142
1.0
143
1.0
 70
   688
 72
     1
 73
     1
 74
     5
  7

 75
    16
 76
     0
 77
     2
 78
   300
147
1.0
148
0.0
149
0.0
100
AcDbLayout
  1
Layout2
 70
     0
 71
     2
 10
-20.0
 20
-7.5
 11
277.0
 21
202.5
 12
0.0
 22
0.0
 32
0.0
 14
0.0
 24
0.0
 34
0.0
 15
0.0
 25
0.0
 35
0.0
146
0.0
 13
0.0
 23
0.0
 33
0.0
 16
1.0
 26
0.0
 36
0.0
 17
0.0
 27
1.0
 37
0.0
 76
     0
330
D6
331
20F
  0
LAYOUT
  5
22
102
{ACAD_REACTORS
330
1A
102
}
102
{ACAD_XDICTIONARY
360
358
102
}
330
1A
100
AcDbPlotSettings
  1

  2
none_device
  4
ISO_A4_(210.00_x_297.00_MM)
  6

 40
7.5
 41
20.0
 42
7.5
 43
20.0
 44
210.0
 45
297.0
 46
0.0
 47
0.0
 48
0.0
 49
0.0
140
0.0
141
0.0
142
1.0
143
3.249677
 70
 11952
 72
     1
 73
     0
 74
     0
  7

 75
     0
 76
     0
 77
     2
 78
   300
147
0.307723
148
0.0
149
0.0
100
AcDbLayout
  1
Model
 70
     1
 71
     0
 10
0.0
 20
0.0
 11
420.0
 21
297.0
 12
0.0
 22
0.0
 32
0.0
 14
0.0
 24
0.0
 34
0.0
 15
0.0
 25
0.0
 35
0.0
146
0.0
 13
0.0
 23
0.0
 33
0.0
 16
1.0
 26
0.0
 36
0.0
 17
0.0
 27
1.0
 37
0.0
 76
     0
330
1F
331
EA
1001
ACAD_PSEXT
1000
None
1000
None
1000
Not applicable
1000
The layout will not be plotted unless a new plotter configuration name is selected.
1070
     0
  0
MATERIAL
  5
ED
102
{ACAD_REACTORS
330
6A
102
}
330
6A
100
AcDbMaterial
  1
ByBlock
 72
     1
 73
     2
 78
     2
172
     2
176
     2
270
     2
274
     2
 94
       63
  0
MATERIAL
  5
EC
102
{ACAD_REACTORS
330
6A
102
}
330
6A
100
AcDbMaterial
  1
ByLayer
 72
     1
 73
     2
 78
     2
172
     2
176
     2
270
     2
274
     2
 94
       63
  0
MATERIAL
  5
EE
102
{ACAD_REACTORS
330
6A
102
}
330
6A
100
AcDbMaterial
  1
Global
 72
     1
 73
     2
 43
0.0008
 43
0.0
 43
0.0
 43
0.0
 43
0.0
 43
0.0008
 43
0.0
 43
0.0
 43
0.0
 43
0.0
 43
1.0
 43
0.0
 43
0.0
 43
0.0
 43
0.0
 43
1.0
 78
     2
172
     2
 49
0.0008
 49
0.0
 49
0.0
 49
0.0
 49
0.0
 49
0.0008
 49
0.0
 49
0.0
 49
0.0
 49
0.0
 49
1.0
 49
0.0
 49
0.0
 49
0.0
 49
0.0
 49
1.0
176
     2
142
0.0008
142
0.0
142
0.0
142
0.0
142
0.0
142
0.0008
142
0.0
142
0.0
142
0.0
142
0.0
142
1.0
142
0.0
142
0.0
142
0.0
142
0.0
142
1.0
270
     2
144
0.0008
144
0.0
144
0.0
144
0.0
144
0.0
144
0.0008
144
0.0
144
0.0
144
0.0
144
0.0
144
1.0
144
0.0
144
0.0
144
0.0
144
0.0
144
1.0
274
     2
 94
       63
1001
ACAD
1070
    -1
1070
     3
1070
     0
1000

1071
        0
1070
     0
  0
MLEADERSTYLE
  5
12E
102
{ACAD_REACTORS
330
12D
102
}
330
12D
100
AcDbMLeaderStyle
179
     2
170
     2
171
     1
172
     0
 90
        2
 40
0.0
 41
0.0
173
     1
 91
-1056964608
340
14
 92
       -2
290
     1
 42
2.0
291
     1
 43
8.0
  3
Standard
341
0
 44
4.0
300

342
11
174
     1
178
     1
175
     1
176
     0
 93
-1056964608
 45
4.0
292
     0
297
     0
 46
4.0
343
0
 94
-1056964608
 47
1.0
 49
1.0
140
1.0
293
     1
141
0.0
294
     1
177
     0
142
1.0
295
     0
296
     0
143
3.75
271
     0
272
     9
273
     9
298
     0
1001
ACAD_MLEADERVER
1070
     2
  0
MLEADERSTYLE
  5
13B
102
{ACAD_REACTORS
330
12D
102
}
330
12D
100
AcDbMLeaderStyle
179
     2
170
     2
171
     1
172
     0
 90
        2
 40
0.0
 41
0.0
173
     1
 91
-1056964608
340
14
 92
       -2
290
     1
 42
2.0
291
     1
 43
8.0
  3
Standard
341
0
 44
4.0
300

342
11
174
     1
178
     1
175
     1
176
     0
 93
-1056964608
 45
4.0
292
     0
297
     0
 46
4.0
343
0
 94
-1056964608
 47
1.0
 49
1.0
140
1.0
293
     1
141
0.0
294
     1
177
     0
142
1.0
295
     1
296
     0
143
3.75
271
     0
272
     9
273
     9
298
     0
1001
ACAD_MLEADERVER
1070
     2
  0
MLINESTYLE
  5
18
102
{ACAD_REACTORS
330
17
102
}
330
17
100
AcDbMlineStyle
  2
STANDARD
 70
     0
  3

 62
   256
 51
90.0
 52
90.0
 71
     2
 49
0.5
 62
   256
  6
BYLAYER
 49
-0.5
 62
   256
  6
BYLAYER
  0
ACDBPLACEHOLDER
  5
F
102
{ACAD_REACTORS
330
E
102
}
330
E
  0
SCALE
  5
10D
102
{ACAD_REACTORS
330
10C
102
}
330
10C
100
AcDbScale
 70
     0
300
1:1
140
1.0
141
1.0
290
     1
  0
SCALE
  5
1BE
102
{ACAD_REACTORS
330
10C
102
}
330
10C
100
AcDbScale
 70
     0
300
1:2
140
1.0
141
2.0
290
     0
  0
SCALE
  5
1BF
102
{ACAD_REACTORS
330
10C
102
}
330
10C
100
AcDbScale
 70
     0
300
1:4
140
1.0
141
4.0
290
     0
  0
SCALE
  5
1C0
102
{ACAD_REACTORS
330
10C
102
}
330
10C
100
AcDbScale
 70
     0
300
1:5
140
1.0
141
5.0
290
     0
  0
SCALE
  5
1C1
102
{ACAD_REACTORS
330
10C
102
}
330
10C
100
AcDbScale
 70
     0
300
1:8
140
1.0
141
8.0
290
     0
  0
SCALE
  5
1C2
102
{ACAD_REACTORS
330
10C
102
}
330
10C
100
AcDbScale
 70
     0
300
1:10
140
1.0
141
10.0
290
     0
  0
SCALE
  5
1C3
102
{ACAD_REACTORS
330
10C
102
}
330
10C
100
AcDbScale
 70
     0
300
1:16
140
1.0
141
16.0
290
     0
  0
SCALE
  5
1C4
102
{ACAD_REACTORS
330
10C
102
}
330
10C
100
AcDbScale
 70
     0
300
1:20
140
1.0
141
20.0
290
     0
  0
SCALE
  5
1C5
102
{ACAD_REACTORS
330
10C
102
}
330
10C
100
AcDbScale
 70
     0
300
1:30
140
1.0
141
30.0
290
     0
  0
SCALE
  5
1C6
102
{ACAD_REACTORS
330
10C
102
}
330
10C
100
AcDbScale
 70
     0
300
1:40
140
1.0
141
40.0
290
     0
  0
SCALE
  5
1C7
102
{ACAD_REACTORS
330
10C
102
}
330
10C
100
AcDbScale
 70
     0
300
1:50
140
1.0
141
50.0
290
     0
  0
SCALE
  5
1C8
102
{ACAD_REACTORS
330
10C
102
}
330
10C
100
AcDbScale
 70
     0
300
1:100
140
1.0
141
100.0
290
     0
  0
SCALE
  5
1C9
102
{ACAD_REACTORS
330
10C
102
}
330
10C
100
AcDbScale
 70
     0
300
2:1
140
2.0
141
1.0
290
     0
  0
SCALE
  5
1CA
102
{ACAD_REACTORS
330
10C
102
}
330
10C
100
AcDbScale
 70
     0
300
4:1
140
4.0
141
1.0
290
     0
  0
SCALE
  5
1CB
102
{ACAD_REACTORS
330
10C
102
}
330
10C
100
AcDbScale
 70
     0
300
8:1
140
8.0
141
1.0
290
     0
  0
SCALE
  5
1CC
102
{ACAD_REACTORS
330
10C
102
}
330
10C
100
AcDbScale
 70
     0
300
10:1
140
10.0
141
1.0
290
     0
  0
SCALE
  5
1CD
102
{ACAD_REACTORS
330
10C
102
}
330
10C
100
AcDbScale
 70
     0
300
100:1
140
100.0
141
1.0
290
     0
  0
TABLESTYLE
  5
7F
102
{ACAD_REACTORS
330
7E
102
}
102
{ACAD_XDICTIONARY
360
49B
102
}
330
7E
100
AcDbTableStyle
  3
Standard
 70
     0
 71
     0
 40
1.5
 41
1.5
280
     0
281
     0
  7
Standard
140
4.5
170
     2
 62
     0
 63
   257
283
     0
 90
      512
 91
        0
  1

274
    -2
284
     1
 64
     0
275
    -2
285
     1
 65
     0
276
    -2
286
     1
 66
     0
277
    -2
287
     1
 67
     0
278
    -2
288
     1
 68
     0
279
    -2
289
     1
 69
     0
  7
Standard
140
6.0
170
     5
 62
     0
 63
   257
283
     0
 90
      512
 91
        0
  1

274
    -2
284
     1
 64
     0
275
    -2
285
     1
 65
     0
276
    -2
286
     1
 66
     0
277
    -2
287
     1
 67
     0
278
    -2
288
     1
 68
     0
279
    -2
289
     1
 69
     0
  7
Standard
140
4.5
170
     5
 62
     0
 63
   257
283
     0
 90
      512
 91
        0
  1

274
    -2
284
     1
 64
     0
275
    -2
285
     1
 65
     0
276
    -2
286
     1
 66
     0
277
    -2
287
     1
 67
     0
278
    -2
288
     1
 68
     0
279
    -2
289
     1
 69
     0
  0
VISUALSTYLE
  5
F5
102
{ACAD_REACTORS
330
EF
102
}
330
EF
100
AcDbVisualStyle
  2
2dWireframe
 70
     4
177
     3
291
     0
 70
    58
 90
        0
176
     1
 90
        2
176
     1
 90
        1
176
     1
 90
        0
176
     1
 40
-0.6
176
     1
 40
-30.0
176
     1
 62
     7
420
 16777215
176
     1
 90
        1
176
     1
 90
        4
176
     1
 62
     7
176
     1
 62
   257
176
     1
 90
        1
176
     1
 90
        1
176
     1
 40
1.0
176
     1
 90
        0
176
     1
 62
   257
176
     1
 40
1.0
176
     1
 90
        1
176
     1
 90
        6
176
     1
 90
        2
176
     1
 62
     7
176
     1
 90
        5
176
     1
 90
        0
176
     1
 90
        0
176
     1
290
     0
176
     1
 90
        1
176
     1
 40
0.0
176
     1
 90
        0
176
     1
290
     1
176
     1
290
     1
176
     1
290
     0
176
     1
290
     0
176
     1
290
     0
176
     1
290
     0
176
     1
290
     0
176
     1
290
     0
176
     1
290
     0
176
     1
 90
       50
176
     1
 40
0.0
176
     1
 40
1.0
176
     1
 90
        0
176
     1
 62
    18
420
        0
176
     1
 90
       50
176
     1
 90
        3
176
     1
 62
     5
420
      255
176
     1
290
     0
176
     1
 90
       50
176
     1
 90
       50
176
     1
 90
       50
176
     1
290
     0
176
     1
 90
       50
176
     1
 62
   256
176
     0
 40
1.0
176
     0
 90
        2
176
     1
  1
strokes_ogs.tif
176
     1
290
     0
176
     1
 40
1.0
176
     1
 40
1.0
176
     1
  0
VISUALSTYLE
  5
F7
102
{ACAD_REACTORS
330
EF
102
}
330
EF
100
AcDbVisualStyle
  2
3D Hidden
 70
     6
177
     3
291
     0
 70
    58
 90
        1
176
     1
 90
        2
176
     1
 90
        2
176
     1
 90
        0
176
     1
 40
-0.6
176
     1
 40
-30.0
176
     1
 62
     7
420
 16777215
176
     1
 90
        2
176
     1
 90
        2
176
     1
 62
     7
176
     1
 62
   257
176
     1
 90
        2
176
     1
 90
        1
176
     1
 40
40.0
176
     1
 90
        0
176
     1
 62
   257
176
     1
 40
1.0
176
     1
 90
        1
176
     1
 90
        6
176
     1
 90
        2
176
     1
 62
     7
176
     1
 90
        3
176
     1
 90
        0
176
     1
 90
        0
176
     1
290
     0
176
     1
 90
        1
176
     1
 40
0.0
176
     1
 90
        0
176
     1
290
     0
176
     1
290
     1
176
     1
290
     1
176
     1
290
     0
176
     1
290
     0
176
     1
290
     0
176
     1
290
     0
176
     1
290
     0
176
     1
290
     0
176
     1
 90
       50
176
     1
 40
0.0
176
     1
 40
1.0
176
     1
 90
        0
176
     1
 62
    18
420
        0
176
     1
 90
       50
176
     1
 90
        3
176
     1
 62
     5
420
      255
176
     1
290
     0
176
     1
 90
       50
176
     1
 90
       50
176
     1
 90
       50
176
     1
290
     0
176
     1
 90
       50
176
     1
 62
   256
176
     0
 40
1.0
176
     0
 90
        2
176
     1
  1
strokes_ogs.tif
176
     1
290
     0
176
     1
 40
1.0
176
     1
 40
1.0
176
     1
  0
VISUALSTYLE
  5
F6
102
{ACAD_REACTORS
330
EF
102
}
330
EF
100
AcDbVisualStyle
  2
3dWireframe
 70
     5
177
     3
291
     0
 70
    58
 90
        0
176
     1
 90
        2
176
     1
 90
        1
176
     1
 90
        0
176
     1
 40
-0.6
176
     1
 40
-30.0
176
     1
 62
     7
420
 16777215
176
     1
 90
        1
176
     1
 90
        4
176
     1
 62
     7
176
     1
 62
   257
176
     1
 90
        1
176
     1
 90
        1
176
     1
 40
1.0
176
     1
 90
        0
176
     1
 62
   257
176
     1
 40
1.0
176
     1
 90
        1
176
     1
 90
        6
176
     1
 90
        2
176
     1
 62
     7
176
     1
 90
        5
176
     1
 90
        0
176
     1
 90
        0
176
     1
290
     0
176
     1
 90
        1
176
     1
 40
0.0
176
     1
 90
        0
176
     1
290
     0
176
     1
290
     1
176
     1
290
     1
176
     1
290
     0
176
     1
290
     0
176
     1
290
     0
176
     1
290
     0
176
     1
290
     0
176
     1
290
     0
176
     1
 90
       50
176
     1
 40
0.0
176
     1
 40
1.0
176
     1
 90
        0
176
     1
 62
    18
420
        0
176
     1
 90
       50
176
     1
 90
        3
176
     1
 62
     5
420
      255
176
     1
290
     0
176
     1
 90
       50
176
     1
 90
       50
176
     1
 90
       50
176
     1
290
     0
176
     1
 90
       50
176
     1
 62
   256
176
     0
 40
1.0
176
     0
 90
        2
176
     1
  1
strokes_ogs.tif
176
     1
290
     0
176
     1
 40
1.0
176
     1
 40
1.0
176
     1
  0
VISUALSTYLE
  5
F4
102
{ACAD_REACTORS
330
EF
102
}
330
EF
100
AcDbVisualStyle
  2
Basic
 70
     7
177
     3
291
     1
 70
    58
 90
        1
176
     1
 90
        0
176
     1
 90
        1
176
     1
 90
        0
176
     1
 40
-0.6
176
     1
 40
-30.0
176
     1
 62
     7
420
 16777215
176
     1
 90
        0
176
     1
 90
        4
176
     1
 62
     7
176
     1
 62
   257
176
     1
 90
        1
176
     1
 90
        1
176
     1
 40
1.0
176
     1
 90
        8
176
     1
 62
     7
176
     1
 40
1.0
176
     1
 90
        1
176
     1
 90
        6
176
     1
 90
        2
176
     1
 62
     7
176
     1
 90
        5
176
     1
 90
        0
176
     1
 90
        0
176
     1
290
     0
176
     1
 90
        1
176
     1
 40
0.0
176
     1
 90
        0
176
     1
290
     0
176
     1
290
     1
176
     1
290
     1
176
     1
290
     0
176
     1
290
     0
176
     1
290
     0
176
     1
290
     0
176
     1
290
     0
176
     1
290
     0
176
     1
 90
       50
176
     1
 40
0.0
176
     1
 40
1.0
176
     1
 90
        0
176
     1
 62
    18
420
        0
176
     1
 90
       50
176
     1
 90
        3
176
     1
 62
     5
420
      255
176
     1
290
     0
176
     1
 90
       50
176
     1
 90
       50
176
     1
 90
       50
176
     1
290
     0
176
     1
 90
       50
176
     1
 62
   256
176
     0
 40
1.0
176
     0
 90
        2
176
     1
  1
strokes_ogs.tif
176
     1
290
     0
176
     1
 40
1.0
176
     1
 40
1.0
176
     1
  0
VISUALSTYLE
  5
FB
102
{ACAD_REACTORS
330
EF
102
}
330
EF
100
AcDbVisualStyle
  2
Brighten
 70
    12
177
     3
291
     1
 70
    58
 90
        2
176
     1
 90
        2
176
     1
 90
        1
176
     1
 90
        0
176
     1
 40
-0.6
176
     1
 40
-30.0
176
     1
 62
     7
420
 16777215
176
     1
 90
        1
176
     1
 90
        4
176
     1
 62
     7
176
     1
 62
   257
176
     1
 90
        1
176
     1
 90
        1
176
     1
 40
1.0
176
     1
 90
        8
176
     1
 62
     7
176
     1
 40
1.0
176
     1
 90
        1
176
     1
 90
        6
176
     1
 90
        2
176
     1
 62
     7
176
     1
 90
        5
176
     1
 90
        0
176
     1
 90
        0
176
     1
290
     0
176
     1
 90
        1
176
     1
 40
50.0
176
     1
 90
        0
176
     1
290
     0
176
     1
290
     1
176
     1
290
     1
176
     1
290
     0
176
     1
290
     0
176
     1
290
     0
176
     1
290
     0
176
     1
290
     0
176
     1
290
     0
176
     1
 90
       50
176
     1
 40
0.0
176
     1
 40
1.0
176
     1
 90
        0
176
     1
 62
    18
420
        0
176
     1
 90
       50
176
     1
 90
        3
176
     1
 62
     5
420
      255
176
     1
290
     0
176
     1
 90
       50
176
     1
 90
       50
176
     1
 90
       50
176
     1
290
     0
176
     1
 90
       50
176
     1
 62
   256
176
     0
 40
1.0
176
     0
 90
        2
176
     1
  1
strokes_ogs.tif
176
     1
290
     0
176
     1
 40
1.0
176
     1
 40
1.0
176
     1
  0
VISUALSTYLE
  5
FF
102
{ACAD_REACTORS
330
EF
102
}
330
EF
100
AcDbVisualStyle
  2
ColorChange
 70
    16
177
     3
291
     1
 70
    58
 90
        2
176
     1
 90
        2
176
     1
 90
        3
176
     1
 90
        0
176
     1
 40
-0.6
176
     1
 40
-30.0
176
     1
 62
     8
420
  8421504
176
     1
 90
        1
176
     1
 90
        4
176
     1
 62
     7
176
     1
 62
   257
176
     1
 90
        1
176
     1
 90
        1
176
     1
 40
1.0
176
     1
 90
        8
176
     1
 62
     8
420
  8421504
176
     1
 40
1.0
176
     1
 90
        1
176
     1
 90
        6
176
     1
 90
        2
176
     1
 62
     7
176
     1
 90
        5
176
     1
 90
        0
176
     1
 90
        0
176
     1
290
     0
176
     1
 90
        1
176
     1
 40
0.0
176
     1
 90
        0
176
     1
290
     0
176
     1
290
     1
176
     1
290
     1
176
     1
290
     0
176
     1
290
     0
176
     1
290
     0
176
     1
290
     0
176
     1
290
     0
176
     1
290
     0
176
     1
 90
       50
176
     1
 40
0.0
176
     1
 40
1.0
176
     1
 90
        0
176
     1
 62
    18
420
        0
176
     1
 90
       50
176
     1
 90
        3
176
     1
 62
     5
420
      255
176
     1
290
     0
176
     1
 90
       50
176
     1
 90
       50
176
     1
 90
       50
176
     1
290
     0
176
     1
 90
       50
176
     1
 62
   256
176
     0
 40
1.0
176
     0
 90
        2
176
     1
  1
strokes_ogs.tif
176
     1
290
     0
176
     1
 40
1.0
176
     1
 40
1.0
176
     1
  0
VISUALSTYLE
  5
F8
102
{ACAD_REACTORS
330
EF
102
}
330
EF
100
AcDbVisualStyle
  2
Conceptual
 70
     9
177
     3
291
     0
 70
    58
 90
        3
176
     1
 90
        2
176
     1
 90
        1
176
     1
 90
        0
176
     1
 40
-0.6
176
     1
 40
-30.0
176
     1
 62
     7
420
 16777215
176
     1
 90
        2
176
     1
 90
        2
176
     1
 62
     7
176
     1
 62
   257
176
     1
 90
        1
176
     1
 90
        1
176
     1
 40
40.0
176
     1
 90
        8
176
     1
 62
     7
176
     1
 40
1.0
176
     1
 90
        1
176
     1
 90
        6
176
     1
 90
        2
176
     1
 62
     7
176
     1
 90
        3
176
     1
 90
        0
176
     1
 90
        0
176
     1
290
     0
176
     1
 90
        1
176
     1
 40
0.0
176
     1
 90
        0
176
     1
290
     0
176
     1
290
     1
176
     1
290
     1
176
     1
290
     0
176
     1
290
     0
176
     1
290
     0
176
     1
290
     0
176
     1
290
     0
176
     1
290
     0
176
     1
 90
       50
176
     1
 40
0.0
176
     1
 40
1.0
176
     1
 90
        0
176
     1
 62
    18
420
        0
176
     1
 90
       50
176
     1
 90
        3
176
     1
 62
     5
420
      255
176
     1
290
     0
176
     1
 90
       50
176
     1
 90
       50
176
     1
 90
       50
176
     1
290
     0
176
     1
 90
       50
176
     1
 62
   256
176
     0
 40
1.0
176
     0
 90
        2
176
     1
  1
strokes_ogs.tif
176
     1
290
     0
176
     1
 40
1.0
176
     1
 40
1.0
176
     1
  0
VISUALSTYLE
  5
FA
102
{ACAD_REACTORS
330
EF
102
}
330
EF
100
AcDbVisualStyle
  2
Dim
 70
    11
177
     3
291
     1
 70
    58
 90
        2
176
     1
 90
        2
176
     1
 90
        1
176
     1
 90
        0
176
     1
 40
-0.6
176
     1
 40
-30.0
176
     1
 62
     7
420
 16777215
176
     1
 90
        1
176
     1
 90
        4
176
     1
 62
     7
176
     1
 62
   257
176
     1
 90
        1
176
     1
 90
        1
176
     1
 40
1.0
176
     1
 90
        8
176
     1
 62
     7
176
     1
 40
1.0
176
     1
 90
        1
176
     1
 90
        6
176
     1
 90
        2
176
     1
 62
     7
176
     1
 90
        5
176
     1
 90
        0
176
     1
 90
        0
176
     1
290
     0
176
     1
 90
        1
176
     1
 40
-50.0
176
     1
 90
        0
176
     1
290
     0
176
     1
290
     1
176
     1
290
     1
176
     1
290
     0
176
     1
290
     0
176
     1
290
     0
176
     1
290
     0
176
     1
290
     0
176
     1
290
     0
176
     1
 90
       50
176
     1
 40
0.0
176
     1
 40
1.0
176
     1
 90
        0
176
     1
 62
    18
420
        0
176
     1
 90
       50
176
     1
 90
        3
176
     1
 62
     5
420
      255
176
     1
290
     0
176
     1
 90
       50
176
     1
 90
       50
176
     1
 90
       50
176
     1
290
     0
176
     1
 90
       50
176
     1
 62
   256
176
     0
 40
1.0
176
     0
 90
        2
176
     1
  1
strokes_ogs.tif
176
     1
290
     0
176
     1
 40
1.0
176
     1
 40
1.0
176
     1
  0
VISUALSTYLE
  5
35E
102
{ACAD_REACTORS
330
EF
102
}
330
EF
100
AcDbVisualStyle
  2
EdgeColorOff
 70
    22
177
     3
291
     1
 70
    58
 90
        2
176
     0
 90
        2
176
     0
 90
        0
176
     0
 90
        0
176
     0
 40
0.6
176
     0
 40
30.0
176
     0
 62
     7
420
 16777215
176
     0
 90
        1
176
     0
 90
        4
176
     0
 62
     7
176
     0
 62
   257
176
     0
 90
        1
176
     0
 90
        1
176
     0
 40
1.0
176
     0
 90
        8
176
     2
 62
     7
176
     0
 40
1.0
176
     0
 90
        1
176
     0
 90
        6
176
     0
 90
        2
176
     0
 62
     7
176
     0
 90
        5
176
     0
 90
        0
176
     0
 90
        0
176
     0
290
     0
176
     0
 90
        1
176
     0
 40
0.0
176
     0
 90
        0
176
     0
290
     0
176
     0
290
     1
176
     0
290
     1
176
     0
290
     0
176
     0
290
     0
176
     0
290
     0
176
     0
290
     0
176
     0
290
     0
176
     0
290
     0
176
     0
 90
       50
176
     0
 40
0.0
176
     0
 40
1.0
176
     0
 90
        0
176
     0
 62
    18
420
        0
176
     0
 90
       50
176
     0
 90
        3
176
     0
 62
     5
420
      255
176
     0
290
     0
176
     0
 90
       50
176
     0
 90
       50
176
     0
 90
       50
176
     0
290
     0
176
     0
 90
       50
176
     0
 62
   256
176
     0
 40
1.0
176
     0
 90
        2
176
     0
  1
strokes_ogs.tif
176
     0
290
     0
176
     0
 40
1.0
176
     0
 40
1.0
176
     0
  0
VISUALSTYLE
  5
FE
102
{ACAD_REACTORS
330
EF
102
}
330
EF
100
AcDbVisualStyle
  2
Facepattern
 70
    15
177
     3
291
     1
 70
    58
 90
        2
176
     1
 90
        2
176
     1
 90
        1
176
     1
 90
        0
176
     1
 40
-0.6
176
     1
 40
-30.0
176
     1
 62
     7
420
 16777215
176
     1
 90
        1
176
     1
 90
        4
176
     1
 62
     7
176
     1
 62
   257
176
     1
 90
        1
176
     1
 90
        1
176
     1
 40
1.0
176
     1
 90
        8
176
     1
 62
     7
176
     1
 40
1.0
176
     1
 90
        1
176
     1
 90
        6
176
     1
 90
        2
176
     1
 62
     7
176
     1
 90
        5
176
     1
 90
        0
176
     1
 90
        0
176
     1
290
     0
176
     1
 90
        1
176
     1
 40
0.0
176
     1
 90
        0
176
     1
290
     0
176
     1
290
     1
176
     1
290
     1
176
     1
290
     0
176
     1
290
     0
176
     1
290
     0
176
     1
290
     0
176
     1
290
     0
176
     1
290
     0
176
     1
 90
       50
176
     1
 40
0.0
176
     1
 40
1.0
176
     1
 90
        0
176
     1
 62
    18
420
        0
176
     1
 90
       50
176
     1
 90
        3
176
     1
 62
     5
420
      255
176
     1
290
     0
176
     1
 90
       50
176
     1
 90
       50
176
     1
 90
       50
176
     1
290
     0
176
     1
 90
       50
176
     1
 62
   256
176
     0
 40
1.0
176
     0
 90
        2
176
     1
  1
strokes_ogs.tif
176
     1
290
     0
176
     1
 40
1.0
176
     1
 40
1.0
176
     1
  0
VISUALSTYLE
  5
F0
102
{ACAD_REACTORS
330
EF
102
}
330
EF
100
AcDbVisualStyle
  2
Flat
 70
     0
177
     3
291
     1
 70
    58
 90
        2
176
     1
 90
        1
176
     1
 90
        1
176
     1
 90
        2
176
     1
 40
-0.6
176
     1
 40
30.0
176
     1
 62
     7
420
 16777215
176
     1
 90
        0
176
     1
 90
        4
176
     1
 62
     7
176
     1
 62
   257
176
     1
 90
        1
176
     1
 90
        1
176
     1
 40
1.0
176
     1
 90
        8
176
     1
 62
     7
176
     1
 40
1.0
176
     1
 90
        1
176
     1
 90
        6
176
     1
 90
        2
176
     1
 62
     7
176
     1
 90
        5
176
     1
 90
        0
176
     1
 90
        0
176
     1
290
     0
176
     1
 90
        1
176
     1
 40
0.0
176
     1
 90
        0
176
     1
290
     0
176
     1
290
     1
176
     1
290
     1
176
     1
290
     0
176
     1
290
     0
176
     1
290
     0
176
     1
290
     0
176
     1
290
     0
176
     1
290
     0
176
     1
 90
       50
176
     1
 40
0.0
176
     1
 40
1.0
176
     1
 90
        0
176
     1
 62
    18
420
        0
176
     1
 90
       50
176
     1
 90
        3
176
     1
 62
     5
420
      255
176
     1
290
     0
176
     1
 90
       50
176
     1
 90
       50
176
     1
 90
       50
176
     1
290
     0
176
     1
 90
       50
176
     1
 62
   256
176
     0
 40
1.0
176
     0
 90
        2
176
     1
  1
strokes_ogs.tif
176
     1
290
     0
176
     1
 40
1.0
176
     1
 40
1.0
176
     1
  0
VISUALSTYLE
  5
F1
102
{ACAD_REACTORS
330
EF
102
}
330
EF
100
AcDbVisualStyle
  2
FlatWithEdges
 70
     1
177
     3
291
     1
 70
    58
 90
        2
176
     1
 90
        1
176
     1
 90
        1
176
     1
 90
        2
176
     1
 40
-0.6
176
     1
 40
30.0
176
     1
 62
     7
420
 16777215
176
     1
 90
        1
176
     1
 90
        4
176
     1
 62
     7
176
     1
 62
   257
176
     1
 90
        1
176
     1
 90
        1
176
     1
 40
1.0
176
     1
 90
        0
176
     1
 62
   257
176
     1
 40
1.0
176
     1
 90
        1
176
     1
 90
        6
176
     1
 90
        2
176
     1
 62
     7
176
     1
 90
        5
176
     1
 90
        0
176
     1
 90
        0
176
     1
290
     0
176
     1
 90
        1
176
     1
 40
0.0
176
     1
 90
        0
176
     1
290
     0
176
     1
290
     1
176
     1
290
     1
176
     1
290
     0
176
     1
290
     0
176
     1
290
     0
176
     1
290
     0
176
     1
290
     0
176
     1
290
     0
176
     1
 90
       50
176
     1
 40
0.0
176
     1
 40
1.0
176
     1
 90
        0
176
     1
 62
    18
420
        0
176
     1
 90
       50
176
     1
 90
        3
176
     1
 62
     5
420
      255
176
     1
290
     0
176
     1
 90
       50
176
     1
 90
       50
176
     1
 90
       50
176
     1
290
     0
176
     1
 90
       50
176
     1
 62
   256
176
     0
 40
1.0
176
     0
 90
        2
176
     1
  1
strokes_ogs.tif
176
     1
290
     0
176
     1
 40
1.0
176
     1
 40
1.0
176
     1
  0
VISUALSTYLE
  5
F2
102
{ACAD_REACTORS
330
EF
102
}
330
EF
100
AcDbVisualStyle
  2
Gouraud
 70
     2
177
     3
291
     1
 70
    58
 90
        2
176
     1
 90
        2
176
     1
 90
        1
176
     1
 90
        2
176
     1
 40
-0.6
176
     1
 40
30.0
176
     1
 62
     7
420
 16777215
176
     1
 90
        0
176
     1
 90
        4
176
     1
 62
     7
176
     1
 62
   257
176
     1
 90
        1
176
     1
 90
        1
176
     1
 40
1.0
176
     1
 90
        0
176
     1
 62
     7
176
     1
 40
1.0
176
     1
 90
        1
176
     1
 90
        6
176
     1
 90
        2
176
     1
 62
     7
176
     1
 90
        5
176
     1
 90
        0
176
     1
 90
        0
176
     1
290
     0
176
     1
 90
        1
176
     1
 40
0.0
176
     1
 90
        0
176
     1
290
     0
176
     1
290
     1
176
     1
290
     1
176
     1
290
     0
176
     1
290
     0
176
     1
290
     0
176
     1
290
     0
176
     1
290
     0
176
     1
290
     0
176
     1
 90
       50
176
     1
 40
0.0
176
     1
 40
1.0
176
     1
 90
        0
176
     1
 62
    18
420
        0
176
     1
 90
       50
176
     1
 90
        3
176
     1
 62
     5
420
      255
176
     1
290
     0
176
     1
 90
       50
176
     1
 90
       50
176
     1
 90
       50
176
     1
290
     0
176
     1
 90
       50
176
     1
 62
   256
176
     0
 40
1.0
176
     0
 90
        2
176
     1
  1
strokes_ogs.tif
176
     1
290
     0
176
     1
 40
1.0
176
     1
 40
1.0
176
     1
  0
VISUALSTYLE
  5
F3
102
{ACAD_REACTORS
330
EF
102
}
330
EF
100
AcDbVisualStyle
  2
GouraudWithEdges
 70
     3
177
     3
291
     1
 70
    58
 90
        2
176
     1
 90
        2
176
     1
 90
        1
176
     1
 90
        2
176
     1
 40
-0.6
176
     1
 40
30.0
176
     1
 62
     7
420
 16777215
176
     1
 90
        1
176
     1
 90
        4
176
     1
 62
     7
176
     1
 62
   257
176
     1
 90
        1
176
     1
 90
        1
176
     1
 40
1.0
176
     1
 90
        0
176
     1
 62
   257
176
     1
 40
1.0
176
     1
 90
        1
176
     1
 90
        6
176
     1
 90
        2
176
     1
 62
     7
176
     1
 90
        5
176
     1
 90
        0
176
     1
 90
        0
176
     1
290
     0
176
     1
 90
        1
176
     1
 40
0.0
176
     1
 90
        0
176
     1
290
     0
176
     1
290
     1
176
     1
290
     1
176
     1
290
     0
176
     1
290
     0
176
     1
290
     0
176
     1
290
     0
176
     1
290
     0
176
     1
290
     0
176
     1
 90
       50
176
     1
 40
0.0
176
     1
 40
1.0
176
     1
 90
        0
176
     1
 62
    18
420
        0
176
     1
 90
       50
176
     1
 90
        3
176
     1
 62
     5
420
      255
176
     1
290
     0
176
     1
 90
       50
176
     1
 90
       50
176
     1
 90
       50
176
     1
290
     0
176
     1
 90
       50
176
     1
 62
   256
176
     0
 40
1.0
176
     0
 90
        2
176
     1
  1
strokes_ogs.tif
176
     1
290
     0
176
     1
 40
1.0
176
     1
 40
1.0
176
     1
  0
VISUALSTYLE
  5
35B
102
{ACAD_REACTORS
330
EF
102
}
330
EF
100
AcDbVisualStyle
  2
Hidden
 70
     6
177
     3
291
     0
 70
    58
 90
        1
176
     1
 90
        2
176
     1
 90
        2
176
     1
 90
        0
176
     1
 40
0.6
176
     1
 40
30.0
176
     1
 62
     7
420
 16777215
176
     1
 90
        2
176
     1
 90
        2
176
     1
 62
     7
176
     1
 62
   257
176
     1
 90
        2
176
     1
 90
        1
176
     1
 40
40.0
176
     1
 90
        0
176
     1
 62
   257
176
     1
 40
1.0
176
     1
 90
        1
176
     1
 90
        6
176
     1
 90
        2
176
     1
 62
     7
176
     1
 90
        3
176
     1
 90
        0
176
     1
 90
        0
176
     1
290
     0
176
     1
 90
        1
176
     1
 40
0.0
176
     1
 90
        0
176
     1
290
     0
176
     1
290
     1
176
     1
290
     1
176
     1
290
     0
176
     1
290
     0
176
     1
290
     0
176
     1
290
     0
176
     1
290
     0
176
     1
290
     0
176
     1
 90
       50
176
     1
 40
0.0
176
     1
 40
1.0
176
     1
 90
        0
176
     1
 62
    18
420
        0
176
     1
 90
       50
176
     1
 90
        3
176
     1
 62
     5
420
      255
176
     1
290
     0
176
     1
 90
       50
176
     1
 90
       50
176
     1
 90
       50
176
     1
290
     0
176
     1
 90
       50
176
     1
 62
   256
176
     0
 40
1.0
176
     0
 90
        2
176
     1
  1
strokes_ogs.tif
176
     1
290
     0
176
     1
 40
1.0
176
     1
 40
1.0
176
     1
  0
VISUALSTYLE
  5
35C
102
{ACAD_REACTORS
330
EF
102
}
330
EF
100
AcDbVisualStyle
  2
JitterOff
 70
    20
177
     3
291
     1
 70
    58
 90
        2
176
     0
 90
        2
176
     0
 90
        0
176
     0
 90
        0
176
     0
 40
0.6
176
     0
 40
30.0
176
     0
 62
     7
420
 16777215
176
     0
 90
        1
176
     0
 90
        4
176
     0
 62
     7
176
     0
 62
   257
176
     0
 90
        1
176
     0
 90
        1
176
     0
 40
1.0
176
     0
 90
       10
176
     2
 62
     7
176
     0
 40
1.0
176
     0
 90
        1
176
     0
 90
        6
176
     0
 90
        2
176
     0
 62
     7
176
     0
 90
        5
176
     0
 90
        0
176
     0
 90
        0
176
     0
290
     0
176
     0
 90
        1
176
     0
 40
0.0
176
     0
 90
        0
176
     0
290
     0
176
     0
290
     1
176
     0
290
     1
176
     0
290
     0
176
     0
290
     0
176
     0
290
     0
176
     0
290
     0
176
     0
290
     0
176
     0
290
     0
176
     0
 90
       50
176
     0
 40
0.0
176
     0
 40
1.0
176
     0
 90
        0
176
     0
 62
    18
420
        0
176
     0
 90
       50
176
     0
 90
        3
176
     0
 62
     5
420
      255
176
     0
290
     0
176
     0
 90
       50
176
     0
 90
       50
176
     0
 90
       50
176
     0
290
     0
176
     0
 90
       50
176
     0
 62
   256
176
     0
 40
1.0
176
     0
 90
        2
176
     0
  1
strokes_ogs.tif
176
     0
290
     0
176
     0
 40
1.0
176
     0
 40
1.0
176
     0
  0
VISUALSTYLE
  5
FD
102
{ACAD_REACTORS
330
EF
102
}
330
EF
100
AcDbVisualStyle
  2
Linepattern
 70
    14
177
     3
291
     1
 70
    58
 90
        2
176
     1
 90
        2
176
     1
 90
        1
176
     1
 90
        0
176
     1
 40
-0.6
176
     1
 40
-30.0
176
     1
 62
     7
420
 16777215
176
     1
 90
        1
176
     1
 90
        4
176
     1
 62
     7
176
     1
 62
   257
176
     1
 90
        7
176
     1
 90
        7
176
     1
 40
1.0
176
     1
 90
        8
176
     1
 62
     7
176
     1
 40
1.0
176
     1
 90
        1
176
     1
 90
        6
176
     1
 90
        2
176
     1
 62
     7
176
     1
 90
        5
176
     1
 90
        0
176
     1
 90
        0
176
     1
290
     0
176
     1
 90
        1
176
     1
 40
0.0
176
     1
 90
        0
176
     1
290
     0
176
     1
290
     1
176
     1
290
     1
176
     1
290
     0
176
     1
290
     0
176
     1
290
     0
176
     1
290
     0
176
     1
290
     0
176
     1
290
     0
176
     1
 90
       50
176
     1
 40
0.0
176
     1
 40
1.0
176
     1
 90
        0
176
     1
 62
    18
420
        0
176
     1
 90
       50
176
     1
 90
        3
176
     1
 62
     5
420
      255
176
     1
290
     0
176
     1
 90
       50
176
     1
 90
       50
176
     1
 90
       50
176
     1
290
     0
176
     1
 90
       50
176
     1
 62
   256
176
     0
 40
1.0
176
     0
 90
        2
176
     1
  1
strokes_ogs.tif
176
     1
290
     0
176
     1
 40
1.0
176
     1
 40
1.0
176
     1
  0
VISUALSTYLE
  5
35D
102
{ACAD_REACTORS
330
EF
102
}
330
EF
100
AcDbVisualStyle
  2
OverhangOff
 70
    21
177
     3
291
     1
 70
    58
 90
        2
176
     0
 90
        2
176
     0
 90
        0
176
     0
 90
        0
176
     0
 40
0.6
176
     0
 40
30.0
176
     0
 62
     7
420
 16777215
176
     0
 90
        1
176
     0
 90
        4
176
     0
 62
     7
176
     0
 62
   257
176
     0
 90
        1
176
     0
 90
        1
176
     0
 40
1.0
176
     0
 90
        9
176
     2
 62
     7
176
     0
 40
1.0
176
     0
 90
        1
176
     0
 90
        6
176
     0
 90
        2
176
     0
 62
     7
176
     0
 90
        5
176
     0
 90
        0
176
     0
 90
        0
176
     0
290
     0
176
     0
 90
        1
176
     0
 40
0.0
176
     0
 90
        0
176
     0
290
     0
176
     0
290
     1
176
     0
290
     1
176
     0
290
     0
176
     0
290
     0
176
     0
290
     0
176
     0
290
     0
176
     0
290
     0
176
     0
290
     0
176
     0
 90
       50
176
     0
 40
0.0
176
     0
 40
1.0
176
     0
 90
        0
176
     0
 62
    18
420
        0
176
     0
 90
       50
176
     0
 90
        3
176
     0
 62
     5
420
      255
176
     0
290
     0
176
     0
 90
       50
176
     0
 90
       50
176
     0
 90
       50
176
     0
290
     0
176
     0
 90
       50
176
     0
 62
   256
176
     0
 40
1.0
176
     0
 90
        2
176
     0
  1
strokes_ogs.tif
176
     0
290
     0
176
     0
 40
1.0
176
     0
 40
1.0
176
     0
  0
VISUALSTYLE
  5
F9
102
{ACAD_REACTORS
330
EF
102
}
330
EF
100
AcDbVisualStyle
  2
Realistic
 70
     8
177
     3
291
     0
 70
    58
 90
        2
176
     1
 90
        2
176
     1
 90
        1
176
     1
 90
        0
176
     1
 40
-0.6
176
     1
 40
-30.0
176
     1
 62
     7
420
 16777215
176
     1
 90
        1
176
     1
 90
        0
176
     1
 62
     7
176
     1
 62
   257
176
     1
 90
        1
176
     1
 90
        1
176
     1
 40
1.0
176
     1
 90
        8
176
     1
 62
     8
420
  7895160
176
     1
 40
1.0
176
     1
 90
        1
176
     1
 90
        6
176
     1
 90
        2
176
     1
 62
     7
176
     1
 90
        5
176
     1
 90
        0
176
     1
 90
        0
176
     1
290
     0
176
     1
 90
       13
176
     1
 40
0.0
176
     1
 90
        0
176
     1
290
     0
176
     1
290
     1
176
     1
290
     1
176
     1
290
     0
176
     1
290
     0
176
     1
290
     0
176
     1
290
     0
176
     1
290
     0
176
     1
290
     0
176
     1
 90
       50
176
     1
 40
0.0
176
     1
 40
1.0
176
     1
 90
        0
176
     1
 62
    18
420
        0
176
     1
 90
       50
176
     1
 90
        3
176
     1
 62
     5
420
      255
176
     1
290
     0
176
     1
 90
       50
176
     1
 90
       50
176
     1
 90
       50
176
     1
290
     0
176
     1
 90
       50
176
     1
 62
   256
176
     0
 40
1.0
176
     0
 90
        2
176
     1
  1
strokes_ogs.tif
176
     1
290
     0
176
     1
 40
1.0
176
     1
 40
1.0
176
     1
  0
VISUALSTYLE
  5
363
102
{ACAD_REACTORS
330
EF
102
}
330
EF
100
AcDbVisualStyle
  2
Shaded
 70
    27
177
     3
291
     0
 70
    58
 90
        2
176
     1
 90
        2
176
     1
 90
        1
176
     1
 90
        2
176
     1
 40
0.6
176
     1
 40
30.0
176
     1
 62
     7
420
 16777215
176
     1
 90
        0
176
     1
 90
        4
176
     1
 62
     7
176
     1
 62
   257
176
     1
 90
        1
176
     1
 90
        1
176
     1
 40
1.0
176
     1
 90
        8
176
     1
 62
   257
176
     1
 40
1.0
176
     1
 90
        1
176
     1
 90
        6
176
     1
 90
        2
176
     1
 62
     8
420
  7895160
176
     1
 90
        3
176
     1
 90
        0
176
     1
 90
        0
176
     1
290
     0
176
     1
 90
        5
176
     1
 40
0.0
176
     1
 90
        0
176
     1
290
     0
176
     1
290
     1
176
     1
290
     1
176
     1
290
     0
176
     1
290
     0
176
     1
290
     0
176
     1
290
     0
176
     1
290
     0
176
     1
290
     0
176
     1
 90
       50
176
     1
 40
0.0
176
     1
 40
1.0
176
     1
 90
        0
176
     1
 62
    18
420
        0
176
     1
 90
       50
176
     1
 90
        3
176
     1
 62
     5
420
      255
176
     1
290
     0
176
     1
 90
       50
176
     1
 90
       50
176
     1
 90
       50
176
     1
290
     0
176
     1
 90
       50
176
     1
 62
   256
176
     0
 40
1.0
176
     0
 90
        2
176
     1
  1
strokes_ogs.tif
176
     1
290
     0
176
     1
 40
1.0
176
     1
 40
1.0
176
     1
  0
VISUALSTYLE
  5
362
102
{ACAD_REACTORS
330
EF
102
}
330
EF
100
AcDbVisualStyle
  2
Shaded with edges
 70
    26
177
     3
291
     0
 70
    58
 90
        2
176
     1
 90
        2
176
     1
 90
        1
176
     1
 90
        2
176
     1
 40
0.6
176
     1
 40
30.0
176
     1
 62
     7
420
 16777215
176
     1
 90
        1
176
     1
 90
       10
176
     1
 62
     7
176
     1
 62
   257
176
     1
 90
        2
176
     1
 90
        1
176
     1
 40
1.0
176
     1
 90
        8
176
     1
 62
   257
176
     1
 40
1.0
176
     1
 90
        1
176
     1
 90
        6
176
     1
 90
        2
176
     1
 62
     7
176
     1
 90
        3
176
     1
 90
        0
176
     1
 90
        0
176
     1
290
     0
176
     1
 90
        5
176
     1
 40
0.0
176
     1
 90
        0
176
     1
290
     0
176
     1
290
     1
176
     1
290
     1
176
     1
290
     0
176
     1
290
     0
176
     1
290
     0
176
     1
290
     0
176
     1
290
     0
176
     1
290
     0
176
     1
 90
       50
176
     1
 40
0.0
176
     1
 40
1.0
176
     1
 90
        0
176
     1
 62
    18
420
        0
176
     1
 90
       50
176
     1
 90
        3
176
     1
 62
     5
420
      255
176
     1
290
     0
176
     1
 90
       50
176
     1
 90
       50
176
     1
 90
       50
176
     1
290
     0
176
     1
 90
       50
176
     1
 62
   256
176
     0
 40
1.0
176
     0
 90
        2
176
     1
  1
strokes_ogs.tif
176
     1
290
     0
176
     1
 40
1.0
176
     1
 40
1.0
176
     1
  0
VISUALSTYLE
  5
35F
102
{ACAD_REACTORS
330
EF
102
}
330
EF
100
AcDbVisualStyle
  2
Shades of Gray
 70
    23
177
     3
291
     0
 70
    58
 90
        2
176
     1
 90
        2
176
     1
 90
        3
176
     1
 90
        0
176
     1
 40
0.6
176
     1
 40
30.0
176
     1
 62
     7
420
 16777215
176
     1
 90
        2
176
     1
 90
        2
176
     1
 62
     7
176
     1
 62
     7
176
     1
 90
        1
176
     1
 90
        1
176
     1
 40
40.0
176
     1
 90
        8
176
     1
 62
     7
176
     1
 40
1.0
176
     1
 90
        1
176
     1
 90
        6
176
     1
 90
        2
176
     1
 62
     7
176
     1
 90
        3
176
     1
 90
        0
176
     1
 90
        0
176
     1
290
     0
176
     1
 90
        1
176
     1
 40
0.0
176
     1
 90
        0
176
     1
290
     0
176
     1
290
     1
176
     1
290
     1
176
     1
290
     0
176
     1
290
     0
176
     1
290
     0
176
     1
290
     0
176
     1
290
     0
176
     1
290
     0
176
     1
 90
       50
176
     1
 40
0.0
176
     1
 40
1.0
176
     1
 90
        0
176
     1
 62
    18
420
        0
176
     1
 90
       50
176
     1
 90
        3
176
     1
 62
     5
420
      255
176
     1
290
     0
176
     1
 90
       50
176
     1
 90
       50
176
     1
 90
       50
176
     1
290
     0
176
     1
 90
       50
176
     1
 62
   256
176
     0
 40
1.0
176
     0
 90
        2
176
     1
  1
strokes_ogs.tif
176
     1
290
     0
176
     1
 40
1.0
176
     1
 40
1.0
176
     1
  0
VISUALSTYLE
  5
360
102
{ACAD_REACTORS
330
EF
102
}
330
EF
100
AcDbVisualStyle
  2
Sketchy
 70
    24
177
     3
291
     0
 70
    58
 90
        1
176
     1
 90
        2
176
     1
 90
        2
176
     1
 90
        0
176
     1
 40
0.6
176
     1
 40
30.0
176
     1
 62
     7
420
 16777215
176
     1
 90
        2
176
     1
 90
        2
176
     1
 62
     7
176
     1
 62
     7
176
     1
 90
        1
176
     1
 90
        1
176
     1
 40
40.0
176
     1
 90
       11
176
     1
 62
     7
176
     1
 40
1.0
176
     1
 90
        1
176
     1
 90
        6
176
     1
 90
        2
176
     1
 62
     7
176
     1
 90
        6
176
     1
 90
        0
176
     1
 90
        0
176
     1
290
     0
176
     1
 90
        1
176
     1
 40
0.0
176
     1
 90
        0
176
     1
290
     0
176
     1
290
     1
176
     1
290
     1
176
     1
290
     0
176
     1
290
     0
176
     1
290
     0
176
     1
290
     0
176
     1
290
     0
176
     1
290
     0
176
     1
 90
       50
176
     1
 40
0.0
176
     1
 40
1.0
176
     1
 90
        0
176
     1
 62
    18
420
        0
176
     1
 90
       50
176
     1
 90
        3
176
     1
 62
     5
420
      255
176
     1
290
     0
176
     1
 90
       50
176
     1
 90
       50
176
     1
 90
       50
176
     1
290
     0
176
     1
 90
       50
176
     1
 62
   256
176
     0
 40
1.0
176
     0
 90
        2
176
     1
  1
strokes_ogs.tif
176
     1
290
     0
176
     1
 40
1.0
176
     1
 40
1.0
176
     1
  0
VISUALSTYLE
  5
FC
102
{ACAD_REACTORS
330
EF
102
}
330
EF
100
AcDbVisualStyle
  2
Thicken
 70
    13
177
     3
291
     1
 70
    58
 90
        2
176
     1
 90
        2
176
     1
 90
        1
176
     1
 90
        0
176
     1
 40
-0.6
176
     1
 40
-30.0
176
     1
 62
     7
420
 16777215
176
     1
 90
        1
176
     1
 90
        4
176
     1
 62
     7
176
     1
 62
   257
176
     1
 90
        1
176
     1
 90
        1
176
     1
 40
1.0
176
     1
 90
       12
176
     1
 62
     7
176
     1
 40
1.0
176
     1
 90
        1
176
     1
 90
        6
176
     1
 90
        2
176
     1
 62
     7
176
     1
 90
        5
176
     1
 90
        0
176
     1
 90
        0
176
     1
290
     0
176
     1
 90
        1
176
     1
 40
0.0
176
     1
 90
        0
176
     1
290
     0
176
     1
290
     1
176
     1
290
     1
176
     1
290
     0
176
     1
290
     0
176
     1
290
     0
176
     1
290
     0
176
     1
290
     0
176
     1
290
     0
176
     1
 90
       50
176
     1
 40
0.0
176
     1
 40
1.0
176
     1
 90
        0
176
     1
 62
    18
420
        0
176
     1
 90
       50
176
     1
 90
        3
176
     1
 62
     5
420
      255
176
     1
290
     0
176
     1
 90
       50
176
     1
 90
       50
176
     1
 90
       50
176
     1
290
     0
176
     1
 90
       50
176
     1
 62
   256
176
     0
 40
1.0
176
     0
 90
        2
176
     1
  1
strokes_ogs.tif
176
     1
290
     0
176
     1
 40
1.0
176
     1
 40
1.0
176
     1
  0
VISUALSTYLE
  5
35A
102
{ACAD_REACTORS
330
EF
102
}
330
EF
100
AcDbVisualStyle
  2
Wireframe
 70
     5
177
     3
291
     0
 70
    58
 90
        0
176
     1
 90
        2
176
     1
 90
        0
176
     1
 90
        0
176
     1
 40
0.6
176
     1
 40
30.0
176
     1
 62
     7
420
 16777215
176
     1
 90
        1
176
     1
 90
        4
176
     1
 62
     7
176
     1
 62
   257
176
     1
 90
        1
176
     1
 90
        1
176
     1
 40
1.0
176
     1
 90
        0
176
     1
 62
   257
176
     1
 40
1.0
176
     1
 90
        1
176
     1
 90
        6
176
     1
 90
        2
176
     1
 62
     7
176
     1
 90
        3
176
     1
 90
        0
176
     1
 90
        0
176
     1
290
     0
176
     1
 90
        1
176
     1
 40
0.0
176
     1
 90
        0
176
     1
290
     0
176
     1
290
     1
176
     1
290
     1
176
     1
290
     0
176
     1
290
     0
176
     1
290
     0
176
     1
290
     0
176
     1
290
     0
176
     1
290
     0
176
     1
 90
       50
176
     1
 40
0.0
176
     1
 40
1.0
176
     1
 90
        0
176
     1
 62
    18
420
        0
176
     1
 90
       50
176
     1
 90
        3
176
     1
 62
     5
420
      255
176
     1
290
     0
176
     1
 90
       50
176
     1
 90
       50
176
     1
 90
       50
176
     1
290
     0
176
     1
 90
       50
176
     1
 62
   256
176
     0
 40
1.0
176
     0
 90
        2
176
     1
  1
strokes_ogs.tif
176
     1
290
     0
176
     1
 40
1.0
176
     1
 40
1.0
176
     1
  0
VISUALSTYLE
  5
361
102
{ACAD_REACTORS
330
EF
102
}
330
EF
100
AcDbVisualStyle
  2
X-Ray
 70
    25
177
     3
291
     0
 70
    58
 90
        2
176
     1
 90
        2
176
     1
 90
        1
176
     1
 90
        1
176
     1
 40
0.5
176
     1
 40
30.0
176
     1
 62
     7
420
 16777215
176
     1
 90
        1
176
     1
 90
        0
176
     1
 62
     7
176
     1
 62
   257
176
     1
 90
        1
176
     1
 90
        1
176
     1
 40
1.0
176
     1
 90
        8
176
     1
 62
     7
176
     1
 40
1.0
176
     1
 90
        1
176
     1
 90
        6
176
     1
 90
        2
176
     1
 62
     7
176
     1
 90
        3
176
     1
 90
        0
176
     1
 90
        0
176
     1
290
     0
176
     1
 90
       13
176
     1
 40
0.0
176
     1
 90
        0
176
     1
290
     0
176
     1
290
     1
176
     1
290
     1
176
     1
290
     0
176
     1
290
     0
176
     1
290
     0
176
     1
290
     0
176
     1
290
     0
176
     1
290
     0
176
     1
 90
       50
176
     1
 40
0.0
176
     1
 40
1.0
176
     1
 90
        0
176
     1
 62
    18
420
        0
176
     1
 90
       50
176
     1
 90
        3
176
     1
 62
     5
420
      255
176
     1
290
     0
176
     1
 90
       50
176
     1
 90
       50
176
     1
 90
       50
176
     1
290
     0
176
     1
 90
       50
176
     1
 62
   256
176
     0
 40
1.0
176
     0
 90
        2
176
     1
  1
strokes_ogs.tif
176
     1
290
     0
176
     1
 40
1.0
176
     1
 40
1.0
176
     1
  0
DICTIONARYVAR
  5
146
102
{ACAD_REACTORS
330
5E
102
}
330
5E
100
DictionaryVariables
280
     0
  1
1:1
  0
DICTIONARYVAR
  5
145
102
{ACAD_REACTORS
330
5E
102
}
330
5E
100
DictionaryVariables
280
     0
  1
Standard
  0
DICTIONARYVAR
  5
84
102
{ACAD_REACTORS
330
5E
102
}
330
5E
100
DictionaryVariables
280
     0
  1
Standard
  0
DICTIONARYVAR
  5
5F
102
{ACAD_REACTORS
330
5E
102
}
330
5E
100
DictionaryVariables
280
     0
  1
2
  0
DICTIONARYVAR
  5
63
102
{ACAD_REACTORS
330
5E
102
}
330
5E
100
DictionaryVariables
280
     0
  1
1
  0
DICTIONARYVAR
  5
1AE
102
{ACAD_REACTORS
330
5E
102
}
330
5E
100
DictionaryVariables
280
     0
  1
0
  0
DICTIONARYVAR
  5
1AF
102
{ACAD_REACTORS
330
5E
102
}
330
5E
100
DictionaryVariables
280
     0
  1
0
  0
DICTIONARYVAR
  5
356
102
{ACAD_REACTORS
330
5E
102
}
330
5E
100
DictionaryVariables
280
     0
  1
0
  0
CSACDOCUMENTOPTIONS
  5
366
102
{ACAD_REACTORS
330
365
102
}
330
365
  0
XRECORD
  5
470
102
{ACAD_REACTORS
330
34E
102
}
330
34E
100
AcDbXrecord
280
     1
300
MC_VERSION_DATA
 90
       95
310
0600000002000000570000001C000000B503000000000000000000007801936764E5D8CFFA9993818115C460606066E0646662626666706006F218793899F8DE3171E725E6E53B3BBA2878E6951050AF75FEFFFFFF520036E40F2657000000
  0
XRECORD
  5
357
102
{ACAD_REACTORS
330
34E
102
}
330
34E
100
AcDbXrecord
280
     1
300
MCS_DOCUMENT_ID
 90
       60
310
0600000002000000150000001C000000B503000000000000000000007801E335357A2CCE16B2D76595A0E4AF3BDFB79AFE0702005CE80B5115000000
1001
MCS_DOCUMENT_ID
1071
       45
1004
05000000000000001500000018000100E3040000000000000DBF618EF1E6FC7F438A70C1EC46F95924FFFFFFFF
  0
XRECORD
  5
367
102
{ACAD_REACTORS
330
34E
102
}
330
34E
100
AcDbXrecord
280
     1
300
MCS_PARAMS_DATA
 90
     3313
310
0600000002000000F64B00001C000000B503000000000000000000007801C55C5B6C5CC519DE9D595FD6B9DF494B53970A1A6F4A58DF92A6426A1A1210527090E23EF0543976A2BA75E25CAC160A6DA92AF5A55255A96AD556551F4A49A0CF15A03EC0438190865E482021147221409310B6900B3826B1FB7F7366CEFC73E6
310
1CAFBDDE3D9B07D8FF3F73CEF7DFE6FB67E6ECBA757EA3143929F767A4FCCE8636299AA49C90529036BB402C105929F279912F89C6DEAF6FD8BC69AB14A46C51EAC2B9898909BA39945F872C1FCD848A834A91A13B1AD51D6D5266E8A9FAF627E9AABE92BD45CA6F03BD81A3CFC24D59D990C96408C7E066656E0232E13A03
310
14B0AB01724443F05CC3F08780DFC8F19B03FC710A073DC8486413411B49060E3311A05C24C45064703B01D7CCE196A818E5C59C9268B967CBD6DED68ED59DC52EEB78BEF08E09F8223D745649346F1DE9DB35D0B777C089FC5FC3C8EB60BF1A286CF47FE3467F17CC59C5CD990B0CD948C1A77FB9F5CA0E4F479188EA541E
310
3C25A2E22BC99C8892456878B2821857F6B05492C2AD881B41409C21325211340605C9C6DC6006EC49AC088A0CCBB25B1159B72248E415019155047D5453031360047082A7405D92B72AB0F03379693EAB50870260AC609E2C6F6510BB3D081DFE4EF5EFECD71494A7B3590EC7F12C5B25CB32539229914732934ECE22AF1D
310
D259AC8B7B7649E437DE7BDFA69EADF76EE95186E95A7ED74C032DBFA66A9BF1CEF341B19B78E45DDED9EF56FE29189043E4814BF734E1FF34659991678231F23A51010DA578E8294D435524988818E84710A7B2643B4F7C134F5CC6936D1E4176D01398C4D0A83AE0A6BDC86B0BB5C3E1E8299D70A5A945AC12322FE697C4
310
9C8DC3BBBE34D2BA77FBEEA1BEFEED79D15C120DF70F0FEE1A093EF60C8FF47F4BCAB3B0ED666EDB17F5733E2B445B5E2C298985C507BB8BEBBA3A3A3774178B1D777FA5B36B9D327BBE1ED84C030BC74C9EDAB5B64D88BC405AEF1E1CD9D73A34B88F70838775AD5DDBD1B9B6BBABBB73A0ABA37F5D7BE0E757F57D1DB80F
310
037BFBB60D6D6F1DDED1DA3B3CB47D6FDF2EF8A0AD5933506CEF2FF6F7ADD9D6B56D5DFF9A60D6A95222FF670B51F8295953F8455019945B7EE9315C7A8AFEC352DE9D4B4A5050256AA6D1B42D5F0C265BEED4473538E9811F770DEFDCDD3732B86D706870E4A1D69DC303E45F6349C807B6EFCB8B8692103DC352AE816545
310
9E9E798813B5E9A692C86DD9B1A355A5424F8E0BF018466AF90D150136590E2905AA568F782650907D5A7180140B84AD0159F8156902B8F63BDA8BE1A72E29AF48322EA98B5F578631B6F5489B26184C63434803DB221A328E6B58DEAED6DB808FEB6DC068BD0DF8A4DE065CABB7018B3045EB390B3EAD7704C6EA6DC07518
310
10B79C17773A0DB6C361F03BDD064B22C8C7303844629E5064B47323116EB9039777E096BB70247238880C6E39831B9F221C81B3E543C57019D4736C30574EE2DD4AD73B12B9771099772B997713E97A974DF4CECD5D9582B938116EC00926492C777A7F676A8F441E4C882C98032C983211AE26DE8974E196022EC7174366
310
F9AE62C95769E105B5C4B012E2E82ED8CD3516C5E34D519CF0D1F6765A8551C6CC0505130A3E8ABEC46EF81CED54DC1DA04AB7BC4DB0CA082453194AB29B82400C2B438BA6322032B88FE093B3E13470C11297490C8EEF78E88158D51A8AD42283A38F61044E78707A57F8BBDFE2DF2167F36975041D1DA7FCF59430C35792
310
05112533A905D5D3CAAB4759DBB4CA160F3E9309466F934A1794E7E1154C402D3088858048DCDF7EA3E7FECD5B7A7B376D5480CBF43A7E5E49CCBE6BEB37D945B2402FC65F52AB73B67E7F3A58AE93F37A04F6B7011D680556EBCCA2819BC8A21C320F385BBDB4EE56E6E32CE2CB18E358AD7676B4C7C096B1674BAF7B1278
310
1E906198B0DF8681EA696AF34D20563061CAB731C0DB01185B8B0DCA46538BD880EB0E2C6FC3120B40E62289BC162112587895C11513E18290E892090EBF46A9321968C513E0BB89A0AE8F2431B88A7DFC9E07A7BD0A8E668E3AF3CDEA083A3A8ECFB770A00AB53712018F2859D8DB3D93C2E4D422CB77A40BB73A5DB807A7
310
0857A5727AC8838BE45965D0D3D5B29CBEEF99145F4E558AC0C3E9C23D922EDC0FD285FBA107E7958EEDE721E98018A3E3AAC64E7F5C166D7ABA81B65C437BB31D766C74A6ED6E1FBC2766B7AFDAD87156F9771BF44A2A724C461AB43EE729AAFB710D63E2111810BBA3ABC9AE6037E09AB9BF3AB40BE8309F8736AB64CAB2
310
BE7E3364E5AC569CA6976081AF5A311628A8EF68C5B3A4609E3E86AC3AA156E3E83562F4B5A292099A878C61EB3B549CF92354989982613F016CE7AD5A4D09AA1F5126387AAD451EE384D9C035A925859E39C1AA865EE9A9B8DA21CEE289167F7CF1D4C4BC7A125EC5AED5D8BB0B5A9D9144D134CFA71BF85A8D44BE568348
310
F6AA55A2F3CAEACF6982FD29118CC249D3CBF852A586F278BA70FBD3853B90085793EDE51E143F0AD06C6B4CB2242BDDBDD1419166C2865E85F9CE1648F3CBF54B2E655D5432557AB8C599EEE6E763403914E55050D879E2BFFA30F366F009F0CB378371CA9B99D05949929DD07465EA8797A3808B6B06B9536E64AF9C844C
310
903AF2F3709D3783A318A078E4F37AEBBCEC2DD1B228B722F785DC2DB9D64C476675A63353CC74E937B1FA39BFA7DB58A6AFC19E49583A4A9B6110A6BA038D3C80418F79D091B18A763C1D8524AA5361F194EC4CC4B23EDBA3192533E95398E41423EB6DCA1C239B4DBF91D13F6D762A6897D7013D496371DC8BECCAA7D45E
310
0C251095ABC98AA38E1B6540CD3DACF829EF15C38D27C2B92DA64A071D13897001094F16523EC1C9E5A99FF465029665AB5B13C49AF8984D174EA40B273D389D33BB29A272F6749622C2719C22AC925104534E7A8CF33714555C6B3CF3BE4BE0AF28994CA9B8353E0F28878DD26D8D2F007FBAAD11BD305CEB4EAB35BE08B8
310
B8D678FEB81BD9134AB6ADF10A644BBEF9C2334A81E4EAA6772450D87DD2AF49C178F020A0EBD3055FF292CC5B8AB3FC4114C86BA708ACDB15F49C43C04EBBE7FCBD0CA8A1CB2AF59CC3897035E1E39713E16AD873FE91085A131FFF19C04DBEDBF8D75406FD3B3A2842E56C8ABE82A171BC3BF89ECB0E0F287926BC7B0450
310
75E4DDA3C09F2EEF56BE2579157071BCBBE7881BD93E255BDE7D04B225A07C61BD5230DE1DBA8C1158736B225E412358525F03747D78F79897E472BCCBAF5BAF2BA0DDE3804E9B765F2F035A65DA3D910857134A7A2311AE52DA8D6E0E9C1341735A873DD47F12A16BE2E99BE9C275792B70532835F1AEDB838B7404B509F7
310
74C449519D9AA19EB28205FF5B08785CE3F9307262735AC933693C270155C7C6730AF8E9359ED3808B6B3CA387DDC6734EC9B6F1C897238DE72006D89713F9C2E58B91C6F3388D608DE70CA0A7DA7866D30F8008DC16BEAA2D26A2AAB848F4108A0CF46D0F54D7A73989E2C56D75B6B8431D2F6EAB64C5CD94644C04869974
310
1626C5B6A280378D1BEE62BCE2C3917700E714386FAA719B1D7E7D464DF7DD444F8317374E8CAA75BEF65E19D0F8F0523EC21D7470DCC60B8CAEF29753FC38EF4760CFDBF99B4673F680D0869F6742513F06849341B61DF57EE3400A02734628D75C0DBC8B68A868B98655ECA330208EA3C6F1B52E3DF1E8849E2433679564
310
431A886148B568E62C4406F75F64308EFD2F9D7039EA6D259B5B2BF91AD8396F72B01004EFC5CD6C88F911E8CCDF849C077E5C64E9488747967101058B73015D99FA9B900B808B63FFB117DCC85E50324556799F2F34BC086EC70CD18A4318C0D9FF2AB6807CDB718046B0A4BE0FE8B4D9FFA207EA504E3D7E65FA014C7226
310
B329B0E8D703AAFEBAA304E869379E693123CD68457958A4FF2F11AE86ECFF6119D078F6E7138AD87FF2370F86D6E1E34789702D76FED2134932CCA824CB8C811832A3160D33426421BD940847AF6F0C11D33DEECB1CFE9B7175D1F926045DE5BD8DBFBDBE9C081764D0049324E6DDB40A8607F34A225C4D16463974B5B836
310
F3B3A32E193EACE499B49986C93A780A6DA631A981D7A6CD34012EAECDFCF23937B23F51B26D337F80CCDBCC36A5C0ECD07DE7E7A7236D663D8D6033A419D0536D33E07F56B8C4CA7C0D48229F9610695A461A0883CE7B494E8DD95B004DF38E8247AB09FE45AC1A52EDAC32A0861DD8DA85D8A76276989D08579353913989
310
700119397510D9BB4CAB9DF096393711B4263ECE4B176E7EBA700B3C389DB3F0B5335AA6A7234288EA142D784A9083AFB414616018456CF64C3293C4CD2F49D3E5A5F0410CEE3E0F2E6A6FEA11580893E29AEE529C2FC11C4DF48D4AA628982DB44A422820F8563073C8F989CF2240392BED74F7768B819FDEDE6E09E0E29A
310
EE0AFA030B3CB273954C91D5916E83CC9BEE074FAB1E6B73B11CFB6CBEB73B4C23589D2D05F4CC9AAE2E4C768646F0614DBB4BD40606BDCC4B726A4DF72640A7DD749797013521AB4ED3C5971C1BF2225712D922FD192CAA82F186C253F467B664EED8B163100EA1787299890C1D4314EEF90B040C236113FD72905624B8F0
310
99FF03A92412CEF64B0000
  0
DICTIONARY
  5
358
330
22
100
AcDbDictionary
280
     1
281
     1
  3
CSD_PLOT_CONFIG
360
359
  0
DICTIONARY
  5
49B
330
7F
100
AcDbDictionary
280
     1
281
     1
  3
ACAD_ROUNDTRIP_2008_TABLESTYLE_CELLSTYLEMAP
360
49C
  0
LAYOUTPRINTCONFIG
  5
359
102
{ACAD_REACTORS
330
358
102
}
330
358
100
AcDbEntity
  8
0
160
                 8
310
0800000000000000
100
CAcLayoutPrintConfig
 93
        0
  0
CELLSTYLEMAP
  5
49C
102
{ACAD_REACTORS
330
49B
102
}
330
49B
100
AcDbCellStyleMap
 90
        3
300
CELLSTYLE
  1
TABLEFORMAT_BEGIN
 90
        5
170
     1
 91
        0
 92
    32768
 62
   257
 93
        1
300
CONTENTFORMAT
  1
CONTENTFORMAT_BEGIN
 90
        0
 91
        0
 92
      512
 93
        0
300

 40
0.0
140
1.0
 94
        5
 62
     0
340
11
144
6.0
309
CONTENTFORMAT_END
171
     1
301
MARGIN
  1
CELLMARGIN_BEGIN
 40
1.5
 40
1.5
 40
1.5
 40
1.5
 40
4.5
 40
4.5
309
CELLMARGIN_END
 94
        6
 95
        1
302
GRIDFORMAT
  1
GRIDFORMAT_BEGIN
 90
        0
 91
        1
 62
     0
 92
       -2
340
14
 93
        0
 40
1.125
309
GRIDFORMAT_END
 95
        2
302
GRIDFORMAT
  1
GRIDFORMAT_BEGIN
 90
        0
 91
        1
 62
     0
 92
       -2
340
14
 93
        0
 40
1.125
309
GRIDFORMAT_END
 95
        4
302
GRIDFORMAT
  1
GRIDFORMAT_BEGIN
 90
        0
 91
        1
 62
     0
 92
       -2
340
14
 93
        0
 40
1.125
309
GRIDFORMAT_END
 95
        8
302
GRIDFORMAT
  1
GRIDFORMAT_BEGIN
 90
        0
 91
        1
 62
     0
 92
       -2
340
14
 93
        0
 40
1.125
309
GRIDFORMAT_END
 95
       16
302
GRIDFORMAT
  1
GRIDFORMAT_BEGIN
 90
        0
 91
        1
 62
     0
 92
       -2
340
14
 93
        0
 40
1.125
309
GRIDFORMAT_END
 95
       32
302
GRIDFORMAT
  1
GRIDFORMAT_BEGIN
 90
        0
 91
        1
 62
     0
 92
       -2
340
14
 93
        0
 40
1.125
309
GRIDFORMAT_END
309
TABLEFORMAT_END
  1
CELLSTYLE_BEGIN
 90
        1
 91
        1
300
_TITLE
309
CELLSTYLE_END
300
CELLSTYLE
  1
TABLEFORMAT_BEGIN
 90
        5
170
     1
 91
        0
 92
        0
 62
   257
 93
        1
300
CONTENTFORMAT
  1
CONTENTFORMAT_BEGIN
 90
        0
 91
        0
 92
      512
 93
        0
300

 40
0.0
140
1.0
 94
        5
 62
     0
340
11
144
4.5
309
CONTENTFORMAT_END
171
     1
301
MARGIN
  1
CELLMARGIN_BEGIN
 40
1.5
 40
1.5
 40
1.5
 40
1.5
 40
4.5
 40
4.5
309
CELLMARGIN_END
 94
        6
 95
        1
302
GRIDFORMAT
  1
GRIDFORMAT_BEGIN
 90
        0
 91
        1
 62
     0
 92
       -2
340
14
 93
        0
 40
1.125
309
GRIDFORMAT_END
 95
        2
302
GRIDFORMAT
  1
GRIDFORMAT_BEGIN
 90
        0
 91
        1
 62
     0
 92
       -2
340
14
 93
        0
 40
1.125
309
GRIDFORMAT_END
 95
        4
302
GRIDFORMAT
  1
GRIDFORMAT_BEGIN
 90
        0
 91
        1
 62
     0
 92
       -2
340
14
 93
        0
 40
1.125
309
GRIDFORMAT_END
 95
        8
302
GRIDFORMAT
  1
GRIDFORMAT_BEGIN
 90
        0
 91
        1
 62
     0
 92
       -2
340
14
 93
        0
 40
1.125
309
GRIDFORMAT_END
 95
       16
302
GRIDFORMAT
  1
GRIDFORMAT_BEGIN
 90
        0
 91
        1
 62
     0
 92
       -2
340
14
 93
        0
 40
1.125
309
GRIDFORMAT_END
 95
       32
302
GRIDFORMAT
  1
GRIDFORMAT_BEGIN
 90
        0
 91
        1
 62
     0
 92
       -2
340
14
 93
        0
 40
1.125
309
GRIDFORMAT_END
309
TABLEFORMAT_END
  1
CELLSTYLE_BEGIN
 90
        2
 91
        1
300
_HEADER
309
CELLSTYLE_END
300
CELLSTYLE
  1
TABLEFORMAT_BEGIN
 90
        5
170
     1
 91
        0
 92
        0
 62
   257
 93
        1
300
CONTENTFORMAT
  1
CONTENTFORMAT_BEGIN
 90
        0
 91
        0
 92
      512
 93
        0
300

 40
0.0
140
1.0
 94
        2
 62
     0
340
11
144
4.5
309
CONTENTFORMAT_END
171
     1
301
MARGIN
  1
CELLMARGIN_BEGIN
 40
1.5
 40
1.5
 40
1.5
 40
1.5
 40
4.5
 40
4.5
309
CELLMARGIN_END
 94
        6
 95
        1
302
GRIDFORMAT
  1
GRIDFORMAT_BEGIN
 90
        0
 91
        1
 62
     0
 92
       -2
340
14
 93
        0
 40
1.125
309
GRIDFORMAT_END
 95
        2
302
GRIDFORMAT
  1
GRIDFORMAT_BEGIN
 90
        0
 91
        1
 62
     0
 92
       -2
340
14
 93
        0
 40
1.125
309
GRIDFORMAT_END
 95
        4
302
GRIDFORMAT
  1
GRIDFORMAT_BEGIN
 90
        0
 91
        1
 62
     0
 92
       -2
340
14
 93
        0
 40
1.125
309
GRIDFORMAT_END
 95
        8
302
GRIDFORMAT
  1
GRIDFORMAT_BEGIN
 90
        0
 91
        1
 62
     0
 92
       -2
340
14
 93
        0
 40
1.125
309
GRIDFORMAT_END
 95
       16
302
GRIDFORMAT
  1
GRIDFORMAT_BEGIN
 90
        0
 91
        1
 62
     0
 92
       -2
340
14
 93
        0
 40
1.125
309
GRIDFORMAT_END
 95
       32
302
GRIDFORMAT
  1
GRIDFORMAT_BEGIN
 90
        0
 91
        1
 62
     0
 92
       -2
340
14
 93
        0
 40
1.125
309
GRIDFORMAT_END
309
TABLEFORMAT_END
  1
CELLSTYLE_BEGIN
 90
        3
 91
        2
300
_DATA
309
CELLSTYLE_END
  0
ENDSEC
  0
EOF
